date,initial_plan_kwh,executed_grid_kwh,emergency_kwh,total_grid_kwh,plan_cost,adjustment_cost,emergency_cost,total_cost,charge_kwh,discharge_kwh,battery_throughput_kwh,up_adjust_kwh,down_adjust_kwh,emergency_day,price_mean,price_min,price_max,price_range,price_std
2025-02-01,93104.2749625,89768.07760036248,0.0,89768.07760036248,49620.332486641244,-831.6845596855457,0.0,48788.647926955695,23321.040250445818,18890.042602861115,42211.08285330693,384.78666797222013,3720.984030109738,0,0.6514930555555556,0.2537,1.1766,0.9229,0.2810582758009789
2025-02-02,92734.71211249998,90342.2385569146,20.22656805555573,90362.46512497016,64686.98715586832,-998.7182682624652,127.88579103750098,63816.15467864336,23986.375084722218,19428.963818624998,43415.33890334722,7.174727777777662,2399.6482833631667,1,0.8363881944444445,0.3697,1.3998,1.0301,0.3243527271301106
2025-02-03,95180.92370517831,90611.93329781944,147.55984444444445,90759.49314226389,67829.03051044195,-2040.920473255046,792.6510444409723,66580.76108162789,24000.905669701646,19440.73359245834,43441.63926215998,0.0,4568.990407358886,1,0.8447902777777778,0.3709,1.3447,0.9738,0.32646097974239935
2025-02-04,97589.57440416666,93488.15679308983,74.05790972222232,93562.21470281205,70168.53529415444,-1817.283695488526,253.50023404375054,68604.75183270966,25055.341006978735,20294.826215652778,45350.16722263151,0.0,4101.4176110768185,1,0.8491895833333333,0.381,1.3987,1.0177,0.32725104250719905
2025-02-05,92824.04727685184,92123.56485773317,23.664818000000196,92147.22967573318,65751.70674779874,-228.85729303545014,127.5069847439182,65650.35643950722,24961.479955486968,20218.798763944447,45180.278719431415,101.98953611111128,802.471955229773,1,0.8482541666666665,0.3423,1.3848,1.0425,0.32367292687796734
2025-02-06,97951.307175,91626.65063469444,20.314812499999903,91646.96544719444,70146.39773107819,-2928.5132633089142,112.82255779999973,67330.70702556928,24636.373391666668,19955.46244725,44591.83583891667,0.0,6324.656540305552,1,0.8439645833333334,0.3228,1.447,1.1242,0.32682011881936546
2025-02-07,94800.40585068587,90346.03097791494,0.0,90346.03097791494,49235.555753346875,-1222.9127139961208,0.0,48012.643039350754,26671.446200274342,21603.87142222222,48275.31762249656,102.03356527777888,4556.408438048697,0,0.6440388888888888,0.2631,1.2102,0.9470999999999999,0.28208778261166406
2025-02-08,85885.6994611454,87041.61757158983,0.0,87041.61757158983,44049.41087968625,1104.7478154369674,0.0,45154.15869512322,24647.220279200956,19964.24842615278,44611.468705353735,1165.0307812777785,9.112670833333368,0,0.642351388888889,0.2752,1.1675,0.8923,0.27854506417427105
2025-02-09,93088.18229751372,92091.52770477073,11.187437499999874,92102.71514227074,65579.21525715792,-426.6548566975873,61.9392477187493,65214.49964817908,23033.76821334019,18657.352252805555,41691.120466145745,16.50698587500119,1013.161578617972,1,0.8413840277777778,0.3001,1.3378,1.0377,0.32357225357955954
2025-02-10,88406.57659662208,84367.07563180367,155.49403749999988,84522.56966930367,59934.06018123284,-166.95474830632884,615.790842286805,60382.896275213316,23845.024911539782,19314.470178347223,43159.495089887,1781.0387268175618,5820.539691635973,1,0.8180638888888889,0.3637,1.352,0.9883000000000001,0.31673265948568763
2025-02-11,89621.89940258916,85046.33635560698,20.192870833333338,85066.52922644031,61592.70638455129,-1971.6547261705282,96.25743756458364,59717.30909594535,23258.39618894033,18839.30091304166,42097.69710198199,0.0,4575.563046982164,1,0.8284923611111111,0.36,1.343,0.983,0.320101564194836
2025-02-12,89698.68905694442,85334.72927916667,29.69419305555573,85364.42347222223,61170.27585580082,-1781.4286222149278,163.36155608263977,59552.208789668526,23860.196801388884,19326.759409124992,43186.956210513876,0.0,4363.959777777772,1,0.8264243055555556,0.3727,1.3314,0.9586999999999999,0.32198958968819674
2025-02-13,84268.86124588476,81501.3623462277,62.37440694444448,81563.73675317215,55873.084344814095,-772.7323366528796,317.88015563750025,55418.23216379872,23165.008496227703,18763.656881944444,41928.66537817215,347.0406796467696,3114.539579303836,1,0.8147909722222221,0.3026,1.3496,1.047,0.32148191972514706
2025-02-14,86746.83117106944,85655.62901570027,0.0,85655.62901570027,44201.791974528256,58.38329932998775,0.0,44260.17527385824,22364.18320397805,18114.988395222223,40479.17159920027,641.1156373113896,1732.3177926805547,0,0.6311,0.2247,1.1609,0.9362,0.26916097001195727
2025-02-15,88347.73443467078,83261.88824758914,0.0,83261.88824758914,45206.95555263282,-1364.095798372571,0.0,43842.85975426025,24341.415858144715,19716.54684509722,44057.96270324194,34.484624166668596,5120.330811248287,0,0.6378472222222222,0.2846,1.1564,0.8718000000000001,0.2677589118094766
2025-02-16,89731.81314027778,83888.47956310013,276.47288749999956,84164.95245060013,61427.954811339994,-2445.9777066256815,1211.1357669833315,60193.112871697645,23669.6252547668,19172.396456361108,42842.021711127905,0.0,5843.33357717764,1,0.8303222222222222,0.34,1.3733,1.0332999999999999,0.32428319487508916
2025-02-17,88774.1945200103,81224.39176836744,152.17523055555466,81376.566998923,59880.25922390331,-2883.047848039341,700.3191183687453,57697.53049423271,23504.03919754801,19038.27175001389,42542.3109475619,89.20508406944703,7639.0078357122775,1,0.8173527777777777,0.3597,1.3221,0.9624,0.31042908430295774
2025-02-18,80030.88058347531,81384.18419978087,339.85783611111003,81724.04203589198,52561.00562936248,1370.7869086967685,1674.362614815272,55606.15515287452,23632.6128058642,19142.416372749998,42775.0291786142,1353.3036163055563,0.0,1,0.8145215277777778,0.3707,1.3605,0.9898,0.3206980245329437
2025-02-19,80978.69081486625,81125.2853175583,360.3845944444456,81485.66991200275,53168.530119987176,280.3923590323328,1535.8595466826443,54984.78202570215,25229.03237311385,20435.51622222222,45664.54859533607,344.97205408092657,198.37755138888872,1,0.8164298611111112,0.3736,1.3304,0.9568000000000001,0.3223361937739034
2025-02-20,83262.49335416665,81127.38411371742,270.19095277777774,81397.57506649519,55188.763967516934,12.6522026565695,1410.2908745840275,56611.70704475753,23454.434590106306,18998.092017986113,42452.52660809242,823.3889597222269,2958.4982001714707,1,0.8168069444444445,0.3079,1.3465,1.0386,0.3190008907277659
2025-02-21,81070.27206995884,81383.74010162894,0.0,81383.74010162894,40463.94756800486,798.4436019378654,0.0,41262.391169942726,22551.04407407407,18266.345700000005,40817.38977407408,1380.574928377918,1067.1068967078263,0,0.62085,0.2473,1.1504,0.9031000000000001,0.26585009011972643
2025-02-22,83111.64520034293,82387.40941309635,0.0,82387.40941309635,41661.92564450391,37.769491340830825,0.0,41699.69513584474,25484.02348062414,20642.059019305554,46126.08249992969,415.2807894166681,1139.5165766632392,0,0.6352840277777778,0.2472,1.2217,0.9745,0.27750009576154366
2025-02-23,81343.34992777777,79380.57722391991,502.36622361111165,79882.94344753103,53558.402757595,-515.4484656785747,2052.5160199166694,55095.4703118331,23488.115823628257,19025.373817138883,42513.48964076714,371.0897555727025,2333.8624594305525,1,0.8153784722222223,0.3868,1.375,0.9882,0.3173190394546846
2025-02-24,77570.26096412895,78655.58923407065,236.2635916666668,78891.85282573731,51180.988863362916,1067.9383348532472,1257.8810798250004,53506.808278041164,22843.439857681755,18503.186284722222,41346.62614240398,1542.806927074756,457.47865713305544,1,0.8082493055555555,0.3649,1.3842,1.0193,0.3149161005985315
2025-02-25,80245.81892321672,75449.94999271363,229.97378055555532,75679.92377326918,51806.2127010071,-1577.3384169961391,1068.941894735414,51297.816178746376,22946.76974235254,18586.883491305558,41533.6532336581,300.5566140694432,5096.425544572528,1,0.7940965277777778,0.3725,1.3107,0.9381999999999999,0.3157673909641035
2025-02-26,73852.67753335048,76196.14658888889,456.9982792083331,76653.14486809722,47476.343296015424,2486.159983462896,2127.63234396423,52090.13562344255,23530.044567849793,19059.33609995833,42589.380667808124,2343.469055538406,0.0,1,0.8055381944444444,0.3378,1.3369,0.9991,0.3135898178965743
2025-02-27,75176.18386671811,75133.07891949588,340.8862458333323,75473.96516532921,47485.71809115049,518.4137123926348,1776.1784750541613,49780.31027859729,23119.36130005144,18726.68265304166,41846.0439530931,586.219343055557,629.3242902777764,1,0.7979118055555556,0.3235,1.3501,1.0266000000000002,0.321524996327512
2025-02-28,75416.22962295954,76585.71196323732,0.0,76585.71196323732,36390.40774799571,1028.3530162334712,0.0,37418.760764229184,22260.677374348423,18031.148673222226,40291.82604757065,1356.138237499999,186.6558972222225,0,0.6166784722222222,0.2409,1.1629,0.922,0.27240502120596355
2025-03-01,86035.08329681068,79210.83395829903,0.0,79210.83395829903,42093.54702461877,-1396.4117398714588,0.0,40697.13528474731,24621.215474965706,19943.184534722226,44564.40000968793,645.3106324074033,7469.559970919065,0,0.6142222222222222,0.2405,1.1576,0.9171,0.2766319163528708
2025-03-02,83347.79902992179,84088.040405607,264.1392069444431,84352.17961255144,54627.684004994655,1301.5495395790526,1398.6634348888806,57327.89697946259,26562.919563940326,21515.96484679167,48078.884410732,1117.2958145740756,377.0544388888883,1,0.8122930555555556,0.3093,1.3111,1.0017999999999998,0.3195858417226152
2025-03-03,84574.5758020576,81370.50413601594,438.5385277777817,81809.04266379372,55619.098289874266,-232.69412892129105,2153.5523973340532,57539.95655828703,24031.185159002052,19465.259978791662,43496.445137793715,1068.0439805555507,4272.11564659722,1,0.81185,0.3264,1.3164,0.99,0.3189684893876231
2025-03-04,75944.99960684155,77856.76255442182,732.7737402777786,78589.5362946996,48972.434751619774,2143.2747756231634,2843.2121418187544,53958.92166906169,23730.04006776405,19221.332454888885,42951.372522652935,1911.7629475802514,0.0,1,0.8006277777777778,0.3381,1.3441,1.006,0.30856788611180225
2025-03-05,79776.81551944443,76476.84641177159,271.0439884166673,76747.89040018826,50683.67591305985,-1128.1958946622067,1284.2359523321556,50839.715970729805,23564.358941049377,19087.130742249996,42651.48968329937,92.09217777777974,3392.0612854506244,1,0.7945006944444444,0.3644,1.3305,0.9661,0.31911852824454146
2025-03-06,75229.26775185062,75445.46873730898,262.52605000000085,75707.99478730898,47433.326121598366,515.5739131040425,1214.109630913199,49163.0096656156,23368.787791392315,18928.718111027774,42297.50590242009,450.5249840694513,234.3239986111106,1,0.7918569444444444,0.3327,1.3434,1.0107,0.31461442465623646
2025-03-07,81003.05622954389,76784.4839669345,0.0,76784.4839669345,38355.5645280226,-792.0413162830957,0.0,37563.523211739506,24687.256425240055,19996.677704444446,44683.9341296845,356.75063613889165,4575.3228987482835,0,0.6085013888888889,0.1545,1.1883,1.0337999999999998,0.28130886247891673
2025-03-08,75332.51115606994,75140.25489708126,0.0,75140.25489708126,34645.11206370419,962.8755531844315,0.0,35607.98761688862,25583.782155142766,20722.86354566564,46306.64570080841,1321.8184241217439,1514.0746831104277,0,0.5972631944444444,0.21,1.1729,0.9629000000000001,0.26971559525898137
2025-03-09,78836.3247685185,73240.86036019717,343.64968472222176,73584.51004491939,48948.75066079847,-872.7348486986623,1711.0484907833313,49787.06430288314,23922.11763700274,19376.91528597222,43299.03292297496,1173.9293730229833,6769.393781344309,1,0.7838090277777777,0.3641,1.3356,0.9714999999999999,0.3146760057568018
2025-03-10,75525.2729260468,76520.65418310903,455.1369416666674,76975.7911247757,48411.61837012217,1300.6276268969946,1822.5980800618077,51534.84407708097,23141.020620164607,18744.226702333333,41885.24732249794,1030.7858917844637,35.404634722222454,1,0.802451388888889,0.3691,1.3308,0.9617,0.3060795750259579
2025-03-11,67416.5826441358,73547.86781239661,333.45615694444365,73881.32396934106,42077.074108679786,7122.781133774775,1419.0728545173579,50618.92809697192,22550.30618271605,18265.748007999995,40816.054190716044,7475.162401771096,1343.8772335102883,1,0.7893930555555556,0.3822,1.3372,0.955,0.31211111328356766
2025-03-12,77173.2714135631,72076.05661202538,278.04486805555626,72354.10148008094,48116.46490806562,-995.7437178759355,1051.8335517888922,48172.55474197858,23537.88637908094,19065.687967055557,42603.5743461365,991.7687923182492,6088.9835938559645,1,0.7801680555555556,0.35,1.3485,0.9985,0.3157442195416995
2025-03-13,77174.95754895403,77309.93917117626,365.3516697016489,77675.2908408779,49131.399850081296,354.6052376075707,1645.3933794414497,51131.39846713031,22123.182174211248,17919.777561111114,40042.959735322365,333.4953861111119,198.51376388888855,1,0.7996374999999999,0.3312,1.3317,1.0005000000000002,0.31177965685253317
2025-03-14,70836.20493532236,71398.49071172839,0.0,71398.49071172839,32280.878219154765,782.909180293174,0.0,33063.78739944794,26470.679499314127,21441.250394444447,47911.92989375857,1216.0464208504814,653.760644444448,0,0.5913868055555556,0.1602,1.1955,1.0352999999999999,0.2801392186749216
2025-03-15,76736.46540740739,77651.26025236625,6.603333333333353,77657.86358569958,36083.062913419446,1966.5862479914376,16.01308333333338,38065.66224474421,24967.454535699588,20223.638173916668,45191.092709616256,3468.153483111111,2553.358638152263,1,0.6047722222222222,0.2699,1.1777,0.9077999999999999,0.2635429783747184
2025-03-16,73717.72044583331,73530.10879555898,217.8052994444468,73747.91409500342,46281.73901928445,446.72200974345856,958.8418019362666,47687.302830964174,23585.383021947873,19104.160247777778,42689.54326972565,1348.9188597222224,1536.530509996571,1,0.784895138888889,0.3598,1.3095,0.9497000000000001,0.3145989118283657
2025-03-17,69456.28485858333,65754.41615203326,453.9179944444454,66208.3341464777,41371.88050336129,-165.46176168349166,2001.4899663923661,43207.90870807016,21470.60460733882,17391.189731944443,38861.79433928327,923.5508755829869,4625.419582133058,1,0.7601756944444445,0.367,1.3189,0.9519,0.3068451539562947
2025-03-18,77826.41814151235,72170.60706772977,134.00102222222233,72304.60808995199,48593.218022406436,-1766.519291254613,471.36239468333406,47298.06112583516,22132.987914951987,17927.72021111111,40060.708126063095,264.11658647222373,5919.927660254799,1,0.7760166666666666,0.3707,1.3196,0.9489000000000001,0.31095894847855543
2025-03-19,65327.81695591562,69040.27748520233,591.7455527777771,69632.0230379801,39629.92071895287,3811.6165449027403,1770.6004874680525,45212.13775132366,23983.601961591223,19426.71758888889,43410.31955048011,4199.2706377572085,486.8101084705057,1,0.7718381944444445,0.3401,1.3494,1.0092999999999999,0.3095431846995863
2025-03-20,73540.30732175926,68104.34753094992,1224.0390295694478,69328.38656051937,45498.317344545365,-1278.4124195961847,4936.171953858331,49156.07687880751,21650.292511505486,17536.73693431944,39187.02944582493,975.7270138202997,6411.686804629624,1,0.7786381944444444,0.2794,1.3228,1.0434,0.3087936332183428
2025-03-21,71697.13613871741,65436.30882340533,0.0,65436.30882340533,31137.562792126755,-747.6820885714621,0.0,30389.880703555293,23026.065766460895,18651.11327083333,41677.17903729423,567.6341611625512,6828.461476474629,0,0.5702902777777777,0.1352,1.1788,1.0436,0.2785392976262866
2025-03-22,74079.01233245883,70436.00712076473,9.078333333333376,70445.08545409807,33639.68187884648,-622.858365737416,16.30922583333341,33033.1327389424,24506.470022153633,19850.24071794445,44356.71074009808,449.1222425925882,4092.1274542866854,1,0.5873881944444445,0.1546,1.1642,1.0095999999999998,0.27571197544230014
2025-03-23,74053.26607983538,69967.43752834173,263.55436111111135,70230.99188945284,45292.962314335826,-1485.7835494828264,1204.5952820430573,45011.774046896055,22252.241991272287,18024.316012930554,40276.558004202845,0.0,4085.8285514936542,1,0.7671784722222222,0.3404,1.3289,0.9884999999999999,0.3039440971450713
2025-03-24,69780.72602270232,67649.94994331275,293.72255416666655,67943.67249747942,42039.61558955438,24.955180740142737,890.1418005736107,42954.712570868134,22041.88970164609,17853.93065833333,39895.82035997942,675.9959226851863,2806.772002074762,1,0.7674861111111111,0.3336,1.3583,1.0247000000000002,0.31099862687511964
2025-03-25,77040.25526200273,68470.91923886059,572.5758694444444,69043.49510830503,47364.50710480084,-2763.147368438704,2324.196475081945,46925.55621144408,22784.495425874484,18455.441294958335,41239.93672083282,168.39667573731165,8737.73269887946,1,0.7712756944444445,0.3706,1.3143,0.9437,0.3107288352599703
2025-03-26,67156.950335631,64557.15103465363,292.6164902777775,64849.767524931405,40454.86031355536,-583.5274849158707,1083.675747556248,40955.00857619573,21526.78886659808,17436.698981944442,38963.48784854252,312.87023749999923,2912.669538477366,1,0.7566111111111112,0.3654,1.3062,0.9408000000000001,0.3157368084934893
2025-03-27,70611.72399583332,66282.27938568244,640.1274708333339,66922.40685651578,42542.37834644652,-849.4732276001519,2472.468332699307,44165.373451545674,21599.00642318244,17495.195202777777,39094.20162596022,660.1499541666667,4989.594564317556,1,0.7664159722222222,0.3125,1.3182,1.0057,0.31094164637954413
2025-03-28,68907.79547746913,65627.8393745804,0.0,65627.8393745804,31051.08748965997,-529.6241351549098,0.0,30521.46335450506,23044.040568844306,18665.672860763894,41709.7134296082,616.5348901668378,3896.4909930555564,0,0.5747680555555555,0.1269,1.1837,1.0568,0.28391613312071423
2025-03-29,63518.61865972221,62624.362456956784,0.0,62624.362456956784,28594.584996137593,200.93730301723366,0.0,28795.522299154825,22854.66748040123,18512.280659124997,41366.94813952623,691.2043722345695,1585.4605750000028,0,0.5630868055555556,0.0913,1.1833,1.092,0.27800757889512445
2025-03-30,68758.80054986282,61807.57262033607,900.8672277777765,62708.43984811384,40161.21980530501,-1929.3285569845511,3689.1400043618005,41921.03125268225,21399.66417866941,17333.727984722223,38733.39216339163,0.0,6951.227929526744,1,0.7520270833333333,0.3471,1.3168,0.9697,0.31052069179103337
2025-03-31,60310.62646764403,63823.2083066574,525.9773944444445,64349.185701101844,36031.26917593471,5164.189369598242,1997.9062210826362,43193.36476661559,21715.578149074074,17589.61830075,39305.19644982407,6570.765584332304,3058.183745318932,1,0.7607041666666667,0.3473,1.3379,0.9906000000000001,0.304550623614121
2025-04-01,72684.93243420782,68777.59507765484,524.5245638888887,69302.11964154373,44456.27395322631,-602.1104082122989,1956.7212057361116,45810.88475075012,21074.537367335386,17070.37526754166,38144.91263487705,931.2860716877606,4838.623428240744,1,0.7731090277777778,0.3582,1.3193,0.9610999999999998,0.2954434653837239
2025-04-02,69586.5498375,68882.27822544119,580.5640222222235,69462.84224766342,41934.62187437583,432.37927270119656,2388.480984400703,44755.48213147773,21066.29705970508,17063.700618361112,38129.9976780662,755.8948921250015,1460.166504183809,1,0.772320138888889,0.3693,1.3316,0.9622999999999999,0.30455350573965495
2025-04-03,70742.12194662208,65560.46008065843,400.45972916666693,65960.9198098251,42960.16793865521,-1739.7369584164346,1419.119509986112,42639.550490224894,23516.254096913577,19048.165818499998,42564.41991541357,0.0,5181.661865963653,1,0.7644638888888888,0.3202,1.3867,1.0665,0.31137248629858966
2025-04-04,62253.32390138888,59823.30651416666,0.0,59823.30651416666,27852.35541476889,-420.2476728107361,0.0,27432.107741958152,21338.374772222225,17284.083565500005,38622.45833772223,66.99199611111143,2497.009383333332,0,0.5595027777777778,0.0905,1.2001,1.1096,0.27320838224910454
2025-04-05,62748.284655555544,63030.91207487756,0.0,63030.91207487756,27887.93925038507,551.4738639793586,0.0,28439.413114364426,22534.5450289609,18252.981473458338,40787.526502419234,837.1210204194119,554.4936010973984,0,0.5755284722222221,0.1482,1.1736,1.0253999999999999,0.2725505877261837
2025-04-06,66107.23806498628,63073.452019924545,348.1374430555554,63421.589462980104,38913.01580720472,-69.91624247966877,1454.5941021097217,40297.69366683478,21586.782933813443,17485.29417638889,39072.07711020233,658.5439875,3692.33003256173,1,0.7556868055555556,0.3579,1.3107,0.9528,0.297888664009477
2025-04-07,59075.91940833333,60488.18300027434,517.9033305555564,61006.086330829894,34615.78376754375,2177.409289180265,1874.5731190861156,38667.76617581013,20376.653719718786,16505.08951297222,36881.743232691006,2005.65068696845,593.387095027437,1,0.7517159722222222,0.3671,1.3349,0.9678,0.3008957236003849
2025-04-08,67591.51395145747,62892.833668672836,483.2374569444454,63376.07112561728,39884.409903212014,-1188.7370096803324,2128.266308472924,40823.9392020046,21358.427561728397,17300.326324999998,38658.753886728395,152.98921111111076,4851.669493895746,1,0.7519159722222222,0.3246,1.3574,1.0328,0.31483968377731425
2025-04-09,66231.11207311385,66326.25382601166,495.10460972222563,66821.35843573388,39445.83223898215,327.9086494670761,1989.993621304884,41763.73450975411,21659.54119684499,17544.22836944444,39203.76956628943,793.3778416666669,698.2360887688667,1,0.7662708333333333,0.3756,1.321,0.9454,0.30134458816440063
2025-04-10,65237.6627135288,62674.92426901577,792.5066319444443,63467.430900960215,38836.29784226289,-715.5965093993955,3599.651633596528,41720.35296646002,21617.7455523491,17510.373897402776,39128.11944975187,498.18931388888757,3060.9277584019237,1,0.7580270833333334,0.2828,1.3433,1.0605,0.31405877462550036
2025-04-11,54749.380584722225,56640.8505789609,0.0,56640.8505789609,24640.893428515694,1420.6900217115788,0.0,26061.583450227274,22350.495349794233,18103.90123333333,40454.396583127564,2034.9694999999974,143.4995057613174,0,0.5514784722222222,0.1092,1.1471,1.0379,0.27006418274262817
2025-04-12,68593.13307924022,63187.91156714677,0.0,63187.91156714677,29542.002054234825,-1050.849519169894,0.0,28491.15253506493,21577.604871399177,17477.85994583333,39055.46481723251,3.6508625000001302,5408.872374593448,0,0.5638673611111111,0.214,1.1558,0.9418,0.26209941334609965
2025-04-13,61856.34446805554,61511.85246412894,618.8014210694448,62130.653885198386,36360.36429289194,182.80064482022584,2543.773539453668,39086.93847716584,22321.584096073384,18080.483117819444,40402.06721389283,337.31761527777735,681.8096192043904,1,0.7562548611111111,0.3493,1.3312,0.9819,0.29685290732529585
2025-04-14,64750.797528120704,58524.16477512002,1042.5423963749997,59566.70717149502,38158.04356856209,-2112.5025336208164,3849.2219810158285,39894.7630159571,21808.04101956447,17664.513225847222,39472.554245411695,0.0,6226.632753000685,1,0.7465972222222221,0.3437,1.3446,1.0009000000000001,0.296985660415253
2025-04-15,57177.78222499999,58177.096594187235,513.9375216220878,58691.03411580932,32642.266168315826,1856.4046866021768,2593.894039929448,37092.564894847455,21674.572568587104,17556.403780555556,39230.97634914266,1927.219920044586,927.9055508573445,1,0.738532638888889,0.3275,1.3283,1.0008,0.3077738191048251
2025-04-16,63415.72455169752,63152.02638588905,434.48826666666787,63586.514652555714,37069.48217096051,1413.9491777372177,1615.771579559729,40099.20292825746,21330.687983453354,17277.857266597224,38608.54525005058,1580.2707576989037,1843.9689235073822,1,0.7623541666666667,0.3669,1.364,0.9971000000000001,0.2963418022025224
2025-04-17,57678.0254935871,59997.368230469816,368.2086902777785,60365.5769207476,34035.74525569567,1935.5483297564656,1580.199848722227,37551.493434174365,20848.12417352537,16886.980580555555,37735.10475408092,3415.0763877057625,1095.733650823046,1,0.7477673611111111,0.3043,1.3148,1.0105,0.3021923285733637
2025-04-18,58931.88317998971,59318.93595841272,0.0,59318.93595841272,26070.061968235117,258.18093446720644,0.0,26328.242902702324,21990.68862443416,17812.457785791667,39803.146410225825,391.9443780972248,4.891599674213239,0,0.5594201388888889,0.1948,1.1711,0.9763000000000001,0.2634522873679884
2025-04-19,62861.192713888886,61841.7699111111,0.0,61841.7699111111,26777.91953034944,874.4109441429858,0.0,27652.330474492428,22339.119850000003,18094.687078499996,40433.806928499995,1733.5727444444447,2752.995547222223,0,0.5579763888888889,0.1113,1.1659,1.0546,0.2711644432366618
2025-04-20,58175.638467369674,58728.56397132801,685.7529964506281,59414.316967778635,34232.278227223724,751.1292494090811,2456.503265491381,37439.910742124186,20235.37319298697,16390.652286319444,36626.02547930641,692.4151692361123,139.48966527777787,1,0.7454388888888889,0.3618,1.3046,0.9428,0.29823614737111503
2025-04-21,61469.34565756173,54339.822118055556,1053.5205027777777,55393.34262083333,35320.111461813394,-1568.8491358702397,3673.913142727779,37425.17546867093,20012.18849598765,16209.872681750003,36222.061177737654,221.58057916666692,7351.104118672841,1,0.7339520833333333,0.2898,1.3263,1.0365,0.29982909506193645
2025-04-22,54850.99117916665,58331.63433168724,686.1700991666684,59017.8044308539,32331.332318040826,3115.2108807519326,2728.4805105601486,38175.02370935291,19824.804566409468,16058.091698791664,35882.89626520113,3842.7364482853272,362.0932957647484,1,0.7509583333333334,0.3534,1.3399,0.9865000000000002,0.29706669600444946
2025-04-23,53809.49637153635,57653.93957404464,831.2867791666663,58485.22635321131,31688.023931864314,3071.989444147923,2904.9096035430557,37664.9229795553,20250.015978158946,16402.512942308746,36652.528920467696,3844.443202508299,0.0,1,0.7479125,0.3289,1.3932,1.0643,0.2962643622573427
2025-04-24,56016.24072512003,55478.13665555554,669.1183138888885,56147.25496944443,32561.24361193666,780.6362783629163,2463.7592848347203,35805.639175134296,19866.94307777777,16092.223892999998,35959.16697077777,1204.6842194444425,1742.7882890089181,1,0.7361847222222223,0.3044,1.349,1.0446,0.2995626173457462
2025-04-25,55973.61799615911,55151.616600891626,0.0,55151.616600891626,24325.306398214103,132.27005930289178,0.0,24457.576457516996,22473.915845336076,18203.87183472222,40677.787680058296,585.9218847222227,1407.9232799897125,0,0.5406916666666667,0.1126,1.1686,1.056,0.274630364333387
2025-04-26,55992.738911179695,54518.90968144547,0.0,54518.90968144547,24390.06118901705,464.9236397184269,0.0,24854.98482873548,22192.069653806586,17975.576419583333,40167.646073389915,908.9939275017149,2382.823157235938,0,0.5378048611111111,0.0076,1.196,1.1884,0.28231063499122266
2025-04-27,55177.053537757194,56728.90777601405,824.4626249999993,57553.37040101405,31876.229742607447,1668.9628354018869,3277.2231559993043,36822.41573400864,20867.671503875168,16902.813918138887,37770.485422014055,1739.1913113192782,187.3370730624187,1,0.7337826388888888,0.272,1.3177,1.0457,0.30910605410554953
2025-04-28,65474.66226391993,64054.46414925943,488.3568652777786,64542.82101453721,38693.69021414294,-341.6487257539287,1996.9356122319493,40348.97710062096,19948.58791591221,16158.356211888884,36106.94412780109,157.65624861111053,1577.8543632716064,1,0.7660520833333333,0.3592,1.3403,0.9811000000000001,0.2990462536150809
2025-04-29,57486.161050582974,56252.68148595678,277.20238055555865,56529.88386651234,32692.404084027254,485.4578895479252,1326.1161666743233,34503.9781402495,20714.95903806584,16779.11682083333,37494.075858899174,676.4168555555541,1909.896420181752,1,0.7303826388888888,0.3089,1.3284,1.0195,0.30008537241968075
2025-04-30,54289.04988803154,53425.087000531545,1510.6682541666655,54935.75525469821,31645.596434762694,-374.63981248624964,5372.569260820829,36643.525883097274,18651.395719855966,15107.630533083333,33759.0262529393,0.0,863.9628874999989,1,0.7294423611111112,0.3282,1.3318,1.0036,0.29555841770279645
2025-05-01,57528.48433475652,56524.993842421114,2931.1787958333352,59456.17263825445,33955.91792052227,-140.88646344043644,13817.12076594237,47632.1522230242,23411.848063031546,18963.596931055552,42375.4449940871,186.4081027777753,1189.898595113169,1,0.7473263888888889,0.2921,1.3606,1.0685,0.3086539479439787
2025-05-02,67957.0027949074,66696.60366860425,0.0,66696.60366860425,30867.75739843049,-257.23879217347564,0.0,30610.518606257014,22220.138979715368,17998.31257356944,40218.45155328481,4.07770277777729,1264.476829080927,0,0.5869513888888889,0.2486,1.2187,0.9701,0.2662006386131915
2025-05-03,64441.3705998971,61477.79194337173,18.39166666666665,61496.1836100384,28436.931147266703,-495.5120190507989,38.25466666666664,27979.673794882572,22578.095401697527,18288.257275375,40866.35267707253,24.599478111111125,2988.1781346364887,1,0.5698243055555555,0.14,1.2238,1.0838,0.27403343020072074
2025-05-04,60826.2019529321,54327.222502777775,3606.413808333332,57933.636311111106,36322.189856242985,-1766.3536163219806,15373.605862959714,49929.44210288071,18263.752280521257,14793.639347222223,33057.39162774348,0.0,6498.97945015432,1,0.7461284722222222,0.3732,1.3892,1.016,0.2965635536307696
2025-05-05,62082.15498755144,59347.65150987962,2784.0512875000013,62131.70279737962,37348.93928409138,-1127.6222746290905,13033.695613756256,49255.01262321854,21214.019912928663,17183.35612947222,38397.37604240088,21.29034552777989,2755.793823199586,1,0.7604611111111113,0.3375,1.3756,1.0381,0.3120650451052524
2025-05-06,54514.80660694445,55702.26827722701,3201.722593055556,58903.99087028257,32993.87510041597,1555.9583914544235,14512.632420034724,49062.465911905114,20196.166780727017,16358.895092388888,36555.061873115905,1912.4704600802409,725.00878979767,1,0.7532361111111112,0.3324,1.343,1.0106,0.3089325566030893
2025-05-07,57817.59331550068,59037.31394050069,2320.017191777778,61357.331132278465,35234.534223290655,849.8450531527108,11130.93471799661,47215.31399443997,20517.391496776407,16619.087112388886,37136.47860916529,1219.7206250000027,0.0,1,0.7587291666666667,0.347,1.3712,1.0242,0.30707571425984576
2025-05-08,64301.3028103738,60919.22719089505,2445.665168055556,63364.89235895061,37584.51728183417,-651.9918589423504,12445.711112402085,49378.23653529391,19397.73631172839,15712.166412499999,35109.90272422839,303.63693046982235,3685.7125499485633,1,0.7616590277777777,0.3201,1.4134,1.0933,0.3034695375095777
2025-05-09,68020.23181046586,60510.45235597342,0.0,60510.45235597342,29228.093492757493,-948.3676441189299,0.0,28279.72584863856,22134.626524348423,17929.04748472222,40063.674009070644,166.69634471879715,7676.475799211246,0,0.5667381944444444,0.1705,1.1847,1.0142,0.2750780502866736
2025-05-10,65990.14439337945,64719.25187385116,0.0,64719.25187385116,28762.692013988555,639.6224748759571,0.0,29402.31448886451,22191.24693774005,17974.91001956944,40166.15695730949,1275.7609541666668,2546.6534736949598,0,0.5753076388888889,0.1241,1.1933,1.0692,0.2798955169840319
2025-05-11,62107.43098837448,59782.140534602186,2069.8464722222216,61851.987006824405,36592.47050308311,1.226723909385214,10408.955885461804,47002.653112454296,19399.135815157744,15713.300010277777,35112.43582543552,659.1938939643333,2984.484347736629,1,0.7607819444444445,0.3089,1.3772,1.0683,0.30604375950107604
2025-05-12,55042.36130277777,57839.865934756504,1442.1841204389573,59282.05005519546,33239.055117226526,2840.4411980821187,6844.760666932081,42924.256982240724,16836.241723251027,13637.355795833335,30473.59751908436,3205.2469069444405,407.74227496570677,1,0.7517881944444444,0.3229,1.3827,1.0598,0.2972260380717865
2025-05-13,65132.28706201988,59668.97778728326,1168.559654166668,60837.537441449924,38003.1506557922,-1029.6396386446722,5810.0005884757,42783.51160562322,21265.432557338816,17225.000371444447,38490.432928783266,556.9540071220854,6020.2632818587135,1,0.7564458333333334,0.2841,1.3607,1.0766,0.305790937995907
2025-05-14,62998.61546812414,59719.78625574417,967.4368972222214,60687.22315296639,37574.24648748293,-986.6389573061581,3949.09832320833,40536.7058533851,19496.798290466395,15792.406615277778,35289.204905744176,186.18677361111168,3465.01598599108,1,0.747551388888889,0.2722,1.3983,1.1261,0.30334052715510607
2025-05-15,62026.49252059327,60113.575336179696,698.516756944445,60812.09209312414,38100.95958173464,-173.242913736153,2669.2571146187515,40596.97378261724,20467.737522290812,16578.867393055556,37046.60491534637,1320.2128637174233,3233.130048130996,1,0.7527770833333334,0.3356,1.3271,0.9914999999999999,0.29893265864636126
2025-05-16,59560.21460591564,56193.18249843964,0.0,56193.18249843964,26950.21787357506,-497.77958856068904,0.0,26452.43828501437,20226.28124982853,16383.287812361112,36609.56906218964,54.09971250000074,3421.1318199759967,0,0.5453854166666666,0.0992,1.2252,1.1260000000000001,0.283402949038004
2025-05-17,67399.32375185184,64562.88800469821,3.5616666666666106,64566.44967136488,30506.99735288274,-578.6380432559273,7.9888183333332075,29936.348127960144,21850.694918398487,17699.062883902778,39549.75780230126,0.0,2836.435747153633,1,0.5734159722222222,0.2134,1.2422,1.0288,0.2724238144425771
2025-05-18,66303.42534295266,62369.58997225651,710.0595097222229,63079.64948197873,39420.40863841545,-1135.0258421452509,2363.50049130278,40648.88328757298,19188.627601165983,15542.788356944446,34731.41595811043,0.0,3933.8353706961584,1,0.75068125,0.377,1.3468,0.9698,0.29800366840787146
2025-05-19,60473.623173765416,56831.418518566345,498.57001480555596,57329.9885333719,35272.997655474646,-345.4475759049601,2625.1759616150175,37552.7260411847,19287.684795524692,15623.024684375001,34910.70947989969,350.9894535972222,3993.194108796297,1,0.7317597222222223,0.2653,1.3957,1.1303999999999998,0.3098851645097845
2025-05-20,59946.04169922839,61180.100148233876,707.938654166667,61888.038802400544,35425.77148935407,1311.3572815547848,3238.1177589083345,39975.24652981719,19182.63486111111,15537.9342375,34720.56909861111,1235.665410390948,1.6069613854608633,1,0.7565819444444445,0.3146,1.373,1.0584,0.30198600194121805
2025-05-21,56668.2999933299,58806.22986646091,751.6666872500009,59557.89655371091,34518.09778913013,2324.5757584855564,3023.7966238058116,39866.470171421504,18868.35707824074,15283.369233374995,34151.726311615734,2887.465345884775,749.5354727537663,1,0.7458243055555555,0.311,1.3612,1.0502,0.30393548046294294
2025-05-22,59430.53913739712,58975.38821112826,462.1389736111107,59437.52718473937,35846.340581950935,-121.21799026663427,1938.6215161513865,37663.74410783569,18476.474554183813,14965.944388888885,33442.4189430727,0.0,455.1509262688596,1,0.7461930555555555,0.3239,1.3576,1.0336999999999998,0.30073104093118236
2025-05-23,64276.3326148491,63243.341461505486,0.0,63243.341461505486,27994.87058947147,916.0793451306877,0.0,28910.94993460216,21086.243635116596,17079.85734444444,38166.10097956104,1537.0288038065842,2570.0199571502044,0,0.5569743055555555,0.1593,1.188,1.0287,0.27097393805250797
2025-05-24,58532.41277443415,57756.409764208336,0.0,57756.409764208336,26934.502831214988,-11.94180999087044,0.0,26922.56102122412,20048.899510150884,16239.608603222221,36288.50811337311,244.46455088529058,1020.467561111109,0,0.553204861111111,0.1275,1.1755,1.048,0.2765248585695781
2025-05-25,60734.8639885974,58373.54109161574,725.0540513888955,59098.59514300464,35647.597618018975,-339.31334108558264,3100.663432578516,38408.94770951191,19257.18598657407,15598.320649124995,34855.506635699065,150.24156615277852,2511.5644631344326,1,0.7379618055555556,0.3608,1.4094,1.0486,0.30452835869507744
2025-05-26,58529.08456683814,61976.49949053499,580.9372069444443,62557.43669747943,35104.569364911855,2786.9965048901017,2020.7747029333327,39912.34057273529,19983.26665859054,16186.445993458334,36169.712652048875,3447.414923696845,0.0,1,0.7524722222222222,0.3289,1.3799,1.051,0.2962407062406357
2025-05-27,56345.52977239368,57250.17097047325,878.9880429583316,58129.15901343158,33833.06643361924,1758.861462274301,3540.9669127478764,39132.894808641424,19867.008688528804,16092.277037708333,35959.28572623714,2920.3907401063116,2015.7495420267521,1,0.7429215277777778,0.3312,1.3497,1.0185,0.30822699521330293
2025-05-28,63937.13358127572,62062.822327850314,388.5625624999998,62451.38489035032,38002.71900153116,-206.97883829594116,1538.1871756312487,39333.927338866466,21749.951650360083,17617.460836791666,39367.41248715175,280.0048233750009,2154.3160768004154,1,0.7512673611111111,0.2285,1.3888,1.1603,0.30314090527111615
2025-05-29,62724.42153760287,62023.700478019375,595.3594029305535,62619.05988094993,37392.50262098746,438.5996059449857,2652.033085354666,40483.135312287115,19681.28906289437,15941.844140944446,35623.13320383882,980.1410507902963,1680.8621103738033,1,0.7595125,0.3164,1.3731,1.0567,0.3125762620001273
2025-05-30,67365.61813942043,61704.33171718106,0.0,61704.33171718106,29770.255875547555,-596.5262980040079,0.0,29173.72957754355,21690.39509912551,17569.220030291668,39259.61512941718,99.76604999999972,5761.052472239369,0,0.5609930555555556,0.0389,1.2666,1.2277,0.2762145635021144
2025-05-31,70816.74148600824,64496.89018012689,90.66166666666663,64587.551846793554,30742.04659897346,-1330.4179711751767,240.16275499999992,29651.79138279828,24878.089733521952,20151.252684152772,45029.34241767472,0.0,6319.851305881339,1,0.5663548611111112,0.1409,1.2,1.0591,0.2787174880964846
2025-06-01,76740.95655555556,71550.09670555555,6344.166318055553,77894.2630236111,51903.29707847221,-2189.823485754445,27433.51246413471,77146.98605685247,20065.003668055553,16252.652971124999,36317.65663918055,0.0,5190.859850000001,1,0.8191805555555556,0.3697,1.406,1.0363,0.30201761958299755
2025-06-02,78594.86518611111,67793.25143432767,6449.624183556234,74242.87561788391,52273.960042947496,-3837.8444241929647,26950.41922257914,75386.53484133366,22024.867908453358,17840.143005847218,39865.010914300576,0.0,10801.613751783434,1,0.8099458333333333,0.3546,1.3869,1.0323,0.3185618019306545
2025-06-03,72734.38880358281,71414.6507213244,4970.9042125000005,76385.5549338244,47572.602061677724,683.0636620666958,21276.855995815975,69532.5217195604,21384.76989293553,17321.66361327778,38706.4335062133,1158.9898791666667,2478.7279614250633,1,0.806282638888889,0.3586,1.4412,1.0826,0.3112877519117296
2025-06-04,83591.6388074074,70573.07375336316,5282.8085759722235,75855.88232933538,56132.393725401154,-2397.7358697498903,21197.876362794254,74932.53421844551,22589.487690946502,18297.485029666663,40886.972720613165,3418.361455144035,16436.92650918827,1,0.8136590277777778,0.3598,1.4185,1.0587,0.3050707660193129
2025-06-05,73016.57928690276,72242.89663020833,5595.365488222218,77838.26211843055,47926.74330150355,426.9308248636432,24351.643460457373,72705.31758682456,22166.318518055552,17954.717999624998,40121.03651768055,577.1360750000001,1350.8187316944418,1,0.8220694444444444,0.3403,1.4022,1.0618999999999998,0.315429084360974
2025-06-06,80346.62157386831,76753.566838411,0.0,76753.566838411,42478.38668665745,-925.9084829899209,0.0,41552.47820366753,24685.789655812754,19995.489621208333,44681.27927702109,149.68010555555588,3742.734841012859,0,0.6492826388888889,0.2445,1.2673,1.0228000000000002,0.27938617199383653
2025-06-07,85238.69667340534,77033.22644867969,76.18833333333339,77109.41478201303,44642.15385932404,-1970.3374605384731,188.90897250000012,42860.72537128557,23962.284188957477,19409.450193055556,43371.73438201303,447.70785032578857,8653.17807505144,1,0.6502881944444445,0.2901,1.2859,0.9958,0.27708348308179603
2025-06-08,69766.28997290964,66904.2664322092,4679.940105126881,71584.20653733608,45262.801340412916,-76.20260881711431,19634.938098973933,64821.536830569734,20549.114202263376,16644.782503833332,37193.89670609671,1032.6969994245594,3894.720540124998,1,0.7970791666666668,0.3642,1.4164,1.0522,0.30296141275998795
2025-06-09,79044.51822426268,73577.4003138203,3657.810523611111,77235.21083743141,53654.66867268415,-2052.129079962136,15242.80191171111,66845.34150443313,21824.654741598082,17677.97034069444,39502.62508229252,0.0,5467.117910442382,1,0.81925625,0.3522,1.4169,1.0647,0.3131216702459352
2025-06-10,74422.33936124246,74225.2142287493,3405.4301129458154,77630.64434169512,49476.65095713783,566.3187916603151,13667.671299629648,63710.64104842779,22374.010723834017,18122.948686305557,40496.95941013958,826.3257225994505,1023.4508550925927,1,0.8168180555555556,0.377,1.4372,1.0602,0.31330848009872747
2025-06-11,80801.68765452315,80488.68150457458,2484.227205942049,82972.90871051663,55363.972753767295,-136.83708768502086,10460.973642042882,65688.10930812516,24674.66138144719,19986.475718972222,44661.13710041941,0.0,313.00614994856005,1,0.8316965277777778,0.2889,1.442,1.1531,0.32189984130963145
2025-06-12,79618.42608012688,78461.73012758917,1441.4937923525401,79903.22391994171,53796.87130761819,-408.41697262366955,6158.937416958333,59547.39175195285,22321.545226886145,18080.451633777775,40401.996860663916,0.0,1156.6959525377235,1,0.8219833333333333,0.3069,1.4394,1.1325,0.32198331090291
2025-06-13,80710.08496069323,79450.17605856704,0.0,79450.17605856704,42079.93937032633,-164.15145325769544,0.0,41915.78791706863,24408.753352692045,19771.09021568056,44179.843568372606,312.18080972222185,1572.0897118484177,0,0.6400291666666666,0.2565,1.298,1.0415,0.28319420380009935
2025-06-14,82330.45634583333,77188.34707673182,0.0,77188.34707673182,42754.77660063152,-1237.5081281269888,0.0,41517.26847250453,25484.642697565156,20642.560585027775,46127.203282592935,0.0,5142.109269101506,0,0.6368673611111111,0.2585,1.238,0.9795,0.27370177374030996
2025-06-15,73783.17384034635,75137.06551136832,1899.7277449583341,77036.79325632665,49436.99240229325,1243.818751860002,8652.143064528907,59332.954218682156,21699.2139002572,17576.36325920833,39275.57715946553,1454.0923793552886,100.20070833333352,1,0.8178270833333333,0.3571,1.4464,1.0893,0.31447064520722534
2025-06-16,77559.50066978738,77615.5803920096,1694.5810472222238,79310.16143923182,52679.45146263116,129.06874144361126,7483.28368842223,60291.803892496995,22788.371498628258,18458.580913888887,41246.952412517145,251.7856875000001,195.70596527777764,1,0.8232416666666666,0.3023,1.3988,1.0965,0.31053495989895313
2025-06-17,80021.96357761625,80436.36864705075,1607.4033906250022,82043.77203767575,54403.27960320297,1253.3837010390414,7227.260226009417,62883.92353025143,23111.373037328525,18720.21216023611,41831.58519756464,1200.7323742870358,786.3273048525424,1,0.8286263888888888,0.3465,1.4509,1.1044,0.3157244845382757
2025-06-18,80610.64541249999,78829.93663563888,764.0917986111106,79594.02843425,55078.96889164361,-177.5188685392443,3166.2876806611084,58067.73770376548,21439.449704166665,17365.954260375,38805.40396454166,687.1806555555519,2467.8894324166686,1,0.82005,0.3499,1.4109,1.061,0.31061427088557564
2025-06-19,76693.45387081619,73997.38745351508,1633.8780402777772,75631.26549379286,50573.751781282175,1294.6223334862625,7474.889896576388,59343.26401134482,21081.41985768175,17075.950084722223,38157.36994240397,2335.218504200956,5031.284921502059,1,0.8079104166666666,0.3554,1.4236,1.0682,0.3148160908721926
2025-06-20,80402.54283191015,77449.29974903978,0.0,77449.29974903978,40965.51463605969,-706.5913882938796,0.0,40258.923247765815,24990.280300600134,20242.127043486114,45232.40734408625,0.0,2953.2430828703727,0,0.6213069444444445,0.2668,1.2402,0.9734,0.27566009304253514
2025-06-21,74926.2074915295,74783.79297822308,0.0,74783.79297822308,37486.11808871274,32.0607421492049,0.0,37518.17883086194,23943.657370764744,19394.362470319444,43338.019841084184,130.191111624999,272.605624931412,0,0.6095256944444445,0.1828,1.2633,1.0805,0.279851207674753
2025-06-22,74686.65450577845,74518.7418153918,1036.2706727083378,75555.01248810014,48856.46717040244,2291.318231906085,4537.575112429653,55685.360514738175,23343.319236968444,18908.08858194444,42251.407818912885,2380.653947061899,2548.5666374485545,1,0.8074916666666668,0.3355,1.4122,1.0766999999999998,0.31057097339237755
2025-06-23,75618.51589121742,75337.95834816186,624.1365159027811,75962.09486406464,50664.72441075722,-92.65132108479112,2709.346701883699,53281.41979155612,21398.445985939645,17332.74124861111,38731.18723455076,0.0,280.55754305555325,1,0.8048722222222222,0.3539,1.4023,1.0484,0.31475530408655117
2025-06-24,87710.36383568244,84868.30198895748,782.147761111111,85650.44975006858,61291.960172821186,-1215.5647682630497,3329.9778078847216,63406.37321244286,25407.12838305899,20579.773990277776,45986.902373336765,0.0,2842.0618467249687,1,0.8405347222222221,0.3611,1.4158,1.0547,0.31888407317973816
2025-06-25,78245.4696143347,79235.96643016032,714.8764263888879,79950.8428565492,51906.83808568952,1524.359287387496,3679.4928738708295,57110.69024694784,20594.90122050755,16681.869988611114,37276.77120911866,1166.4758568749999,175.97904104937714,1,0.8163465277777777,0.3384,1.4004,1.062,0.3174045516882014
2025-06-26,75342.85363151577,75496.71273429354,842.657547222223,76339.37028151576,49692.58632218599,330.06452462098287,3911.101658886115,53933.75250569309,20239.274478737996,16393.812327777778,36633.08680651577,367.5987875000047,213.73968472222157,1,0.8059743055555556,0.3376,1.417,1.0794000000000001,0.31607224731119793
2025-06-27,78381.16097808642,72998.02724662208,0.0,72998.02724662208,39657.61543328506,-1437.2794244182178,0.0,38220.33600886684,21684.437920233195,17564.394715388888,39248.83263562208,0.0,5383.1337314643315,0,0.6051201388888889,0.1708,1.2437,1.0729,0.2793601870494685
2025-06-28,77614.36221306276,77730.36464756206,0.0,77730.36464756206,39738.72961383383,128.14705600963453,0.0,39866.87666984346,25773.286010065156,20876.36166815278,46649.64767821794,271.17605116598145,155.17361666666864,0,0.6229888888888888,0.1995,1.2402,1.0407,0.2815835057489635
2025-06-29,73411.71495516118,75897.55007856859,1294.3538374999996,77191.9039160686,48741.63419479388,3778.9400752075885,4973.046762721528,57493.62103272299,19977.025716735247,16181.390830555556,36158.416547290806,3022.11977810562,536.2846546982136,1,0.8118270833333334,0.3508,1.3938,1.043,0.31016503161371606
2025-06-30,79845.04992194445,78785.24127271862,698.7992013888882,79484.0404741075,53281.26437544158,-139.87945151370081,2888.377178064579,56029.762101992455,22352.8212123311,18105.78518198819,40458.606394319286,305.8546863194423,1365.6633355452698,1,0.8101881944444445,0.3316,1.4347,1.1031,0.309175658561181
2025-07-01,71124.25564912517,71857.88312891082,11584.429063569452,83442.31219248027,51042.86012530909,758.0760261765917,50396.91787189052,102197.85402337619,21744.206561299714,17612.807314652768,39357.013875952485,745.1974964523255,11.570016666666561,1,0.8907618055555555,0.3868,1.7322,1.3454,0.365696955976706
2025-07-02,68583.94670188615,67141.4441553155,9514.969970228556,76656.41412554406,50137.148042731395,-564.9601931226529,42478.194230409455,92050.3820800182,18792.469169530174,15221.900027319443,34014.36919684961,0.0,1442.5025465706447,1,0.8753215277777778,0.4184,1.727,1.3086000000000002,0.35641930054423776
2025-07-03,76938.85983943759,75813.113810048,8665.99080366667,84479.10461371468,56809.84210950848,-462.37463609013173,39369.83369886229,95717.30117228063,19641.129801714676,15909.315139388887,35550.44494110356,0.0,1125.746029389572,1,0.9014361111111112,0.3737,1.7936,1.4199000000000002,0.3681481102180191
2025-07-04,70781.46393734567,72800.40144128943,0.0,72800.40144128943,40122.46677166732,1930.8201619250865,0.0,42053.286933592404,24717.4636233882,20021.145534944444,44738.60915833265,3007.600007973253,988.662504029495,0,0.6903083333333333,0.1337,1.5677,1.4340000000000002,0.34648157248177636
2025-07-05,69831.97457549725,69774.50221402604,71.99833333333322,69846.50054735938,39656.33821004278,219.1369240542291,190.8315824999997,40066.306716597006,24106.656179783946,19526.391505624997,43633.04768540894,405.7278211591183,463.2001826303222,1,0.68431875,0.168,1.5334,1.3654000000000002,0.3286316197864069
2025-07-06,71823.79274079218,75560.5575968467,8936.867151388888,84497.42474823559,53382.29315385977,3723.518229716698,40634.873958653465,97740.68534222993,21941.317943930037,17772.46753458333,39713.78547851337,3834.7257949434133,97.96093888888856,1,0.8986708333333334,0.4315,1.7731,1.3416,0.3713104007870489
2025-07-07,73424.62623065844,69765.57420857338,7951.591703361971,77717.16591193536,53227.71188883079,-1112.3123287116819,34014.89077577418,86130.29033589328,18522.24930989369,15003.021941013889,33525.27125090758,158.86121527777772,3817.91323736283,1,0.8773902777777778,0.3983,1.7052,1.3069000000000002,0.35846715763082515
2025-07-08,77574.95597110546,73174.48959235681,7472.1448789965725,80646.63447135338,56318.030697520546,-1322.3004264933818,34386.07442595375,89381.80469698092,21891.039293672835,17731.741827874997,39622.78112154783,63.51913645833213,4463.985515206964,1,0.8836034722222222,0.3935,1.7507,1.3572,0.369505603515847
2025-07-09,79429.0272525259,75558.33716739487,5290.948378138891,80849.28554553376,57054.02610896818,-1267.8807323859464,24107.00208704376,79893.147463626,21871.69627035322,17716.07397898611,39587.77024933933,69.12807222222204,3939.8181573532265,1,0.8791770833333333,0.3976,1.7416,1.344,0.36549556687514273
2025-07-10,74654.24276095678,74104.96295123456,4477.918504131521,78582.88145536608,54739.66714048663,185.15688218986037,18369.24175874077,73294.06578141726,21650.843960991086,17537.183608402775,39188.02756939386,209.73415416666626,759.0139638888891,1,0.8775076388888888,0.4072,1.7648,1.3576,0.36591649208222154
2025-07-11,84105.09972966393,81885.53811492455,0.0,81885.53811492455,49119.90876778164,-602.3602367609565,0.0,48517.548531020686,22245.44093381344,18018.80715638889,40264.24809020233,0.0,2219.561614739374,0,0.7069465277777778,0.2855,1.5451,1.2595999999999998,0.33195712740109695
2025-07-12,75346.65909775376,79536.60386323027,0.0,79536.60386323027,43713.208562367174,2741.632985244528,0.0,46454.8415476117,26473.907504475304,21443.865078625,47917.772583100304,4189.944765476508,0.0,0,0.6942819444444444,0.2556,1.5783,1.3227,0.33587858062698334
2025-07-13,81024.35652131344,74468.72529036351,2165.782808333331,76634.50809869684,58700.25478067972,-2635.0108205737874,9777.852011778463,65843.0959718844,21421.09429869684,17351.086381944442,38772.18068064128,0.0,6555.631230949928,1,0.8542875,0.3392,1.7345,1.3953,0.36899754777019406
2025-07-14,77913.14157914951,75237.18730509465,2981.246605555555,78218.4339106502,55355.79601295973,-445.5337780776765,14294.00475801944,69204.2669929015,23459.54457381687,19002.231104791666,42461.77567860854,322.56421046159534,2998.5184845164617,1,0.8722152777777779,0.3522,1.7345,1.3822999999999999,0.36812917858776234
2025-07-15,81313.05821071673,76512.89130382372,2510.196651625001,79023.08795544872,58717.04366615914,-1569.7560573876938,10685.762087728295,67833.04969649974,20390.99133715706,16516.70298309722,36907.694320254275,0.0,4800.16690689301,1,0.8721083333333334,0.3419,1.7416,1.3997000000000002,0.3592786520121487
2025-07-16,78694.16982465707,76820.81612808642,2533.6589281721517,79354.47505625857,58797.226867879,-631.081191918829,10076.743860492,68242.88953645217,19818.58741598079,16053.055806944443,35871.64322292523,327.9435506344304,2201.297247205083,1,0.8758020833333333,0.3718,1.6813,1.3094999999999999,0.35421585961669344
2025-07-17,77247.40409338134,78383.27111263717,1647.1524965694446,80030.42360920661,56128.2091971401,2134.622645883951,7653.375935311662,65916.20777833572,21558.100745884774,17462.061604166673,39020.16235005145,1914.0728052812083,778.2057860253774,1,0.8748208333333334,0.3696,1.7092,1.3396000000000001,0.3658498306597257
2025-07-18,88744.87621231137,83104.38247227366,0.0,83104.38247227366,50691.55839100281,-1373.2594985017436,0.0,49318.298892501065,24084.065293106985,19508.092887416668,43592.15818052365,338.19830138888904,5978.692041426621,0,0.6942027777777777,0.3031,1.5835,1.2804,0.3342734987053691
2025-07-19,86973.48938573388,77094.32276563784,30.38166666666666,77124.70443230451,49363.93581296837,-1453.4747730895665,89.21576416666666,47999.67680404546,25151.098000360074,20372.389380291665,45523.48738065174,1924.8748532407358,11804.041473336762,1,0.6802993055555555,0.1583,1.5795,1.4211999999999998,0.3409329052794633
2025-07-20,82713.41468525377,80256.49727483795,769.3535657638904,81025.85084060184,59155.4564828098,-588.5236490298721,3549.626578462362,62116.55941224229,21702.622822685174,17579.124486375,39281.74730906017,187.31841465277756,2644.2358250685925,1,0.8676124999999999,0.3497,1.7018,1.3521,0.35978099508879474
2025-07-21,83472.8418226509,81921.62846707819,835.1520236111119,82756.7804906893,61625.08579256601,76.82922405170484,3521.2519611368084,65223.166977754525,21539.73476152263,17447.18515683333,38986.91991835596,903.0909943758595,2454.3043499485593,1,0.8791791666666667,0.3888,1.7317,1.3429,0.360026711947839
2025-07-22,80314.06492433127,82883.88550297669,1010.4589888888886,83894.34449186557,58542.43045531159,6180.496204451481,4261.926456470138,68984.85311623321,23411.707757698903,18963.48328373611,42375.19104143501,7386.965291779842,4817.144713134432,1,0.8751333333333333,0.3953,1.7059,1.3106,0.35862083543920187
2025-07-23,90358.15800238341,81190.80605402948,1005.5143583333336,82196.32041236281,65950.82889002857,-3227.811428858906,4352.777996471528,67075.79545764119,21777.196445696158,17639.529121013886,39416.72556671004,0.0,9167.351948353911,1,0.8755840277777778,0.4298,1.7196,1.2898,0.36357011200332506
2025-07-24,89595.60368021432,83526.60627642318,396.6204680555555,83923.22674447873,66200.44513180177,-2369.058320373215,1556.776842951389,65388.16365437994,21795.382163923176,17654.259552777774,39449.64171670095,0.0,6068.997403791154,1,0.8774458333333334,0.4014,1.7129,1.3115,0.36408707785420874
2025-07-25,80392.78165562413,80993.27753292953,0.0,80993.27753292953,45894.70224628231,1398.306443539268,0.0,47293.008689821574,22690.12365313786,18379.00015904167,41069.12381217953,3263.023911358879,2662.5280340534937,0,0.67696875,0.192,1.5162,1.3242,0.3408693070805123
2025-07-26,86939.17060202331,84772.56419319272,0.0,84772.56419319272,49110.586824442384,-395.1497635887395,0.0,48715.43706085364,27768.78479588477,22492.715684666662,50261.50048055143,182.772244444443,2349.378653275036,0,0.6880090277777778,0.2778,1.5779,1.3001,0.32926061463384104
2025-07-27,82418.5678195456,82525.88477953617,657.2971529166645,83183.18193245283,59695.53812017861,1583.0554575675521,2748.4859753042256,64027.07955305038,21833.395302383396,17685.050194930554,39518.44549731395,1632.4237799211246,1525.1068199305512,1,0.87713125,0.3756,1.6917,1.3161,0.36606214114029234
2025-07-28,85647.09301162552,86199.29523245884,1025.3936263888888,87224.68885884773,62820.34669092063,1484.1499744231255,4494.65870540764,68799.1553707514,23057.341358847734,18676.446500666665,41733.7878595144,1086.6631583333335,534.4609374999994,1,0.8862368055555556,0.3783,1.7444,1.3660999999999999,0.3615559250091747
2025-07-29,83291.68997174656,87067.60780550411,282.1317277777773,87349.73953328189,60590.80089949057,3845.153184066671,1424.2314124090258,65860.18549596626,24520.810524314125,19861.85652469444,44382.66704900857,3792.9531254242115,17.035291666666694,1,0.8846277777777778,0.4164,1.7497,1.3333,0.36569146840161365
2025-07-30,76551.37896044238,83533.86224790209,513.3326166666666,84047.19486456875,56949.36460577086,7438.552942195028,2085.024810408334,66472.94235837422,21675.856122471538,17557.443459201946,39233.299581673484,6982.483287459708,0.0,1,0.8796965277777778,0.3727,1.6898,1.3171,0.3619631270380533
2025-07-31,81934.42136287721,83521.8182586869,527.8662027777782,84049.68446146467,59211.94842870598,1882.335000424765,2331.8956270104195,63426.17905614116,23762.237443381346,19247.412329138886,43009.649772520235,1587.3968958096712,0.0,1,0.8814312499999999,0.381,1.7439,1.3629,0.36916083525656723
2025-08-01,82366.2749693587,75037.78561838134,0.0,75037.78561838134,46787.35724863751,-1272.8656680059694,0.0,45514.49158063154,21178.117256978734,17154.27497815278,38332.39223513151,585.7585749999989,7914.247925977364,0,0.6663972222222222,0.1568,1.5892,1.4324,0.3368148796991136
2025-08-02,90084.159863393,78368.40567421124,31.343333333333476,78399.74900754458,49096.81040846878,-2409.8133335527027,93.51283500000044,46780.50990991608,24080.62751243141,19505.30828506944,43585.935797500846,0.0,11715.754189181756,1,0.6621874999999999,0.1219,1.5378,1.4159000000000002,0.34373609706733355
2025-08-03,71684.39548182441,70658.03568311041,446.60762083333384,71104.64330394375,51917.382860842765,613.5031776786604,2254.371303147227,54785.25734166866,19782.323424879974,16023.681974152778,35806.00539903275,1249.964675878945,2276.3244745929323,1,0.83336875,0.3408,1.692,1.3512,0.3661435965021765
2025-08-04,76862.02011877572,74269.63674362139,652.0733819444458,74921.71012556583,56171.87142403189,-634.8642729544449,3004.7642764152843,58541.77142749273,20180.213482510284,16345.972920833332,36526.186403343614,1236.4742156378627,3828.8575907921895,1,0.8447847222222222,0.374,1.6947,1.3207,0.3577616424690398
2025-08-05,75245.55073918038,75810.27815807614,205.50685138888898,76015.78500946502,54711.57851447206,810.5046472426809,947.835949179168,56469.91911089391,20829.84286522634,16872.17272083333,37702.01558605967,1699.5942387505138,1134.8668198547655,1,0.8445958333333334,0.3346,1.7018,1.3672,0.36140030242620164
2025-08-06,82967.42694535322,79249.22195250343,238.5842666666662,79487.8062191701,61968.44269315008,-1682.2346430920663,1139.1771708215254,61425.385220879536,22082.23797734911,17886.61276165278,39968.85073900189,49.480079166667,3767.685072016458,1,0.8577486111111111,0.3616,1.7116,1.35,0.3636494301571591
2025-08-07,84266.30856598302,75587.5971093203,314.09396388888945,75901.6910732092,58750.53698969242,-1424.2375771596837,1195.4684778020855,58521.76789033481,22735.611372153635,18415.845211444444,41151.456583598076,693.3561857777778,9372.067642440496,1,0.8411048611111112,0.3292,1.7422,1.413,0.36193567996911125
2025-08-08,74417.53498395061,74032.76636640946,0.0,74032.76636640946,42279.87847864493,-57.51644714820128,0.0,42222.362031496734,24829.051218381348,20111.53148688889,44940.58270527024,0.0,384.76861754114634,0,0.6379520833333333,0.0665,1.5268,1.4603,0.34134327316434493
2025-08-09,78894.68335945027,76247.95027145301,0.0,76247.95027145301,44089.02574209022,-413.2674708881682,0.0,43675.75827120205,23858.933534036354,19325.736162569447,43184.6696966058,0.0,2646.7330879972533,0,0.6529750000000001,0.1714,1.5586,1.3872,0.33690990192318315
2025-08-10,77769.48020984224,74797.47663336762,284.6704861111122,75082.14711947873,57190.05679355495,-1087.2062178962346,1008.0587835076424,57110.909359166355,20214.485292026744,16373.733086541664,36588.21837856841,0.0,2972.003576474628,1,0.8486909722222223,0.3761,1.7523,1.3761999999999999,0.36140508030640217
2025-08-11,76387.07719855967,77046.54333767146,327.42965833333307,77373.9729960048,53352.76994100107,1089.251535067786,1367.6267321124983,55809.64820818135,23930.50440812757,19383.708570583334,43314.2129787109,875.1422738340199,215.67613472222223,1,0.8396298611111112,0.3636,1.7686,1.405,0.36784758658381367
2025-08-12,82053.20738938614,79499.66646080246,244.72370138888834,79744.39016219135,59015.6469624821,108.1996507731211,944.4806147895795,60068.3272280448,20564.9162191358,16657.5821375,37222.4983566358,748.5694823045262,3302.1104108881996,1,0.8573708333333333,0.3472,1.7091,1.3619,0.3651004998389332
2025-08-13,75184.09947932098,75314.38036361455,566.2563958333334,75880.63675944788,53870.650778847186,326.18983295635354,2699.6527715409734,56896.49338334452,19663.35467421124,15927.31728611111,35590.671960322354,332.777832904662,202.49694861111084,1,0.8531652777777778,0.3789,1.7327,1.3538,0.36016199216452977
2025-08-14,77198.02033501372,78125.53383525377,143.12566805555568,78268.65950330932,56008.47474614107,1115.8225002534264,647.3901988236115,57771.68744521811,21486.98520747599,17404.458018055553,38891.44322553155,2061.334822239374,1133.8213219993197,1,0.8501201388888889,0.3843,1.7384,1.3540999999999999,0.36082177359848794
2025-08-15,86910.24294519135,75907.94206720783,0.0,75907.94206720783,47959.348691525694,-2239.0654877234106,0.0,45720.28320380228,22070.99990226338,17877.509920833334,39948.50982309671,0.0,11002.300877983536,0,0.6512152777777778,0.1119,1.6114,1.4994999999999998,0.34658136597170325
2025-08-16,84680.35313080315,73754.3856597812,0.0,73754.3856597812,47273.98978499307,-2325.910634169675,0.0,44948.079150823396,21651.603062911527,17537.798480958336,39189.40154386986,0.0,10925.967471021944,0,0.6473409722222221,0.0685,1.5409,1.4724,0.34457483492406066
2025-08-17,79873.86240330932,74934.55077627058,322.192422222222,75256.7431984928,56100.765852109806,-965.4820782133397,1952.7510826312482,57088.034856527716,20875.827923353914,16909.42061791667,37785.24854127059,275.21168347222243,5214.5233105109655,1,0.8399,0.3386,1.7136,1.375,0.3693982475293809
2025-08-18,77093.51933641975,75220.7032094993,327.85913055555494,75548.56234005486,55943.44564263335,-736.5706137715986,1783.1069008715272,56989.98192973328,20970.889453943753,16986.420457694443,37957.30991163819,0.0,1872.8161269204372,1,0.8475611111111111,0.3325,1.7616,1.4291,0.369373832600357
2025-08-19,76246.71658422497,75081.47492942077,438.95202638888895,75520.42695580966,55207.88495254394,-29.50176206115418,2590.0862121819446,57768.46940266473,19792.010759224962,16031.528714972224,35823.53947419718,509.3017930555554,1674.5434478597463,1,0.8429152777777777,0.4324,1.7202,1.2877999999999998,0.35697811719414735
2025-08-20,84907.62535387516,80204.76799084361,382.58854861111183,80587.35653945472,60684.80967274365,-1084.6235349410608,1777.3921986611142,61377.5783364637,23254.642138203013,18836.260131944444,42090.90227014746,365.0424996913582,5067.899862722909,1,0.866348611111111,0.4085,1.7251,1.3166000000000002,0.36922782563113143
2025-08-21,80812.67310420095,76270.78563393347,318.9190172153633,76589.70465114883,57308.09530746484,-1013.1856473963869,1303.2916542223556,57598.20131429081,20967.286380315498,16983.501968055556,37950.788348371054,274.3129942386894,4816.200464506176,1,0.8472069444444443,0.4163,1.7157,1.2993999999999999,0.35938360649651424
2025-08-22,80190.26788621399,74213.66960490397,0.0,74213.66960490397,45658.61894658835,-1110.309532472915,0.0,44548.309414115436,21708.764024348417,17584.098859722224,39292.86288407064,224.56934555897936,6201.167626868997,0,0.6604708333333333,0.1444,1.5612,1.4167999999999998,0.33888689010965656
2025-08-23,78544.8364826646,77092.23329678738,0.0,77092.23329678738,43510.2558349656,470.90337044721156,0.0,43981.15920541281,24394.249661454047,19759.34222577778,44153.59188723183,1858.4744207414333,3311.0776066186572,0,0.6591965277777778,0.1405,1.5209,1.3803999999999998,0.3450583459948787
2025-08-24,75878.96412266803,73051.04619537038,339.4310097222234,73390.4772050926,55542.38526256114,966.1803567395079,1507.0485265687537,58015.614145869404,21877.14314814815,17720.485949999995,39597.62909814814,2148.763516358028,4976.681443655694,1,0.8410215277777777,0.3394,1.7075,1.3681,0.36945215018005495
2025-08-25,96857.79510893347,80976.38967247942,272.6302930555553,81249.01996553497,69719.59816033843,-5703.618379985023,1120.435201260416,65136.414981613816,21818.199423868315,17672.741533333334,39490.940957201645,0.0,15881.405436454043,1,0.8601569444444443,0.3974,1.7083,1.3109,0.3661421040640387
2025-08-26,77050.87302347393,75724.66940029149,165.95139166666686,75890.62079195815,55897.108158601826,-529.6938092659267,569.8429430597243,55937.257292395625,20951.439835390942,16970.666266666667,37922.10610205761,19.578277388890342,1345.7819005713332,1,0.8444180555555555,0.3224,1.6987,1.3763,0.3739729141359442
2025-08-27,78490.61510010288,80415.63944723936,113.57405138888845,80529.21349862825,56186.74310332892,3322.00612312458,538.5022476319426,60047.25147408544,23260.074259739362,18840.660150388885,42100.73441012825,4127.306199074076,2202.2818519375874,1,0.8533875,0.3375,1.7058,1.3683,0.37514405230876163
2025-08-28,77351.80459053446,80183.03094507699,647.5952416666664,80830.62618674366,54968.41983560172,3871.3436750913074,3122.712412910414,61962.475923603444,20630.906666340874,16711.034399736112,37341.941066076986,3142.036842196846,310.8104876543222,1,0.863504861111111,0.3748,1.7227,1.3478999999999999,0.3682995573370988
2025-08-29,87710.15308112105,78271.56562244633,0.0,78271.56562244633,48763.44579136227,-1738.1116686733155,0.0,47025.33412268895,21827.962557493138,17680.649671569445,39508.61222906258,438.9420923194441,9877.529550994166,0,0.6645076388888889,0.1616,1.5608,1.3992,0.33691056224988886
2025-08-30,83237.19289310699,75253.1636949417,0.0,75253.1636949417,47256.44462731714,-1634.9190462483186,0.0,45621.525581068825,22761.935960219478,18437.168127777783,41199.10408799726,0.0,7984.029198165295,0,0.6546625,0.115,1.5978,1.4828000000000001,0.3439718701909197
2025-08-31,76377.4791096022,76498.76365041152,581.9469444444438,77080.71059485596,54451.16638638312,135.51112012470466,2530.502556979858,57117.180063487685,22696.64930041152,18384.285933333333,41080.93523374485,240.98142957818737,119.69688876886084,1,0.846538888888889,0.4046,1.7034,1.2988,0.3678371484681909
2025-09-01,84566.55012930383,76850.66428864884,0.0,76850.66428864884,53170.33167855259,-1541.186684886482,0.0,51629.14499366611,20614.45631225994,16697.709612930554,37312.16592519049,783.8324373628245,8499.718278017835,0,0.7517326388888889,0.3616,1.367,1.0054,0.30250410048411397
2025-09-02,75554.7364,75995.92249975188,0.0,75995.92249975188,47794.134007255976,1759.8095113802083,0.0,49553.94351863618,20939.406906138545,16960.919593972223,37900.326500110765,2167.4174044843976,1726.2313047325133,0,0.7539930555555555,0.3185,1.3791,1.0606,0.3158723952653406
2025-09-03,80677.166375,77898.70175837344,0.0,77898.70175837344,52167.5118718577,-434.61079031928375,0.0,51732.90108153842,22459.342727623458,18192.067609375,40651.41033699846,260.83554463888714,3039.3001612654307,0,0.7609944444444445,0.3744,1.3826,1.0082,0.3099008176412114
2025-09-04,78437.95547172497,75163.2760664206,73.84267638888889,75237.11874280949,50676.83650665262,-775.5630300882618,174.49593618541667,50075.769412749774,23087.69825162894,18701.035583819445,41788.73383544838,128.91442173611063,3403.5938270404718,1,0.7569979166666667,0.3556,1.3949,1.0393,0.31920035341562475
2025-09-05,74151.70948400206,73093.7598701646,0.0,73093.7598701646,37229.04436481661,-193.83345618812956,0.0,37035.21090862848,21068.71697016461,17065.66074583333,38134.377715997936,250.8207430555534,1308.7703568930046,0,0.5586402777777777,0.1454,1.2232,1.0778,0.27953418055744605
2025-09-06,75184.05344399862,75081.59104190671,0.0,75081.59104190671,37439.71334722197,379.8522176526012,0.0,37819.565564874574,23670.09209190672,19172.774594444443,42842.86668635116,704.952115277777,807.4145173696846,0,0.5657111111111112,0.07,1.2147,1.1446999999999998,0.2951088217625809
2025-09-07,74081.50012920097,76075.01508597392,45.06188333333341,76120.07696930725,47458.745614873354,2428.9749929643745,265.5018980229171,50153.22250586064,21586.453799862822,17485.027577888886,39071.48137775171,3612.635613923171,1619.120657150207,1,0.7593138888888888,0.3572,1.3878,1.0306,0.31924373604119977
2025-09-08,81699.97605769889,80806.3960717764,0.0,80806.3960717764,52500.848781477296,1084.336372965053,0.0,53585.18515444235,23065.96056344307,18683.42805638889,41749.38861983196,1340.0178530178366,2233.5978389403313,0,0.7735236111111111,0.3635,1.358,0.9945000000000002,0.31659018264638433
2025-09-09,71516.93177916665,73456.29494918828,0.0,73456.29494918828,46605.80073891638,3183.7958061331624,0.0,49789.59654504954,21522.489402160496,17433.216415749994,38955.70581791049,3464.214512099789,1524.8513420781842,0,0.7518833333333333,0.2568,1.377,1.1202,0.3175296044815699
2025-09-10,83368.36487625822,81048.82089288443,28.048130555555304,81076.86902343998,53980.89291275712,406.26211924686163,97.27873110555456,54484.43376310954,24126.757835356653,19542.673846638892,43669.43168199554,1485.0851988172126,3804.629182191009,1,0.7818236111111112,0.3604,1.3717,1.0112999999999999,0.32003667280878206
2025-09-11,82329.44864718794,73382.13226385458,190.77185277777775,73572.90411663236,52520.43348666096,-2210.921411543017,1095.2145210249996,51404.726596142944,21668.733669410147,17551.67427222222,39220.407941632366,194.73377777777924,9142.050161111118,1,0.7530638888888889,0.301,1.368,1.0670000000000002,0.3169825634030099
2025-09-12,74056.7213640432,74996.30923361883,0.0,74996.30923361883,37524.11583317506,680.4844392621349,0.0,38204.6002724372,22996.55443132716,18627.209089375,41623.76352070216,1589.518708653123,649.9308390775034,0,0.5750854166666666,0.112,1.219,1.107,0.28609316590752926
2025-09-13,73161.28394533608,74026.99798230451,0.0,74026.99798230451,37264.422483601695,406.88654555875985,0.0,37671.30902916045,22160.00548786008,17949.604445166664,40109.609933026746,1571.5555347222214,705.8414977537723,0,0.5665159722222222,0.0376,1.2673,1.2297,0.2959483871723043
2025-09-14,85170.8626792524,80195.98275202331,0.0,80195.98275202331,55600.5267298752,-1630.7452655103189,0.0,53969.78146436488,22906.06336419753,18553.911325,41459.97468919753,94.34651388888881,5069.226441117966,0,0.7759062499999999,0.3774,1.3811,1.0037,0.3176143512839007
2025-09-15,70699.76947205076,70827.9348829561,519.9782361111122,71347.91311906722,46957.93067851449,158.7379089596617,1869.5063418090297,48986.17492928318,21718.756316289437,17592.192616194443,39310.94893248388,128.1654109053508,0.0,1,0.761726388888889,0.3138,1.3666,1.0528,0.31795582043433485
2025-09-16,84477.90303163855,79602.66158124142,0.0,79602.66158124142,55054.42201367859,-1655.2166780994635,0.0,53399.20533557912,24874.26811596365,20148.157173930555,45022.42528989421,0.0,4875.241450397111,0,0.7779465277777776,0.3741,1.3713,0.9972,0.3131094399356758
2025-09-17,80344.49902942387,78171.96741097394,116.86394306944462,78288.83135404339,52862.95356219444,-833.9083728857237,526.1250990219938,52555.17028833071,22869.637247085047,18524.406170138893,41394.04341722394,0.0,2172.5316184499316,1,0.778054861111111,0.3228,1.3545,1.0317,0.3158878492593581
2025-09-18,72806.87335291495,78319.6503038762,10.966204166666785,78330.61650804286,47197.278776034946,4663.687629062741,28.852157931250357,51889.81856302894,22932.468632630313,18575.299592430558,41507.76822506087,6166.289249195132,653.5122982338839,1,0.7698256944444445,0.355,1.4221,1.0671,0.3220971486356872
2025-09-19,78891.43023446502,78798.57629600479,0.0,78798.57629600479,39492.61863003352,96.46492879846613,0.0,39589.08355883198,22897.338112671467,18546.84387126389,41444.181983935356,203.51484209533456,296.3687805555563,0,0.5932520833333333,0.2021,1.2857,1.0836000000000001,0.28012162412283576
2025-09-20,76032.05953191014,77934.60085032578,0.0,77934.60085032578,38097.66305567208,979.4094492029153,0.0,39077.072504874996,24989.07430727023,20241.150188888885,45230.22449615912,3162.806471399179,1260.2651529835414,0,0.5874611111111112,0.0958,1.2367,1.1408999999999998,0.2915312993276268
2025-09-21,77182.34749068931,75251.1649545439,11.050412499999993,75262.2153670439,50219.18269677744,-536.5942832972623,34.14290131249984,49716.731314792676,21157.205192043897,17137.336205555555,38294.54139759945,0.0,1931.1825361454034,1,0.7738493055555556,0.36,1.3742,1.0142000000000002,0.31597289990083005
2025-09-22,78081.78093194443,72038.44474612482,338.74020000000075,72377.18494612482,51316.26914650305,-1983.3913043691775,1004.2924494798624,50337.17029161374,22104.557560013716,17904.69162361111,40009.24918362482,0.0,6043.336185819612,1,0.7821659722222223,0.381,1.3934,1.0124,0.3194918126587898
2025-09-23,76310.56088962036,74782.73140046158,33.92900000000009,74816.66040046158,49557.91604432838,-479.22437244153446,139.0167033750007,49217.70837526186,22230.736093227017,18006.896235513886,40237.6323287409,0.0,1527.829489158783,1,0.7817520833333333,0.3271,1.3866,1.0595,0.325202940051104
2025-09-24,66725.75540905348,69673.09958402555,631.5039611111107,70304.60354513666,43777.41497630907,2197.599960680633,1808.0401158930551,47783.05505288276,21079.458952726338,17074.361751708333,38153.82070443467,2947.344174972058,0.0,1,0.7761097222222222,0.3701,1.3677,0.9975999999999999,0.31437401188699243
2025-09-25,72889.28169773662,72907.1117050583,204.19207638888878,73111.30378144719,46717.80015560499,498.8946810369214,838.7057356027769,48055.4005722447,22423.418834019198,18162.969255555552,40586.38808957475,755.1271392661148,737.2971319444439,1,0.7776076388888888,0.3266,1.3825,1.0559,0.3172230636230997
2025-09-26,80549.73082865226,75345.10748556242,0.0,75345.10748556242,38717.644645180255,-1214.54046382725,0.0,37503.104181353,24397.63322635459,19762.08291334722,44159.716139701806,0.0,5204.62334308985,0,0.5928138888888889,0.1786,1.1987,1.0201,0.2818006465401244
2025-09-27,67592.05682330247,71422.32801479766,0.0,71422.32801479766,34527.51129650657,2507.1584751241408,0.0,37034.66977163071,23230.051093964335,18816.34138611111,42046.39248007545,4795.83799171399,965.5668002187971,0,0.5996840277777777,0.208,1.2231,1.0151000000000001,0.28262697212029875
2025-09-28,70674.95990444683,72935.61286608814,278.60707916666655,73214.21994525481,46223.340321101794,3455.2578638158884,1213.1305129708326,50891.72869788852,21471.839477949245,17392.18997713889,38864.02945508814,4551.582505125516,2290.9295434842243,1,0.7893881944444444,0.3864,1.3665,0.9801,0.314865257666877
2025-09-29,73764.99838465362,68341.29594627915,1262.2368069444435,69603.5327532236,48249.426562135566,-1768.0557527152994,4837.9980673645805,51319.36887678485,21594.53965877915,17491.57712361111,39086.116782390265,97.62871899863637,5521.331157373105,1,0.7877583333333333,0.3708,1.3651,0.9943,0.31652842410104165
2025-09-30,72663.34263820302,73301.05998441357,812.9156986111118,74113.97568302468,47626.73068558097,675.605899706853,3689.7425158548654,51992.07910114269,24545.444274691352,19881.8098625,44427.254137191354,851.9929059327848,214.27555972222217,1,0.7938243055555556,0.3589,1.3781,1.0192,0.3294010556311358
2025-10-01,69986.95567652606,65813.44255860767,34.82689583333308,65848.269454441,42824.785512671704,-871.8392965361018,83.32729912499903,42036.273515260604,22160.033672496567,17949.62727472222,40109.660947218785,29.69202777777764,4203.2051456961635,1,0.7381555555555556,0.2329,1.3138,1.0809000000000002,0.31168236920732517
2025-10-02,75438.74982423784,66001.51356404321,120.11445694444433,66121.62802098766,46452.251572368885,-2827.97206747757,326.7924811722219,43951.071986063536,21364.11459876543,17304.932825,38669.04742376543,0.0,9437.236260194615,1,0.7419722222222223,0.3234,1.3383,1.0149,0.31217500844087714
2025-10-03,68474.95626490054,64574.99921742696,0.0,64574.99921742696,30970.60097641815,-202.78258823116917,0.0,30767.81838818698,24356.186546399174,19728.511102583332,44084.6976489825,212.68858316769303,4112.645630641287,0,0.5579645833333333,0.0924,1.1747,1.0823,0.2831598553400804
2025-10-04,78961.88612652605,68385.22531388889,0.0,68385.22531388889,37289.872384088376,-2153.567574203367,0.0,35136.30480988501,23038.360074999997,18661.07166075,41699.43173575,0.0,10576.660812637174,0,0.5858305555555555,0.132,1.1845,1.0525000000000002,0.2794004414907874
2025-10-05,74053.61391798696,65837.5474829218,230.04283472222218,66067.59031764402,45679.79514654759,-2161.1383344635224,718.7057528375008,44237.36256492157,21456.511316255142,17379.774166166666,38836.28548242181,55.96637638888865,8272.032811454043,1,0.752561111111111,0.3247,1.303,0.9783,0.3083863515478395
2025-10-06,63185.142728909464,65337.626860036515,860.7445277777783,66198.37138781429,40577.66421303556,1468.6682040330602,2911.0113532326404,44957.34377030127,21426.246310133745,17355.259511208336,38781.505821342085,2316.674620153127,164.19048902606846,1,0.7684895833333333,0.3294,1.3468,1.0173999999999999,0.30493102401261496
2025-10-07,68585.6239422668,68887.86570613855,127.33271250000001,69015.19841863855,42469.51079316027,1034.3057498539965,411.13049113541695,43914.947034149685,22237.44843252743,18012.33323034722,40249.78166287465,964.4062671467794,662.1645032750389,1,0.7657534722222222,0.341,1.3141,0.9731000000000001,0.3087808864247867
2025-10-08,66842.91902613168,66118.82456473509,349.6353361111118,66468.4599008462,41992.287021840755,-186.19892807811524,1339.8926156972236,43145.980709459865,21415.016736471192,17346.163556541665,38761.18029301286,25.372244930556235,749.466706327159,1,0.7606854166666666,0.37,1.3239,0.9539000000000001,0.303721134652412
2025-10-09,76058.13539377572,65275.45178359053,224.50561388888948,65499.95739747942,47633.26474048881,-3183.48692156183,873.4531957520862,45323.23101467907,21446.24171332305,17371.455787791667,38817.697501114715,0.0,10782.683610185188,1,0.7578034722222222,0.3337,1.3793,1.0455999999999999,0.31008942559033464
2025-10-10,73912.61163242455,66669.05430509258,0.0,66669.05430509258,34361.713484604115,-1174.1998741727925,0.0,33187.51361043132,22956.52916898148,18594.788626874997,41551.31779585648,1.63584722222231,7245.193174554188,0,0.5595319444444445,0.039,1.1569,1.1179000000000001,0.2858642817678759
2025-10-11,74551.60827592592,70795.10242131344,0.0,70795.10242131344,35520.144839936416,-455.7725187470412,0.0,35064.372321189374,23882.84172028463,19345.101793430556,43227.94351371519,358.55376527777713,4115.059619890263,0,0.5845513888888889,0.155,1.184,1.029,0.277554617994897
2025-10-12,68928.63717524006,67459.63315900206,562.0427774722227,68021.67593647428,42596.06475010227,11.18103718701451,2347.7130772335718,44954.95886452286,20199.096041186556,16361.267793361112,36560.363834547665,317.22467916666983,1786.228695404664,1,0.76634375,0.3076,1.3451,1.0375,0.3121904555179307
2025-10-13,70736.95706623798,65350.47465581275,885.5748430555554,66236.0494988683,44165.29216686319,-1258.08634911659,3138.146675884028,46045.35249363063,21379.727169701648,17317.579007458335,38697.30617715998,319.1565625000001,5705.638972925239,1,0.764651388888889,0.3599,1.3254,0.9654999999999999,0.31293950959368755
2025-10-14,73720.93270493827,67992.44829281549,1206.7995319444458,69199.24782475994,46441.34462710366,-622.4491714467572,4318.120256361811,50137.015712018714,22241.245408093273,18015.408780555554,40256.65418864883,1702.521126714669,7431.005538837446,1,0.7730666666666666,0.3194,1.3729,1.0535,0.3138675167256968
2025-10-15,77085.06528287036,71104.26317198217,470.00959027777856,71574.27276225995,48701.8753525357,-1882.818240129402,1226.6667084638905,48045.72382087019,24173.714062071333,19580.708390277774,43754.42245234911,148.90978894032799,6129.711899828535,1,0.7760555555555556,0.3279,1.3505,1.0226,0.31627167378031573
2025-10-16,72914.25744747941,72383.39266516427,308.1034972222217,72691.4961623865,46977.30873294585,1.1531413277410962,1097.890570620137,48076.35244489373,21988.12094019204,17810.377961555554,39798.49890174759,261.292711083332,792.157493398488,1,0.7822208333333331,0.3224,1.3193,0.9968999999999999,0.3197255734903763
2025-10-17,64135.47804516461,69915.99078053309,0.0,69915.99078053309,31212.80073302811,3616.41224823016,0.0,34829.21298125827,24343.918613185866,19718.574076680554,44062.49268986642,5780.512735368479,0.0,0,0.58880625,0.1661,1.1647,0.9986,0.2775700835471682
2025-10-18,75861.39922246226,71926.14380963647,0.0,71926.14380963647,35617.65932355083,-838.694266732397,0.0,34778.96505681844,25100.163293895745,20331.132268055553,45431.295561951294,258.8071820130324,4194.06259483882,0,0.5830680555555555,0.1762,1.1522,0.9759999999999999,0.2720827592267495
2025-10-19,73407.63641613512,71262.40316349451,625.0532458333323,71887.45640932785,47702.02522990202,-716.5113832975123,2594.059161082632,49579.57300768714,21712.48380793896,17587.111884430557,39299.59569236952,0.0,2145.2332526406026,1,0.7893604166666667,0.3396,1.3441,1.0045000000000002,0.32228770752120045
2025-10-20,76138.51310481824,73879.83353972908,282.23857499999997,74162.07211472908,49423.011210690674,-909.7377573032479,1144.4091326618054,49657.68258604923,22056.593400377227,17865.84065430555,39922.43405468277,0.0,2258.679565089164,1,0.7871270833333333,0.3284,1.3294,1.001,0.3200039305788876
2025-10-21,75134.47236408333,74699.509354584,501.38372580555597,75200.89308038956,48648.403327035594,-67.27011095653609,1972.95349381896,50554.086709898016,22526.307937722904,18246.309429555557,40772.617367278464,347.1031861111105,782.0661956104252,1,0.79530625,0.3559,1.3281,0.9722000000000001,0.31697785766927655
2025-10-22,72893.56882693758,73610.31062510288,332.934741666666,73943.24536676955,47425.896867167634,837.9453214883827,1098.3957858486092,49362.23797450463,21742.319232047324,17611.278577958336,39353.59781000566,1056.181407047322,339.4396088820315,1,0.7929506944444444,0.3376,1.3348,0.9972,0.32237818392648715
2025-10-23,83182.58219444443,70925.49266719821,492.60450138888723,71418.0971685871,53004.84313359819,-3779.888199448881,1524.4762159583286,50749.43115010763,22027.852998971193,17842.560929166666,39870.41392813786,307.7932541666662,12564.882781412889,1,0.7813361111111112,0.3637,1.3254,0.9616999999999999,0.3189309084902749
2025-10-24,71899.7544446502,71993.30412001046,0.0,71993.30412001046,34938.06443464653,846.5279348673453,0.0,35784.59236951387,22668.27196884431,18361.30029476389,41029.5722636082,1708.6571486796975,1615.107473319445,0,0.5963583333333333,0.1355,1.1463,1.0108000000000001,0.280281304253225
2025-10-25,77081.78389686212,72989.25489014061,0.0,72989.25489014061,36793.69200785981,-737.5502162074741,0.0,36056.141791652335,23148.509424862827,18750.29263413889,41898.80205900171,169.90833194444463,4262.437338665975,0,0.5985090277777778,0.1778,1.172,0.9942,0.27804876943152995
2025-10-26,75888.4153284122,70875.14020075445,724.448387500001,71599.58858825445,48568.93161928792,-1309.9107412757048,2400.39478201806,49659.415660030274,23425.757313254457,18974.86342373611,42400.62073699057,631.5217792866936,5644.796906944446,1,0.7873305555555555,0.3661,1.3094,0.9432999999999999,0.31463671363392737
2025-10-27,69489.9808478395,72658.56765396365,290.1195069444447,72948.6871609081,43915.08938634629,4517.037775981732,1164.6219733305568,49596.74913565858,23950.518756241425,19399.920192555554,43350.438948796975,5053.7905325816155,1885.20372645747,1,0.7828958333333333,0.3474,1.3209,0.9735,0.32454720442380264
2025-10-28,69746.36841738684,73073.50329600755,303.2780875000005,73376.78138350755,44871.08697448044,3880.6876274559136,912.9995734013905,49664.77417533774,22674.721064951988,18366.524062611104,41041.24512756309,3562.9574833532215,235.8226047325082,1,0.7930666666666668,0.3814,1.363,0.9816,0.3195382414950952
2025-10-29,77845.690275375,77387.87138520833,262.26050416666664,77650.131889375,50857.389529944965,-98.59683392038511,950.2969372583337,51709.089633282914,22653.01467361111,18348.941885624998,41001.9565592361,57.404865277778185,515.2237554444436,1,0.8069569444444444,0.3617,1.3399,0.9782000000000001,0.3233004104056185
2025-10-30,69045.49997690329,71224.1366520439,711.5533834706819,71935.69003551459,44617.63807235309,2670.688886400143,2880.109718638226,50168.43667739146,22156.86174096365,17947.058010180557,40103.9197511442,2227.938379307273,49.301704166667776,1,0.7919604166666666,0.3217,1.3188,0.9971,0.319329192131018
2025-10-31,78842.4935534122,76632.88601099109,0.0,76632.88601099109,38745.01344010043,-647.9052518099567,0.0,38097.10818829048,24249.905880229766,19642.42376298611,43892.329643215875,0.0,2209.6075424211226,0,0.6177326388888889,0.2016,1.1689,0.9673,0.2805364778295975
2025-11-01,74078.86523789438,74780.15701706104,0.0,74780.15701706104,35655.529670993594,326.13541596381907,0.0,35981.665086957415,24045.958754629624,19477.22659125,43523.185345879625,903.5719666666656,202.2801875,0,0.6046034722222222,0.2088,1.193,0.9842000000000001,0.2792217762553019
2025-11-02,74384.72859658778,75667.33484694443,559.2126791666677,76226.5475261111,48797.87490188559,2824.515402332908,2248.253323709727,53870.64362792822,22480.046833333334,18208.837935000003,40688.88476833334,3702.9608076097343,2420.3545572530857,1,0.8022444444444444,0.3823,1.3248,0.9425,0.32129950651347483
2025-11-03,79722.0384638889,76813.80056107098,395.2049499999989,77209.00551107098,52153.70348640125,-1011.988397133727,1321.105424277774,52462.8205135453,22762.09613348765,18437.297868125,41199.39400161264,78.73336743055461,2986.9712702484585,1,0.8054708333333334,0.3421,1.3314,0.9892999999999998,0.3217883059894001
2025-11-04,74230.70409912552,75225.19290691015,528.9895441388894,75754.18245104904,48284.451355496945,1480.7396906442355,2149.699944858018,51914.8909909992,22776.304315243488,18448.80649534722,41225.110810590704,1456.9250202503397,462.43621246570183,1,0.7975826388888889,0.3595,1.335,0.9755,0.322295358701081
2025-11-05,82667.74934444443,76670.74872139917,529.9091030277796,77200.65782442695,55061.13574092749,-2287.0880246646743,2308.5412525459124,55082.588968808726,23081.035673559665,18695.63889558333,41776.674569143,15.32685277777773,6012.327475823048,1,0.8089555555555555,0.3759,1.328,0.9521000000000001,0.31831631363266844
2025-11-06,78151.71382736626,78789.1528671075,656.4701011666673,79445.62296827417,51609.47067768495,1138.4922706879202,2871.946263538642,55619.909211911516,24730.268808899174,20031.51773520833,44761.786544107505,1105.591021738168,468.151981996911,1,0.8150673611111112,0.3771,1.3718,0.9946999999999999,0.3208361285224257
2025-11-07,75885.20781704388,77436.62556454663,0.0,77436.62556454663,37615.97592453748,1570.3161543989436,0.0,39186.29207893642,22606.42859958848,18311.207165666667,40917.635765255145,3352.4225301330525,1801.0047826303146,0,0.6155340277777778,0.2158,1.1963,0.9804999999999999,0.28612886718011693
2025-11-08,79603.50749579268,76785.94724586213,0.0,76785.94724586213,39422.84267657473,-787.5348310992225,0.0,38635.30784547551,23790.881692129624,19270.614170625,43061.49586275462,121.27968372222159,2938.839933652777,0,0.6173409722222222,0.242,1.2197,0.9777,0.2795995634666146
2025-11-09,78705.5906471533,78479.61101466014,503.7123731666691,78983.32338782681,51961.258795623486,104.05980789030527,2257.7036489381794,54323.02225245197,23788.25386958162,19268.48563436111,43056.73950394273,199.38640222908055,425.3660347222229,1,0.8103173611111111,0.3516,1.3403,0.9887,0.3256134041078514
2025-11-10,79810.63087259859,81403.22225526097,638.3098569444438,82041.53211220542,53603.47928335435,2215.9668882471597,2638.4841993979135,58457.93037099942,24980.348156344302,20234.082006638884,45214.43016298319,2513.721176763887,921.1297941015121,1,0.8189729166666666,0.2992,1.3367,1.0375,0.3243836333080936
2025-11-11,82175.42394027777,79185.94972924108,323.9079222222226,79509.8576514633,55171.35929319361,-1253.5150055963284,1144.3273639770864,55062.17165157436,22675.519397102194,18367.17071165278,41042.69010875498,0.0,2989.474211036697,1,0.8138590277777777,0.3475,1.3296,0.9821,0.3245326058805345
2025-11-12,78892.54683928189,79114.14475062912,324.04512568055395,79438.18987630967,52272.81720693505,2319.665496661736,1607.2836393854886,56199.76634298227,23261.30014578189,18841.653118083334,42102.95326386522,2505.213406000006,2283.615494652776,1,0.8123951388888888,0.3489,1.3537,1.0048,0.32859391781284053
2025-11-13,76754.6141388546,78530.12766491305,1028.8546597222207,79558.98232463526,51564.380731677775,2300.2109621900163,4474.9009152263825,58339.49260909417,22316.916270010286,18076.702178708336,40393.618448718626,1839.6101138328177,64.09658777435254,1,0.8185361111111111,0.3456,1.3222,0.9766,0.32277548066451683
2025-11-14,79006.17641222564,78762.93951491511,0.0,78762.93951491511,39592.901427398305,529.1802411913009,0.0,40122.081668589606,23088.8270569273,18701.949916111113,41790.77697303842,989.4933642635472,1232.7302615740753,0,0.6290784722222222,0.2419,1.1899,0.948,0.27751034219045945
2025-11-15,85095.84636755829,80542.71202589161,0.0,80542.71202589161,43333.09511753857,-1337.8508706318758,0.0,41995.244246906695,23822.59528978052,19296.302184722226,43118.897474502744,0.0,4553.134341666669,0,0.6287680555555555,0.2532,1.1995,0.9463,0.27237501967079064
2025-11-16,79114.29168540808,80722.35644463306,599.2834875000001,81321.63993213305,53096.31924636753,2224.0818010683242,2779.2089541243067,58099.610001560155,22902.647776971884,18551.14469934722,41453.792476319104,1687.338478669421,79.27371944444451,1,0.8205798611111111,0.3594,1.3416,0.9822,0.3315170404912722
2025-11-17,76182.71354477023,80765.75636644666,414.73434032921926,81180.49070677588,50751.41019154167,5540.809872756965,1472.4244052454796,57764.64446954412,24074.18233098422,19500.08768809722,43574.270019081436,5263.831881758746,680.7890600823067,1,0.815854861111111,0.3623,1.3437,0.9813999999999998,0.32490144420822725
2025-11-18,80245.17045408933,79840.18978889729,1142.2933759861148,80982.48316488341,54411.2797287994,302.52936001184344,4957.55997765163,59671.36906646288,22695.92622599451,18383.70024305555,41079.62646905006,615.4637028635113,1020.444368055556,1,0.8219124999999999,0.3257,1.3419,1.0162,0.3219927325946193
2025-11-19,79969.84418187584,82835.3378115475,485.1217958333335,83320.45960738084,54797.358275788254,4292.126798997582,1867.7906647187515,60957.275739504585,22698.12849981138,18385.48408484722,41083.6125846586,3672.7742426174545,807.2806129458179,1,0.8290138888888889,0.3761,1.3453,0.9692,0.3190651408610071
2025-11-20,80303.30113113941,81040.93707895251,640.6704388888902,81681.6075178414,53809.15446571764,1087.4613979364917,3026.015900649313,57922.63176430345,23784.74871963306,19265.646462902776,43050.39518253584,755.1821964242127,17.54624861111131,1,0.8211791666666666,0.3421,1.4244,1.0823,0.3280748305296877
2025-11-21,80798.34544754801,82130.8366436214,0.0,82130.8366436214,41142.7334416245,1387.117088711829,0.0,42529.85053033633,23810.46282235939,19286.474886111107,43096.9377084705,2327.3960830761375,994.9048870027484,0,0.6326340277777778,0.2524,1.1626,0.9102000000000001,0.27722275744406
2025-11-22,87771.64509598765,83331.08507289094,0.0,83331.08507289094,45475.323305667545,-1304.9605121595525,0.0,44170.36279350799,24400.944653446502,19764.765169291662,44165.709822738165,0.0,4440.5600230967075,0,0.636675,0.2376,1.1753,0.9377,0.2809146382058673
2025-11-23,80202.6259357529,81136.19017320884,620.7529349444458,81756.9431081533,54575.27235368697,1730.9573957149205,2527.022545116201,58833.25229451809,22196.440444958847,17979.116760416666,40175.55720537552,1415.082748326985,481.51851087105257,1,0.8264944444444444,0.3495,1.346,0.9965000000000002,0.32868889055563066
2025-11-24,79904.2237111111,79820.6701875,1004.7423740972245,80825.41256159723,53974.93548642805,26.2154684052093,3992.9671715404975,57994.11812637375,23944.207519444444,19394.808090749997,43339.015610194445,69.80049583333471,153.35401944444433,1,0.8210506944444445,0.3605,1.3475,0.9869999999999999,0.3255885843353814
2025-11-25,91023.73060409808,83868.29752916665,386.9655930555566,84255.26312222221,63287.62493231848,-3078.9496163877857,1462.0418351548658,61670.71715108556,23011.43036111111,18639.258592500002,41650.68895361111,0.0,7155.433074931416,1,0.8241243055555556,0.3452,1.3383,0.9931000000000001,0.32653172430666577
2025-11-26,86473.22848311043,84877.35281075686,401.31469444444537,85278.6675052013,59786.07093526666,-499.9591741002283,1809.993181094451,61096.104942260885,23910.75663556241,19367.712874805555,43278.46951036797,149.4012529722189,1745.2769253257907,1,0.8299340277777778,0.2983,1.3677,1.0694,0.33297725964295605
2025-11-27,83832.41735495541,83569.62949782236,394.6456064861108,83964.27510430847,57797.4068895529,-92.75795638093817,1853.5263993730684,59558.175332545026,22582.775168655695,18292.047886611115,40874.82305526681,22.25270694444464,285.0405640774975,1,0.8285638888888889,0.3187,1.3841,1.0654000000000001,0.32948317896937535
2025-11-28,84248.70686490792,83685.89581990741,0.0,83685.89581990741,43161.76588550389,-78.54059123771822,0.0,43083.22529426617,23297.606575462967,18871.061326125004,42168.66790158797,367.2498708333327,930.0609158338455,0,0.6340243055555557,0.2408,1.184,0.9431999999999999,0.2823403315362822
2025-11-29,94891.80987076473,88652.1352528978,0.0,88652.1352528978,50460.42525240281,-1882.9492944294584,0.0,48577.47595797335,27183.017995953363,22018.244576722223,49201.26257267559,144.69526253429433,6384.369880401233,0,0.6504381944444445,0.2736,1.1734,0.8997999999999999,0.2783888240584181
2025-11-30,86504.30646941013,87037.88631913238,544.457865263886,87582.34418439626,59900.8612677076,1502.652083213192,2645.204826185906,64048.718177106704,24714.68319994856,20018.893391958332,44733.576591906894,1144.674962222221,611.0951124999998,1,0.8395993055555555,0.3651,1.3886,1.0235,0.334024675256295
2025-12-01,89753.5447210048,85259.41430018861,6307.189290472217,91566.60359066083,66579.98459965432,-2152.413752753115,28697.146599714826,93124.71744661604,23873.24260435528,19337.32650952778,43210.56911388306,0.0,4494.1304208161855,1,0.9076055555555556,0.361,1.5873,1.2263,0.3752416017599302
2025-12-02,93373.8286531207,89344.75400536538,4815.0046555555555,94159.75866092094,70109.44120372942,-1799.9710881465603,21515.47289088611,89824.94300646898,25098.613148268178,20329.876650097227,45428.48979836541,0.0,4029.074647755317,1,0.9153138888888888,0.378,1.584,1.206,0.37467163857375596
2025-12-03,83740.66878849451,87644.29288491083,5046.8957319444435,92691.18861685527,61132.14334650284,5173.759104910955,22125.222051572913,88431.12450298671,25003.92731824417,20253.18112777778,45257.10844602195,3922.4600269718776,18.83593055555548,1,0.9120326388888889,0.3713,1.584,1.2127000000000001,0.37262216021316436
2025-12-04,91832.71703055553,87768.52625279491,4718.33068991667,92486.85694271157,68190.27404450832,-1933.0063012529845,20510.22837695114,86767.49612020647,24797.261423628253,20085.78175313889,44883.04317676714,0.0,4064.1907777606293,1,0.9050854166666666,0.3853,1.5836,1.1983,0.3773965875590495
2025-12-05,90652.89693014402,89898.71375956788,0.0,89898.71375956788,50878.37220070705,-219.25684315134066,0.0,50659.115357555704,25623.781296296293,20755.26285,46379.04414629629,38.93905694444436,793.1222275205778,0,0.7171770833333333,0.2354,1.4106,1.1752,0.3349816146942392
2025-12-06,93412.06393184155,91934.46297055896,0.0,91934.46297055896,53695.392010409254,-509.4538019416244,0.0,53185.93820846763,26795.243573336764,21704.147294402777,48499.39086773954,0.0,1477.6009612825733,0,0.7271965277777777,0.3005,1.4053,1.1048,0.32885831726621406
2025-12-07,94326.25027750342,88927.67927506943,4168.7252625,93096.40453756943,70718.13973745231,-2321.474518946609,16433.22513477639,84829.8903532821,25342.808881944442,20527.675194375006,45870.48407631945,132.06305423611144,5530.634056670098,1,0.9101083333333333,0.3908,1.6174,1.2266,0.37993820614161866
2025-12-08,94034.088290655,92135.90568144718,2613.967951406037,94749.87363285322,70588.68603173835,-752.0123344014407,10056.557687234712,79893.23138457163,24037.322724519887,19470.23140686111,43507.554131380995,51.12993194444414,1949.3125411522637,1,0.9085152777777777,0.3445,1.6698,1.3253,0.37178645254281023
2025-12-09,93577.88221267145,91191.78846018517,2357.751552777778,93549.54001296294,69242.5291695969,-911.9117236377571,9676.51675729028,78007.13420324941,24836.57532824074,20117.626015875,44954.20134411574,61.8182347222222,2447.911987208505,1,0.9057770833333332,0.3418,1.5404,1.1985999999999999,0.3850657809457781
2025-12-10,90635.49155522976,91171.73910009791,3035.262234722223,94207.00133482013,67789.82189650723,907.9754632935145,14274.769704783343,82972.56706458409,23416.878772445132,18967.671805680562,42384.550578125694,1120.7233554305535,584.4758105624131,1,0.9161590277777777,0.3834,1.6143,1.2309,0.3812254768821921
2025-12-11,94842.89515060013,91727.96373736282,1115.0617248749998,92843.02546223783,69506.14765680439,-1412.4421067587743,4563.748041677006,72657.45359172263,23922.404484585044,19377.147632513886,43299.55211709893,0.0,3114.9314132373124,1,0.8976340277777778,0.33,1.5835,1.2534999999999998,0.37968466049019517
2025-12-12,94535.64535185184,95209.90710960218,0.0,95209.90710960218,53905.254906106034,712.0548702570426,0.0,54617.30977636308,26469.95321376886,21440.662103152776,47910.615316921634,894.7802424725633,220.51848472222218,0,0.7237798611111111,0.2681,1.456,1.1879,0.3313161484434846
2025-12-13,95500.74256834705,95375.62422563441,2.8350000000000364,95378.45922563442,55292.43277772819,752.8073035574698,5.976180000000076,56051.216261285655,26412.10659293553,21393.806340277777,47805.91293321331,1130.240926577498,1255.35926929012,1,0.7296965277777777,0.3133,1.4166,1.1033,0.3301695585884611
2025-12-14,90572.13564063786,92327.36613566529,2489.285687777777,94816.65182344307,67096.68341825207,2210.1089933268827,13653.393964419856,82960.1863759988,25908.945452331965,20986.24581638889,46895.19126872085,1755.2304950274388,0.0,1,0.9207375000000001,0.3769,1.5687,1.1918,0.38672828511813906
2025-12-15,90529.91149823388,93326.2864836934,1901.2680966906728,95227.55458038408,67266.9924149541,3642.4034167038535,9565.782021517749,80475.1778531757,24039.326680384092,19471.854611111114,43511.1812914952,2796.3749854595394,0.0,1,0.9144402777777779,0.3509,1.5558,1.2049,0.3800798884078781
2025-12-16,96561.01530226336,95002.7120722222,920.6983916666668,95923.41046388887,72666.77231382107,-745.0697828210292,3698.033170273611,75619.73570127366,25417.405110802472,20588.09813975,46005.50325055247,0.0,1558.303230041153,1,0.9109138888888888,0.3715,1.5512,1.1797,0.37935356631949696
2025-12-17,97250.86365433811,93766.93311740397,984.4167361111118,94751.34985351509,73338.98204753279,-1637.8779654085056,4126.802164259032,75827.90624638331,23935.8243771262,19388.01774547222,43323.84212259842,0.0,3483.9305369341555,1,0.9088097222222221,0.3507,1.5634,1.2127,0.37358697156371107
2025-12-18,92826.86387916666,93100.70749744511,970.8257625000001,94071.5332599451,68758.28222340054,591.1751456386742,3871.9222791923594,73221.37964823157,24066.64207522291,19493.98008093056,43560.62215615347,480.9519138888889,207.1082956104227,1,0.9094777777777777,0.3508,1.5699,1.2191,0.38256181189820754
2025-12-19,93662.37999245542,94932.87149017489,0.0,94932.87149017489,53585.50996129519,1267.7023539373674,0.0,54853.21231523256,26966.204109619342,21842.62532879167,48808.82943841101,1657.2425970850484,386.7510993655694,0,0.7250944444444445,0.2621,1.394,1.1319,0.33028559753849096
2025-12-20,96269.98804562757,95059.43296814128,0.0,95059.43296814128,54763.064486856325,-414.4633455416797,0.0,54348.60114131465,26505.42721536351,21469.39604444445,47974.82325980796,0.0,1210.555077486283,0,0.7189708333333333,0.2632,1.3841,1.1209000000000002,0.32679912851674736
2025-12-21,95616.18876068242,94807.11142040466,1287.4449361111108,96094.55635651576,71384.85372647173,-117.43437742291678,5561.423305966664,76828.84265501547,25055.24454056927,20294.748077861106,45349.99261843038,271.2299277777779,1080.3072680555556,1,0.9100763888888888,0.3905,1.5659,1.1754,0.3782502353649321
2025-12-22,93572.46653573388,94093.85769152555,1188.325919067218,95282.18361059277,70672.21077540464,692.4504087755546,4992.293146997132,76356.95433117733,24200.905874245545,19602.73375813889,43803.63963238444,592.540726625001,71.14957083333366,1,0.9192854166666665,0.3709,1.5876,1.2167,0.3790068626556835
2025-12-23,96797.14629089506,94468.92882560338,681.8005513888876,95150.72937699227,72330.14243157694,-1023.352013538276,2986.245168445827,74293.03558648449,26749.94922700617,21667.458873875,48417.40810088117,38.599012500000185,2366.816477791671,1,0.9126888888888889,0.3848,1.5836,1.1987999999999999,0.37581915865936383
2025-12-24,95428.83260833334,94981.68359305555,505.8418513888877,95487.52544444444,71362.88264163764,-221.0788781090977,1943.2895265666605,73085.0932900952,24624.74039266118,19946.03971805556,44570.78011071674,1.4672541666666348,448.61626944444527,1,0.9082652777777778,0.3591,1.547,1.1879,0.3802344748674173
2025-12-25,92770.54048055556,94213.80183333333,1215.2637388888884,95429.06557222221,68226.40454843611,1979.2720694213112,5579.59492237361,75785.27154023103,26706.47916666666,21632.248125000002,48338.72729166666,1483.9192916666611,40.657938888889134,1,0.9102520833333334,0.2502,1.6252,1.375,0.38019209343741805
2025-12-26,95173.80288878601,95385.89388794581,0.0,95385.89388794581,54040.5296053652,582.717985024378,0.0,54623.247590389576,26279.591846279152,21286.469395486114,47566.06124176527,470.5794277777771,258.4884286179688,0,0.7237750000000001,0.278,1.4434,1.1654,0.33096221261732517
2025-12-27,97544.79005257202,97155.34900555556,0.0,97155.34900555556,54760.94367553592,226.17178081801364,0.0,54987.11545635393,30061.09101805556,24349.483724625003,54410.57474268056,329.2853722222209,718.7264192386803,0,0.7212277777777778,0.2681,1.4076,1.1395,0.33682807546705407
2025-12-28,95182.19023058984,94097.97100761111,440.6918013888892,94538.662809,70668.92402369172,-562.1017353536516,1848.2274289361135,71955.04971727419,23819.255969444443,19293.597335249997,43112.853304694436,0.0,1084.2192229787372,1,0.9058916666666667,0.3477,1.5651,1.2174,0.38134904624168714
2025-12-29,94408.79441244857,95339.58972849793,462.0322583333336,95801.62198683126,69557.73935997975,1372.1038615371467,2051.998918448611,72981.8421399655,24839.03818127572,20119.620926833333,44958.65910810905,1073.638395216045,142.84307916666637,1,0.90653125,0.3684,1.5396,1.1712,0.37380865862035434
2025-12-30,95725.47754482165,93264.62454665637,669.931941666665,93934.55648832304,70216.57251012567,-897.2563190075318,3466.281776220826,72785.59796733897,24829.946517489712,20112.256679166665,44942.20319665638,159.14078611111194,2619.9937842764075,1,0.9004583333333334,0.3684,1.5554,1.1869999999999998,0.3786677245620492
2025-12-31,97604.36369782235,96549.99603254459,516.1088388528806,97066.10487139746,72952.34552778635,-376.12549136493107,2009.1404949336888,74585.36053135511,24362.92492986968,19733.96919319444,44096.89412306412,0.0,1054.3676652777795,1,0.9102437499999999,0.3518,1.5632,1.2113999999999998,0.38111125448387223
