policy,date,initial_plan_kwh,executed_adjusted_kwh,emergency_kwh,actual_grid_energy_kwh,plan_cost,adjustment_cost,emergency_cost,total_cost,up_adjust_kwh,down_adjust_kwh
0,2025-02-01,60775.4398053866,60775.4398053866,0.0,60775.4398053866,34221.86316844639,0.0,0.0,34221.86316844639,0.0,0.0
0,2025-02-02,90616.31406086122,90616.31406086122,103.85796022013903,90720.17202108135,56954.86327755812,0.0,532.6119770477318,57487.47525460585,0.0,0.0
0,2025-02-03,94367.68295613486,94367.68295613486,76.70599834088739,94444.38895447574,59554.249536108946,0.0,277.43310462523857,59831.68264073419,0.0,0.0
0,2025-02-04,96625.33468757314,96625.33468757314,96.54111202998502,96721.87579960312,61678.987344691486,0.0,206.01837403801673,61885.0057187295,0.0,0.0
0,2025-02-05,91926.46472685086,91926.46472685086,265.6005258521318,92192.06525270299,58372.10649571552,0.0,657.7469788763002,59029.853474591815,0.0,0.0
0,2025-02-06,98594.35972529966,98594.35972529966,27.41468356081043,98621.77440886047,63144.42190974785,0.0,58.649320179169116,63203.071229927016,0.0,0.0
0,2025-02-07,61428.95743155162,61428.95743155162,0.0,61428.95743155162,34802.32515884903,0.0,0.0,34802.32515884903,0.0,0.0
0,2025-02-08,49434.834051502825,49434.834051502825,6.831232927003384,49441.66528442983,26941.03884774468,0.0,19.407532745616617,26960.446380490295,0.0,0.0
0,2025-02-09,86340.69850481907,86340.69850481907,1035.5479405021188,87376.24644532119,53862.55888904544,0.0,4004.1689784324117,57866.72786747785,0.0,0.0
0,2025-02-10,84599.09238360911,84599.09238360911,177.00175413779243,84776.0941377469,52809.06523855729,0.0,614.5625301492136,53423.6277687065,0.0,0.0
0,2025-02-11,86136.30657064392,86136.30657064392,378.25712654552206,86514.56369718944,54233.51467663057,0.0,879.7453447665987,55113.26002139717,0.0,0.0
0,2025-02-12,87622.03751379589,87622.03751379589,101.82749006045849,87723.86500385635,55100.369947672916,0.0,405.41271289776137,55505.78266057068,0.0,0.0
0,2025-02-13,82885.11571783133,82885.11571783133,100.12441674708339,82985.24013457842,51627.18787836937,0.0,225.84554267788474,51853.03342104725,0.0,0.0
0,2025-02-14,53064.593207573744,53064.593207573744,0.0,53064.593207573744,29236.394464637437,0.0,0.0,29236.394464637437,0.0,0.0
0,2025-02-15,50146.84780666194,50146.84780666194,0.0,50146.84780666194,27358.582349626366,0.0,0.0,27358.582349626366,0.0,0.0
0,2025-02-16,82700.67031604132,82700.67031604132,1036.6298209000925,83737.30013694141,51249.85901180208,0.0,4049.0866230159213,55298.945634818,0.0,0.0
0,2025-02-17,83879.98135842728,83879.98135842728,414.9206613187808,84294.90201974606,51801.18977417722,0.0,1433.6561223364267,53234.845896513645,0.0,0.0
0,2025-02-18,76440.87028607947,76440.87028607947,1821.464643958266,78262.33493003774,47371.05825579073,0.0,6137.10300712489,53508.16126291562,0.0,0.0
0,2025-02-19,78320.66305155348,78320.66305155348,708.7523879527014,79029.41543950618,48638.117908688306,0.0,1976.0431141992672,50614.16102288757,0.0,0.0
0,2025-02-20,82210.99046438024,82210.99046438024,140.12296936994085,82351.11343375019,50805.60525063781,0.0,516.7330116520404,51322.33826228985,0.0,0.0
0,2025-02-21,49195.27969699985,49195.27969699985,0.0,49195.27969699985,26863.1535564823,0.0,0.0,26863.1535564823,0.0,0.0
0,2025-02-22,46936.73435908945,46936.73435908945,42.397602535746955,46979.1319616252,25603.05733457162,0.0,90.64607422142699,25693.703408793044,0.0,0.0
0,2025-02-23,75624.55437390725,75624.55437390725,2397.008572028048,78021.5629459353,46018.354640704565,0.0,9208.680487399857,55227.03512810442,0.0,0.0
0,2025-02-24,74726.2771575491,74726.2771575491,422.8551435328678,75149.13230108198,46221.66419902035,0.0,1521.8343772795165,47743.49857629987,0.0,0.0
0,2025-02-25,79107.35081659639,79107.35081659639,340.40428635115074,79447.75510294754,48679.106733305816,0.0,946.7704758875203,49625.877209193335,0.0,0.0
0,2025-02-26,73181.78473616214,73181.78473616214,1468.230458327757,74650.0151944899,44741.36641214122,0.0,4709.536032331123,49450.90244447235,0.0,0.0
0,2025-02-27,75315.63347431904,75315.63347431904,338.1001621076276,75653.73363642667,46392.505484345675,0.0,1181.3488494596195,47573.85433380529,0.0,0.0
0,2025-02-28,44891.49460308283,44891.49460308283,0.0,44891.49460308283,24941.135674994573,0.0,0.0,24941.135674994573,0.0,0.0
0,2025-03-01,51453.48171655876,51453.48171655876,5.684341886080802e-14,51453.48171655876,27824.893393645183,0.0,1.4281908988778012e-13,27824.893393645183,0.0,0.0
0,2025-03-02,79131.29876902138,79131.29876902138,892.1719989595107,80023.47076798089,48529.10135505311,0.0,3415.0547114325564,51944.156066485666,0.0,0.0
0,2025-03-03,82842.98351427677,82842.98351427677,1186.8078426300917,84029.79135690686,51093.986150533885,0.0,4516.074854306093,55610.061004839976,0.0,0.0
0,2025-03-04,75138.35534756836,75138.35534756836,1735.1903956907806,76873.54574325914,46261.54634959895,0.0,4956.033111009225,51217.579460608176,0.0,0.0
0,2025-03-05,80386.68376950361,80386.68376950361,54.83206255836899,80441.51583206198,49633.96517198524,0.0,123.90348675331128,49757.86865873855,0.0,0.0
0,2025-03-06,75356.22084205417,75356.22084205417,107.71027699428657,75463.93111904846,46260.38894814418,0.0,377.3746007514507,46637.76354889563,0.0,0.0
0,2025-03-07,49432.96975377563,49432.96975377563,0.0,49432.96975377563,27557.63526502577,0.0,0.0,27557.63526502577,0.0,0.0
0,2025-03-08,39457.54715677866,39457.54715677866,0.0,39457.54715677866,21920.01042315495,0.0,0.0,21920.01042315495,0.0,0.0
0,2025-03-09,73557.47870248424,73557.47870248424,774.5124447498513,74331.99114723409,44369.7571337393,0.0,2853.4950345309117,47223.25216827021,0.0,0.0
0,2025-03-10,72068.79031076506,72068.79031076506,1687.1449746086373,73755.93528537371,43420.04443474075,0.0,6446.106434846506,49866.150869587254,0.0,0.0
0,2025-03-11,66117.50836996958,66117.50836996958,3829.574564862945,69947.08293483252,40391.683871319205,0.0,10449.869525409948,50841.553396729156,0.0,0.0
0,2025-03-12,76810.3559726864,76810.3559726864,265.15035111163184,77075.50632379804,47133.76607783251,0.0,690.7749638023598,47824.54104163487,0.0,0.0
0,2025-03-13,77054.23100501896,77054.23100501896,655.3205585027346,77709.55156352169,47121.81271267545,0.0,2071.6914245831977,49193.50413725864,0.0,0.0
0,2025-03-14,41247.4078787918,41247.4078787918,0.0,41247.4078787918,23074.210661554458,0.0,0.0,23074.210661554458,0.0,0.0
0,2025-03-15,41653.15640362384,41653.15640362384,52.65799457351329,41705.814398197355,22409.510124781074,0.0,112.52409976225476,22522.034224543328,0.0,0.0
0,2025-03-16,68768.8280740242,68768.8280740242,1543.6632676911374,70312.49134171534,41743.40454003137,0.0,4650.253439650306,46393.65797968167,0.0,0.0
0,2025-03-17,67087.71808780098,67087.71808780098,1065.676937538114,68153.3950253391,39866.69408015713,0.0,3987.3497817697507,43854.04386192688,0.0,0.0
0,2025-03-18,77310.50468895322,77310.50468895322,114.70201485100552,77425.20670380423,47439.4626714622,0.0,285.04490981951494,47724.507581281716,0.0,0.0
0,2025-03-19,64531.994646522115,64531.994646522115,1670.8358187552803,66202.8304652774,39387.55728122582,0.0,4694.372402790215,44081.92968401603,0.0,0.0
0,2025-03-20,73832.04950476668,73832.04950476668,631.8903959104736,74463.93990067716,45372.24383879981,0.0,1488.4849274961389,46860.72876629595,0.0,0.0
0,2025-03-21,39899.89995869213,39899.89995869213,0.0,39899.89995869213,22448.041512315656,0.0,0.0,22448.041512315656,0.0,0.0
0,2025-03-22,39622.305296217106,39622.305296217106,13.477208140217499,39635.782504357325,21962.93024398051,0.0,28.814271003785013,21991.744514984297,0.0,0.0
0,2025-03-23,70100.27247355877,70100.27247355877,824.1320247965195,70924.40449835529,42300.182384769796,0.0,3130.4722517273667,45430.654636497165,0.0,0.0
0,2025-03-24,67747.26937784991,67747.26937784991,587.6220710722658,68334.89144892218,40688.54649500365,0.0,1859.642421539013,42548.18891654266,0.0,0.0
0,2025-03-25,75857.66704079992,75857.66704079992,389.20352979515883,76246.87057059509,46108.628894428315,0.0,969.6564233736118,47078.28531780193,0.0,0.0
0,2025-03-26,67103.88277461681,67103.88277461681,218.23110811036815,67322.11388272718,40678.285361641654,0.0,482.517661858886,41160.80302350054,0.0,0.0
0,2025-03-27,71176.6807909442,71176.6807909442,224.968864113088,71401.64965505729,43491.56000061828,0.0,489.22057120788844,43980.780571826166,0.0,0.0
0,2025-03-28,40221.16014698924,40221.16014698924,0.0,40221.16014698924,22128.824634840697,0.0,0.0,22128.824634840697,0.0,0.0
0,2025-03-29,36081.39407984365,36081.39407984365,2.7624990039485056,36084.1565788476,19570.79988779134,0.0,11.424314630829043,19582.22420242217,0.0,0.0
0,2025-03-30,64418.99702240604,64418.99702240604,1515.419654459403,65934.41667686544,38085.89156851171,0.0,5060.5888144261735,43146.48038293788,0.0,0.0
0,2025-03-31,58189.61866104347,58189.61866104347,4196.153495644319,62385.77215668779,35101.942291290165,0.0,11999.396598090327,47101.338889380495,0.0,0.0
0,2025-04-01,72603.82893279697,72603.82893279697,745.8450118286138,73349.67394462558,43105.4507170811,0.0,2320.183278412137,45425.633995493234,0.0,0.0
0,2025-04-02,70497.37327005627,70497.37327005627,415.0830743970839,70912.45634445336,42255.229097391195,0.0,1458.0147728101529,43713.243870201346,0.0,0.0
0,2025-04-03,71756.97581421041,71756.97581421041,111.9354601234379,71868.91127433385,43905.77409289214,0.0,266.2577660996278,44172.031858991766,0.0,0.0
0,2025-04-04,37669.62551306215,37669.62551306215,0.0,37669.62551306215,20736.3604411579,0.0,0.0,20736.3604411579,0.0,0.0
0,2025-04-05,34971.29652596393,34971.29652596393,33.474926757413485,35004.77145272135,18974.78349918001,0.0,122.31738237158888,19097.100881551596,0.0,0.0
0,2025-04-06,63389.2197512622,63389.2197512622,994.2987744217297,64383.51852568393,37052.34046020877,0.0,4351.893657130533,41404.2341173393,0.0,0.0
0,2025-04-07,58706.19407796519,58706.19407796519,2523.197108298733,61229.39118626392,34626.77762947776,0.0,8125.789354173383,42752.56698365114,0.0,0.0
0,2025-04-08,67939.87603838721,67939.87603838721,213.70603474164614,68153.58207312885,40876.14760734256,0.0,967.419428314266,41843.56703565682,0.0,0.0
0,2025-04-09,67571.72350908344,67571.72350908344,1056.7579108829182,68628.48141996637,40497.54729927707,0.0,2763.7764922126344,43261.3237914897,0.0,0.0
0,2025-04-10,66790.04199708797,66790.04199708797,70.66998992681499,66860.71198701479,40600.83722172999,0.0,158.92765718136934,40759.76487891136,0.0,0.0
0,2025-04-11,35222.826976252414,35222.826976252414,0.0,35222.826976252414,19269.264180398735,0.0,0.0,19269.264180398735,0.0,0.0
0,2025-04-12,36941.77952339982,36941.77952339982,1.7860785095444953,36943.565601909366,20448.59808000512,0.0,3.8186358534061307,20452.416715858526,0.0,0.0
0,2025-04-13,59172.07543239238,59172.07543239238,1392.4014893593856,60564.47692175177,34855.688030365134,0.0,5023.299184341033,39878.98721470617,0.0,0.0
0,2025-04-14,65241.04997667586,65241.04997667586,539.6427982259188,65780.69277490178,39042.518387894255,0.0,1593.9098519611043,40636.42823985536,0.0,0.0
0,2025-04-15,57345.93527371963,57345.93527371963,1073.6566556419534,58419.59192936159,34005.76059473092,0.0,4234.156188513576,38239.916783244495,0.0,0.0
0,2025-04-16,65238.63989042938,65238.63989042938,263.15136299966724,65501.79125342905,38303.10672471592,0.0,914.8158096339466,39217.92253434987,0.0,0.0
0,2025-04-17,59375.402131601826,59375.402131601826,1340.9302358188652,60716.33236742069,36077.62562343231,0.0,3067.7423335459953,39145.367956978305,0.0,0.0
0,2025-04-18,35529.6325126463,35529.6325126463,0.0,35529.6325126463,19533.245465437903,0.0,0.0,19533.245465437903,0.0,0.0
0,2025-04-19,33690.08077576627,33690.08077576627,4.579907782160603,33694.66068354843,17809.601197273638,0.0,9.79184283825937,17819.393040111896,0.0,0.0
0,2025-04-20,56227.348405762415,56227.348405762415,2077.6911074925697,58305.03951325498,33365.69590461731,0.0,6216.803453625067,39582.49935824238,0.0,0.0
0,2025-04-21,62213.15030217559,62213.15030217559,469.89129059171523,62683.04159276731,36711.31161477312,0.0,1273.4729836888368,37984.784598461956,0.0,0.0
0,2025-04-22,56595.128757725804,56595.128757725804,2502.585638824074,59097.714396549876,33623.19508659303,0.0,7062.993384688652,40686.18847128168,0.0,0.0
0,2025-04-23,56607.36133322568,56607.36133322568,1599.307745351291,58206.66907857697,33474.4062968998,0.0,4445.971429358183,37920.37772625798,0.0,0.0
0,2025-04-24,59581.12228760252,59581.12228760252,98.89714801220447,59680.019435614726,35271.17096285787,0.0,387.37415122379775,35658.545114081666,0.0,0.0
0,2025-04-25,35097.952595468996,35097.952595468996,0.0,35097.952595468996,19341.1299188335,0.0,0.0,19341.1299188335,0.0,0.0
0,2025-04-26,33124.72880291242,33124.72880291242,0.0,33124.72880291242,17826.91203630894,0.0,0.0,17826.91203630894,0.0,0.0
0,2025-04-27,53429.282679944416,53429.282679944416,2269.605976028472,55698.888655972885,31616.953993118856,0.0,7895.683727121897,39512.63772024075,0.0,0.0
0,2025-04-28,66847.23166685528,66847.23166685528,266.59279678989685,67113.82446364517,39126.49148840251,0.0,876.6038178036416,40003.09530620615,0.0,0.0
0,2025-04-29,59097.41575988631,59097.41575988631,429.83275085897964,59527.24851074529,34944.19775557444,0.0,1774.9042070924986,36719.10196266694,0.0,0.0
0,2025-04-30,56999.78189335465,56999.78189335465,419.13456639674905,57418.9164597514,34093.24193244737,0.0,920.6438004894967,35013.88573293686,0.0,0.0
0,2025-05-01,59877.466020135056,59877.466020135056,2007.6524594353261,61885.11847957038,35907.1490946713,0.0,9149.102628094752,45056.25172276606,0.0,0.0
0,2025-05-02,39523.3458641334,39523.3458641334,24.846645862130515,39548.19250999553,22105.338518518183,0.0,52.862958319326104,22158.20147683751,0.0,0.0
0,2025-05-03,34897.89628367593,34897.89628367593,29.6972943239183,34927.59357799985,19067.964704616017,0.0,63.51548860006068,19131.480193216077,0.0,0.0
0,2025-05-04,60219.503956307104,60219.503956307104,2347.357573596175,62566.86152990328,35540.09638330963,0.0,10319.266505554817,45859.362888864445,0.0,0.0
0,2025-05-05,62774.678030440016,62774.678030440016,1097.735008703511,63872.413039143525,38016.70907443664,0.0,4511.625661528607,42528.334735965254,0.0,0.0
0,2025-05-06,56430.76099213784,56430.76099213784,2565.7519819255376,58996.51297406338,34055.34735321185,0.0,8263.755176646715,42319.10252985857,0.0,0.0
0,2025-05-07,61844.10582570984,61844.10582570984,871.1613394370108,62715.267165146855,37626.59227359363,0.0,3320.257059042944,40946.84933263658,0.0,0.0
0,2025-05-08,69114.51163102695,69114.51163102695,329.3548884953551,69443.8665195223,41222.27610972659,0.0,1261.5026079187728,42483.778717645364,0.0,0.0
0,2025-05-09,40091.606684134575,40091.606684134575,0.0,40091.606684134575,22625.42792326795,0.0,0.0,22625.42792326795,0.0,0.0
0,2025-05-10,36304.0431388617,36304.0431388617,17.840596056819773,36321.88373491852,20194.555952299557,0.0,75.99201890402382,20270.54797120358,0.0,0.0
0,2025-05-11,62127.87983169684,62127.87983169684,1547.5695796701216,63675.44941136696,36740.92105550162,0.0,6593.861540637041,43334.782596138655,0.0,0.0
0,2025-05-12,56606.33501344992,56606.33501344992,1736.6652979953517,58343.00031144527,34242.451664970315,0.0,6702.207861760701,40944.65952673102,0.0,0.0
0,2025-05-13,67588.4781733001,67588.4781733001,141.40771939638756,67729.88589269649,40356.46521605936,0.0,533.2718994768617,40889.73711553622,0.0,0.0
0,2025-05-14,66575.77241110962,66575.77241110962,138.54323035594388,66714.31564146557,40701.97992721766,0.0,300.44776075498964,41002.42768797265,0.0,0.0
0,2025-05-15,65658.71884078428,65658.71884078428,286.8603581582294,65945.5791989425,41133.81152309512,0.0,634.8973730389453,41768.70889613407,0.0,0.0
0,2025-05-16,37489.99668644785,37489.99668644785,0.0,37489.99668644785,22101.398358531234,0.0,0.0,22101.398358531234,0.0,0.0
0,2025-05-17,35903.47213240203,35903.47213240203,9.760510248608739,35913.23264265064,20701.489611767414,0.0,21.11922697587612,20722.60883874329,0.0,0.0
0,2025-05-18,65843.002209312,65843.002209312,434.9804862439247,66277.98269555593,39325.43434920563,0.0,973.2292509052932,40298.66360011092,0.0,0.0
0,2025-05-19,61125.37556807228,61125.37556807228,171.97224387945408,61297.34781195174,36657.71481591703,0.0,895.6030346983935,37553.31785061542,0.0,0.0
0,2025-05-20,61537.364314601306,61537.364314601306,1665.5443484151,63202.90866301641,37233.95778579105,0.0,5522.633087670693,42756.59087346174,0.0,0.0
0,2025-05-21,59251.29764770234,59251.29764770234,706.967790389106,59958.26543809145,36360.97810602911,0.0,2478.871785453237,38839.84989148235,0.0,0.0
0,2025-05-22,62381.7396312793,62381.7396312793,124.55806078025097,62506.29769205955,38544.08596250358,0.0,368.7752796701183,38912.8612421737,0.0,0.0
0,2025-05-23,36367.110172185996,36367.110172185996,0.0,36367.110172185996,20854.66542023989,0.0,0.0,20854.66542023989,0.0,0.0
0,2025-05-24,35268.40799213657,35268.40799213657,0.0,35268.40799213657,20328.80277534718,0.0,0.0,20328.80277534718,0.0,0.0
0,2025-05-25,59107.00554778174,59107.00554778174,502.83001193025814,59609.835559711995,35448.39706751643,0.0,1910.1925370321992,37358.58960454863,0.0,0.0
0,2025-05-26,58673.07336912934,58673.07336912934,2078.859012086174,60751.93238121552,35922.90679894209,0.0,4962.182508793723,40885.08930773581,0.0,0.0
0,2025-05-27,57906.68642541312,57906.68642541312,241.80104037280194,58148.487465785925,35618.955849880775,0.0,522.3798089676447,36141.33565884842,0.0,0.0
0,2025-05-28,66484.44965191098,66484.44965191098,224.3047425472521,66708.75439445823,39830.14385288481,0.0,717.9020199266511,40548.04587281146,0.0,0.0
0,2025-05-29,65593.08498209508,65593.08498209508,330.32922589139,65923.41420798647,39466.43720387464,0.0,1149.2026866677443,40615.639890542385,0.0,0.0
0,2025-05-30,38245.379572152175,38245.379572152175,13.458559991347954,38258.83813214352,22189.92240251993,0.0,29.292555821168822,22219.214958341097,0.0,0.0
0,2025-05-31,38876.262674154554,38876.262674154554,125.92390583471837,39002.18657998927,22626.63435077672,0.0,269.20982892340066,22895.84417970012,0.0,0.0
0,2025-06-01,75408.21674120649,75408.21674120649,4615.755795269666,80023.97253647615,45559.90019974833,0.0,17317.44794392772,62877.34814367605,0.0,0.0
0,2025-06-02,80195.4511073154,80195.4511073154,3718.6698611269203,83914.12096844232,49544.61919663017,0.0,13450.507928061365,62995.127124691535,0.0,0.0
0,2025-06-03,75965.2667482036,75965.2667482036,2615.1057235759204,78580.37247177953,46901.09206244377,0.0,9638.550175254924,56539.642237698696,0.0,0.0
0,2025-06-04,88218.97167994062,88218.97167994062,1301.0929386111482,89520.06461855177,55326.86887533506,0.0,3511.0931514930567,58837.962026828114,0.0,0.0
0,2025-06-05,78148.59477952812,78148.59477952812,1639.0323515961975,79787.62713112432,47893.27035323024,0.0,6481.486971477153,54374.757324707396,0.0,0.0
0,2025-06-06,54020.18922609267,54020.18922609267,5.917550048132284,54026.1067761408,31832.877235063246,0.0,12.678350978123419,31845.55558604137,0.0,0.0
0,2025-06-07,55699.14035458544,55699.14035458544,0.0,55699.14035458544,31368.044762424164,0.0,0.0,31368.044762424164,0.0,0.0
0,2025-06-08,73842.84432959612,73842.84432959612,2533.3204090132904,76376.16473860941,45195.27219298552,0.0,8770.486437106865,53965.75863009239,0.0,0.0
0,2025-06-09,84366.96835845716,84366.96835845716,592.334044291702,84959.30240274886,53095.34963757314,0.0,1865.745614941659,54961.0952525148,0.0,0.0
0,2025-06-10,80006.70978871282,80006.70978871282,416.4180934161287,80423.12788212895,49785.803027468166,0.0,1000.8765567541716,50786.67958422234,0.0,0.0
0,2025-06-11,86023.32796062058,86023.32796062058,928.6654072816264,86951.9933679022,54816.96465882364,0.0,2733.692903635205,57550.657562458844,0.0,0.0
0,2025-06-12,85246.65083288943,85246.65083288943,126.96959127625166,85373.62042416568,53903.87621719041,0.0,323.75581256378916,54227.6320297542,0.0,0.0
0,2025-06-13,53267.71435657119,53267.71435657119,0.0,53267.71435657119,31255.65016850418,0.0,0.0,31255.65016850418,0.0,0.0
0,2025-06-14,50710.245220842495,50710.245220842495,19.799746937604255,50730.0449677801,29645.751035499023,0.0,41.98536338118982,29687.736398880214,0.0,0.0
0,2025-06-15,76114.11257750593,76114.11257750593,3408.0871439478396,79522.19972145377,47418.001147832816,0.0,9584.550158258346,57002.55130609116,0.0,0.0
0,2025-06-16,81352.05072137062,81352.05072137062,859.0396853270001,82211.09040669762,50817.22521188597,0.0,2448.612471493375,53265.837683379345,0.0,0.0
0,2025-06-17,84781.72442913993,84781.72442913993,243.97993152187834,85025.70436066181,53057.9637573818,0.0,903.8063636869078,53961.77012106871,0.0,0.0
0,2025-06-18,85990.87783074784,85990.87783074784,237.12743150029684,86228.00526224813,53819.52698919268,0.0,858.1503803863153,54677.677369578996,0.0,0.0
0,2025-06-19,82199.4130854642,82199.4130854642,672.4626411744619,82871.87572663867,51368.50389414988,0.0,2611.787658369537,53980.29155251942,0.0,0.0
0,2025-06-20,52230.2043425456,52230.2043425456,0.0,52230.2043425456,31098.759676720685,0.0,0.0,31098.759676720685,0.0,0.0
0,2025-06-21,44536.65655798801,44536.65655798801,0.0,44536.65655798801,26727.822916172558,0.0,0.0,26727.822916172558,0.0,0.0
0,2025-06-22,76272.39082358082,76272.39082358082,1340.147561184202,77612.53838476502,46528.02276171635,0.0,5046.169749771744,51574.192511488094,0.0,0.0
0,2025-06-23,78379.19191627127,78379.19191627127,801.0094739267695,79180.20139019804,49277.24098625047,0.0,2108.494895308696,51385.735881559165,0.0,0.0
0,2025-06-24,90940.56529644315,90940.56529644315,110.5082692524793,91051.07356569562,57814.99380177265,0.0,243.02462273297846,58058.01842450563,0.0,0.0
0,2025-06-25,82143.9204742276,82143.9204742276,877.8571311635454,83021.77760539115,50836.60166159742,0.0,3309.3296225111017,54145.93128410853,0.0,0.0
0,2025-06-26,79389.287467329,79389.287467329,907.5908259345248,80296.87829326354,50068.666992395956,0.0,2454.2844139629024,52522.95140635886,0.0,0.0
0,2025-06-27,50256.760849174956,50256.760849174956,0.0,50256.760849174956,30283.13681245091,0.0,0.0,30283.13681245091,0.0,0.0
0,2025-06-28,46129.74212026107,46129.74212026107,30.431671971801563,46160.173792232876,27530.717767429847,0.0,65.90582784332398,27596.62359527317,0.0,0.0
0,2025-06-29,73512.06296332032,73512.06296332032,3169.5524803870003,76681.61544370733,44904.82511094086,0.0,11044.117302062892,55948.94241300375,0.0,0.0
0,2025-06-30,81674.82378698328,81674.82378698328,332.0382654702208,82006.8620524535,50900.02575896806,0.0,1186.7295432385163,52086.75530220658,0.0,0.0
0,2025-07-01,73461.819800222,73461.819800222,10313.712822891663,83775.53262311366,45276.42934010321,0.0,34949.53193670954,80225.96127681276,0.0,0.0
0,2025-07-02,74115.81585613012,74115.81585613012,4328.617998814867,78444.43385494499,46256.53283838005,0.0,13993.203225334319,60249.73606371437,0.0,0.0
0,2025-07-03,84771.44420866974,84771.44420866974,3031.2808870472722,87802.725095717,53223.67226296518,0.0,10169.282277395585,63392.95454036076,0.0,0.0
0,2025-07-04,48250.39715149799,48250.39715149799,123.28519825378612,48373.682349751776,29266.5154709111,0.0,304.2365627895536,29570.752033700654,0.0,0.0
0,2025-07-05,47146.63425425171,47146.63425425171,212.34753270572122,47358.98178695743,28428.234517258945,0.0,514.6856102342626,28942.920127493206,0.0,0.0
0,2025-07-06,76486.45699406511,76486.45699406511,8753.020224490585,85239.4772185557,48224.09185835501,0.0,28046.30020176361,76270.39206011861,0.0,0.0
0,2025-07-07,80775.20962851855,80775.20962851855,1597.6573535390535,82372.8669820576,50400.001103320494,0.0,5146.858507823539,55546.859611144035,0.0,0.0
0,2025-07-08,91920.56517584599,91920.56517584599,119.3064511182613,92039.87162696425,58373.68778529905,0.0,435.58187666885374,58809.269661967905,0.0,0.0
0,2025-07-09,92005.98930394425,92005.98930394425,214.40947370625247,92220.39877765051,57951.0892426801,0.0,1169.453949967142,59120.543192647245,0.0,0.0
0,2025-07-10,85309.97346691799,85309.97346691799,163.15777913015654,85473.13124604814,53976.98716764028,0.0,420.19591024790253,54397.183077888185,0.0,0.0
0,2025-07-11,61415.81067907124,61415.81067907124,0.0,61415.81067907124,36978.9360991183,0.0,0.0,36978.9360991183,0.0,0.0
0,2025-07-12,51548.30541957445,51548.30541957445,0.0,51548.30541957445,31466.68875465031,0.0,0.0,31466.68875465031,0.0,0.0
0,2025-07-13,86250.02428302474,86250.02428302474,177.45499435928696,86427.47927738403,55028.37188134616,0.0,846.7157571830153,55875.08763852918,0.0,0.0
0,2025-07-14,82179.64803582834,82179.64803582834,974.4700912272021,83154.11812705555,50964.689855694116,0.0,4597.221432202716,55561.91128789683,0.0,0.0
0,2025-07-15,90131.86896958962,90131.86896958962,48.33025664348088,90180.1992262331,56690.978530804,0.0,127.19730231904956,56818.17583312305,0.0,0.0
0,2025-07-16,86941.46741949952,86941.46741949952,489.4248784965274,87430.89229799605,55664.63354461665,0.0,1148.6587361578931,56813.29228077454,0.0,0.0
0,2025-07-17,85853.77835559749,85853.77835559749,826.3685381708428,86680.14689376834,54460.26316901005,0.0,3073.7849931361643,57534.04816214622,0.0,0.0
0,2025-07-18,63644.87932997047,63644.87932997047,0.0,63644.87932997047,39006.37882282004,0.0,0.0,39006.37882282004,0.0,0.0
0,2025-07-19,58412.82178639296,58412.82178639296,35.551867300603476,58448.37365369356,36255.48811265708,0.0,76.00989228869022,36331.49800494577,0.0,0.0
0,2025-07-20,86129.81179611568,86129.81179611568,265.1250370944801,86394.93683321016,53707.492548938724,0.0,1203.3860629000185,54910.87861183874,0.0,0.0
0,2025-07-21,88054.1186012014,88054.1186012014,102.24792325209887,88156.3665244535,55640.41427225662,0.0,300.0225134568348,55940.43678571345,0.0,0.0
0,2025-07-22,86565.7413236991,86565.7413236991,258.0942850161964,86823.8356087153,54920.70095125965,0.0,805.2763780423176,55725.97732930197,0.0,0.0
0,2025-07-23,97431.60956960652,97431.60956960652,0.0,97431.60956960652,62516.308292646485,0.0,0.0,62516.308292646485,0.0,0.0
0,2025-07-24,96872.15859820967,96872.15859820967,0.3925710204034658,96872.55116923008,62370.1010965694,0.0,0.8713113797854923,62370.972407949186,0.0,0.0
0,2025-07-25,54460.52428083438,54460.52428083438,0.0,54460.52428083438,33991.89239310617,0.0,0.0,33991.89239310617,0.0,0.0
0,2025-07-26,56521.91689576526,56521.91689576526,0.0,56521.91689576526,33943.27237568423,0.0,0.0,33943.27237568423,0.0,0.0
0,2025-07-27,83131.14012709887,83131.14012709887,1939.3986336852568,85070.53876078413,52062.258234649475,0.0,6821.981991791954,58884.24022644143,0.0,0.0
0,2025-07-28,87573.76822211167,87573.76822211167,580.1255797211277,88153.8938018328,55177.99979119001,0.0,1906.8469090511107,57084.84670024112,0.0,0.0
0,2025-07-29,87179.17653161596,87179.17653161596,162.73064114555746,87341.90717276151,55012.8674746508,0.0,467.0581725214739,55479.92564717227,0.0,0.0
0,2025-07-30,81228.64451979594,81228.64451979594,1907.7903567353476,83136.43487653129,51433.66077333516,0.0,5837.744797885298,57271.40557122046,0.0,0.0
0,2025-07-31,86559.77531493094,86559.77531493094,425.3473013835244,86985.12261631446,54673.48427246794,0.0,1536.5720485930917,56210.056321061034,0.0,0.0
0,2025-08-01,54244.763900959195,54244.763900959195,0.0,54244.763900959195,34075.29383839003,0.0,0.0,34075.29383839003,0.0,0.0
0,2025-08-02,58316.60506859955,58316.60506859955,26.254807006175042,58342.859875605725,35590.06401070974,0.0,56.13277737920224,35646.19678808894,0.0,0.0
0,2025-08-03,70969.35491009758,70969.35491009758,398.57277993145794,71367.92769002904,45169.98649125945,0.0,1806.8007502528258,46976.78724151228,0.0,0.0
0,2025-08-04,77930.9076328287,77930.9076328287,69.04663506415193,77999.95426789286,49939.78913293962,0.0,149.91849028853187,50089.707623228154,0.0,0.0
0,2025-08-05,76770.8970558477,76770.8970558477,58.82129637311181,76829.7183522208,48815.98765539286,0.0,121.54032486720654,48937.52798026007,0.0,0.0
0,2025-08-06,85630.45535941579,85630.45535941579,62.25191807476892,85692.70727749055,55241.95909069723,0.0,137.90928389883163,55379.86837459606,0.0,0.0
0,2025-08-07,86552.21199543981,86552.21199543981,154.5596429194867,86706.77163835929,54237.53782882131,0.0,411.6746499420604,54649.21247876337,0.0,0.0
0,2025-08-08,51035.13187837513,51035.13187837513,0.0,51035.13187837513,31234.307484717872,0.0,0.0,31234.307484717872,0.0,0.0
0,2025-08-09,48839.04079110002,48839.04079110002,0.0,48839.04079110002,29903.674686512593,0.0,0.0,29903.674686512593,0.0,0.0
0,2025-08-10,74884.49003500413,74884.49003500413,202.03753051480277,75086.52756551893,47719.38987958552,0.0,770.8497671154034,48490.239646700924,0.0,0.0
0,2025-08-11,74738.3155872822,74738.3155872822,1244.791822201333,75983.10740948353,46536.98568690421,0.0,4913.211522157295,51450.19720906151,0.0,0.0
0,2025-08-12,82012.55473941518,82012.55473941518,527.4526340627592,82540.00737347794,51244.87324814347,0.0,2102.039293978583,53346.91254212205,0.0,0.0
0,2025-08-13,75904.71717369583,75904.71717369583,568.3872110937345,76473.10438478956,47471.27509428645,0.0,2015.9567297551052,49487.231824041555,0.0,0.0
0,2025-08-14,77730.7718565439,77730.7718565439,237.25321838228308,77968.02507492618,49493.39956733618,0.0,618.3782899075502,50111.77785724373,0.0,0.0
0,2025-08-15,54688.58299793024,54688.58299793024,0.0,54688.58299793024,33713.84941349493,0.0,0.0,33713.84941349493,0.0,0.0
0,2025-08-16,51209.907146414145,51209.907146414145,0.0,51209.907146414145,32299.13053988904,0.0,0.0,32299.13053988904,0.0,0.0
0,2025-08-17,76123.8902208554,76123.8902208554,1121.1682130178351,77245.05843387324,47215.04831569411,0.0,5247.539654474003,52462.58797016811,0.0,0.0
0,2025-08-18,74909.36388562838,74909.36388562838,604.563174689622,75513.927060318,47622.20269230775,0.0,2222.928101477242,49845.13079378499,0.0,0.0
0,2025-08-19,74971.81534954625,74971.81534954625,442.9881677969605,75414.8035173432,47592.360219364855,0.0,1723.8771326490662,49316.23735201392,0.0,0.0
0,2025-08-20,84074.45261869719,84074.45261869719,524.9011543441419,84599.35377304134,52579.88431337844,0.0,2242.090800974152,54821.975114352594,0.0,0.0
0,2025-08-21,80475.05848310556,80475.05848310556,230.9050508068408,80705.9635339124,50510.176102063175,0.0,1036.5597554850604,51546.735857548236,0.0,0.0
0,2025-08-22,50733.65417262487,50733.65417262487,10.412222883661116,50744.06639550853,31708.417083731645,0.0,22.205470722534905,31730.62255445418,0.0,0.0
0,2025-08-23,47346.12403455426,47346.12403455426,0.0,47346.12403455426,28656.74051229831,0.0,0.0,28656.74051229831,0.0,0.0
0,2025-08-24,70933.56583900016,70933.56583900016,588.323650587945,71521.88948958811,45642.64797511357,0.0,2101.604619743286,47744.25259485686,0.0,0.0
0,2025-08-25,93838.80742358847,93838.80742358847,254.1140395771016,94092.92146316558,59536.62979467434,0.0,606.9171530033166,60143.54694767766,0.0,0.0
0,2025-08-26,74318.49925896543,74318.49925896543,928.371493361808,75246.87075232723,47880.3039533542,0.0,2478.0627058810232,50358.366659235224,0.0,0.0
0,2025-08-27,76549.7532227239,76549.7532227239,1737.4159521286215,78287.16917485252,48899.08022869252,0.0,6125.341649818469,55024.421878510984,0.0,0.0
0,2025-08-28,76656.09457503476,76656.09457503476,1694.8768292892187,78350.97140432398,47994.27242067558,0.0,6306.951119399613,54301.223540075196,0.0,0.0
0,2025-08-29,55626.992848708505,55626.992848708505,0.0,55626.992848708505,34137.84408494651,0.0,0.0,34137.84408494651,0.0,0.0
0,2025-08-30,50238.5586182034,50238.5586182034,20.786882060764015,50259.345500264164,31116.189453675455,0.0,44.44235384591346,31160.631807521368,0.0,0.0
0,2025-08-31,72010.5407230667,72010.5407230667,1949.693796537446,73960.23451960416,45943.454423229574,0.0,5192.396057701348,51135.85048093092,0.0,0.0
0,2025-09-01,82596.29025633016,82596.29025633016,0.0,82596.29025633016,51584.35550645595,0.0,0.0,51584.35550645595,0.0,0.0
0,2025-09-02,73475.41589408374,73475.41589408374,14.205799091686004,73489.62169317542,45959.69923890227,0.0,40.543350607671854,46000.242589509944,0.0,0.0
0,2025-09-03,78477.71226093212,78477.71226093212,2.050679634194921,78479.76294056632,49292.67324569892,0.0,4.506368496143339,49297.17961419506,0.0,0.0
0,2025-09-04,75909.3982196862,75909.3982196862,0.0,75909.3982196862,48430.195588083094,0.0,0.0,48430.195588083094,0.0,0.0
0,2025-09-05,46737.19982646757,46737.19982646757,0.0,46737.19982646757,28761.49484561658,0.0,0.0,28761.49484561658,0.0,0.0
0,2025-09-06,44752.40536844029,44752.40536844029,0.0,44752.40536844029,27084.277027985143,0.0,0.0,27084.277027985143,0.0,0.0
0,2025-09-07,66935.90874648312,66935.90874648312,103.64553969075246,67039.55428617388,42109.23537363917,0.0,226.2515472452497,42335.48692088442,0.0,0.0
0,2025-09-08,71111.82975471248,71111.82975471248,995.1777645081919,72107.00751922067,43695.28354371899,0.0,3256.125905147168,46951.409448866165,0.0,0.0
0,2025-09-09,62651.81421884969,62651.81421884969,1168.9285629612575,63820.74278181095,39285.35098030335,0.0,4294.275947769592,43579.62692807295,0.0,0.0
0,2025-09-10,75092.72095280272,75092.72095280272,109.94674229912476,75202.66769510185,46460.773947060006,0.0,424.63202305524226,46885.40597011525,0.0,0.0
0,2025-09-11,75408.32334065979,75408.32334065979,27.180799970216867,75435.50414063,47113.22339098729,0.0,57.4358048338955,47170.65919582119,0.0,0.0
0,2025-09-12,43488.418604754304,43488.418604754304,0.0,43488.418604754304,25938.607026454665,0.0,0.0,25938.607026454665,0.0,0.0
0,2025-09-13,41001.70484613918,41001.70484613918,0.0,41001.70484613918,24139.51317239854,0.0,0.0,24139.51317239854,0.0,0.0
0,2025-09-14,73541.24348801868,73541.24348801868,378.9635599326185,73920.20704795129,45740.98701846698,0.0,940.0529017648959,46681.03992023187,0.0,0.0
0,2025-09-15,59793.19553879009,59793.19553879009,1317.874045201497,61111.069583991586,37275.68815791035,0.0,4932.420208528605,42208.10836643896,0.0,0.0
0,2025-09-16,74219.20005643429,74219.20005643429,856.9319068295273,75076.13196326382,45568.591088616675,0.0,2693.734576042878,48262.325664659555,0.0,0.0
0,2025-09-17,70961.07386336176,70961.07386336176,650.914569281385,71611.98843264315,44514.48083703984,0.0,1495.7158042682263,46010.196641308066,0.0,0.0
0,2025-09-18,64132.61170884786,64132.61170884786,1563.6801627198968,65696.29187156775,40215.65507220934,0.0,3784.7026737701535,44000.35774597949,0.0,0.0
0,2025-09-19,42220.32134359717,42220.32134359717,6.2899671427883845,42226.61131073996,25088.409692561654,0.0,13.627213814851036,25102.036906376507,0.0,0.0
0,2025-09-20,40475.88206156409,40475.88206156409,14.009699603918875,40489.89176116801,23763.213507007058,0.0,30.618198484364697,23793.831705491422,0.0,0.0
0,2025-09-21,66702.03265930088,66702.03265930088,1302.4302921791668,68004.46295148005,40735.90191676565,0.0,5158.203148544257,45894.10506530991,0.0,0.0
0,2025-09-22,71435.51631418706,71435.51631418706,1441.5708098524346,72877.08712403949,44226.373340544495,0.0,4615.138757746334,48841.51209829083,0.0,0.0
0,2025-09-23,71018.25982134702,71018.25982134702,716.1004043744938,71734.36022572151,43967.58425109359,0.0,2900.0667514200795,46867.65100251367,0.0,0.0
0,2025-09-24,61637.940454638236,61637.940454638236,4924.097252811448,66562.03770744968,38883.205105518646,0.0,13282.742018677232,52165.94712419588,0.0,0.0
0,2025-09-25,70525.21418636905,70525.21418636905,1052.7523735797708,71577.96655994882,43874.37783867972,0.0,3399.9501061028554,47274.32794478258,0.0,0.0
0,2025-09-26,46502.56232896073,46502.56232896073,0.0,46502.56232896073,27182.135490678364,0.0,0.0,27182.135490678364,0.0,0.0
0,2025-09-27,39959.72170150825,39959.72170150825,50.26954722984931,40009.9912487381,23223.775670750383,0.0,107.71889667090174,23331.494567421283,0.0,0.0
0,2025-09-28,65488.27132834037,65488.27132834037,3530.949836049373,69019.22116438975,40161.71946575903,0.0,11953.337185225475,52115.05665098451,0.0,0.0
0,2025-09-29,71056.70354820386,71056.70354820386,1191.4799101844328,72248.18345838829,44082.61165276663,0.0,4672.291651365085,48754.903304131716,0.0,0.0
0,2025-09-30,70920.37688319926,70920.37688319926,3210.9133961065063,74131.29027930577,44605.191930356894,0.0,10280.31339014382,54885.50532050071,0.0,0.0
0,2025-10-01,69736.52091215947,69736.52091215947,98.58184111778326,69835.10275327726,42892.64682533132,0.0,214.04796530100327,43106.694790632326,0.0,0.0
0,2025-10-02,75592.10924967378,75592.10924967378,96.88370475632235,75688.99295443011,47133.12930042524,0.0,221.63089033565853,47354.7601907609,0.0,0.0
0,2025-10-03,39856.513718876115,39856.513718876115,0.0,39856.513718876115,22757.03373241909,0.0,0.0,22757.03373241909,0.0,0.0
0,2025-10-04,44713.25850480565,44713.25850480565,0.0,44713.25850480565,24838.62221380599,0.0,0.0,24838.62221380599,0.0,0.0
0,2025-10-05,69214.16418954954,69214.16418954954,988.8940439987192,70203.05823354826,41966.05607566053,0.0,3126.7728533138575,45092.828928974384,0.0,0.0
0,2025-10-06,60159.07398147705,60159.07398147705,3438.1177546853396,63597.19173616239,37369.92269389103,0.0,9017.037235723685,46386.95992961471,0.0,0.0
0,2025-10-07,68052.05800522058,68052.05800522058,889.6472707627493,68941.70527598333,41495.887756652795,0.0,3240.0621744771797,44735.94993112997,0.0,0.0
0,2025-10-08,65571.85419176964,65571.85419176964,273.20568708193395,65845.05987885158,39659.29682052886,0.0,1083.2113583119672,40742.50817884083,0.0,0.0
0,2025-10-09,75062.87159954116,75062.87159954116,61.45751418770499,75124.32911372886,46160.767068991634,0.0,187.9761209903309,46348.743189981964,0.0,0.0
0,2025-10-10,41898.17176465076,41898.17176465076,0.0,41898.17176465076,23605.329628726195,0.0,0.0,23605.329628726195,0.0,0.0
0,2025-10-11,40355.50682669528,40355.50682669528,19.27844668988746,40374.78527338517,22280.812892323644,0.0,41.176886440971515,22321.989778764615,0.0,0.0
0,2025-10-12,63757.939917191994,63757.939917191994,2018.653606125817,65776.59352331782,38192.785169346724,0.0,8357.556543888044,46550.34171323477,0.0,0.0
0,2025-10-13,68428.9765219046,68428.9765219046,666.1519169135425,69095.12843881814,41528.35335641894,0.0,2648.515222691044,44176.868579109985,0.0,0.0
0,2025-10-14,71930.00232015198,71930.00232015198,476.13015698858055,72406.13247714056,44256.479364358616,0.0,1624.9387543560529,45881.41811871467,0.0,0.0
0,2025-10-15,74627.2514032367,74627.2514032367,234.39492153764877,74861.64632477435,45932.92487423745,0.0,772.2147988913928,46705.13967312884,0.0,0.0
0,2025-10-16,71288.0447938136,71288.0447938136,650.6436207712043,71938.68841458482,44065.05220571926,0.0,1602.5982608527975,45667.65046657206,0.0,0.0
0,2025-10-17,39387.11475018678,39387.11475018678,8.872618817457663,39395.98736900424,21755.483153816996,0.0,36.594002798433245,21792.07715661543,0.0,0.0
0,2025-10-18,40818.54017978561,40818.54017978561,0.2061450177268398,40818.74632480334,23040.634604829134,0.0,0.44073804789998344,23041.075342877033,0.0,0.0
0,2025-10-19,68827.33635569659,68827.33635569659,1451.659652688652,70278.99600838525,42126.10729130529,0.0,5944.377979418152,48070.485270723446,0.0,0.0
0,2025-10-20,74772.68980240778,74772.68980240778,489.67574866545834,75262.36555107324,46414.14549459982,0.0,1513.3712559805342,47927.516750580355,0.0,0.0
0,2025-10-21,74754.0960453671,74754.0960453671,508.34960570507997,75262.44565107218,46098.79137596401,0.0,1302.1744889217957,47400.9658648858,0.0,0.0
0,2025-10-22,72276.1418508054,72276.1418508054,936.9362576849084,73213.07810849031,44710.353039957234,0.0,2882.3265838171674,47592.6796237744,0.0,0.0
0,2025-10-23,83679.14293444742,83679.14293444742,415.88666503994307,84095.02959948736,51949.616207077015,0.0,1606.7747751899624,53556.39098226698,0.0,0.0
0,2025-10-24,42757.19385371252,42757.19385371252,0.0,42757.19385371252,23828.817338263572,0.0,0.0,23828.817338263572,0.0,0.0
0,2025-10-25,43453.59206730167,43453.59206730167,0.0,43453.59206730167,23637.083323603183,0.0,0.0,23637.083323603183,0.0,0.0
0,2025-10-26,73253.23161733637,73253.23161733637,1473.9053318424867,74727.13694917885,44828.619491448604,0.0,5620.594162829149,50449.21365427775,0.0,0.0
0,2025-10-27,68486.85311209463,68486.85311209463,2086.58461697371,70573.43772906833,42264.76273644554,0.0,7191.58917095165,49456.35190739719,0.0,0.0
0,2025-10-28,70566.90690985232,70566.90690985232,3222.477132007227,73789.38404185955,43739.17426614405,0.0,10323.616434068104,54062.79070021216,0.0,0.0
0,2025-10-29,79693.93561511554,79693.93561511554,193.11636146996068,79887.0519765855,49395.697178983784,0.0,550.8089536805405,49946.506132664326,0.0,0.0
0,2025-10-30,71491.86050107797,71491.86050107797,1378.148900266681,72870.00940134465,44362.30613759124,0.0,4532.641252005833,48894.94738959707,0.0,0.0
0,2025-10-31,49844.927875780224,49844.927875780224,0.0,49844.927875780224,28124.552309676183,0.0,0.0,28124.552309676183,0.0,0.0
0,2025-11-01,42499.506772253706,42499.506772253706,21.815783496513404,42521.32255575022,23827.70852323078,0.0,47.055550194975595,23874.764073425755,0.0,0.0
0,2025-11-02,72727.00463430962,72727.00463430962,3147.5004729263173,75874.50510723593,44895.88896440652,0.0,12018.572812491457,56914.46177689798,0.0,0.0
0,2025-11-03,80314.2924196627,80314.2924196627,411.1904050233012,80725.482824686,49681.97138259017,0.0,1380.9369400733085,51062.90832266348,0.0,0.0
0,2025-11-04,76006.76965926682,76006.76965926682,564.1498439273964,76570.91950319422,47042.83689484355,0.0,2635.9708121713975,49678.80770701495,0.0,0.0
0,2025-11-05,84390.44536627259,84390.44536627259,234.83967706824149,84625.28504334083,52842.887953273814,0.0,653.1213440579104,53496.00929733172,0.0,0.0
0,2025-11-06,80111.66188767143,80111.66188767143,140.88878119334186,80252.55066886477,50013.11726155107,0.0,333.47128268088574,50346.588544231956,0.0,0.0
0,2025-11-07,46902.23029934503,46902.23029934503,0.0,46902.23029934503,26155.23163966662,0.0,0.0,26155.23163966662,0.0,0.0
0,2025-11-08,47572.09371677523,47572.09371677523,5.883157618792836,47577.97687439402,26039.57915186378,0.0,12.509625550271657,26052.088777414054,0.0,0.0
0,2025-11-09,77190.23947229555,77190.23947229555,1281.4728806573635,78471.71235295292,47728.179551808564,0.0,5190.546128518544,52918.72568032711,0.0,0.0
0,2025-11-10,79644.76328835908,79644.76328835908,1127.0042340586626,80771.76752241775,49665.31413948437,0.0,3506.195559726576,53171.50969921095,0.0,0.0
0,2025-11-11,83794.56276416821,83794.56276416821,158.33003277245143,83952.89279694066,52859.074172516215,0.0,392.8563182234892,53251.9304907397,0.0,0.0
0,2025-11-12,80633.93479822898,80633.93479822898,80.13242326379986,80714.06722149278,50489.76945373704,0.0,342.06111055591646,50831.830564292955,0.0,0.0
0,2025-11-13,79272.97702679141,79272.97702679141,2875.7971437852816,82148.7741705767,49850.06604872308,0.0,9285.132075549905,59135.19812427298,0.0,0.0
0,2025-11-14,50765.41152461353,50765.41152461353,0.0,50765.41152461353,28626.54156551357,0.0,0.0,28626.54156551357,0.0,0.0
0,2025-11-15,53098.46617746201,53098.46617746201,0.0,53098.46617746201,29335.944595394154,0.0,0.0,29335.944595394154,0.0,0.0
0,2025-11-16,77713.99770572045,77713.99770572045,2156.9705889311226,79870.96829465157,48234.748516368025,0.0,8133.949694474963,56368.69821084299,0.0,0.0
0,2025-11-17,76965.9727061658,76965.9727061658,1946.857172054349,78912.82987822016,48187.396710422836,0.0,5713.3435628259585,53900.7402732488,0.0,0.0
0,2025-11-18,82564.01180108573,82564.01180108573,590.5889697248911,83154.60077081062,51855.110431140994,0.0,1405.2725918426115,53260.38302298361,0.0,0.0
0,2025-11-19,82670.75536744208,82670.75536744208,265.6380844659353,82936.393451908,51989.151794276215,0.0,791.2948673939989,52780.44666167021,0.0,0.0
0,2025-11-20,83687.18396492106,83687.18396492106,266.6854481320774,83953.86941305314,52708.732218438534,0.0,1028.0305075095976,53736.76272594813,0.0,0.0
0,2025-11-21,52011.114147212924,52011.114147212924,0.0,52011.114147212924,29275.105796075728,0.0,0.0,29275.105796075728,0.0,0.0
0,2025-11-22,55368.11953102129,55368.11953102129,0.0,55368.11953102129,30648.13793251612,0.0,0.0,30648.13793251612,0.0,0.0
0,2025-11-23,79329.63885381965,79329.63885381965,1573.8525262744245,80903.49138009407,49511.16243216221,0.0,5937.161513925471,55448.32394608768,0.0,0.0
0,2025-11-24,80331.53521987496,80331.53521987496,821.3255508182225,81152.86077069318,50363.671278300564,0.0,3025.692447868193,53389.363726168755,0.0,0.0
0,2025-11-25,92897.35103742393,92897.35103742393,136.60785885305575,93033.95889627698,59365.10827784066,0.0,298.52515747511836,59663.63343531578,0.0,0.0
0,2025-11-26,88649.25232964908,88649.25232964908,123.85877129501318,88773.1111009441,56048.596536025834,0.0,433.3392065998573,56481.93574262569,0.0,0.0
0,2025-11-27,86893.15770179563,86893.15770179563,38.11193850408165,86931.26964029971,55028.2247663405,0.0,118.79371371323705,55147.01848005374,0.0,0.0
0,2025-11-28,54999.71035091624,54999.71035091624,0.0,54999.71035091624,31025.013034225827,0.0,0.0,31025.013034225827,0.0,0.0
0,2025-11-29,61701.056479736566,61701.056479736566,41.429951349029125,61742.48643108559,34541.11878517374,0.0,89.10021678884752,34630.21900196259,0.0,0.0
0,2025-11-30,84923.9192280114,84923.9192280114,2148.106187976132,87072.02541598752,53102.02170226833,0.0,8300.417169954704,61402.438872223036,0.0,0.0
0,2025-12-01,90587.71880469806,90587.71880469806,3486.172512092204,94073.89131679026,57906.49943407209,0.0,10656.244779488909,68562.744213561,0.0,0.0
0,2025-12-02,95113.53626817034,95113.53626817034,2739.1314125467525,97852.66768071709,60754.569584679986,0.0,9235.72280574507,69990.29239042505,0.0,0.0
0,2025-12-03,87111.47059016835,87111.47059016835,5943.131777418133,93054.60236758649,55470.01103359217,0.0,18240.906822264096,73710.91785585627,0.0,0.0
0,2025-12-04,96899.1412239623,96899.1412239623,1919.3928663234733,98818.53409028577,62784.03096383458,0.0,6642.2815958383635,69426.31255967294,0.0,0.0
0,2025-12-05,64234.90416551895,64234.90416551895,0.0,64234.90416551895,36951.14743745783,0.0,0.0,36951.14743745783,0.0,0.0
0,2025-12-06,63662.96285564431,63662.96285564431,17.529881755769907,63680.49273740008,36204.44720549908,0.0,38.00543679052103,36242.452642289594,0.0,0.0
0,2025-12-07,96022.8132244405,96022.8132244405,1686.3871681892415,97709.20039262975,61361.190169356596,0.0,6278.12484194454,67639.31501130114,0.0,0.0
0,2025-12-08,99835.7246530201,99835.7246530201,243.40372109311795,100079.1283741132,63993.60866015413,0.0,901.8467719425698,64895.4554320967,0.0,0.0
0,2025-12-09,99301.74728566894,99301.74728566894,214.0280807566346,99515.77536642557,63868.771897407925,0.0,704.8942117824438,64573.666109190366,0.0,0.0
0,2025-12-10,96668.49915865301,96668.49915865301,1001.2605208304773,97669.75967948348,62091.35007950223,0.0,2482.516421371178,64573.8665008734,0.0,0.0
0,2025-12-11,100875.31265862384,100875.31265862384,80.78609719912663,100956.09875582297,65002.62639156555,0.0,171.71964283392893,65174.34603439948,0.0,0.0
0,2025-12-12,67045.54861379883,67045.54861379883,0.0,67045.54861379883,38423.88282522821,0.0,0.0,38423.88282522821,0.0,0.0
0,2025-12-13,64791.51887699711,64791.51887699711,2.0667486663849104,64793.585625663494,36825.1237165833,0.0,4.418708648730938,36829.54242523203,0.0,0.0
0,2025-12-14,90768.8305705997,90768.8305705997,3859.074386240381,94627.90495684008,57497.39529242745,0.0,14110.093905367314,71607.48919779476,0.0,0.0
0,2025-12-15,94827.4459655172,94827.4459655172,1629.4065314563068,96456.8524969735,60418.57853652636,0.0,5033.763119554872,65452.34165608123,0.0,0.0
0,2025-12-16,101767.84195191,101767.84195191,97.70948212577406,101865.55143403578,65916.13640917232,0.0,215.21576944884674,66131.35217862116,0.0,0.0
0,2025-12-17,103327.69305778667,103327.69305778667,98.2801766279257,103425.9732344146,66559.03531379862,0.0,404.6583519892713,66963.6936657879,0.0,0.0
0,2025-12-18,98796.44403927542,98796.44403927542,183.3367278281212,98979.78076710354,63950.21333798182,0.0,519.6517300828211,64469.86506806464,0.0,0.0
0,2025-12-19,66709.28431028333,66709.28431028333,0.0,66709.28431028333,38489.78335294914,0.0,0.0,38489.78335294914,0.0,0.0
0,2025-12-20,65987.2022902726,65987.2022902726,0.0,65987.2022902726,37782.94613993952,0.0,0.0,37782.94613993952,0.0,0.0
0,2025-12-21,97188.48541949743,97188.48541949743,577.7659489158981,97766.25136841333,61964.82592751633,0.0,2494.503613463118,64459.329540979445,0.0,0.0
0,2025-12-22,97537.7729109803,97537.7729109803,489.475722743497,98027.24863372381,62675.27337406084,0.0,1634.1207098704936,64309.39408393133,0.0,0.0
0,2025-12-23,100500.74233927758,100500.74233927758,37.53016331248409,100538.27250259007,64599.73013498995,0.0,145.19160060529845,64744.92173559525,0.0,0.0
0,2025-12-24,100408.93905257045,100408.93905257045,73.18634760572706,100482.12540017618,64950.14091547036,0.0,248.6534874188248,65198.79440288918,0.0,0.0
0,2025-12-25,96541.51520070588,96541.51520070588,598.5896000063502,97140.10480071223,61863.254375757424,0.0,1594.0822972070805,63457.336672964506,0.0,0.0
0,2025-12-26,66451.54706812758,66451.54706812758,0.0,66451.54706812758,38248.424409482206,0.0,0.0,38248.424409482206,0.0,0.0
0,2025-12-27,64900.69920428702,64900.69920428702,0.0,64900.69920428702,36812.95937606972,0.0,0.0,36812.95937606972,0.0,0.0
0,2025-12-28,94881.22710721177,94881.22710721177,651.8824614431364,95533.10956865491,60442.096905623286,0.0,2376.100058413248,62818.196964036535,0.0,0.0
0,2025-12-29,95775.68657811495,95775.68657811495,176.70964410823106,95952.39622222318,60734.28804756567,0.0,604.6118671952393,61338.899914760914,0.0,0.0
0,2025-12-30,97495.54469725292,97495.54469725292,38.439705046238146,97533.98440229916,62402.607365077565,0.0,126.10575369722937,62528.713118774795,0.0,0.0
0,2025-12-31,100170.98826585204,100170.98826585204,215.3724024164021,100386.36066826843,64175.81034824633,0.0,603.5451387928504,64779.355487039174,0.0,0.0
0+6,2025-02-01,60775.4398053866,57537.4438370762,0.0,57537.4438370762,34221.86316844639,-1062.3725382848038,0.0,33159.490630161585,0.0,3237.9959683104016
0+6,2025-02-02,90616.31406086122,88647.73358001976,137.15765855740915,88784.89123857717,56954.86327755812,-638.8654851302072,611.8042943227617,56927.80208675068,0.0,1968.5804808414546
0+6,2025-02-03,94367.68295613486,90902.5806352311,74.31030331567285,90976.89093854677,59554.249536108946,-1204.804751611833,265.2830874312338,58614.72787192835,0.0,3465.102320903764
0+6,2025-02-04,96625.33468757314,94188.68800826905,96.54111202998502,94285.22912029903,61678.987344691486,-876.1550612376316,206.01837403801673,61008.85065749187,77.80456646955918,2514.4512457736337
0+6,2025-02-05,91926.46472685086,91915.72594285326,66.00150990602845,91981.72745275928,58372.10649571552,189.3200546429017,199.24386029818282,58760.6704106566,249.61960672929723,260.35839072691124
0+6,2025-02-06,98594.35972529966,94638.82154403065,27.41468356081043,94666.23622759146,63144.42190974785,-1509.366799475963,58.649320179169116,61693.70443045106,0.0,3955.538181269017
0+6,2025-02-07,61428.95743155162,60614.912734351194,0.0,60614.912734351194,34802.32515884903,-266.59313477719945,0.0,34535.73202407183,0.0,814.0446972004272
0+6,2025-02-08,49434.834051502825,50482.112635261285,0.0,50482.112635261285,26941.03884774468,961.0524141389154,0.0,27902.091261883594,1047.2785837584634,0.0
0+6,2025-02-09,86340.69850481907,86633.50863537184,378.14808778026344,87011.6567231521,53862.55888904544,563.0176202949997,1487.7048295931163,55913.28133893356,533.0489782331263,240.23884768035458
0+6,2025-02-10,84599.09238360911,78887.73694715004,2274.490071766978,81162.22701891702,52809.06523855729,-1958.7374413175564,7332.274009970665,58182.6018072104,0.0,5711.3554364590755
0+6,2025-02-11,86136.30657064392,84335.58180081862,75.09439667896923,84410.67619749758,54233.51467663057,-720.3818913156265,165.86320855058628,53678.99599386553,0.0,1800.7247698252968
0+6,2025-02-12,87622.03751379589,84283.67405461558,51.26731918770491,84334.94137380329,55100.369947672916,-1145.6896194082638,179.44919724368225,54134.12952550833,0.0,3338.3634591803157
0+6,2025-02-13,82885.11571783133,80743.07946182905,98.2839563296568,80841.36341815871,51627.18787836937,-733.0490084231267,217.75579891308615,51111.89466885933,0.0,2142.036256002272
0+6,2025-02-14,53064.593207573744,53302.83875139531,0.0,53302.83875139531,29236.394464637437,554.4965521118447,0.0,29790.89101674928,530.6045057460412,292.3589619244669
0+6,2025-02-15,50146.84780666194,47460.07313104045,0.0,47460.07313104045,27358.582349626366,-723.8096923275747,0.0,26634.772657298792,0.0,2686.7746756214847
0+6,2025-02-16,82700.67031604132,78250.06162900828,2103.4536868077944,80353.51531581608,51249.85901180208,-1600.1628356642213,7957.246323137963,57606.94249927583,0.0,4450.608687033036
0+6,2025-02-17,83879.98135842728,79853.36963231725,323.4556714720484,80176.8253037893,51801.18977417722,-1121.1205795392111,1071.5046427634559,51751.57383740147,215.61463478940868,4242.226360899432
0+6,2025-02-18,76440.87028607947,77968.54273543156,1611.6344902539558,79580.17722568552,47371.05825579073,1132.970324570254,5407.235075519091,53911.26365588008,1527.6724493520933,0.0
0+6,2025-02-19,78320.66305155348,78346.18110034332,730.8200181643923,79077.00111850772,48638.117908688306,53.727885469292815,2030.4053843576298,50722.25117851523,85.93970620913956,60.42165741928602
0+6,2025-02-20,82210.99046438024,81750.6644652199,78.81417025442317,81829.47863547433,50805.60525063781,754.4405372088304,191.58270761477095,51751.62849546141,912.4330273700286,1372.7590265303793
0+6,2025-02-21,49195.27969699985,49669.47500184965,1.1368683772161603e-13,49669.47500184965,26863.1535564823,433.6714328121197,2.7199575924896636e-13,27296.82498929442,516.9777902149251,42.78248536513081
0+6,2025-02-22,46936.73435908945,47180.60688942899,42.397602535746955,47223.00449196474,25603.05733457162,305.3455645730481,90.64607422142699,25999.04897336609,243.87253033953917,0.0
0+6,2025-02-23,75624.55437390725,76149.19700201723,1912.4044869977226,78061.60148901495,46018.354640704565,616.0056559896868,7279.47912167752,53913.83941837177,582.103497751936,57.46086964194342
0+6,2025-02-24,74726.2771575491,76537.77457426078,466.6133775894725,77004.38795185025,46221.66419902035,1245.901882257035,1933.5159401343226,49401.08202141171,1864.4246960675196,52.927279355829796
0+6,2025-02-25,79107.35081659639,77019.75813033298,316.3513021978886,77336.10943253087,48679.106733305816,-527.0674360843576,831.801462726872,48983.84075994833,292.51615984016837,2380.108846103573
0+6,2025-02-26,73181.78473616214,74074.619517171,1053.3741595074134,75127.99367667841,44741.36641214122,798.9348932094382,3559.287435465867,49099.58874081653,892.8347810088624,0.0
0+6,2025-02-27,75315.63347431904,75114.65847617155,61.03334911635898,75175.69182528791,46392.505484345675,288.1214866732041,203.11987593958315,46883.746846958464,437.30818441225426,638.2831825597286
0+6,2025-02-28,44891.49460308283,45464.611705591255,0.0,45464.611705591255,24941.135674994573,374.915449945237,0.0,25316.05112493981,573.1171025084172,0.0
0+6,2025-03-01,51453.48171655876,44711.88922093428,0.0,44711.88922093428,27824.893393645183,-1641.0790610583704,0.0,26183.81433258681,0.0,6741.592495624479
0+6,2025-03-02,79131.29876902138,79586.76120649462,896.1074338359039,80482.86864033052,48529.10135505311,784.6656858306751,3728.3694370239764,53042.13647790776,683.3697219871373,227.90728451389623
0+6,2025-03-03,82842.98351427677,78466.17204951469,732.7452297274499,79198.91727924213,51093.986150533885,-515.0210337978458,2104.235405928809,52683.200522664854,878.6175427139927,5255.429007476085
0+6,2025-03-04,75138.35534756836,75900.01003319629,1093.9352079907155,76993.945241187,46261.54634959895,703.6715124163882,3236.367883943736,50201.58574595908,761.6546856279306,0.0
0+6,2025-03-05,80386.68376950361,78095.81667784211,54.83206255836899,78150.64874040049,49633.96517198524,-684.8019663001993,123.90348675331128,49073.066692438355,42.13078067363574,2332.997872335135
0+6,2025-03-06,75356.22084205417,75149.52824905497,101.0996769942866,75250.62792604926,46260.38894814418,99.19926502544138,348.8729988514508,46708.46121202107,199.7799479710705,406.4725409702802
0+6,2025-03-07,49432.96975377563,45453.23019088905,0.0,45453.23019088905,27557.63526502577,-1158.0683446361563,0.0,26399.56692038961,0.0,3979.739562886584
0+6,2025-03-08,39457.54715677866,39337.378302548226,0.0,39337.378302548226,21920.01042315495,-44.72096845846913,0.0,21875.289454696478,0.0,120.16885423044081
0+6,2025-03-09,73557.47870248424,66846.06901873574,2169.953978816992,69016.02299755273,44369.7571337393,-1989.6224434761111,7878.933479894871,50259.06817015806,0.0,6711.409683748499
0+6,2025-03-10,72068.79031076506,72644.66318563574,1125.1225290002913,73769.78571463603,43420.04443474075,747.6362185617771,4009.9538966366117,48177.63454993913,610.1484927720282,34.2756179013636
0+6,2025-03-11,66117.50836996958,73019.6900378445,214.54889964797096,73234.23893749247,40391.683871319205,6010.253024248455,533.3599928144127,46935.29688838207,6902.181667874923,0.0
0+6,2025-03-12,76810.3559726864,70154.978451303,424.898452211203,70579.8769035142,47133.76607783251,-2190.3760532590527,1377.232185835196,46320.62221040865,0.0,6655.377521383417
0+6,2025-03-13,77054.23100501896,77445.07628997946,98.1315203531027,77543.20781033256,47121.81271267545,855.9018736391014,209.83776672706492,48187.55235304161,1030.3611211538964,639.5158361933925
0+6,2025-03-14,41247.4078787918,42011.45450264258,0.0,42011.45450264258,23074.210661554458,895.9893619925081,0.0,23970.200023546968,764.0466238507828,0.0
0+6,2025-03-15,41653.15640362384,43357.89960527545,52.65799457351329,43410.557599848966,22409.510124781074,1695.7655798797882,112.52409976225476,24217.799804423117,1704.7432016516173,0.0
0+6,2025-03-16,68768.8280740242,70039.10825213956,932.7424540516536,70971.85070619121,41743.40454003137,939.537798738013,2748.247585172562,45431.18992394194,1270.2801781153717,0.0
0+6,2025-03-17,67087.71808780098,62564.98018903404,1269.2857342789719,63834.26592331301,39866.69408015713,-1123.977705442598,4420.767146972126,43163.483521686656,0.0,4522.7378987669545
0+6,2025-03-18,77310.50468895322,73270.23471101161,108.52848523257501,73378.76319624418,47439.4626714622,-1174.834837643606,254.12976456479163,46518.75759838339,268.1919480549221,4308.461925996535
0+6,2025-03-19,64531.994646522115,69017.97644677914,580.2810690022462,69598.25751578138,39387.55728122582,4293.655112140822,1374.887994785593,45056.100388152234,4485.981800257006,0.0
0+6,2025-03-20,73832.04950476668,67880.73614762661,1168.7543547987123,69049.49050242532,45372.24383879981,-1996.9432691695617,3113.4590719547155,46488.75964158496,19.351719475745995,5970.665076615809
0+6,2025-03-21,39899.89995869213,38312.802422314824,0.0,38312.802422314824,22448.041512315656,-535.4686667608953,0.0,21912.57284555476,0.0,1587.097536377311
0+6,2025-03-22,39622.305296217106,39158.92312094679,13.477208140217499,39172.40032908701,21962.93024398051,-113.60542822128905,28.814271003785013,21878.139086763007,0.0,463.38217527031094
0+6,2025-03-23,70100.27247355877,68470.32300986125,773.7395086122715,69244.06251847353,42300.182384769796,-626.568067870862,2921.7258045844146,44595.34012148335,0.0,1629.9494636975098
0+6,2025-03-24,67747.26937784991,66990.2228496845,497.71369116237844,67487.93654084689,40688.54649500365,546.4020824972636,1305.562641112079,42540.511218612985,995.1644971728348,1752.2110253382336
0+6,2025-03-25,75857.66704079992,67339.38048686697,958.5343956287168,68297.91488249568,46108.628894428315,-2790.786752308106,3192.7464096176254,46510.588551737834,0.0,8518.286553932938
0+6,2025-03-26,67103.88277461681,67632.19108112206,154.43088620993086,67786.62196733199,40678.285361641654,697.2546207605554,336.51416655264165,41712.05414895485,615.0528614600871,86.74455495483812
0+6,2025-03-27,71176.6807909442,70207.91319523132,224.968864113088,70432.88205934441,43491.56000061828,296.10730049518554,489.22057120788844,44276.88787232135,748.557258441792,1717.3248541546798
0+6,2025-03-28,40221.16014698924,40225.45704033153,0.0,40225.45704033153,22128.824634840697,5.042189492502833,0.0,22133.8668243332,4.296893342283722,0.0
0+6,2025-03-29,36081.39407984365,36511.372913268686,0.0,36511.372913268686,19570.79988779134,572.8465426687967,0.0,20143.64643046014,429.97883342502746,0.0
0+6,2025-03-30,64418.99702240604,60306.74728038952,899.8638880445126,61206.611168434036,38085.89156851171,-1038.755225084546,2842.626809951132,39889.76315337829,0.0,4112.249742016507
0+6,2025-03-31,58189.61866104347,66376.38391578285,337.75361868507434,66714.13753446793,35101.942291290165,7192.780570674155,757.7678645735795,43052.4907265379,8186.765254739381,0.0
0+6,2025-04-01,72603.82893279697,70691.22788823787,484.77042418410974,71175.99831242199,43105.4507170811,-124.77720501029728,1289.4845493194907,44270.15806139029,538.3087958532011,2450.9098404123015
0+6,2025-04-02,70497.37327005627,71025.4412086174,264.1368735678211,71289.57808218522,42255.229097391195,855.1688037358858,808.1444660492652,43918.54236717634,727.8735043389006,199.8055657777669
0+6,2025-04-03,71756.97581421041,68311.18031956509,118.28379941789768,68429.46411898299,43905.77409289214,-1313.5664376271554,293.8258170172705,42886.03347228226,0.0,3445.7954946453174
0+6,2025-04-04,37669.62551306215,37395.5831209485,0.0,37395.5831209485,20736.3604411579,-119.384870200883,0.0,20616.975570957016,0.0,274.04239211365814
0+6,2025-04-05,34971.29652596393,34971.29652596393,0.0,34971.29652596393,18974.78349918001,0.0,0.0,18974.78349918001,0.0,0.0
0+6,2025-04-06,63389.2197512622,60231.846488526426,963.2608031745278,61195.10729170095,37052.34046020877,-673.3447540034824,4020.687134013434,40399.68284021872,139.66439007369252,3297.0376528094675
0+6,2025-04-07,58706.19407796519,60452.69623216728,372.09993965609596,60824.79617182338,34626.77762947776,2040.7700300346169,1045.7391560261844,37713.28681553856,1768.077484564561,21.575330362474688
0+6,2025-04-08,67939.87603838721,64687.58379980755,162.27669037675287,64849.86049018431,40876.14760734256,-889.8574328144684,676.9845209948255,40663.274695522916,106.28378067289225,3358.5760192525604
0+6,2025-04-09,67571.72350908344,68276.99362546692,217.1600292724136,68494.15365473933,40497.54729927707,498.43809596959557,679.9683474738638,41675.95374272053,744.3537318989025,39.08361551543749
0+6,2025-04-10,66790.04199708797,67123.35836793712,70.66998992681499,67194.02835786394,40600.83722172999,215.51365905417202,158.92765718136934,40975.27853796553,333.3163708491534,0.0
0+6,2025-04-11,35222.826976252414,35580.232647525845,0.0,35580.232647525845,19269.264180398735,468.7346100654047,0.0,19737.99879046414,357.40567127342797,0.0
0+6,2025-04-12,36941.77952339982,35425.59264189059,1.7860785095444953,35427.378720400135,20448.59808000512,-614.2385519270106,3.8186358534061307,19838.178163931516,0.0,1516.1868815092337
0+6,2025-04-13,59172.07543239238,58767.06524371664,1382.5901887485174,60149.65543246516,34855.688030365134,-170.15095249402515,5603.570403499889,40289.107481371,0.0,405.01018867573885
0+6,2025-04-14,65241.04997667586,57468.42293240847,1280.8290586994742,58749.25199110795,39042.518387894255,-2534.5331890902557,3955.5730568942827,40463.558255698284,0.0,7772.627044267382
0+6,2025-04-15,57345.93527371963,59480.31774091738,105.71315340360115,59586.03089432098,34005.76059473092,2299.6000654097747,439.39232546731586,36744.75298560801,2134.382467197746,0.0
0+6,2025-04-16,65238.63989042938,66141.51255510011,168.34169981906598,66309.85425491918,38303.10672471592,1448.6819603229785,422.2257814630078,40174.01446650191,1297.5991270081038,394.7264623373843
0+6,2025-04-17,59375.402131601826,63305.74148764917,42.88019261338502,63348.62168026255,36077.62562343231,2750.7402339628534,88.73063354458847,38917.09649093975,3930.33935604734,0.0
0+6,2025-04-18,35529.6325126463,35453.09305597919,0.0,35453.09305597919,19533.245465437903,-35.7140670860216,0.0,19497.531398351883,0.0,76.53945666710996
0+6,2025-04-19,33690.08077576627,33690.08077576627,4.579907782160603,33694.66068354843,17809.601197273638,0.0,9.79184283825937,17819.393040111896,0.0,0.0
0+6,2025-04-20,56227.348405762415,56335.68334224595,939.657161371976,57275.34050361793,33365.69590461731,72.33640785428948,2649.9874990602866,36088.01981153188,122.24455780836678,13.909621324830368
0+6,2025-04-21,62213.15030217559,54733.15537285821,732.141407855351,55465.29678071356,36711.31161477312,-2132.152171064682,2488.7809975199543,37067.94044122839,0.0,7479.994929317388
0+6,2025-04-22,56595.128757725804,60042.78408601596,208.43861512835394,60251.22270114432,33623.19508659303,2936.3738492622288,532.6759212705672,37092.24485712582,3447.6553282901523,0.0
0+6,2025-04-23,56607.36133322568,58807.58708398417,568.0925281471248,59375.679612131295,33474.4062968998,1673.4942448550341,1544.8903344743426,36692.79087622918,2200.2257507584827,0.0
0+6,2025-04-24,59581.12228760252,56586.6266379103,238.48584484168873,56825.11248275199,35271.17096285787,-685.9593910574222,668.1100641257598,35253.32163592621,0.0,2994.4956496922227
0+6,2025-04-25,35097.952595468996,35057.40616030496,0.0,35057.40616030496,19341.1299188335,-18.874776015674293,0.0,19322.255142817827,0.0,40.54643516403777
0+6,2025-04-26,33124.72880291242,33124.72880291242,0.0,33124.72880291242,17826.91203630894,0.0,0.0,17826.91203630894,0.0,0.0
0+6,2025-04-27,53429.282679944416,54578.23303506787,1863.5366221798017,56441.76965724767,31616.953993118856,834.5344621527543,7596.775558594598,40048.26401386621,1160.257567182257,11.30721205880701
0+6,2025-04-28,66847.23166685528,67111.89881903472,247.7492779922294,67359.64809702695,39126.49148840251,205.47259898793266,759.3947432872262,40091.358830677666,268.8040612984932,4.136909119047232
0+6,2025-04-29,59097.41575988631,56631.03258633286,355.4757367471981,56986.50832308006,34944.19775557444,-472.9904000297637,1403.0301046955929,35874.23746024027,102.00801328622566,2568.3911868396835
0+6,2025-04-30,56999.78189335465,56861.99523082396,742.1014554318476,57604.096686255805,34093.24193244737,-76.1106152249873,1638.693165632351,35655.82448285473,0.0,137.7866625306841
0+6,2025-05-01,59877.466020135056,58852.70858137218,2068.4847542905186,60921.1933356627,35907.1490946713,-280.106012385217,9328.87918216128,44955.92226444736,0.0,1024.7574387628779
0+6,2025-05-02,39523.3458641334,39348.94664286634,24.846645862130515,39373.79328872848,22105.338518518183,-62.03235949359882,52.862958319326104,22096.16911734391,0.0,174.39922126705582
0+6,2025-05-03,34897.89628367593,34841.87122577839,29.6972943239183,34871.56852010231,19067.964704616017,-27.227204244180907,63.51548860006068,19104.252988971897,0.0,56.02505789753624
0+6,2025-05-04,60219.503956307104,55847.80792876928,3242.0871948418007,59089.89512361108,35540.09638330963,-979.8129372145104,12176.129207256588,46736.41265335171,0.0,4371.696027537824
0+6,2025-05-05,62774.678030440016,62025.70021428795,1718.6675307950045,63744.36774508296,38016.70907443664,-381.1556155189947,7590.647703194787,45226.20116211243,0.0,748.9778161520603
0+6,2025-05-06,56430.76099213784,58635.55145086678,1545.3171151960205,60180.868566062796,34055.34735321185,1497.034408614395,6021.531512099766,41573.91327392601,2204.7904587289386,0.0
0+6,2025-05-07,61844.10582570984,62727.6740072547,456.29694483392575,63183.97095208863,37626.59227359363,644.9279069102913,2333.685558980129,40605.20573948405,883.5681815448661,0.0
0+6,2025-05-08,69114.51163102695,66159.71505569226,352.3602077792988,66512.07526347156,41222.27610972659,-774.1303466375306,1239.118625342654,41687.264388431715,19.133617864634743,2973.9301931993323
0+6,2025-05-09,40091.606684134575,39688.02917375215,0.0,39688.02917375215,22625.42792326795,-8.126494229986406,0.0,22617.301429037965,93.56324573463141,497.14075611705215
0+6,2025-05-10,36304.0431388617,37311.40394920136,0.0,37311.40394920136,20194.555952299557,1345.5856626111731,0.0,21540.14161491073,1007.3608103396651,0.0
0+6,2025-05-11,62127.87983169684,62227.9093883962,1276.1413952980583,63504.050783694256,36740.92105550162,806.8298049076653,5556.582210581551,43104.33307099083,880.1860769044856,780.1565202051263
0+6,2025-05-12,56606.33501344992,60476.75740886382,340.4945838054753,60817.2519926693,34242.451664970315,3655.040614931736,859.7160754559604,38757.20835535801,3870.422395413895,0.0
0+6,2025-05-13,67588.4781733001,61603.43706511503,70.3363644442963,61673.773429559325,40356.46521605936,-1480.884609218958,232.09508337739385,39107.6756902178,196.21790264579343,6181.259010830852
0+6,2025-05-14,66575.77241110962,66692.18727312048,138.54323035594388,66830.73050347643,40701.97992721766,76.9027414401628,300.44776075498964,41079.33042941282,116.41486201087048,0.0
0+6,2025-05-15,65658.71884078428,67227.34003658872,61.02441596684747,67288.36445255557,41133.81152309512,1180.979762070643,132.25567767747683,42447.04696284325,1568.6211958044541,0.0
0+6,2025-05-16,37489.99668644785,36873.37248416644,0.0,36873.37248416644,22101.398358531234,-274.7412416095483,0.0,21826.657116921688,0.0,616.6242022814072
0+6,2025-05-17,35903.47213240203,35243.91437374869,9.760510248608739,35253.6748839973,20701.489611767414,-282.81652309027464,21.11922697587612,20439.792315653016,0.0,659.5577586533426
0+6,2025-05-18,65843.002209312,62974.05041710391,471.31372057549305,63445.3641376794,39325.43434920563,-790.1312916954181,1055.9163465816455,39591.219404091855,0.0,2868.9517922081122
0+6,2025-05-19,61125.37556807228,58314.37767505253,125.63624513394086,58440.013920186466,36657.71481591703,-616.4658492860871,690.2920648976884,36731.541031528635,25.12529046726425,2836.123183487015
0+6,2025-05-20,61537.364314601306,62597.94555172106,313.46082002156754,62911.406371742625,37233.95778579105,1099.4094836491747,923.2191528938356,39256.586422334054,1060.5812371197526,0.0
0+6,2025-05-21,59251.29764770234,61826.359966118616,113.07690723237488,61939.43687335099,36360.97810602911,2277.689852885059,289.839869887362,38928.507828801536,2575.0623184162782,0.0
0+6,2025-05-22,62381.7396312793,62137.1647541714,119.76964041519852,62256.9343945866,38544.08596250358,-56.86229086562159,298.72447557641283,38785.948147214374,0.0,244.5748771078957
0+6,2025-05-23,36367.110172185996,36353.84341779055,0.0,36353.84341779055,20854.66542023989,-5.189290981779271,0.0,20849.47612925811,0.0,13.266754395447453
0+6,2025-05-24,35268.40799213657,34861.55175278669,0.0,34861.55175278669,20328.80277534718,-196.4537830136901,0.0,20132.34899233349,0.0,406.8562393498745
0+6,2025-05-25,59107.00554778174,58234.640063899606,504.08095409591874,58738.72101799552,35448.39706751643,-194.45578128038628,1919.7621799090402,37173.70346614509,1.6279303011945672,873.9934141833304
0+6,2025-05-26,58673.07336912934,59786.21001500114,1166.0608542162602,60952.2708692174,35922.90679894209,750.7531058002768,3905.6330356989893,40579.29294044136,1113.1366458717969,0.0
0+6,2025-05-27,57906.68642541312,60316.6627137725,241.80104037280194,60558.463754145305,35618.955849880775,2202.740353340054,522.3798089676447,38344.07601218847,2409.9762883593726,0.0
0+6,2025-05-28,66484.44965191098,64249.450646005855,231.70410567040773,64481.154751676266,39830.14385288481,-430.9994581028982,588.1877559304937,39987.332150712406,174.31314663485912,2409.3121525399756
0+6,2025-05-29,65593.08498209508,66558.08336851919,102.23680969144152,66660.32017821063,39466.43720387464,1006.416764958508,313.81024411939745,40786.66421295254,1032.2510453021732,67.2526588780729
0+6,2025-05-30,38245.379572152175,38247.46475793722,13.458559991347954,38260.923317928566,22189.92240251993,7.348238710855165,29.292555821168822,22226.563197051953,6.6649583333332885,4.579772548288929
0+6,2025-05-31,38876.262674154554,36698.36256856448,125.92390583471837,36824.286474399196,22626.63435077672,-917.4793690807466,269.20982892340066,21978.364810619376,0.0,2177.9001055900726
0+6,2025-06-01,75408.21674120649,71658.60898526148,5315.472649734566,76974.08163499605,45559.90019974833,-1339.292843543965,20042.603160549283,64263.21051675364,0.0,3749.6077559449973
0+6,2025-06-02,80195.4511073154,69331.29444752561,4668.726658155291,74000.0211056809,49544.61919663017,-3485.0429541616313,16468.093596918647,62527.669839387185,0.0,10864.156659789769
0+6,2025-06-03,75965.2667482036,76767.57674037057,2029.524804589561,78797.10154496013,46901.09206244377,1242.5398156398132,7036.620495430441,55180.25237351403,1066.8346316959369,264.52463952896875
0+6,2025-06-04,88218.97167994062,72337.66394720945,4118.837018543898,76456.50096575335,55326.86887533506,-5564.472033398303,13039.106541326768,62801.50338326352,0.0,15881.30773273117
0+6,2025-06-05,78148.59477952812,77838.05122143173,1367.764280873849,79205.81550230557,47893.27035323024,239.5224259967963,5216.943478177556,53349.73625740459,282.1425367565294,592.6860948529378
0+6,2025-06-06,54020.18922609267,52248.569021086085,5.917550048132284,52254.48657113421,31832.877235063246,-497.75671168597876,12.678350978123419,31347.79887435539,0.0,1771.6202050065917
0+6,2025-06-07,55699.14035458544,49407.80001404081,0.0,49407.80001404081,31368.044762424164,-1616.5104882718358,0.0,29751.534274152327,0.0,6291.340340544617
0+6,2025-06-08,73842.84432959612,72557.88480519921,360.1696786823613,72918.05448388157,45195.27219298552,1107.534655628999,1453.1442420499823,47755.9510906645,1884.9594352982042,3169.9189596951137
0+6,2025-06-09,84366.96835845716,80342.19702607165,581.7535705007363,80923.95059657238,53095.34963757314,-1475.0471278285722,1512.1307986727384,53132.43330841731,0.0,4024.7713323855205
0+6,2025-06-10,80006.70978871282,79557.31557885613,194.53989135747906,79751.8554702136,49785.803027468166,-114.2596875434225,454.0292504752862,50125.57259040003,0.0,449.3942098566789
0+6,2025-06-11,86023.32796062058,86340.67750104555,821.4453316521664,87162.12283269771,54816.96465882364,583.0587081106697,3418.6883367614532,58818.711703695764,686.8652343999374,369.5156939749678
0+6,2025-06-12,85246.65083288943,85027.81114551245,104.30544838812182,85132.11659390057,53903.87621719041,-86.55236961016557,226.07691476768247,54043.40076234793,0.0,218.83968737697506
0+6,2025-06-13,53267.71435657119,51963.31327075971,0.0,51963.31327075971,31255.65016850418,-510.59097267401313,0.0,30745.059195830167,0.0,1304.4010858114802
0+6,2025-06-14,50710.245220842495,49934.33582266795,19.799746937604255,49954.135569605554,29645.751035499023,-172.49837721989874,41.98536338118982,29515.238021660316,0.0,775.90939817455
0+6,2025-06-15,76114.11257750593,77927.83156664498,1187.2697896361474,79115.10135628113,47418.001147832816,1297.7078097121248,3764.815048064129,52480.52400560907,1885.96413990101,72.24515076195735
0+6,2025-06-16,81352.05072137062,81925.35306856984,437.4750682764667,82362.8281368463,50817.22521188597,451.09391999548825,1549.2490820472317,52817.56821392869,575.2340446632697,1.9316974640571516
0+6,2025-06-17,84781.72442913993,85984.29041438513,168.89158979138136,86153.18200417652,53057.9637573818,1469.3986757394714,579.3069966082584,55106.66942972953,1249.6584525394521,47.0924672942316
0+6,2025-06-18,85990.87783074784,87171.11824402076,101.6099447162386,87272.728188737,53819.52698919268,1397.8044500464957,316.9200360140527,55534.25147525323,1180.240413272921,0.0
0+6,2025-06-19,82199.4130854642,78252.93830786206,258.8959310957198,78511.83423895777,51368.50389414988,-853.060923653683,892.8430382761412,51408.28600877234,706.2203226227813,4652.695100224918
0+6,2025-06-20,52230.2043425456,51252.96098450079,0.0,51252.96098450079,31098.759676720685,-279.33875652471784,0.0,30819.420920195967,0.0,977.2433580448114
0+6,2025-06-21,44536.65655798801,44521.95083564525,0.0,44521.95083564525,26727.822916172558,-6.794204897596305,0.0,26721.02871127496,0.0,14.705722342766194
0+6,2025-06-22,76272.39082358082,75332.82113257924,225.3125755202508,75558.13370809949,46528.02276171635,1894.5369007591598,719.5425077410812,49142.10217021659,2301.465911055905,3241.035602057479
0+6,2025-06-23,78379.19191627127,78361.85024771348,236.38924896151786,78598.239496675,49277.24098625047,46.93979663129939,700.0491481392223,50024.22993102099,62.527578859808,79.86924741761356
0+6,2025-06-24,90940.56529644315,87720.04057541062,565.1055137204163,88285.14608913103,57814.99380177265,-1167.9067051493846,1923.4225831335152,58570.50967975678,0.0,3220.5247210325288
0+6,2025-06-25,82143.9204742276,82295.94354755359,61.1859894082368,82357.12953696182,50836.60166159742,528.6291298881075,247.91357510768316,51613.14436659321,614.5819308860144,462.5588575600344
0+6,2025-06-26,79389.287467329,80061.75311415404,103.11165083632127,80164.86476499036,50068.666992395956,464.08582952887303,413.60998567248316,50946.36280759731,751.1266484472411,78.661001622213
0+6,2025-06-27,50256.760849174956,47913.5955108772,0.0,47913.5955108772,30283.13681245091,-832.8333856403372,0.0,29450.303426810573,0.0,2343.1653382977593
0+6,2025-06-28,46129.74212026107,46129.74212026107,30.431671971801563,46160.173792232876,27530.717767429847,0.0,65.90582784332398,27596.62359527317,0.0,0.0
0+6,2025-06-29,73512.06296332032,74617.83023266582,1853.8543668836965,76471.68459954951,44904.82511094086,1818.4458496340173,5262.716102848892,51985.98706342377,1640.6714223527945,534.9041530073061
0+6,2025-06-30,81674.82378698328,79542.03708545977,311.56444104091634,79853.60152650069,50900.02575896806,-600.8955722367334,1000.1325942332019,51299.262780964535,129.23873353605973,2262.025435059576
0+6,2025-07-01,73461.819800222,73483.1376020039,9786.70546452527,83269.84306652917,45276.42934010321,60.59981336763298,33773.14400264198,79110.17315611283,57.804035597736316,36.48623381582911
0+6,2025-07-02,74115.81585613012,73884.13764796978,4205.940298966147,78090.07794693593,46256.53283838005,-113.09115831356837,14078.533161046842,60221.974841113326,0.0,231.67820816033787
0+6,2025-07-03,84771.44420866974,84663.44217454932,3076.464166561335,87739.90634111065,53223.67226296518,43.794541926314565,10267.75270141066,63535.21950630215,184.86402401521548,292.8660581356279
0+6,2025-07-04,48250.39715149799,49176.24869359155,114.43473724649175,49290.68343083804,29266.5154709111,1092.0106910631434,247.23516867207417,30605.76133064632,925.8515420935631,0.0
0+6,2025-07-05,47146.63425425171,47146.63425425171,199.4493041227417,47346.08355837445,28428.234517258945,0.0,434.57775381048435,28862.81227106943,0.0,0.0
0+6,2025-07-06,76486.45699406511,80219.43025071759,4701.091824720663,84920.52207543825,48224.09185835501,2898.3219895181674,18606.716971351525,69729.1308192247,3794.044337960228,61.071081307761006
0+6,2025-07-07,80775.20962851855,77033.6415904066,1883.8996282435457,78917.54121865013,50400.001103320494,-1224.8190965616823,6401.5614112609965,55576.74341801981,0.0,3741.568038111963
0+6,2025-07-08,91920.56517584599,87766.41071677608,119.3064511182613,87885.71716789434,58373.68778529905,-1333.4413042603094,435.58187666885374,57475.82835770759,0.0,4154.154459069904
0+6,2025-07-09,92005.98930394425,90147.47719332087,210.37160227654874,90357.84879559741,57951.0892426801,-634.9880916199538,1125.449450864472,58441.55060192462,0.0,1858.5121106233757
0+6,2025-07-10,85309.97346691799,84761.51055335702,564.1728012539654,85325.68335461098,53976.98716764028,565.1413887144877,1330.3048704703326,55872.433426825104,616.3856761667496,1164.8485897277142
0+6,2025-07-11,61415.81067907124,60535.170108058395,0.0,60535.170108058395,36978.9360991183,-222.34993513604948,0.0,36756.58616398225,0.0,880.6405710128495
0+6,2025-07-12,51548.30541957445,52139.77703099988,0.0,52139.77703099988,31466.68875465031,715.6545507244846,0.0,32182.343305374794,591.4716114254256,0.0
0+6,2025-07-13,86250.02428302474,80270.17271715008,214.7794403811223,80484.95215753121,55028.37188134616,-2186.464502367557,1018.2614731145939,53860.1688520932,0.0,5979.8515658746455
0+6,2025-07-14,82179.64803582834,80383.62478356776,746.6497390275739,81130.27452259534,50964.689855694116,-24.467890035901064,3609.2854218632906,54549.50738752151,550.729594696583,2346.7528469571666
0+6,2025-07-15,90131.86896958962,86114.80872629883,185.5047882500444,86300.31351454888,56690.978530804,-1159.9072715869006,411.9873047827942,55943.0585639999,42.9916563959564,4060.051899686762
0+6,2025-07-16,86941.46741949952,85394.44071631914,274.33741678432034,85668.77813310345,55664.63354461665,-671.2153574570835,650.1820714133921,55643.60025857296,0.0,1547.0267031803673
0+6,2025-07-17,85853.77835559749,87711.15532611817,139.57953944117298,87850.73486555934,54460.26316901005,2125.3563658111366,492.9019543218873,57078.52148914308,1972.680119452347,115.3031489316644
0+6,2025-07-18,63644.87932997047,61879.6263068431,0.0,61879.6263068431,39006.37882282004,-638.5691555021458,0.0,38367.809667317895,0.0,1765.2530231273606
0+6,2025-07-19,58412.82178639296,53977.275205428174,35.551867300603476,54012.827072728775,36255.48811265708,-1598.2968301198628,76.00989228869022,34733.20117482591,0.0,4435.546580964788
0+6,2025-07-20,86129.81179611568,85148.18038245736,176.4077140752574,85324.58809653262,53707.492548938724,-260.3636196443009,768.0638897312542,54215.19281902567,40.89701234124948,1022.5284259995861
0+6,2025-07-21,88054.1186012014,85337.04102012722,134.50723169219174,85471.5482518194,55640.41427225662,-902.045827526984,433.7294138158667,55172.0978585455,0.0,2717.0775810741625
0+6,2025-07-22,86565.7413236991,94585.45708101307,27.680337815747407,94613.13741882882,54920.70095125965,8034.947133259437,90.87430644661643,63046.5223909657,8019.715757313969,0.0
0+6,2025-07-23,97431.60956960652,89240.86789401072,5.130310314112393,89245.99820432483,62516.308292646485,-2904.7995527540033,12.843731871380369,59624.35247176386,0.0,8190.741675595798
0+6,2025-07-24,96872.15859820967,91953.83897303746,0.3925710204034658,91954.23154405787,62370.1010965694,-1747.365765647275,0.8713113797854923,60623.60664230191,0.0,4918.3196251722065
0+6,2025-07-25,54460.52428083438,56553.228568879626,0.0,56553.228568879626,33991.89239310617,1422.8265405045934,0.0,35414.71893361077,2092.7042880452354,0.0
0+6,2025-07-26,56521.91689576526,55632.02278439407,0.0,55632.02278439407,33943.27237568423,-118.65132849529658,0.0,33824.621047188935,95.08069412533553,984.9748054965294
0+6,2025-07-27,83131.14012709887,82515.9794852934,1040.9052814540146,83556.88476674742,52062.258234649475,419.1458079031145,3412.0251797329765,55893.429222285566,599.53929120965,1214.6999330151234
0+6,2025-07-28,87573.76822211167,88730.9532120428,181.7187853914111,88912.67199743421,55177.99979119001,1401.3260696982738,410.42752977228673,56989.75339066057,1157.1849899311412,0.0
0+6,2025-07-29,87179.17653161596,90193.05985641458,148.4264428258325,90341.48629924041,55012.8674746508,2790.8532856298916,672.2175371201972,58475.938297400884,3013.8833247986067,0.0
0+6,2025-07-30,81228.64451979594,87504.44410563944,5.466192536485892,87509.91029817594,51433.66077333516,6026.269662422701,11.88459760551834,57471.81503336338,6275.799585843501,0.0
0+6,2025-07-31,86559.77531493094,86872.25794699392,277.7120107992309,87149.96995779316,54673.48427246794,283.367454584572,1020.8324643629201,55977.68419141543,372.49423626076606,60.01160419778057
0+6,2025-08-01,54244.763900959195,52115.26854938329,0.0,52115.26854938329,34075.29383839003,-834.4685391065073,0.0,33240.825299283526,0.0,2129.495351575908
0+6,2025-08-02,58316.60506859955,54428.921109672374,26.254807006175042,54455.17591667855,35590.06401070974,-1336.9908815866315,56.13277737920224,34309.20590650231,0.0,3887.683958927175
0+6,2025-08-03,70969.35491009758,71563.61729336153,373.41684415189127,71937.03413751342,45169.98649125945,655.6870016112675,1680.4804052561458,47506.15389812686,594.2623832639517,0.0
0+6,2025-08-04,77930.9076328287,78674.62607870184,69.04663506415199,78743.67271376599,49939.78913293962,507.56925380202676,149.91849028853198,50597.276877030185,743.7184458731252,0.0
0+6,2025-08-05,76770.8970558477,77876.75025081032,10.741329442323718,77887.49158025264,48815.98765539286,776.4727702344644,23.71301354167204,49616.173439169004,1105.853194962629,0.0
0+6,2025-08-06,85630.45535941579,81725.43337947648,62.25191807476892,81787.68529755124,55241.95909069723,-1576.1191928279668,137.90928389883163,53803.74918176809,0.0,3905.0219799392994
0+6,2025-08-07,86552.21199543981,79426.7962859883,139.4733157412095,79566.26960172951,54237.53782882131,-1647.357039923113,317.04566271631666,52907.226451614515,372.8746268897669,7498.290336341267
0+6,2025-08-08,51035.13187837513,50937.412201752755,0.0,50937.412201752755,31234.307484717872,-40.55502799496732,0.0,31193.752456722905,0.0,97.71967662237094
0+6,2025-08-09,48839.04079110002,48560.96176589785,0.0,48560.96176589785,29903.674686512593,-116.40861679767264,0.0,29787.266069714922,0.0,278.07902520216794
0+6,2025-08-10,74884.49003500413,72844.0742395902,607.5056394182969,73451.5798790085,47719.38987958552,-709.9645643103245,1871.8812707812594,48881.30658605646,0.0,2040.4157954139168
0+6,2025-08-11,74738.3155872822,75160.43216937399,931.688069212195,76092.12023858618,46536.98568690421,540.5304407867262,3633.3218768069796,50710.83800449792,422.1165820918045,0.0
0+6,2025-08-12,82012.55473941518,79867.13102816379,321.5789703241901,80188.70999848798,51244.87324814347,7.950025798291222,1080.0078749533786,52332.831148895144,604.0728230657817,2749.4965343171716
0+6,2025-08-13,75904.71717369583,75866.89546514335,303.035396998576,76169.93086214192,47471.27509428645,-8.372990873299647,1070.4436862260015,48533.345789639156,0.0,37.82170855248785
0+6,2025-08-14,77730.7718565439,79160.53049812482,138.57122219825715,79299.10172032307,49493.39956733618,1116.3951024924897,400.11612768193845,51009.91079751061,1429.7586415809233,0.0
0+6,2025-08-15,54688.58299793024,51542.90175938655,0.0,51542.90175938655,33713.84941349493,-1114.5257479289492,0.0,32599.32366556598,0.0,3145.6812385436974
0+6,2025-08-16,51209.907146414145,47096.48493971035,0.0,47096.48493971035,32299.13053988904,-1695.8509183333315,0.0,30603.27962155571,0.0,4113.422206703787
0+6,2025-08-17,76123.8902208554,73536.71237063172,1216.1227726675374,74752.83514329926,47215.04831569411,-662.8396102200212,5595.910960195319,52148.11966566941,36.72044284632159,2623.8982930700063
0+6,2025-08-18,74909.36388562838,74727.02849767971,561.2318036293468,75288.26030130906,47622.20269230775,-95.44788424875603,2245.1849527271947,49771.93976078618,0.0,182.33538794868213
0+6,2025-08-19,74971.81534954625,73175.2467245223,555.6241830803427,73730.87090760264,47592.360219364855,-663.1606582273862,2312.639919284971,49241.83948042244,0.0,1796.5686250239514
0+6,2025-08-20,84074.45261869719,79352.52858472476,417.61665962486154,79770.14524434962,52579.88431337844,-639.5724458345721,1357.9449028551692,53298.256770399035,718.8634299343983,5440.787463906823
0+6,2025-08-21,80475.05848310556,76167.10265030197,321.56328496572473,76488.6659352677,50510.176102063175,-830.9536259898473,1095.6461045180254,50774.868580591356,344.30377349125894,4652.259606294847
0+6,2025-08-22,50733.65417262487,49083.39280019462,10.412222883661116,49093.80502307828,31708.417083731645,-650.4104989475082,22.205470722534905,31080.212055506672,0.0,1650.2613724302591
0+6,2025-08-23,47346.12403455426,47634.5667789063,0.0,47634.5667789063,28656.74051229831,409.2797280163378,0.0,29066.02024031465,288.4427443520318,0.0
0+6,2025-08-24,70933.56583900016,68035.88032451126,2659.5880439756174,70695.46836848688,45642.64797511357,-1118.8048037396861,10117.645438809748,54641.48861018363,0.0,2897.6855144888996
0+6,2025-08-25,93838.80742358847,81804.54462799273,254.1140395771016,82058.65866756983,59536.62979467434,-3882.7921121265304,606.9171530033166,56260.75483555113,0.0,12034.262795595736
0+6,2025-08-26,74318.49925896543,75361.6418656046,307.23950549601955,75668.88137110062,47880.3039533542,786.2541898184215,697.4161041971508,49363.97424736978,1043.1426066391796,0.0
0+6,2025-08-27,76549.7532227239,81945.9439809305,122.78651138935595,82068.73049231985,48899.08022869252,4998.875405294142,479.17136876799395,54377.127002754656,5396.190758206611,0.0
0+6,2025-08-28,76656.09457503476,80522.46397559404,238.89253296279702,80761.35650855684,47994.27242067558,4366.39106969532,928.5945449256462,53289.258035296545,3914.032007275437,47.66260671615737
0+6,2025-08-29,55626.992848708505,52801.86909188535,0.0,52801.86909188535,34137.84408494651,-1028.6668225856088,0.0,33109.1772623609,0.0,2825.1237568231527
0+6,2025-08-30,50238.5586182034,48764.89644878004,20.786882060764015,48785.6833308408,31116.189453675455,-513.890242155903,44.44235384591346,30646.741565365464,0.0,1473.6621694233552
0+6,2025-08-31,72010.5407230667,72401.52887153573,1132.0164041710836,73533.54527570681,45943.454423229574,270.7105729216834,4348.497301097021,50562.66229724828,407.77998414297844,16.79183567395296
0+6,2025-09-01,82596.29025633016,74404.2431737408,0.0,74404.2431737408,51584.35550645595,-2374.425092071586,0.0,49209.93041438436,0.0,8192.047082589372
0+6,2025-09-02,73475.41589408374,75696.14980616579,14.205799091686004,75710.35560525747,45959.69923890227,2369.5794101869933,40.543350607671854,48369.821999696935,2220.733912082048,0.0
0+6,2025-09-03,78477.71226093212,74463.2263922691,2.050679634194921,74465.2770719033,49292.67324569892,-1010.0829567534215,4.506368496143339,48287.09665744164,63.44784672666424,4077.9337153896886
0+6,2025-09-04,75909.3982196862,73535.16096788702,89.77135180109661,73624.93231968812,48430.195588083094,-645.0406031992127,201.69584321772408,47986.85082810161,0.0,2374.2372517991894
0+6,2025-09-05,46737.19982646757,46310.78732400466,0.0,46310.78732400466,28761.49484561658,-204.30356198472083,0.0,28557.19128363186,0.0,426.412502462911
0+6,2025-09-06,44752.40536844029,44676.38264604854,0.0,44676.38264604854,27084.277027985143,-34.912406949053064,0.0,27049.36462103609,0.0,76.02272239174128
0+6,2025-09-07,66935.90874648312,69613.84374726421,42.78597553944496,69656.62972280366,42109.23537363917,2209.229908185098,93.63125929316078,44412.09654111742,2677.935000781084,0.0
0+6,2025-09-08,71111.82975471248,68779.97125373367,547.1128687848212,69327.0841225185,43695.28354371899,-353.3095266711709,1868.1461861694042,45210.12020321723,295.00902090263753,2626.867521881456
0+6,2025-09-09,62651.81421884969,65382.85606128291,42.69747320601391,65425.55353448892,39285.35098030335,2961.0908981502016,155.0458883154426,42401.487766768994,2731.041842433213,0.0
0+6,2025-09-10,75092.72095280272,70070.42833636628,570.7023097808232,70641.13064614711,46460.773947060006,-1523.9194253617225,1806.0063297927454,46742.86085149103,0.0,5022.29261643644
0+6,2025-09-11,75408.32334065979,66229.6473248919,90.34905152013317,66319.99637641203,47113.22339098729,-2627.929865989874,198.39575816753373,44683.689283164946,0.0,9178.676015767885
0+6,2025-09-12,43488.418604754304,42814.66482179193,0.0,42814.66482179193,25938.607026454665,-284.2394993892824,0.0,25654.367527065384,0.0,673.7537829623739
0+6,2025-09-13,41001.70484613918,40949.60522645994,0.0,40949.60522645994,24139.51317239854,-23.562071755941343,0.0,24115.9511006426,0.0,52.0996196792424
0+6,2025-09-14,73541.24348801868,67633.45912926657,633.4746598147372,68266.9337890813,45740.98701846698,-1899.5215166473404,1514.2216296404722,45355.68713146011,0.0,5907.784358752106
0+6,2025-09-15,59793.19553879009,59683.43393473794,1271.486672320622,60954.920607058564,37275.68815791035,64.73582749414089,4862.033053790878,42202.457039195375,104.41946749326405,214.1810715454148
0+6,2025-09-16,74219.20005643429,70269.43969514474,867.1077518820127,71136.54744702675,45568.591088616675,-1273.2858355497888,2716.17811406474,47011.48336713163,13.277451654490164,3963.037812944036
0+6,2025-09-17,70961.07386336176,69058.72776067867,297.1039961830839,69355.83175686175,44514.48083703984,-645.1220309484611,660.8716122807714,44530.23041837215,0.0,1902.3461026830898
0+6,2025-09-18,64132.61170884786,70394.09944266986,155.85731974613168,70549.956762416,40215.65507220934,4909.868864627808,495.90438238778006,45621.42831922493,6261.487733822006,0.0
0+6,2025-09-19,42220.32134359717,42336.5097048911,6.2899671427883845,42342.799672033885,25088.409692561654,135.068395521946,13.627213814851036,25237.105301898453,116.18836129392798,0.0
0+6,2025-09-20,40475.88206156409,40317.812709974314,14.009699603918875,40331.822409578235,23763.213507007058,-65.91814444599677,30.618198484364697,23727.913561045425,0.0,158.06935158977254
0+6,2025-09-21,66702.03265930088,66674.99907527794,1299.680186220385,67974.67926149833,40735.90191676565,-10.332235813565964,5151.812986698962,45877.38266765105,0.0,27.033584022935543
0+6,2025-09-22,71435.51631418706,65346.25333201802,2170.320925077172,67516.5742570952,44226.373340544495,-1830.2919383913224,6418.753517689405,48814.83491984257,0.0,6089.262982169048
0+6,2025-09-23,71018.25982134702,70100.61600655169,704.8026315643747,70805.41863811607,43967.58425109359,-268.9870664694106,2851.4863283365676,46550.08351296075,0.0,917.6438147953323
0+6,2025-09-24,61637.940454638236,64477.766134740814,2091.7556525227824,66569.5217872636,38883.205105518646,1987.3731273332255,6384.435872246297,47255.01410509816,2839.825680102584,0.0
0+6,2025-09-25,70525.21418636905,71186.9215466102,692.6845813854917,71879.60612799569,43874.37783867972,644.9897502842407,2230.2270180870255,46749.59460705099,757.1256134821626,95.41825324101046
0+6,2025-09-26,46502.56232896073,44265.37508067288,0.0,44265.37508067288,27182.135490678364,-805.4181771945682,0.0,26376.717313483794,0.0,2237.187248287856
0+6,2025-09-27,39959.72170150825,40982.90719825687,50.26954722984931,41033.17674548672,23223.775670750383,1230.7806536419218,107.71889667090174,24562.275221063206,1023.1854967486225,0.0
0+6,2025-09-28,65488.27132834037,69892.78488125581,1912.4101209517603,71805.19500220756,40161.71946575903,3869.522031411641,6786.3601752828,50817.60167245347,4404.513552915441,0.0
0+6,2025-09-29,71056.70354820386,64601.61762450756,3121.373295440497,67722.99091994806,44082.61165276663,-1969.3096637025203,10677.222968257083,52790.52495732119,0.0,6455.085923696294
0+6,2025-09-30,70920.37688319926,71256.2686802784,863.5860026271821,72119.85468290558,44605.191930356894,646.8685817150854,2760.503547896481,48012.564059968456,657.8099958355781,321.91819875645933
0+6,2025-10-01,69736.52091215947,68449.77297897026,98.58184111778326,68548.35482008805,42892.64682533132,-109.81121226810268,214.04796530100327,42996.88357836422,187.98538897443518,1474.7333221636445
0+6,2025-10-02,75592.10924967378,68778.76476377645,111.35805660687004,68890.12282038332,47133.12930042524,-2350.792736764972,285.25290389474094,45067.58946755501,0.0,6813.344485897325
0+6,2025-10-03,39856.513718876115,39936.944382406786,0.0,39936.944382406786,22757.03373241909,109.93193591095816,0.0,22866.96566833005,80.43066353066297,0.0
0+6,2025-10-04,44713.25850480565,43850.62495998817,0.0,43850.62495998817,24838.62221380599,-194.34122671441168,0.0,24644.280987091577,0.0,862.6335448174752
0+6,2025-10-05,69214.16418954954,60657.252346038185,1012.9327224904321,61670.18506852862,41966.05607566053,-2384.71528279412,2931.637001802905,42512.977794669314,32.47525807180352,8589.387101583156
0+6,2025-10-06,60159.07398147705,63523.65249050468,1064.6388046968584,64588.29129520154,37369.92269389103,2421.0112503821733,3114.3358463970576,42905.26979067026,3364.5785090276354,0.0
0+6,2025-10-07,68052.05800522058,67158.31574599887,802.3525457327825,67960.66829173165,41495.887756652795,-120.8041362377172,2840.3326243834526,44215.41624479853,98.64697506664021,992.389234288344
0+6,2025-10-08,65571.85419176964,64551.490843881955,313.0870744168661,64864.57791829882,39659.29682052886,-266.0616641207314,1207.0416029155272,40600.27675932366,0.0,1020.3633478876786
0+6,2025-10-09,75062.87159954116,63954.343924959954,86.10741341770643,64040.45133837766,46160.767068991634,-3440.81664293463,293.81932552594964,43013.76975158295,0.0,11108.527674581212
0+6,2025-10-10,41898.17176465076,41829.54912771787,0.0,41829.54912771787,23605.329628726195,-29.360579424502298,0.0,23575.969049301693,0.0,68.62263693288588
0+6,2025-10-11,40355.50682669528,40647.61380887192,19.27844668988746,40666.89225556181,22280.812892323644,367.44871665148884,41.176886440971515,22689.438495416103,292.1069821766451,0.0
0+6,2025-10-12,63757.939917191994,63958.08659906121,1752.524684623192,65710.6112836844,38192.785169346724,249.18157745704974,7288.621236502318,45730.58798330609,200.14668186920622,0.0
0+6,2025-10-13,68428.9765219046,63801.5187355325,712.6182411244883,64514.13697665699,41528.35335641894,-839.8360155972255,2415.6478120372562,43104.16515285897,619.1779210698535,5246.635707441944
0+6,2025-10-14,71930.00232015198,64496.65221259606,2195.1580883259526,66691.81030092202,44256.479364358616,-1931.2546367563368,6315.225250178882,48640.449977781165,150.01420322083345,7583.364310776757
0+6,2025-10-15,74627.2514032367,69546.71761106417,381.85848981266395,69928.57610087683,45932.92487423745,-1721.8098261522896,1125.6379281627258,45336.75297624788,0.0,5080.533792172542
0+6,2025-10-16,71288.0447938136,71476.3485077482,188.25356620428863,71664.6020739525,44065.05220571926,336.98822111420276,571.7228333389088,44973.76326017237,295.4352705771764,107.13155664258147
0+6,2025-10-17,39387.11475018678,40799.53464331328,0.0,40799.53464331328,21755.483153816996,1771.104369090588,0.0,23526.587522907583,1412.419893126502,0.0
0+6,2025-10-18,40818.54017978561,40818.54017978561,0.2061450177268398,40818.74632480334,23040.634604829134,0.0,0.44073804789998344,23041.075342877033,0.0,0.0
0+6,2025-10-19,68827.33635569659,68773.12754523101,1306.4821760297714,70079.60972126079,42126.10729130529,-17.88890745364274,5420.166913351864,47528.38529720352,0.0,54.208810465584065
0+6,2025-10-20,74772.68980240778,74350.95563260134,406.5401895265681,74757.49582212791,46414.14549459982,-175.893774005316,1328.2309540244125,47566.482674618914,0.0,421.7341698064638
0+6,2025-10-21,74754.0960453671,75202.51764099576,245.32380776412958,75447.8414487599,46098.79137596401,315.8492513339164,660.1969553794295,47074.83758267735,448.4215956286764,0.0
0+6,2025-10-22,72276.1418508054,72123.4551993284,1101.1626519086726,73224.61785123707,44710.353039957234,-61.13853965073804,4354.764195681015,49003.978695987505,0.0,152.68665147702825
0+6,2025-10-23,83679.14293444742,71044.50450648028,413.2345138984299,71457.7390203787,51949.616207077015,-3715.8883271321038,1134.0779064743615,49367.805786419274,313.75405815394583,12948.392486121083
0+6,2025-10-24,42757.19385371252,43518.35936019921,0.0,43518.35936019921,23828.817338263572,883.9924233196192,0.0,24712.80976158319,761.1655064866969,0.0
0+6,2025-10-25,43453.59206730167,43179.353086231466,0.0,43179.353086231466,23637.083323603183,189.14312293244623,0.0,23826.22644653563,255.92258481665615,530.161565886862
0+6,2025-10-26,73253.23161733637,67087.15236426459,2123.6743637038808,69210.82672796847,44828.619491448604,-1814.8078832537578,6957.226902004108,49971.03851019895,123.80565571444293,6289.884908786218
0+6,2025-10-27,68486.85311209463,73437.44020886056,466.4876843220369,73903.9278931826,42264.76273644554,4532.663552338927,1630.1428925318373,48427.56918131631,4950.587096765941,0.0
0+6,2025-10-28,70566.90690985232,73591.95176434143,227.4654794474414,73819.41724378888,43739.17426614405,3001.2262922270575,617.9272583112131,47358.32781668232,3041.197290649945,16.15243616083194
0+6,2025-10-29,79693.93561511554,79513.97708053667,191.13772539657361,79705.11480593325,49395.697178983784,-51.96316524486062,539.8892459380193,49883.62325967695,4.530483609871908,184.48901818872844
0+6,2025-10-30,71491.86050107797,72734.19566803653,179.68696525676768,72913.8826332933,44362.30613759124,1388.9761076314157,526.6386611523357,46277.92090637499,1242.3351669585518,0.0
0+6,2025-10-31,49844.927875780224,48239.52773429953,0.0,48239.52773429953,28124.552309676183,-601.4020827869356,0.0,27523.150226889247,0.0,1605.4001414806912
0+6,2025-11-01,42499.506772253706,42148.39731435873,21.815783496513404,42170.213097855245,23827.70852323078,-144.66404900230748,47.055550194975595,23730.100024423446,0.0,351.10945789497816
0+6,2025-11-02,72727.00463430962,75890.10658598461,1413.1761962949668,77303.28278227958,44895.88896440652,2697.238108094618,6185.303165510137,53778.43023801128,3163.1019516750002,0.0
0+6,2025-11-03,80314.2924196627,77656.46947933338,411.1904050233012,78067.65988435668,49681.97138259017,-887.918725722417,1380.9369400733085,50174.98959694106,0.0,2657.8229403293303
0+6,2025-11-04,76006.76965926682,76116.78034726385,503.36910900402586,76620.14945626787,47042.83689484355,153.45399974742452,2393.5907655135766,49589.881660104555,184.31126540177638,74.30057740474092
0+6,2025-11-05,84390.44536627259,77791.6350430071,275.0698819635283,78066.70492497063,52842.887953273814,-2224.317774804723,800.4884647696972,51419.058643238786,0.0,6598.810323265481
0+6,2025-11-06,80111.66188767143,80621.06689190824,137.67193971774873,80758.73883162599,50013.11726155107,644.339573761457,316.193627115475,50973.650462428006,527.9456162423036,18.540612005481876
0+6,2025-11-07,46902.23029934503,49233.89854049652,0.0,49233.89854049652,26155.23163966662,1672.1758330543175,0.0,27827.407472720937,2331.6682411514917,0.0
0+6,2025-11-08,47572.09371677523,44794.27233762403,5.883157618792836,44800.15549524283,26039.57915186378,-622.2418706525234,12.509625550271657,25429.84690676153,1.432711800820698,2779.254090952014
0+6,2025-11-09,77190.23947229555,76830.87751847306,1478.9117525817092,78309.78927105477,47728.179551808564,-105.37483469582116,5775.774284676404,53398.57900178914,0.0,359.36195382248707
0+6,2025-11-10,79644.76328835908,81849.18084227528,540.5206706737667,82389.70151294905,49665.31413948437,1966.2616393204662,2217.625111511221,53849.20089031606,2341.269794300083,136.85224038388424
0+6,2025-11-11,83794.56276416821,81958.30974437136,160.38169943911817,82118.69144381049,52859.074172516215,-681.2094857051138,401.84159239015617,52579.70627920126,0.0,1836.2530197968424
0+6,2025-11-12,80633.93479822898,83093.98594579026,46.7941677498809,83140.78011354014,50489.76945373704,2744.922828725339,198.03381187002253,53432.7260943324,2460.0511475612902,0.0
0+6,2025-11-13,79272.97702679141,80121.84235537346,818.559779347376,80940.40213472083,49850.06604872308,950.6109499085712,2725.9365301238377,53526.613528755486,961.952978750948,113.08765016889845
0+6,2025-11-14,50765.41152461353,48227.215231611066,0.0,48227.215231611066,28626.54156551357,-677.3669655917304,0.0,27949.17459992184,0.0,2538.1962930024574
0+6,2025-11-15,53098.46617746201,49415.020251065085,0.0,49415.020251065085,29335.944595394154,-980.4645613312352,0.0,28355.48003406292,0.0,3683.4459263969316
0+6,2025-11-16,77713.99770572045,79021.6596672651,1052.4091792607092,80074.06884652581,48234.748516368025,1526.1194882971688,3951.7974734930904,53712.665478158284,1321.242976555362,13.58101501070621
0+6,2025-11-17,76965.9727061658,81359.85035672487,319.23225820886194,81679.08261493374,48187.396710422836,4219.103941334952,915.2545440797024,53321.75519583749,4393.87765055907,0.0
0+6,2025-11-18,82564.01180108573,79988.30212098965,1511.1908921367333,81499.49301312638,51855.110431140994,-964.4721989291307,4803.797973932569,55694.43620614443,0.0,2575.7096800960535
0+6,2025-11-19,82670.75536744208,85874.97373649523,219.47593979918315,86094.44967629442,51989.151794276215,3370.4982801059246,608.5938593796786,55968.24393376182,3238.0202851735908,33.801916120444275
0+6,2025-11-20,83687.18396492106,83649.54453859248,89.85130383442538,83739.39584242691,52708.732218438534,-1.2099297394686737,345.072634828613,53052.59492352768,16.789763801483787,54.42919013007008
0+6,2025-11-21,52011.114147212924,53315.60279294467,0.0,53315.60279294467,29275.105796075728,898.8088551729186,0.0,30173.914651248648,1304.4886457317475,0.0
0+6,2025-11-22,55368.11953102129,51671.88522274297,0.0,51671.88522274297,30648.13793251612,-1127.6566017498612,0.0,29520.48133076626,0.0,3696.2343082783214
0+6,2025-11-23,79329.63885381965,80366.6841144264,934.4758681112118,81301.15998253762,49511.16243216221,1231.3801677025685,3202.8891732777593,53945.43177314254,1037.045260606771,0.0
0+6,2025-11-24,80331.53521987496,79661.5987698937,927.643091334519,80589.24186122822,50363.671278300564,-240.33265513597644,3232.8507957723896,53356.18941893698,5.303659389111772,675.2401093703677
0+6,2025-11-25,92897.35103742393,87133.50251077772,142.88596860138284,87276.38847937911,59365.10827784066,-2078.201369227995,325.52102939292485,57612.427938005596,0.0,5763.848526646214
0+6,2025-11-26,88649.25232964908,87981.94954128106,143.03211088185458,88124.98165216293,56048.596536025834,-150.64439576521096,506.10490999796815,56404.05705025859,57.03914929195159,724.3419376599726
0+6,2025-11-27,86893.15770179563,86832.12203292227,150.1992604928289,86982.3212934151,55028.2247663405,-1.2469548276172446,565.6330117648622,55592.61082327774,32.73459845536286,93.77026732872855
0+6,2025-11-28,54999.71035091624,54953.81302869403,0.0,54953.81302869403,31025.013034225827,-10.698665810000051,0.0,31014.314368415828,0.0,45.89732222222244
0+6,2025-11-29,61701.056479736566,55233.91122611749,41.429951349029125,55275.341177466515,34541.11878517374,-2071.181845983496,89.10021678884752,32559.03715597909,0.0,6467.1452536190745
0+6,2025-11-30,84923.9192280114,84947.41844338973,1024.6362790626147,85972.05472245235,53102.02170226833,509.04985196768155,3956.028062853313,57567.09961708933,576.0425496925199,552.543334314178
0+6,2025-12-01,90587.71880469806,87535.23632527815,4803.835666555685,92339.07199183383,57906.49943407209,-1105.0307746502972,16079.30223404946,72880.77089347126,0.0,3052.4824794199076
0+6,2025-12-02,95113.53626817034,93201.24489563443,2903.2909002629062,96104.53579589733,60754.569584679986,-619.0331164893599,10079.450762288552,70214.98723047918,0.0,1912.2913725359026
0+6,2025-12-03,87111.47059016835,90068.98548704457,3047.225735416243,93116.21122246081,55470.01103359217,2624.034313095678,9718.73645771224,67812.78180440009,2957.5148968762114,0.0
0+6,2025-12-04,96899.1412239623,92547.52194929974,1476.2051986862189,94023.72714798596,62784.03096383458,-1726.9769793697328,4785.509297600717,65842.56328206556,0.0,4351.619274662572
0+6,2025-12-05,64234.90416551895,64021.9093232162,0.0,64021.9093232162,36951.14743745783,-56.477838412730044,0.0,36894.669599045104,0.0,212.99484230275652
0+6,2025-12-06,63662.96285564431,61901.11499294081,17.529881755769907,61918.64487469658,36204.44720549908,-598.3322761561641,38.00543679052103,35644.12036613343,0.0,1761.8478627035033
0+6,2025-12-07,96022.8132244405,89288.21920358704,3605.894513542045,92894.11371712909,61361.190169356596,-2309.568482589342,12004.500515526592,71056.12220229385,0.0,6734.59402085346
0+6,2025-12-08,99835.7246530201,99746.18525497778,198.66362761938024,99944.84888259716,63993.60866015413,4.921128062452418,709.8038889058861,64708.33367712247,63.72973721787719,153.2691352602037
0+6,2025-12-09,99301.74728566894,97687.0714373047,244.12806106238418,97931.19949836707,63868.771897407925,-402.2133903004192,828.352075368578,64294.910582476085,135.23621905995174,1749.9120674242008
0+6,2025-12-10,96668.49915865301,97916.3412682683,166.51742464534107,98082.85869291364,62091.35007950223,1114.4298346221651,477.6956580991185,63683.475572223506,1447.5307427263067,199.6886331110186
0+6,2025-12-11,100875.31265862384,97926.73490474555,207.7458405570267,98134.48074530257,65002.62639156555,-1065.1407276740706,684.9661613272706,64622.45182521875,0.0,2948.577753878286
0+6,2025-12-12,67045.54861379883,67672.48440942312,0.0,67672.48440942312,38423.88282522821,432.6111716698292,0.0,38856.49399689804,626.9357956242809,0.0
0+6,2025-12-13,64791.51887699711,65480.135780971395,2.0667486663849104,65482.20252963778,36825.1237165833,1351.1760621691378,4.418708648730938,38180.718487401165,1492.0855025093301,803.4685985350407
0+6,2025-12-14,90768.8305705997,92701.72422442702,2047.167460161867,94748.89168458889,57497.39529242745,1724.0801867110522,8690.635291416462,67912.11077055497,1932.893653827323,0.0
0+6,2025-12-15,94827.4459655172,97299.80561592366,321.8645903094226,97621.67020623309,60418.57853652636,2431.811355053537,1048.9850638462417,63899.37495542614,2472.3596504064644,0.0
0+6,2025-12-16,101767.84195191,100060.2920846117,110.86168198608885,100171.1537665978,65916.13640917232,-637.7163948478217,242.67259061053983,65521.092604935046,0.0,1707.5498672982876
0+6,2025-12-17,103327.69305778667,98755.78128973514,108.230306938989,98864.01159667413,66559.03531379862,-1572.245672214698,433.9756933358709,65420.7653349198,0.0,4571.911768051534
0+6,2025-12-18,98796.44403927542,99009.00681538331,148.51219799812557,99157.51901338143,63950.21333798182,344.7430373158193,376.968819852058,64671.9251951497,322.7223675142685,110.15959140637403
0+6,2025-12-19,66709.28431028333,67434.97717474795,0.0,67434.97717474795,38489.78335294914,501.07550695080215,0.0,38990.85885989994,725.692864464623,0.0
0+6,2025-12-20,65987.2022902726,64457.36139700383,0.0,64457.36139700383,37782.94613993952,-578.1405069254922,0.0,37204.80563301403,0.0,1529.8408932687746
0+6,2025-12-21,97188.48541949743,95061.38737203543,794.1285873528942,95855.51595938833,61964.82592751633,-651.118366426054,3038.711095534673,64352.41865662495,5.190470862426082,2132.288518324417
0+6,2025-12-22,97537.7729109803,97262.92093427913,567.7914744322661,97830.71240871139,62675.27337406084,-110.81874912998668,2109.1661203460603,64673.620745276916,0.5507050900066588,275.4026817911691
0+6,2025-12-23,100500.74233927758,98443.68147337796,128.8297918330203,98572.51126521098,64599.73013498995,-537.0948726477224,344.4662196233055,64407.10148196553,98.9238703591169,2155.9847362587225
0+6,2025-12-24,100408.93905257045,100344.77614344895,73.18634760572706,100417.96249105468,64950.14091547036,-21.23341403398704,248.6534874188248,65177.56098885519,0.0,64.16290912151828
0+6,2025-12-25,96541.51520070588,96717.56480905865,297.2027238830392,97014.76753294168,61863.254375757424,127.21512148471837,831.6904338506522,62822.15993109279,204.72665502780342,28.67704667505268
0+6,2025-12-26,66451.54706812758,66466.51795482522,0.0,66466.51795482522,38248.424409482206,105.84210066314586,0.0,38354.26651014535,133.1319647973687,118.16107809973971
0+6,2025-12-27,64900.69920428702,64678.43688208576,0.0,64678.43688208576,36812.95937606972,-40.828280260737074,0.0,36772.13109580898,14.605288671186088,236.86761087244918
0+6,2025-12-28,94881.22710721177,94098.39671850324,566.2784995291959,94664.67521803244,60442.096905623286,-301.86093719683436,2274.692798098152,62414.9287665246,9.986893759506643,792.8172824680433
0+6,2025-12-29,95775.68657811495,96674.2912149615,167.38892386745738,96841.68013882896,60734.28804756567,880.8649445364315,565.8795368151891,62181.03252891729,898.60463684656,0.0
0+6,2025-12-30,97495.54469725292,97326.39062475518,35.635876631659045,97362.02650138683,62402.607365077565,358.53360558600787,130.720694658118,62891.861665321696,395.07015725533296,564.2242297530589
0+6,2025-12-31,100170.98826585204,99301.81426621668,165.9927404521452,99467.80700666882,64175.81034824633,-204.26131762342584,385.8613773644725,64357.41040798738,0.0,869.173999635343
0+6+12,2025-02-01,60775.4398053866,57569.72993439991,0.0,57569.72993439991,34221.86316844639,-1042.4536305409404,0.0,33179.40953790545,32.286097323710806,3237.9959683104016
0+6+12,2025-02-02,90616.31406086122,88116.4521758125,135.96451689074263,88252.41669270325,56954.86327755812,-829.1568782916033,604.3674995436326,56730.07389881015,0.0,2499.861885048712
0+6+12,2025-02-03,94367.68295613486,89786.31041787768,76.32309751670364,89862.6335153944,59554.249536108946,-1592.195687672671,265.61187720844794,58227.66572564472,0.0,4581.372538257168
0+6+12,2025-02-04,96625.33468757314,93110.96263490617,120.00065949521536,93230.96329440139,61678.987344691486,-1259.4856396860869,286.7726545589952,60706.2743595644,77.80456646955918,3592.1766191365173
0+6+12,2025-02-05,91926.46472685086,91777.60683899315,66.00150990602845,91843.60834889917,58372.10649571552,134.76403712529515,199.24386029818282,58706.114393138996,249.61960672929723,398.47749458700946
0+6+12,2025-02-06,98594.35972529966,92243.73202050169,27.41468356081043,92271.1467040625,63144.42190974785,-2381.7066058492255,58.649320179169116,60821.36462407779,0.0,6350.627704797971
0+6+12,2025-02-07,61428.95743155162,58133.992618432676,0.0,58133.992618432676,34802.32515884903,-1026.8158774172582,0.0,33775.509281431776,0.0,3294.9648131189506
0+6+12,2025-02-08,49434.834051502825,50523.5622789067,0.0,50523.5622789067,26941.03884774468,986.6247717859543,0.0,27927.663619530635,1088.7282274038785,0.0
0+6+12,2025-02-09,86340.69850481907,86289.24833222237,353.4967854322234,86642.74511765459,53862.55888904544,466.7038438997126,1376.3327889631569,55705.595521908304,533.0489782331263,584.4991508298328
0+6+12,2025-02-10,84599.09238360911,81203.58742478355,384.53058445447425,81588.11800923802,52809.06523855729,378.21410874192065,1107.5725857210166,54294.85193302023,2315.850477633514,5711.3554364590755
0+6+12,2025-02-11,86136.30657064392,82913.89661726472,65.67108624100113,82979.56770350572,54233.51467663057,-1267.6698421818242,145.08009737964764,53110.9249318284,0.0,3222.409953379206
0+6+12,2025-02-12,87622.03751379589,83625.61266951634,77.82743637957759,83703.44010589592,55100.369947672916,-1390.6105607402872,283.81279915993804,53993.57218609257,0.0,3996.4248442795592
0+6+12,2025-02-13,82885.11571783133,80843.60595518167,95.62938820955969,80939.23534339124,51627.18787836937,-589.502853008978,206.0876447411993,51243.77267010159,123.71168379490078,2165.2214464445624
0+6+12,2025-02-14,53064.593207573744,52805.509982453805,0.0,52805.509982453805,29236.394464637437,540.2479450822757,0.0,29776.642409719712,643.2086265790106,902.2918516989494
0+6+12,2025-02-15,50146.84780666194,46543.438561947274,0.0,46543.438561947274,27358.582349626366,-927.3772186516824,0.0,26431.205130974682,0.0,3603.4092447146677
0+6+12,2025-02-16,82700.67031604132,77612.5270155082,2709.7618508164232,80322.28886632461,51249.85901180208,-1834.2507439077958,10202.891402338755,59618.49967023304,0.0,5088.143300533122
0+6+12,2025-02-17,83879.98135842728,78033.32054087037,560.9763997727265,78594.2969406431,51801.18977417722,-1684.593515968955,1657.062506541023,51773.658764749285,215.61463478940868,6062.275452346325
0+6+12,2025-02-18,76440.87028607947,78919.1243530115,676.6025002666415,79595.72685327815,47371.05825579073,2082.55384084695,2418.227966214664,51871.840062852345,2478.254066932034,0.0
0+6+12,2025-02-19,78320.66305155348,79125.61721101188,528.4344640470764,79654.05167505896,48638.117908688306,862.3550744397311,1357.9913502345325,50858.464333362565,865.3758168776963,60.42165741928602
0+6+12,2025-02-20,82210.99046438024,80788.85542871089,96.33058331089171,80885.18601202178,50805.60525063781,389.2372586409415,301.3611738551706,51496.20368313392,912.4330273700286,2334.5680630393927
0+6+12,2025-02-21,49195.27969699985,48367.58985327433,2.2737367544323206e-13,48367.58985327433,26863.1535564823,161.70867099812335,5.227320798439905e-13,27024.862227480422,536.1968871389373,1363.8867308644608
0+6+12,2025-02-22,46936.73435908945,46163.83924420679,42.397602535746955,46206.23684674254,25603.05733457162,25.729827926591668,90.64607422142699,25719.433236719637,243.87253033953917,1016.7676452221979
0+6+12,2025-02-23,75624.55437390725,74772.57824486902,2345.5663859632587,77118.14463083228,46018.354640704565,138.69086953837927,8490.22535352549,54647.27086376844,582.103497751936,1434.0796267901605
0+6+12,2025-02-24,74726.2771575491,76244.10358604838,323.6918713930545,76567.79545744143,46221.66419902035,1181.5782859725273,1300.1470539743173,48703.389538967196,1864.4246960675196,346.5982675682304
0+6+12,2025-02-25,79107.35081659639,74271.86440125518,317.1503319583784,74589.01473321355,48679.106733305816,-1361.4895096801456,836.7901948990468,48154.407418524715,292.51615984016837,5128.002575181377
0+6+12,2025-02-26,73181.78473616214,75635.08379660845,280.58107123328426,75915.66486784174,44741.36641214122,2423.261185042461,815.6423790647477,47980.269976248426,2453.299060446312,0.0
0+6+12,2025-02-27,75315.63347431904,75271.34528593134,50.61663190406426,75321.9619178354,46392.505484345675,509.97631586324906,146.78154879709794,47049.26334900602,655.5779822665286,699.8661706542196
0+6+12,2025-02-28,44891.49460308283,44481.902991324416,0.0,44481.902991324416,24941.135674994573,156.33889507604832,0.0,25097.474570070623,573.1171025084172,982.7087142668407
0+6+12,2025-03-01,51453.48171655876,44683.52350113407,0.0,44683.52350113407,27824.893393645183,-1651.1233820369257,0.0,26173.770011608256,0.0,6769.958215424687
0+6+12,2025-03-02,79131.29876902138,79492.22487049899,745.9887099301933,80238.21358042919,48529.10135505311,760.4962676530723,3180.0301793512026,52469.62780205739,683.3697219871373,322.44362050952043
0+6+12,2025-03-03,82842.98351427677,78608.83664430236,809.5778068121881,79418.41445111454,51093.986150533885,-418.501462221115,2410.608099368498,53086.092787681264,1021.2821375016545,5255.429007476085
0+6+12,2025-03-04,75138.35534756836,76214.7867331104,834.1896918102043,77048.9764249206,46261.54634959895,1014.7723182107236,2325.7979866592514,49602.116654468926,1076.4313855420553,0.0
0+6+12,2025-03-05,80386.68376950361,76164.32435408498,165.85139298460183,76330.17574706959,49633.96517198524,-1372.0204326239082,394.64061101529217,48656.58535037662,42.13078067363574,4264.490196092274
0+6+12,2025-03-06,75356.22084205417,75181.00209019789,110.27189642648989,75291.27398662438,46260.38894814418,120.0982676166563,393.63342968060294,46774.120645441435,231.25378911398838,406.4725409702802
0+6+12,2025-03-07,49432.96975377563,45093.84551209383,0.0,45093.84551209383,27557.63526502577,-1231.9758038303926,0.0,26325.659461195377,0.0,4339.1242416818
0+6+12,2025-03-08,39457.54715677866,39398.28787153118,0.0,39398.28787153118,21920.01042315495,25.80120654236623,0.0,21945.811629697313,60.909568982955236,120.16885423044081
0+6+12,2025-03-09,73557.47870248424,67930.36842169534,979.2983842802134,68909.66680597556,44369.7571337393,-800.2250815272143,3623.421507577259,47192.95355978935,1092.7098617700424,6719.82014255894
0+6+12,2025-03-10,72068.79031076506,72978.02352323459,1038.7574416443626,74016.78096487896,43420.04443474075,1094.3645885602996,3562.3570722207714,48076.766095521816,959.2695091684164,50.03629669891586
0+6+12,2025-03-11,66117.50836996958,71619.08168986085,235.58940010330522,71854.67108996415,40391.683871319205,5511.082707385994,635.7990113348663,46538.56559004006,6902.181667874923,1400.6083479836439
0+6+12,2025-03-12,76810.3559726864,70832.66783055183,250.72994158878873,71083.39777214061,47133.76607783251,-1441.1030758198665,601.9957125749763,46294.65871458762,677.6893792488335,6655.377521383417
0+6+12,2025-03-13,77054.23100501896,77389.5211287982,98.1315203531027,77487.65264915129,47121.81271267545,841.2390945406659,209.83776672706492,48172.889573943175,1030.3611211538964,695.0709973746683
0+6+12,2025-03-14,41247.4078787918,41958.089468109654,0.0,41958.089468109654,23074.210661554458,894.7779268678638,0.0,23968.988588422322,781.8963720896118,71.2147827717517
0+6+12,2025-03-15,41653.15640362384,41976.61393563103,52.65799457351329,42029.271930204544,22409.510124781074,1387.3301089561305,112.52409976225476,23909.36433349946,1727.9242360581814,1404.466704050996
0+6+12,2025-03-16,68768.8280740242,68851.64105465601,645.8605219796315,69497.50157663564,41743.40454003137,540.975538797762,1978.3475240075254,44262.72760283666,1270.2801781153717,1187.4671974835644
0+6+12,2025-03-17,67087.71808780098,63308.096069260246,695.3270193274323,64003.423088587675,39866.69408015713,-325.9234205310338,2107.431892098407,41648.202551724506,743.1158802262089,4522.7378987669545
0+6+12,2025-03-18,77310.50468895322,70757.20633712465,129.16452968989915,70886.37086681454,47439.4626714622,-1986.9839759600516,350.3473949754088,45802.82609047756,268.1919480549221,6821.490299883501
0+6+12,2025-03-19,64531.994646522115,68192.42370047494,571.4299283618565,68763.8536288368,39387.55728122582,3960.650028411525,1391.4426633586663,44739.649972996005,4485.981800257006,825.5527463041827
0+6+12,2025-03-20,73832.04950476668,68446.74512601079,656.0046925483563,69102.74981855915,45372.24383879981,-1549.9188413247568,1580.2554613607708,45402.58045883583,585.3606978599298,5970.665076615809
0+6+12,2025-03-21,39899.89995869213,38298.652377912804,0.0,38298.652377912804,22448.041512315656,-532.1691814346848,0.0,21915.87233088097,8.912233143278854,1610.1598139226062
0+6+12,2025-03-22,39622.305296217106,39083.40474713198,13.477208140217499,39096.8819552722,21962.93024398051,-147.48015366230533,28.814271003785013,21844.26436132199,0.0,538.9005490851207
0+6+12,2025-03-23,70100.27247355877,65681.07880322935,856.0719798329046,66537.15078306226,42300.182384769796,-1553.418938368694,3212.90828013556,43959.67172653666,0.0,4419.193670329426
0+6+12,2025-03-24,67747.26937784991,65807.39868417614,516.3926168050772,66323.79130098122,40688.54649500365,275.0112388133781,1370.6269915818457,42334.184725398874,1049.4366825413683,2989.3073762151407
0+6+12,2025-03-25,75857.66704079992,67540.11371425712,701.094700159281,68241.20841441641,46108.628894428315,-2507.475198981491,2205.205457898324,45806.35915334515,247.3487426398237,8564.90206918261
0+6+12,2025-03-26,67103.88277461681,64455.33344198835,180.94901745089027,64636.28245943924,40678.285361641654,-313.6918175453329,394.9999050045776,40759.5934491009,615.0528614600871,3263.602194088542
0+6+12,2025-03-27,71176.6807909442,67255.55864115275,227.04092441742478,67482.59956557017,43491.56000061828,-718.6986811690832,497.3254350883018,43270.1867545375,748.557258441792,4669.679408233241
0+6+12,2025-03-28,40221.16014698924,40309.123449779305,0.0,40309.123449779305,22128.824634840697,105.61007903414797,0.0,22234.434713874845,87.96330279006413,0.0
0+6+12,2025-03-29,36081.39407984365,36672.41273914634,0.0,36672.41273914634,19570.79988779134,772.8215832028259,0.0,20343.621470994167,591.0186593026834,0.0
0+6+12,2025-03-30,64418.99702240604,58746.29489247969,1825.7240297008148,60572.018922180505,38085.89156851171,-1511.1222383264144,6000.051145406218,42574.82047559151,0.0,5672.70212992634
0+6+12,2025-03-31,58189.61866104347,63328.864470953355,482.18307713415686,63811.04754808751,35101.942291290165,6111.931750969688,1420.4176607640006,42634.29170302385,8186.765254739381,3047.519444829486
0+6+12,2025-04-01,72603.82893279697,69085.50309749803,478.01683029241156,69563.51992779045,43105.4507170811,-597.5537113178882,1263.5779549214963,43771.4749606847,544.5001024998497,4062.8259377987924
0+6+12,2025-04-02,70497.37327005627,70414.06290289735,282.6764909430548,70696.7393938404,42255.229097391195,664.2963185776753,924.5445242081773,43844.06994017705,727.8735043389006,811.1838714978172
0+6+12,2025-04-03,71756.97581421041,67274.44690138075,111.93546012343796,67386.38236150419,43905.77409289214,-1595.394288186614,266.25776609962793,42576.63757080515,0.0,4482.528912829646
0+6+12,2025-04-04,37669.62551306215,37660.900036847015,0.0,37660.900036847015,20736.3604411579,228.92250164777928,0.0,20965.28294280568,265.316915898515,274.04239211365814
0+6+12,2025-04-05,34971.29652596393,35155.05952293185,0.0,35155.05952293185,18974.78349918001,233.17325720856596,0.0,19207.956756388576,183.76299696791995,0.0
0+6+12,2025-04-06,63389.2197512622,60801.64781760113,649.5655193809896,61451.21333698212,37052.34046020877,88.83749994328798,2670.1903652962546,39811.36832544831,716.4910412628086,3304.062974923881
0+6+12,2025-04-07,58706.19407796519,59643.9383202936,386.39005561464154,60030.32837590824,34626.77762947776,1856.1020307319777,1135.2918247978675,37618.1714850076,1768.077484564561,830.3332422361585
0+6+12,2025-04-08,67939.87603838721,63370.22782876673,252.8127224537453,63623.040551220474,40876.14760734256,-1323.959276117911,1080.6136562946883,40632.801987519335,106.28378067289225,4675.931990293377
0+6+12,2025-04-09,67571.72350908344,67747.11077396819,216.3777865541102,67963.4885605223,40497.54729927707,287.50318449453897,656.4081331217245,41441.45861689333,744.3537318989025,568.9664670141489
0+6+12,2025-04-10,66790.04199708797,64450.46385245088,171.3920824400023,64621.85593489088,40600.83722172999,-780.2004701825863,622.367208384805,40443.00395993221,333.3163708491534,2672.8945154862477
0+6+12,2025-04-11,35222.826976252414,35500.592328905244,0.0,35500.592328905244,19269.264180398735,431.233367506723,0.0,19700.49754790546,357.40567127342797,79.64031862059485
0+6+12,2025-04-12,36941.77952339982,35425.59264189059,1.7860785095444953,35427.378720400135,20448.59808000512,-614.2385519270106,3.8186358534061307,19838.178163931516,0.0,1516.1868815092337
0+6+12,2025-04-13,59172.07543239238,58972.549681420576,1127.4960542382892,60100.04573565887,34855.688030365134,83.61249744965633,4476.593410641761,39415.89393845655,205.48443770392922,405.01018867573885
0+6+12,2025-04-14,65241.04997667586,57426.308917287315,1090.9823279513857,58517.2912452387,39042.518387894255,-2558.156067368124,3470.1025089030495,39954.464829429184,0.0,7814.741059388549
0+6+12,2025-04-15,57345.93527371963,58840.64373873132,121.86376541474397,58962.507504146066,34005.76059473092,2114.2791998466937,532.9726565686874,36653.0124511463,2134.382467197746,639.674002186054
0+6+12,2025-04-16,65238.63989042938,64687.488757278195,169.72744606621922,64857.21620334441,38303.10672471592,1075.8287918640817,431.150680167798,39810.086196747805,1297.5991270081038,1848.7502601592996
0+6+12,2025-04-17,59375.402131601826,62583.90132833754,50.611296855509636,62634.51262519305,36077.62562343231,2515.1274192443957,137.28583373725212,38730.03887641396,3930.33935604734,721.8401593116349
0+6+12,2025-04-18,35529.6325126463,35453.09305597919,0.0,35453.09305597919,19533.245465437903,-35.7140670860216,0.0,19497.531398351883,0.0,76.53945666710996
0+6+12,2025-04-19,33690.08077576627,34504.94195964022,4.579907782160603,34509.52186742238,17809.601197273638,1086.1340785900109,9.79184283825937,18905.527118701906,814.861183873952,0.0
0+6+12,2025-04-20,56227.348405762415,56699.05001058623,677.5367752110504,57376.58678579728,33365.69590461731,508.93057214662133,1669.0997544280822,35543.72623119201,485.611226148649,13.909621324830368
0+6+12,2025-04-21,62213.15030217559,54686.67703034459,708.4152368529179,55395.092267197506,36711.31161477312,-2130.4258955652117,2386.5945506625058,36967.480269870415,18.214363041939095,7544.687634872944
0+6+12,2025-04-22,56595.128757725804,59532.17922248988,184.85489084586644,59717.03411333575,33623.19508659303,2793.8311319034738,495.6677249646037,36912.693943461105,3451.2590698343756,514.2086050702978
0+6+12,2025-04-23,56607.36133322568,59746.550921229515,381.0732309653561,60127.62415219487,33474.4062968998,2518.613373735129,1041.924075515642,37034.943746150566,3139.1895880038373,0.0
0+6+12,2025-04-24,59581.12228760252,57943.25236237858,19.728079773082698,57962.98044215167,35271.17096285787,537.8755409728881,54.695794136369344,35863.74229796713,1356.625724468277,2994.4956496922227
0+6+12,2025-04-25,35097.952595468996,34498.45253646418,0.0,34498.45253646418,19341.1299188335,-278.5016413899889,0.0,19062.62827744351,0.0,599.5000590048171
0+6+12,2025-04-26,33124.72880291242,33246.21344000368,0.0,33246.21344000368,17826.91203630894,154.23963252412173,0.0,17981.15166883306,121.48463709126106,0.0
0+6+12,2025-04-27,53429.282679944416,54703.91599881474,1455.5832937916575,56159.49929260639,31616.953993118856,1072.2854063537945,6017.459652991447,38706.6990524641,1456.5849283823725,181.95160951205264
0+6+12,2025-04-28,66847.23166685528,65015.66830335436,246.25495887342038,65261.92326222778,39126.49148840251,-429.78101026879494,751.2245960855563,39447.93507421928,285.17083291052785,2116.734196411443
0+6+12,2025-04-29,59097.41575988631,56170.438177322,155.70714792643662,56326.145325248435,34944.19775557444,-189.51275485021176,564.4075283233092,35319.092529047535,457.90030882920695,3384.877891393522
0+6+12,2025-04-30,56999.78189335465,55933.25640906416,535.7781939057645,56469.03460296993,34093.24193244737,-439.63017018746007,1182.2144532301427,34835.826215490044,0.0,1066.5254842904842
0+6+12,2025-05-01,59877.466020135056,58850.288876945946,2088.680130581327,60938.969007527274,35907.1490946713,-275.44696068641036,9485.264313600524,45116.96644758542,10.460561185242256,1037.6377043743535
0+6+12,2025-05-02,39523.3458641334,38714.51078762022,24.846645862130515,38739.35743348235,22105.338518518183,-240.23476183426962,52.862958319326104,21917.96671500324,0.0,808.8350765131859
0+6+12,2025-05-03,34897.89628367593,34816.90250009333,29.6972943239183,34846.59979441725,19067.964704616017,-38.61388728868393,63.51548860006068,19092.866305927393,0.0,80.99378358259438
0+6+12,2025-05-04,60219.503956307104,54217.013545869224,2979.6312272811674,57196.644773150394,35540.09638330963,-1629.3944224205297,13130.89256154495,47041.59452243405,0.0,6002.490410437876
0+6+12,2025-05-05,62774.678030440016,60914.04475043694,1644.475835750944,62558.52058618788,38016.70907443664,-843.3993803326412,7237.937958388202,44411.2476524922,0.0,1860.6332800030748
0+6+12,2025-05-06,56430.76099213784,57832.88369080479,1472.412618217072,59305.29630902186,34055.34735321185,1440.600496540166,5721.339305357938,41217.28715510995,2309.9991296803305,907.8764310133816
0+6+12,2025-05-07,61844.10582570984,62820.96726615359,469.3787673256437,63290.34603347923,37626.59227359363,705.9922545086573,2385.070532727947,40717.65506083024,976.8614404437498,0.0
0+6+12,2025-05-08,69114.51163102695,66428.27903778641,271.51426277934814,66699.79330056577,41222.27610972659,-379.90852747572717,982.9186600868907,41825.28624233776,432.5263009244426,3118.7588941649756
0+6+12,2025-05-09,40091.606684134575,39747.082313677965,0.0,39747.082313677965,22625.42792326795,94.04304509255965,0.0,22719.47096836051,164.06020161598624,508.58457207259454
0+6+12,2025-05-10,36304.0431388617,37270.52717451393,0.0,37270.52717451393,20194.555952299557,1329.1225416058091,0.0,21523.678493905365,1007.3608103396651,40.87677468743398
0+6+12,2025-05-11,62127.87983169684,60539.52793909876,1166.7499987821457,61706.27793788091,36740.92105550162,646.4793128128483,4771.935822278389,42159.33619059286,1097.9931065644587,2686.344999162534
0+6+12,2025-05-12,56606.33501344992,59523.292733792434,403.47350034718636,59926.76623413962,34242.451664970315,3430.9689071316075,1128.9340860253135,38802.35465812724,3882.261814689524,965.3040943470123
0+6+12,2025-05-13,67588.4781733001,61754.05389368112,51.014819874809405,61805.06871355593,40356.46521605936,-1292.1793148362976,151.16632572490872,39215.45222694797,368.1223386841166,6202.546618303091
0+6+12,2025-05-14,66575.77241110962,63210.814610539244,138.54323035594388,63349.35784089519,40701.97992721766,-1101.2558810610271,300.44776075498964,39901.171806911625,116.41486201087048,3481.372662581245
0+6+12,2025-05-15,65658.71884078428,63985.07080743395,66.82335243875474,64051.8941598727,41133.81152309512,29.077395645462502,157.74490293974523,41320.633821680334,1568.6211958044541,3242.2692291547764
0+6+12,2025-05-16,37489.99668644785,36557.48481373138,0.0,36557.48481373138,22101.398358531234,-420.2257170889057,0.0,21681.17264144233,0.0,932.5118727164606
0+6+12,2025-05-17,35903.47213240203,35207.344650248655,9.760510248608739,35217.10516049727,20701.489611767414,-298.0308817935914,21.11922697587612,20424.5779569497,0.0,696.1274821533734
0+6+12,2025-05-18,65843.002209312,62353.33721694673,482.0847017066712,62835.4219186534,39325.43434920563,-964.2847816800671,1149.8555281261386,39511.0050956517,0.0,3489.664992365284
0+6+12,2025-05-19,61125.37556807228,57765.503846978216,89.9336043638935,57855.437451342106,36657.71481591703,-515.2820313053292,521.7333929836717,36664.166177595376,244.4271915503763,3604.298912644439
0+6+12,2025-05-20,61537.364314601306,62592.3778416357,205.26439342803306,62797.64223506374,37233.95778579105,1095.9313776967422,673.1601009951147,39003.0492644829,1060.5812371197526,5.5677100853546335
0+6+12,2025-05-21,59251.29764770234,61164.128053787485,109.27971830719332,61273.40777209468,36360.97810602911,2121.2406855017425,266.0220023541607,38748.240793885016,2575.0623184162782,662.2319123311427
0+6+12,2025-05-22,62381.7396312793,61963.282437314876,62.48557746262179,62025.768014777495,38544.08596250358,-144.08447975425298,216.6718355636312,38616.67331831296,0.0,418.4571939644181
0+6+12,2025-05-23,36367.110172185996,37447.39024261738,0.0,37447.39024261738,20854.66542023989,1415.2331835773502,0.0,22269.89860381724,1093.546824826829,13.266754395447453
0+6+12,2025-05-24,35268.40799213657,34861.55175278669,0.0,34861.55175278669,20328.80277534718,-196.4537830136901,0.0,20132.34899233349,0.0,406.8562393498745
0+6+12,2025-05-25,59107.00554778174,56710.227892004026,428.04525964448084,57138.27315164851,35448.39706751643,-436.4118343403262,1582.0214274073771,36594.00666058349,89.06069226553194,2485.838348043244
0+6+12,2025-05-26,58673.07336912934,61394.18035823389,347.8770316392362,61742.05738987312,35922.90679894209,2183.3593352460634,788.8163731019688,38895.08250729012,2721.1069891045418,0.0
0+6+12,2025-05-27,57906.68642541312,58289.25127078409,245.90730667565145,58535.15857745974,35618.955849880775,1585.0540966445792,539.3612732630788,37743.37121978843,2409.9762883593726,2027.4114429884169
0+6+12,2025-05-28,66484.44965191098,64288.20255301716,156.8831727706559,64445.085725787816,39830.14385288481,-335.16170820267274,407.06306035557327,39902.04520503771,258.57737429281565,2454.8244731866303
0+6+12,2025-05-29,65593.08498209508,64738.58775388185,175.8403229756483,64914.428076857504,39466.43720387464,521.4940440204196,612.248420272141,40600.1796681672,1032.2510453021732,1886.7482735154163
0+6+12,2025-05-30,38245.379572152175,38211.87311787963,13.458559991347954,38225.33167787098,22189.92240251993,2.209047084938655,29.292555821168822,22221.424005426037,14.867555770683566,48.37401004323328
0+6+12,2025-05-31,38876.262674154554,36688.94228503481,125.92390583471837,36814.86619086953,22626.63435077672,-921.8428444116895,269.20982892340066,21974.00133528843,0.0,2187.3203891197422
0+6+12,2025-06-01,75408.21674120649,70219.34430376752,6642.569694544122,76861.91399831163,45559.90019974833,-1920.9301122506643,25535.210025509965,69174.18011300763,0.0,5188.872437438979
0+6+12,2025-06-02,80195.4511073154,69236.16965298899,4656.726096488019,73892.895749477,49544.61919663017,-3519.6622422641008,16656.94580414068,62681.90275850675,0.0,10959.2814543264
0+6+12,2025-06-03,75965.2667482036,75708.0655494686,2056.910975028927,77764.97652449753,46901.09206244377,913.6038783023803,7186.004891425804,55000.70083217196,1066.8346316959369,1324.0358304309364
0+6+12,2025-06-04,88218.97167994062,75451.80778402969,1599.577316894152,77051.38510092384,55326.86887533506,-2355.373932322645,4622.4350228787625,57593.92996589118,3114.1438368202316,15881.30773273117
0+6+12,2025-06-05,78148.59477952812,78075.27189737278,1061.0511659074239,79136.3230632802,47893.27035323024,725.6605006858573,3897.2860807335237,52516.21693464962,695.2836301105835,768.6065122659387
0+6+12,2025-06-06,54020.18922609267,52248.569021086085,5.917550048132284,52254.48657113421,31832.877235063246,-497.75671168597876,12.678350978123419,31347.79887435539,0.0,1771.6202050065917
0+6+12,2025-06-07,55699.14035458544,49347.70109981639,0.0,49347.70109981639,31368.044762424164,-1395.0816945108008,0.0,29972.963067913362,204.37800818419902,6555.817262953247
0+6+12,2025-06-08,73842.84432959612,72175.2125514294,456.6843606195246,72631.89691204892,45195.27219298552,1036.0621770741243,1668.1766196728945,47899.51098973254,1901.5742815651715,3569.2060597318896
0+6+12,2025-06-09,84366.96835845716,80176.27120681583,637.8560982988243,80814.12730511466,53095.34963757314,-1528.122472902387,1754.0168472741952,53321.244011944946,0.0,4190.697151641337
0+6+12,2025-06-10,80006.70978871282,80093.43445911065,162.76298855045633,80256.1974476611,49785.803027468166,432.450729686782,353.58154770780646,50571.835304862754,536.1188802545131,449.3942098566789
0+6+12,2025-06-11,86023.32796062058,86296.29754010298,207.7408907661167,86504.0384308691,54816.96465882364,568.9303784140794,691.1815826177258,56077.07661985545,686.8652343999374,413.89565491753194
0+6+12,2025-06-12,85246.65083288943,84487.71929635841,104.30544838812182,84592.02474474654,53903.87621719041,-295.9505731337866,226.07691476768247,53834.00255882431,0.0,758.9315365310183
0+6+12,2025-06-13,53267.71435657119,51744.888161043506,0.0,51744.888161043506,31255.65016850418,-291.6908486625219,0.0,30963.95931984166,243.61114490450302,1766.4373404321823
0+6+12,2025-06-14,50710.245220842495,49261.13927805636,19.799746937604255,49280.93902499397,29645.751035499023,-451.78171724077686,41.98536338118982,29235.954681639436,0.0,1449.1059427861392
0+6+12,2025-06-15,76114.11257750593,78687.9235833789,617.9074913697859,79305.83107474868,47418.001147832816,1966.9258187254604,2034.54748595891,51419.474452517185,2687.164370809418,113.35336493644263
0+6+12,2025-06-16,81352.05072137062,81502.3345278103,506.29214903134744,82008.62667684164,50817.22521188597,298.2880637273425,1714.3213279096788,52829.83460352299,575.2340446632697,424.95023822360406
0+6+12,2025-06-17,84781.72442913993,85081.30794109672,258.0973157111792,85339.40525680789,53057.9637573818,1117.6882511013719,963.9174839114667,55139.569492394636,1249.6584525394521,950.0749405826468
0+6+12,2025-06-18,85990.87783074784,84234.29788971914,101.6099447162386,84335.90783443538,53819.52698919268,339.198202108945,316.9200360140527,54475.645227315676,1180.240413272921,2936.820354301623
0+6+12,2025-06-19,82199.4130854642,79595.26816634224,247.72837497529812,79842.99654131754,51368.50389414988,601.5974199938107,835.4121274807375,52805.51344162443,2048.550181102955,4652.695100224918
0+6+12,2025-06-20,52230.2043425456,51149.468954064665,0.0,51149.468954064665,31098.759676720685,-326.83536666414403,0.0,30771.92431005654,0.0,1080.735388480933
0+6+12,2025-06-21,44536.65655798801,44521.95083564525,0.0,44521.95083564525,26727.822916172558,-6.794204897596305,0.0,26721.02871127496,0.0,14.705722342766194
0+6+12,2025-06-22,76272.39082358082,75196.80040453438,159.8963270904684,75356.69673162485,46528.02276171635,1854.641258517143,438.62560823214756,48821.28962846564,2301.465911055905,3377.056330102339
0+6+12,2025-06-23,78379.19191627127,78003.7154370519,259.40464217023106,78263.12007922214,49277.24098625047,-67.90200046588542,779.6971418888452,49989.036127673426,62.527578859808,438.004058079184
0+6+12,2025-06-24,90940.56529644315,87625.41659735328,312.4904110432779,87937.90700839656,57814.99380177265,-1198.5839623826819,842.2663412574195,57458.67618064739,0.0,3315.148699089858
0+6+12,2025-06-25,82143.9204742276,82965.31988341431,15.439322423234856,82980.75920583754,50836.60166159742,1519.4253560614611,56.70207470297205,52412.72909236186,1422.5038796711883,601.1044704844745
0+6+12,2025-06-26,79389.287467329,80079.0453199739,82.1097454369951,80161.15506541089,50068.666992395956,497.7674725708024,339.33346152213744,50905.7679264889,786.0075832555438,96.24973061065748
0+6+12,2025-06-27,50256.760849174956,47093.94126490313,0.0,47093.94126490313,30283.13681245091,-1161.5382128490642,0.0,29121.598599601846,0.0,3162.819584271837
0+6+12,2025-06-28,46129.74212026107,46041.219257840916,30.431671971801563,46071.65092981272,27530.717767429847,-38.315645880161384,65.90582784332398,27558.30794939301,0.0,88.52286242016305
0+6+12,2025-06-29,73512.06296332032,75901.78503147239,1380.854672119011,77282.6397035914,44904.82511094086,3023.709919746715,4074.2257233405535,52002.76075402813,2924.6262211593803,534.9041530073061
0+6+12,2025-06-30,81674.82378698328,79570.77519887852,379.382211210457,79950.15741008897,50900.02575896806,-579.4121402844642,1257.683837951133,51578.29745663473,157.97684695480655,2262.025435059576
0+6+12,2025-07-01,73461.819800222,74045.4577816656,9229.160635551867,83274.61841721745,45276.42934010321,477.0460579712375,32344.643674644394,78098.11907271884,620.1242152594336,36.48623381582911
0+6+12,2025-07-02,74115.81585613012,73073.04755366319,4472.173092615098,77545.22064627828,46256.53283838005,-405.3742052314981,15214.27660343621,61065.43523658476,0.0,1042.7683024669398
0+6+12,2025-07-03,84771.44420866974,83821.7232121125,3042.466052297978,86864.18926441048,53223.67226296518,-229.81376013270446,10187.821818110191,63181.680320942665,184.86402401521548,1134.5850205724623
0+6+12,2025-07-04,48250.39715149799,48950.513282175576,117.66186075378573,49068.175142929365,29266.5154709111,1006.8017332037869,268.01945762080106,30541.336661735688,925.8515420935631,225.73541141597974
0+6+12,2025-07-05,47146.63425425171,47156.26609420494,199.4493041227417,47355.71539832768,28428.234517258945,10.884942331147517,434.57775381048435,28873.697213400577,9.631839953232031,0.0
0+6+12,2025-07-06,76486.45699406511,80486.54337347235,4340.171991272545,84826.71536474489,48224.09185835501,3335.670911959152,17023.185986954682,68582.94875726884,4248.854415975267,248.7680365680228
0+6+12,2025-07-07,80775.20962851855,77258.34330994746,1700.8907341115614,78959.23404405902,50400.001103320494,-736.5776785794934,5565.206846763769,55228.630271504764,423.95235012756393,3940.81866869866
0+6+12,2025-07-08,91920.56517584599,87768.55568439256,109.76779728146437,87878.32348167403,58373.68778529905,-1230.5289624699074,389.9528889921532,57533.1117118213,101.59196996886067,4253.601461422282
0+6+12,2025-07-09,92005.98930394425,87887.37612880702,126.09310366400928,88013.46923247103,57951.0892426801,-1331.7127016256486,601.7721697218847,57221.14871077634,62.58727917446163,4181.20045431169
0+6+12,2025-07-10,85309.97346691799,84452.94226463631,435.1217251385956,84888.0639897749,53976.98716764028,434.8822205554113,1103.1924984432212,55515.06188663891,616.3856761667496,1473.4168784484168
0+6+12,2025-07-11,61415.81067907124,58871.89995669016,0.0,58871.89995669016,36978.9360991183,-810.6291451635763,0.0,36168.30695395472,0.0,2543.910722381076
0+6+12,2025-07-12,51548.30541957445,52359.60566389443,0.0,52359.60566389443,31466.68875465031,988.1792960608991,0.0,32454.868050711208,837.6690599514616,26.368815631487564
0+6+12,2025-07-13,86250.02428302474,78478.431477078,562.2855470906012,79040.71702416861,55028.37188134616,-2854.5629848145772,2485.3674431987956,54659.17633973038,0.0,7771.5928059467215
0+6+12,2025-07-14,82179.64803582834,80491.9071495839,496.40779075919187,80988.31494034309,50964.689855694116,221.74186576347114,2350.944732192091,53537.376453649675,764.1079280875331,2451.8488143319773
0+6+12,2025-07-15,90131.86896958962,85924.95626496004,216.24855999644709,86141.20482495648,56690.978530804,-1245.79078450688,547.7901604841754,55992.9779067813,42.9916563959564,4249.904361025539
0+6+12,2025-07-16,86941.46741949952,85744.16118355334,183.78551805069554,85927.94670160403,55664.63354461665,-410.913145666625,421.7688942646805,55675.489293214705,349.7204672342105,1547.0267031803673
0+6+12,2025-07-17,85853.77835559749,87174.70342962138,139.57953944117298,87314.28296906255,54460.26316901005,2114.997187982894,492.9019543218873,57068.16231131484,2098.286869957216,777.3617959333196
0+6+12,2025-07-18,63644.87932997047,59102.11218985763,0.0,59102.11218985763,39006.37882282004,-1573.817548608508,0.0,37432.56127421153,0.0,4542.767140112844
0+6+12,2025-07-19,58412.82178639296,54110.24347050062,35.551867300603476,54145.795337801224,36255.48811265708,-1447.5024381230214,76.00989228869022,34883.995566822756,132.96826507244506,4435.546580964788
0+6+12,2025-07-20,86129.81179611568,83394.62790105035,147.38729318513384,83542.01519423549,53707.492548938724,-691.971401538003,582.4670357773215,53597.988183178044,143.74842620731323,2878.932321272662
0+6+12,2025-07-21,88054.1186012014,86253.6009430358,122.17427951851289,86375.77522255431,55640.41427225662,40.43427179095988,373.3081591266229,56054.1567031742,920.1309449655784,2720.6486031311665
0+6+12,2025-07-22,86565.7413236991,89363.35935410231,54.18585407289902,89417.54520817522,54920.70095125965,6147.052848967575,207.37930315492633,61275.133103382155,8019.715757313969,5222.097726910747
0+6+12,2025-07-23,97431.60956960652,88228.48604349236,21.978226980779,88250.46427047314,62516.308292646485,-3221.0981642097413,85.44140478804678,59380.651533224795,0.0,9203.12352611415
0+6+12,2025-07-24,96872.15859820967,90590.4627100051,0.3925710204034658,90590.8552810255,62370.1010965694,-2292.7612073956157,0.8713113797854923,60078.21120055357,0.0,6281.695888204564
0+6+12,2025-07-25,54460.52428083438,54337.860584707676,0.0,54337.860584707676,33991.89239310617,825.7825164565816,0.0,34817.67490956275,2092.7042880452354,2215.367984171953
0+6+12,2025-07-26,56521.91689576526,55485.906022122464,0.0,55485.906022122464,33943.27237568423,-167.89186273366536,0.0,33775.38051295056,95.08069412533553,1131.091567768131
0+6+12,2025-07-27,83131.14012709887,82984.71140415956,601.2886431124427,83586.00004727201,52062.258234649475,929.18136883442,1869.6036292112126,54861.043232695105,1096.9219059667744,1243.350628906087
0+6+12,2025-07-28,87573.76822211167,88142.72462493024,226.36389245638168,88369.08851738663,55177.99979119001,1170.6414836790814,546.1648477143326,56894.80612258342,1157.1849899311412,588.228587112559
0+6+12,2025-07-29,87179.17653161596,90561.9700816755,45.975742233289225,90607.9458239088,55012.8674746508,3209.238651734327,202.47225912784057,58424.57838551296,3444.743594555614,61.95004449608325
0+6+12,2025-07-30,81228.64451979594,88095.53090254994,5.466192536485892,88100.99709508644,51433.66077333516,6617.349444497808,11.88459760551834,58062.894815438485,6866.886382754004,0.0
0+6+12,2025-07-31,86559.77531493094,87353.92415402527,193.20500634959149,87547.12916037485,54673.48427246794,839.627451116695,686.5579274623318,56199.66965104696,854.1604432921208,60.01160419778057
0+6+12,2025-08-01,54244.763900959195,51864.10723392299,0.0,51864.10723392299,34075.29383839003,-953.3834027871528,0.0,33121.91043560288,0.0,2380.656667036208
0+6+12,2025-08-02,58316.60506859955,54339.09033246568,26.254807006175042,54365.34513947186,35590.06401070974,-1371.0743016344384,56.13277737920224,34275.12248645451,0.0,3977.5147361338613
0+6+12,2025-08-03,70969.35491009758,69926.50712752559,487.7012790001074,70414.2084065257,45169.98649125945,123.96209771348617,2131.0200610603297,47424.96865003326,594.2623832639517,1637.1101658359426
0+6+12,2025-08-04,77930.9076328287,75110.52898119789,312.2421724527234,75422.77115365061,49939.78913293962,-842.6906941449555,1212.4421493825716,50309.54058817724,743.7184458731252,3564.0970975039536
0+6+12,2025-08-05,76770.8970558477,77155.71776854618,10.741329442323718,77166.4590979885,48815.98765539286,520.827072738271,23.71301354167204,49360.527741672806,1105.853194962629,721.0324822641496
0+6+12,2025-08-06,85630.45535941579,81560.79941164581,62.25191807476892,81623.05132972058,55241.95909069723,-1588.901142854665,137.90928389883163,53790.96723174139,36.30546833511846,4105.96141610509
0+6+12,2025-08-07,86552.21199543981,76962.43593540808,139.47331574120955,77101.90925114929,54237.53782882131,-2187.7668838490763,317.04566271631677,52366.816607688546,485.92960201967367,10075.705662051401
0+6+12,2025-08-08,51035.13187837513,50910.42930962561,0.0,50910.42930962561,31234.307484717872,-51.60700654588423,0.0,31182.700478171988,0.0,124.70256874952096
0+6+12,2025-08-09,48839.04079110002,48560.96176589785,0.0,48560.96176589785,29903.674686512593,-116.40861679767264,0.0,29787.266069714922,0.0,278.07902520216794
0+6+12,2025-08-10,74884.49003500413,72226.49825673492,493.18634517293333,72719.68460190785,47719.38987958552,-931.9330870008848,1651.5850751459152,48439.04186773055,0.0,2657.9917782691955
0+6+12,2025-08-11,74738.3155872822,75481.51028038719,596.0617014309809,76077.57198181817,46536.98568690421,1122.0082327758942,2431.005246802362,50089.99916648247,954.369199935808,211.1745068308242
0+6+12,2025-08-12,82012.55473941518,79056.49428738229,339.6422457525198,79396.1365331348,51244.87324814347,-218.53071217539713,1193.2343113875095,52219.57684735559,604.0728230657817,3560.13327509868
0+6+12,2025-08-13,75904.71717369583,75989.09642915323,254.92208326917319,76244.01851242241,47471.27509428645,162.51187014749604,835.9993181028478,48469.78628253679,149.123651274532,64.744395817125
0+6+12,2025-08-14,77730.7718565439,78770.63929380101,138.57122219825715,78909.21051599926,49493.39956733618,946.0637057941674,400.11612768193845,50839.57940081228,1429.7586415809233,389.89120432380474
0+6+12,2025-08-15,54688.58299793024,51325.82261737822,0.0,51325.82261737822,33713.84941349493,-1211.2973605598238,0.0,32502.552052935105,0.0,3362.7603805520266
0+6+12,2025-08-16,51209.907146414145,47096.48493971035,0.0,47096.48493971035,32299.13053988904,-1695.8509183333315,0.0,30603.27962155571,0.0,4113.422206703787
0+6+12,2025-08-17,76123.8902208554,71454.92629098846,901.9169266415313,72356.84321762998,47215.04831569411,-720.0693130835724,4064.486268699301,50559.46527130984,417.05460924503797,5086.018539111983
0+6+12,2025-08-18,74909.36388562838,73696.88292636737,618.3928420981858,74315.27576846555,47622.20269230775,-480.19053731446445,2473.524488628972,49615.53664362226,0.0,1212.4809592610272
0+6+12,2025-08-19,74971.81534954625,73726.89094205768,383.25862812780656,74110.14957018549,47592.360219364855,-14.254355871089956,1605.9672256721428,49184.07308916591,551.6442175353977,1796.5686250239514
0+6+12,2025-08-20,84074.45261869719,79439.01239064144,386.70139669270606,79825.71378733414,52579.88431337844,-583.0163014075952,1434.3147615864714,53431.18277355732,805.3472358510834,5440.787463906823
0+6+12,2025-08-21,80475.05848310556,76273.69294314903,322.53585880925493,76596.22880195828,50510.176102063175,-740.391448229749,1233.0803885790042,51002.86504241243,450.8940663383123,4652.259606294847
0+6+12,2025-08-22,50733.65417262487,49083.39280019462,10.412222883661116,49093.80502307828,31708.417083731645,-650.4104989475082,22.205470722534905,31080.212055506672,0.0,1650.2613724302591
0+6+12,2025-08-23,47346.12403455426,47788.264720067134,0.0,47788.264720067134,28656.74051229831,607.9780421368044,0.0,29264.718554435116,442.1406855128739,0.0
0+6+12,2025-08-24,70933.56583900016,69847.00181988772,668.6612300332934,70515.66304992102,45642.64797511357,952.5686755907345,2487.269021064927,49082.48567176923,1822.3659278883035,2908.929947000737
0+6+12,2025-08-25,93838.80742358847,79595.24438647344,304.1395266040399,79899.38391307747,59536.62979467434,-4687.597668124452,815.2573768577072,55664.2895034076,0.0,14243.563037115036
0+6+12,2025-08-26,74318.49925896543,74303.0034926084,246.79010669211505,74549.79359930052,47880.3039533542,424.439202432108,560.934013178414,48865.67716896472,1043.1426066391796,1058.638372996198
0+6+12,2025-08-27,76549.7532227239,79392.9563408799,119.81989655424934,79512.77623743415,48899.08022869252,4264.323485234996,460.5632772147878,53623.966991142304,5396.190758206611,2552.9876400506128
0+6+12,2025-08-28,76656.09457503476,79990.01302842429,175.0719502350329,80165.08497865932,47994.27242067558,4172.865942718847,775.0009843300153,52942.13934772444,3918.544217306806,584.6257639172807
0+6+12,2025-08-29,55626.992848708505,53023.800882741925,0.0,53023.800882741925,34137.84408494651,-741.5853266872451,0.0,33396.25875825927,221.93179085656857,2825.1237568231527
0+6+12,2025-08-30,50238.5586182034,48160.75093309876,20.786882060764015,48181.53781515952,31116.189453675455,-745.7928195838531,44.44235384591346,30414.838987937514,0.0,2077.807685104637
0+6+12,2025-08-31,72010.5407230667,72341.95114125097,968.016804499476,73309.96794575045,45943.454423229574,257.5893078362617,3729.8138446450967,49930.857575710936,407.77998414297844,76.36956595871163
0+6+12,2025-09-01,82596.29025633016,74711.03160648582,0.0,74711.03160648582,51584.35550645595,-2038.8494704147897,0.0,49545.50603604116,324.5484239526911,8209.807073797045
0+6+12,2025-09-02,73475.41589408374,73538.50352061236,14.205799091686004,73552.70931970404,45959.69923890227,1804.2858166835213,40.543350607671854,47804.528406193465,2220.733912082048,2157.646285553442
0+6+12,2025-09-03,78477.71226093212,74432.44261176167,2.050679634194921,74434.49329139586,49292.67324569892,-979.6772639301419,4.506368496143339,48317.50235026492,100.80006633282915,4146.069715503284
0+6+12,2025-09-04,75909.3982196862,72623.27958714635,28.026085813176906,72651.30567295953,48430.195588083094,-942.2521449245246,65.4450652073359,47553.388508365904,0.0,3286.1186325398517
0+6+12,2025-09-05,46737.19982646757,45896.58455985529,0.0,45896.58455985529,28761.49484561658,-386.07435326140376,0.0,28375.420492355177,0.0,840.6152666122777
0+6+12,2025-09-06,44752.40536844029,44430.45986357226,0.0,44430.45986357226,27084.277027985143,-142.94231267502408,0.0,26941.33471531012,0.0,321.94550486802706
0+6+12,2025-09-07,66935.90874648312,67707.57332834977,42.78597553944496,67750.35930388921,42109.23537363917,1743.1411447640392,93.63125929316078,43946.007777696366,2682.0407283119907,1910.3761464453412
0+6+12,2025-09-08,71111.82975471248,69689.2803698481,207.58886856006097,69896.86923840817,43695.28354371899,610.0070508102617,521.4475351833016,44826.73812971256,1254.6048369761593,2677.15422184054
0+6+12,2025-09-09,62651.81421884969,63656.75353338137,37.563586904013505,63694.317120285385,39285.35098030335,2477.5914525469307,132.06141640105736,41895.003849251334,2731.041842433213,1726.1025279015294
0+6+12,2025-09-10,75092.72095280272,71153.0597802535,269.40863418760705,71422.46841444111,46460.773947060006,-420.0065735897135,796.2340343535514,46837.001407823846,1091.6859605538934,5031.347133103107
0+6+12,2025-09-11,75408.32334065979,65773.5789105265,42.27629429546175,65815.85520482196,47113.22339098729,-2783.5662757722193,116.48183088709078,44446.13894610216,0.0,9634.744430133289
0+6+12,2025-09-12,43488.418604754304,43146.87825031495,0.0,43146.87825031495,25938.607026454665,113.43894261779758,0.0,26052.045969072464,332.21342852301746,673.7537829623739
0+6+12,2025-09-13,41001.70484613918,40949.60522645994,0.0,40949.60522645994,24139.51317239854,-23.562071755941343,0.0,24115.9511006426,0.0,52.0996196792424
0+6+12,2025-09-14,73541.24348801868,67633.45912926657,537.9445242395162,68171.40365350609,45740.98701846698,-1899.5215166473404,1425.8443013836907,45267.30980320332,0.0,5907.784358752106
0+6+12,2025-09-15,59793.19553879009,59687.66541852145,1202.6446932231352,60890.310111744584,37275.68815791035,69.55329809143372,4695.485872144804,42040.72732814659,108.6509512767712,214.1810715454148
0+6+12,2025-09-16,74219.20005643429,67615.0427052585,888.7517873432588,68503.79449260175,45568.591088616675,-2010.7115462641166,2791.59104410323,46349.47058645579,13.277451654490164,6617.434802830276
0+6+12,2025-09-17,70961.07386336176,67470.28781929307,231.11431528488123,67701.40213457795,44514.48083703984,-1263.2292972075443,515.3313710597854,43766.58291089208,0.0,3490.786044068698
0+6+12,2025-09-18,64132.61170884786,68858.35854402251,156.04589287462665,69014.40443689714,40215.65507220934,4461.672436935248,479.8070030256084,45157.13451217019,6261.487733822006,1535.7408986473263
0+6+12,2025-09-19,42220.32134359717,41997.118755822434,6.2899671427883845,42003.40872296522,25088.409692561654,-9.76745704327277,13.627213814851036,25092.269449333235,116.18836129392798,339.39094906866535
0+6+12,2025-09-20,40475.88206156409,39931.05018605034,14.009699603918875,39945.059885654264,23763.213507007058,-231.93185558106475,30.618198484364697,23561.899849910358,0.0,544.8318755137352
0+6+12,2025-09-21,66702.03265930088,63997.72526961588,1428.551897621562,65426.277167237444,40735.90191676565,-666.5892563183525,5574.66372325532,45643.97638370262,2.5819210556079497,2706.8893107406034
0+6+12,2025-09-22,71435.51631418706,63998.31479056912,2315.3113666209993,66313.62615719013,44226.373340544495,-2342.9264093086704,7358.532846606209,49241.97977784203,0.0,7437.201523617944
0+6+12,2025-09-23,71018.25982134702,68957.76208467917,784.4308950551009,69742.19297973427,43967.58425109359,-615.1458661560301,3178.9771788994094,46531.41556383697,0.0,2060.4977366678454
0+6+12,2025-09-24,61637.940454638236,65700.02516141246,1285.239293447561,66985.26445486002,38883.205105518646,3302.5321038796237,3364.6459931372265,45550.38320253549,4062.084706774222,0.0
0+6+12,2025-09-25,70525.21418636905,70519.22215682892,670.4984267346017,71189.72058356352,43874.37783867972,597.2894765912818,2128.2731581886565,46599.940473459654,906.676645208043,912.6686747481644
0+6+12,2025-09-26,46502.56232896073,44247.90442742091,0.0,44247.90442742091,27182.135490678364,-811.7859489338244,0.0,26370.349541744537,0.0,2254.6579015398265
0+6+12,2025-09-27,39959.72170150825,40602.06827095716,50.26954722984931,40652.337818187014,23223.775670750383,1080.8946504488476,107.71889667090174,24412.38921787013,1023.1854967486225,380.83892729971274
0+6+12,2025-09-28,65488.27132834037,67576.16543543158,2108.223788394762,69684.38922382635,40161.71946575903,3188.896810175045,7424.707109169947,50775.32338510402,4404.513552915441,2316.6194458242408
0+6+12,2025-09-29,71056.70354820386,65060.92990609943,2519.941789657053,67580.87169575649,44082.61165276663,-1624.3140281224742,9164.628923441354,51622.92654808551,459.31228159187265,6455.085923696294
0+6+12,2025-09-30,70920.37688319926,71485.38391287543,799.2701391172216,72284.65405199265,44605.191930356894,815.4452260911959,2627.7932293596323,48048.43038580772,932.336793713445,367.3297640372857
0+6+12,2025-10-01,69736.52091215947,65603.44419836954,98.58184111778326,65702.02603948733,42892.64682533132,-838.9004507447996,214.04796530100327,42267.79433988753,187.98538897443518,4321.062102764363
0+6+12,2025-10-02,75592.10924967378,66101.61804441681,96.88370475632235,66198.50174917314,47133.12930042524,-3008.597636600535,221.63089033565853,44346.162554160364,0.0,9490.49120525697
0+6+12,2025-10-03,39856.513718876115,40165.21776441072,0.0,40165.21776441072,22757.03373241909,403.27687981432257,0.0,23160.310612233414,308.70404553460037,0.0
0+6+12,2025-10-04,44713.25850480565,43792.78308760577,0.0,43792.78308760577,24838.62221380599,-217.24786018081423,0.0,24621.374353625175,0.0,920.4754171998799
0+6+12,2025-10-05,69214.16418954954,60721.88820955308,953.8006111735076,61675.68882072659,41966.05607566053,-2292.1791513826124,2719.291194052461,42393.16811833037,108.99108729825228,8601.267067294715
0+6+12,2025-10-06,60159.07398147705,63412.510919695924,740.436185954934,64152.947105650856,37369.92269389103,2417.895097517701,2205.006665077398,41992.82445648612,3390.308909461312,136.87197124244042
0+6+12,2025-10-07,68052.05800522058,67645.72043641453,183.6774824899174,67829.39791890445,41495.887756652795,838.6272072980755,466.57038060795253,42801.08534455883,1005.9107276515799,1412.24829645763
0+6+12,2025-10-08,65571.85419176964,64259.694866868136,308.1403034979174,64567.83517036605,39659.29682052886,-342.3207626146475,1202.983231886717,40519.959289800936,0.0,1312.1593249014945
0+6+12,2025-10-09,75062.87159954116,63817.69233521913,78.5200513469672,63896.2123865661,46160.767068991634,-3471.748312984045,258.944061767574,42947.96281777516,0.0,11245.179264322041
0+6+12,2025-10-10,41898.17176465076,41079.70820051086,0.0,41079.70820051086,23605.329628726195,-329.31778036536053,0.0,23276.011848360835,0.0,818.4635641398988
0+6+12,2025-10-11,40355.50682669528,40280.02039149753,19.27844668988746,40299.29883818742,22280.812892323644,216.07948307741455,41.176886440971515,22538.06926184203,292.1069821766451,367.59341737439036
0+6+12,2025-10-12,63757.939917191994,62118.87381383873,1800.3531675489578,63919.226981387685,38192.785169346724,-157.62660306218692,7455.378402435097,45490.536968719636,200.14668186920622,1839.2127852224755
0+6+12,2025-10-13,68428.9765219046,62972.68516271619,1106.571049228743,64079.25621194493,41528.35335641894,-1028.3684601022887,3406.397428094965,43906.382324411614,619.1779210698535,6075.469280258256
0+6+12,2025-10-14,71930.00232015198,65778.92923475441,1181.121947021808,66960.05118177622,44256.479364358616,-868.3819025283124,3129.6241023770963,46517.7215642074,1432.2912253791872,7583.364310776757
0+6+12,2025-10-15,74627.2514032367,69426.7270460921,305.90707294038197,69732.63411903247,45932.92487423745,-1755.899145660857,934.962237237902,45111.98796581449,0.0,5200.52435714462
0+6+12,2025-10-16,71288.0447938136,71476.3485077482,184.36186981980546,71660.71037756802,44065.05220571926,336.98822111420276,560.6543328235729,44962.69475965703,295.4352705771764,107.13155664258147
0+6+12,2025-10-17,39387.11475018678,40799.53464331328,0.0,40799.53464331328,21755.483153816996,1771.104369090588,0.0,23526.587522907583,1412.419893126502,0.0
0+6+12,2025-10-18,40818.54017978561,39855.73981584665,0.2061450177268398,39855.94596086438,23040.634604829134,-364.72397674542776,0.44073804789998344,22676.351366131606,0.0,962.800363938961
0+6+12,2025-10-19,68827.33635569659,67213.3343902791,1581.3541714743737,68794.68856175347,42126.10729130529,-492.81633226024155,6298.982109039214,47932.273068084265,0.0,1614.0019654174966
0+6+12,2025-10-20,74772.68980240778,72563.57242382105,406.77545373116556,72970.34787755222,46414.14549459982,-787.7225379819728,1329.2330619038953,46955.656018521746,0.0,2209.1173785867327
0+6+12,2025-10-21,74754.0960453671,74592.17320203634,245.32380776412958,74837.49700980047,46098.79137596401,69.65604019178443,660.1969553794295,46828.644371535214,448.4215956286764,610.344438959429
0+6+12,2025-10-22,72276.1418508054,73113.43567209679,365.22912369451115,73478.66479579131,44710.353039957234,760.7622262841544,1471.2572072505318,46942.37247349192,989.9804727684096,152.68665147702825
0+6+12,2025-10-23,83679.14293444742,71285.67227767617,335.9422302299017,71621.61450790608,51949.616207077015,-3455.7805566038096,904.2271395428111,49398.06279001602,554.9218293498482,12948.392486121083
0+6+12,2025-10-24,42757.19385371252,43518.35936019921,0.0,43518.35936019921,23828.817338263572,883.9924233196192,0.0,24712.80976158319,761.1655064866969,0.0
0+6+12,2025-10-25,43453.59206730167,43181.77729885414,0.0,43181.77729885414,23637.083323603183,192.47508197168304,0.0,23829.558405574866,258.346797439332,530.161565886862
0+6+12,2025-10-26,73253.23161733637,67548.04233689466,1765.6286486540541,69313.67098554871,44828.619491448604,-1391.5682774772588,5774.78363491003,49211.83484888138,584.6956283445099,6289.884908786218
0+6+12,2025-10-27,68486.85311209463,71952.92466735512,457.26704192820205,72410.19170928333,42264.76273644554,4138.779472501374,1587.2511616364839,47990.7933705834,4973.0340188832,1506.962463622699
0+6+12,2025-10-28,70566.90690985232,73456.12597021545,239.60873969941878,73695.73470991486,43739.17426614405,2952.087266253335,690.2067834078078,47381.46831580519,3041.197290649945,151.9782302868132
0+6+12,2025-10-29,79693.93561511554,78479.46127374448,191.13772539657282,78670.59899914106,49395.697178983784,-400.31924718279197,541.8813477174144,49537.2592795184,4.530483609871908,1219.0048249809101
0+6+12,2025-10-30,71491.86050107797,72757.65942845355,188.45030001546024,72946.10972846902,44362.30613759124,1418.0303677374943,581.6066784262346,46361.94318375497,1265.7989273755927,0.0
0+6+12,2025-10-31,49844.927875780224,46329.78696949298,0.0,46329.78696949298,28124.552309676183,-1061.2644813125987,0.0,27063.287828363584,0.0,3515.140906287238
0+6+12,2025-11-01,42499.506772253706,41927.08774144303,21.815783496513404,41948.903524939546,23827.70852323078,-194.9190287077427,47.055550194975595,23679.84504471801,29.75971985009386,602.1787506607715
0+6+12,2025-11-02,72727.00463430962,73752.05595308209,1512.995389499423,75265.05134258152,44895.88896440652,1939.465225038591,6539.751978435912,53375.10616788102,3163.1019516750002,2138.0506329025065
0+6+12,2025-11-03,80314.2924196627,76130.37682963493,447.69712552580154,76578.07395516073,49681.97138259017,-1399.525955718024,1484.652533020912,49767.09795989306,0.0,4183.915590027767
0+6+12,2025-11-04,76006.76965926682,75762.52911559572,503.369109004026,76265.89822459975,47042.83689484355,38.743305245967946,2376.2628060678207,49457.84300615734,184.31126540177638,428.55180907286365
0+6+12,2025-11-05,84390.44536627259,77819.48833252254,275.50034306384345,78094.98867558638,52842.887953273814,-2176.559602674423,765.2606293623055,51431.58897996169,41.46028259896025,6612.417316349012
0+6+12,2025-11-06,80111.66188767143,80337.01669599037,137.67193971774873,80474.68863570812,50013.11726155107,554.862160917616,316.193627115475,50884.17304958417,550.4694758277332,325.1146675087899
0+6+12,2025-11-07,46902.23029934503,47640.6492858128,0.0,47640.6492858128,26155.23163966662,1343.7905520725726,0.0,27499.022191739194,2351.7463707813704,1613.3273843136026
0+6+12,2025-11-08,47572.09371677523,44858.21450294487,5.883157618792836,44864.09766056367,26039.57915186378,-550.750381982538,12.509625550271657,25501.338395431514,65.37487712165897,2779.254090952014
0+6+12,2025-11-09,77190.23947229555,76824.31930014136,1204.7926859795753,78029.11198612093,47728.179551808564,44.807946547162544,4686.687969938344,52459.67546829407,166.11916451000542,532.0393366641958
0+6+12,2025-11-10,79644.76328835908,81064.24073330837,527.6473624186381,81591.888095727,49665.31413948437,1705.5046227456585,2144.063695216786,53514.88245744681,2341.269794300083,921.7923493507835
0+6+12,2025-11-11,83794.56276416821,80078.31172265789,160.38169943911817,80238.69342209701,52859.074172516215,-1338.6432360140855,401.84159239015617,51922.27252889229,0.0,3716.251041510318
0+6+12,2025-11-12,80633.93479822898,80734.99871841335,62.687391959629394,80797.68611037298,50489.76945373704,1944.7482828081638,268.5382070481428,52703.05594359335,2460.0511475612902,2358.987227376908
0+6+12,2025-11-13,79272.97702679141,80669.63759120664,405.26797291225955,81074.9055641189,49850.06604872308,1598.8860045286542,1188.8790114810797,52637.83106473281,1509.7482145841382,113.08765016889845
0+6+12,2025-11-14,50765.41152461353,48467.54983233056,0.0,48467.54983233056,28626.54156551357,-416.3042299795741,0.0,28210.237335533995,240.33460071949034,2538.1962930024574
0+6+12,2025-11-15,53098.46617746201,47375.34213562941,0.0,47375.34213562941,29335.944595394154,-1505.8719321156825,0.0,27830.07266327847,0.0,5723.124041832596
0+6+12,2025-11-16,77713.99770572045,79021.6596672651,1102.7049069241416,80124.36457418925,48234.748516368025,1526.1194882971688,4154.218914605288,53915.086919270485,1321.242976555362,13.58101501070621
0+6+12,2025-11-17,76965.9727061658,80692.07809344691,261.14058217614024,80953.21867562305,48187.396710422836,4010.7806656199637,649.633967295768,52847.811343338566,4393.87765055907,667.7722632779673
0+6+12,2025-11-18,82564.01180108573,81030.36982090346,730.8034778620199,81761.17329876548,51855.110431140994,167.86828253480633,2108.3533634058613,54131.332077081664,1042.0676999137954,2575.7096800960535
0+6+12,2025-11-19,82670.75536744208,84838.61806503258,199.74531006219172,85038.36337509478,51989.151794276215,3097.037792500171,524.3501331704166,55610.539719946806,3316.5231967268865,1148.660499136382
0+6+12,2025-11-20,83687.18396492106,83770.32864426247,64.7908798906983,83835.11952415317,52708.732218438534,151.1184058044067,243.27241074800494,53103.123034990946,143.80871808257223,60.66403874118157
0+6+12,2025-11-21,52011.114147212924,52210.05463205965,0.0,52210.05463205965,29275.105796075728,657.0014661079418,0.0,29932.10726218367,1311.7937471518442,1112.8532623051128
0+6+12,2025-11-22,55368.11953102129,50649.29489822682,0.0,50649.29489822682,30648.13793251612,-1365.8043207622545,0.0,29282.333611753867,0.0,4718.824632794464
0+6+12,2025-11-23,79329.63885381965,79889.95776782984,946.1181837695639,80836.0759515994,49511.16243216221,1061.915309838811,3232.856262049688,53805.93400405071,1037.045260606771,476.7263465965803
0+6+12,2025-11-24,80331.53521987496,79673.65315094682,939.1405645532448,80612.79371550007,50363.671278300564,-232.01630629149037,3284.9753563040513,53416.63032831313,17.358040442221522,675.2401093703677
0+6+12,2025-11-25,92897.35103742393,85368.19924994692,192.47783902023104,85560.67708896715,59365.10827784066,-2678.4534885327134,538.8706812331848,57225.525470541135,0.0,7529.151787477009
0+6+12,2025-11-26,88649.25232964908,86946.91375604022,145.62752929437863,87092.54128533459,56048.596536025834,-521.3924905836828,530.1515728055577,56057.35561824771,57.03914929195159,1759.3777229008206
0+6+12,2025-11-27,86893.15770179563,86564.82858492245,54.164026611524946,86618.99261153398,55028.2247663405,-93.15879206718817,170.5218530957081,55105.58782736902,32.73459845536286,361.06371532853956
0+6+12,2025-11-28,54999.71035091624,54159.44495748611,0.0,54159.44495748611,31025.013034225827,-213.2502028885386,0.0,30811.762831337288,0.0,840.2653934301383
0+6+12,2025-11-29,61701.056479736566,55292.95381760743,41.429951349029125,55334.38376895645,34541.11878517374,-1808.4481341885237,89.10021678884752,32821.77086777407,287.3453972501992,6695.44805937934
0+6+12,2025-11-30,84923.9192280114,84910.18624768386,1004.2148432234053,85914.40109090727,53102.02170226833,553.0154775917624,3805.0262390087964,57460.063418868885,628.3646880783489,642.0976684058908
0+6+12,2025-12-01,90587.71880469806,86260.13851506216,5355.824618965833,91615.963134028,57906.49943407209,-1566.337164743499,18137.04663478702,74477.20890411561,0.0,4327.580289635882
0+6+12,2025-12-02,95113.53626817034,91708.80333545299,3032.7945590930767,94741.59789454607,60754.569584679986,-1134.6539031419254,10386.18874844605,70006.10442998412,0.0,3404.73293271734
0+6+12,2025-12-03,87111.47059016835,91631.33399171656,1905.83819390283,93537.17218561939,55470.01103359217,4460.873002107506,5434.5201606726605,65365.40419637234,4519.863401548211,0.0
0+6+12,2025-12-04,96899.1412239623,92445.32668740855,1476.0903315671833,93921.41701897574,62784.03096383458,-1755.4997625702083,4766.392053310901,65794.92325457527,0.0,4453.814536553765
0+6+12,2025-12-05,64234.90416551895,63749.99931115634,0.0,63749.99931115634,36951.14743745783,-97.25057241083223,0.0,36853.896865047,54.93290551480783,539.8377598774226
0+6+12,2025-12-06,63662.96285564431,62013.90533869899,17.529881755769907,62031.43522045476,36204.44720549908,-506.05582205894154,38.00543679052103,35736.39682023065,112.79034575817673,1761.8478627035033
0+6+12,2025-12-07,96022.8132244405,89794.78690922642,3125.2287274374494,92920.01563666387,61361.190169356596,-1808.228123315194,10552.3100690346,70105.272115076,506.56770563937783,6734.59402085346
0+6+12,2025-12-08,99835.7246530201,98326.90716553124,171.51526236273662,98498.42242789398,63993.60866015413,-427.3309366462518,591.8747283563629,64158.15245186425,89.02168693243925,1597.83917442129
0+6+12,2025-12-09,99301.74728566894,97607.87187050635,208.25150741022566,97816.12337791658,63868.771897407925,-419.2643644528752,677.085471456928,64126.59300441198,135.23621905995174,1829.1116342225355
0+6+12,2025-12-10,96668.49915865301,97534.39888328213,155.64748035690752,97690.04636363905,62091.35007950223,949.8769383758895,435.73316462915403,63476.960182507275,1447.5307427263067,581.6310180971846
0+6+12,2025-12-11,100875.31265862384,97748.74861728819,151.85071154083425,97900.59932882902,65002.62639156555,-1081.876413780173,455.2189469331638,64375.968924718545,24.51506055670609,3151.0791018923464
0+6+12,2025-12-12,67045.54861379883,67901.01373069949,0.0,67901.01373069949,38423.88282522821,839.5299512630546,0.0,39263.41277649126,1036.579638516049,181.1145216153925
0+6+12,2025-12-13,64791.51887699711,65073.08430174944,2.0667486663849104,65075.15105041583,36825.1237165833,1198.6178645488396,4.418708648730938,38028.16028978087,1492.0855025093301,1210.5200777569953
0+6+12,2025-12-14,90768.8305705997,93198.50138920313,1695.9718410773773,94894.4732302805,57497.39529242745,2268.653845369604,7410.074357062021,67176.12349485907,2429.670818603433,0.0
0+6+12,2025-12-15,94827.4459655172,97342.57359978995,270.6163732383538,97613.1899730283,60418.57853652636,2478.4558722134725,842.4533488202568,63739.48775756009,2517.848960501981,2.721326229226861
0+6+12,2025-12-16,101767.84195191,99867.38204529475,104.06024367063043,99971.44228896538,65916.13640917232,-709.3669085269739,236.76235251706845,65443.53185316242,0.0,1900.4599066152362
0+6+12,2025-12-17,103327.69305778667,98710.95120703956,98.28017662792573,98809.23138366749,66559.03531379862,-1584.1758777471284,404.6583519892714,65379.51778804077,0.0,4616.741850747124
0+6+12,2025-12-18,98796.44403927542,98661.86496124713,120.26569035230477,98782.13065159944,63950.21333798182,226.67381059059167,257.61358638222873,64434.500734954636,322.7223675142685,457.30144554255094
0+6+12,2025-12-19,66709.28431028333,67136.6258272324,0.0,67136.6258272324,38489.78335294914,396.6304825996061,0.0,38886.413835548745,725.692864464623,298.3513475155382
0+6+12,2025-12-20,65987.2022902726,64454.24744897433,0.0,64454.24744897433,37782.94613993952,-579.4282801330867,0.0,37203.51785980644,0.0,1532.954841298262
0+6+12,2025-12-21,97188.48541949743,95397.91020936935,638.697594462628,96036.60780383198,61964.82592751633,-380.3125967841602,2588.7437732828876,64173.25710401505,341.71330819633425,2132.288518324417
0+6+12,2025-12-22,97537.7729109803,97403.82266596783,415.17396474881565,97818.99663071665,62675.27337406084,-13.096757479976873,1524.0932384442747,64186.26985502513,141.45243677870963,275.4026817911691
0+6+12,2025-12-23,100500.74233927758,98424.8310550261,24.339151801503505,98449.17020682759,64599.73013498995,-543.8741345527827,88.79739049857797,64144.653390935746,98.9238703591169,2174.8351546106046
0+6+12,2025-12-24,100408.93905257045,99581.5045376491,92.38582341707593,99673.89036106618,64950.14091547036,-330.3665083107491,320.97791280017594,64940.752319959785,0.0,827.4345149213677
0+6+12,2025-12-25,96541.51520070588,98126.17060410499,100.97889951841537,98227.14950362341,61863.254375757424,1616.7184457910923,238.4422563797595,63718.41507792827,1613.3324500741508,28.67704667505268
0+6+12,2025-12-26,66451.54706812758,66472.07393266913,0.0,66472.07393266913,38248.424409482206,112.11089157571746,0.0,38360.53530105792,148.58872808044885,128.0618635389054
0+6+12,2025-12-27,64900.69920428702,64666.284166131896,0.0,64666.284166131896,36812.95937606972,-43.337808675823524,0.0,36769.62156739389,14.605288671186088,249.02032682630875
0+6+12,2025-12-28,94881.22710721177,93733.63481351378,564.8272036913568,94298.46201720514,60442.096905623286,-435.44582371666917,2254.593067235218,62261.244149141836,9.986893759506643,1157.5791874574945
0+6+12,2025-12-29,95775.68657811495,96632.3621265057,155.78843057645008,96788.15055708215,60734.28804756567,1007.8971173674145,519.1643378420176,62261.349502775105,1038.0034442246442,181.32789583389945
0+6+12,2025-12-30,97495.54469725292,95374.38101462903,46.06025666211943,95420.44127129116,62402.607365077565,-382.3039558068259,164.40981365108524,62184.713222921826,395.07015725533296,2516.233839879206
0+6+12,2025-12-31,100170.98826585204,99254.31513884754,163.26316755872085,99417.57830640626,64175.81034824633,-211.44975855464233,374.5732286637161,64338.9338183554,3.9467391404004957,920.6198661448867
0+6+12+18,2025-02-01,60775.4398053866,57569.72993439991,0.0,57569.72993439991,34221.86316844639,-1042.4536305409404,0.0,33179.40953790545,32.286097323710806,3237.9959683104016
0+6+12+18,2025-02-02,90616.31406086122,88116.4521758125,137.15765855740915,88253.60983436991,56954.86327755812,-829.1568782916033,611.8042943227617,56737.51069358928,0.0,2499.861885048712
0+6+12+18,2025-02-03,94367.68295613486,89786.31041787768,76.32309751670364,89862.6335153944,59554.249536108946,-1592.195687672671,265.61187720844794,58227.66572564472,0.0,4581.372538257168
0+6+12+18,2025-02-04,96625.33468757314,93110.96263490617,120.00065949521536,93230.96329440139,61678.987344691486,-1259.4856396860869,286.7726545589952,60706.2743595644,77.80456646955918,3592.1766191365173
0+6+12+18,2025-02-05,91926.46472685086,91777.60683899315,66.00150990602845,91843.60834889917,58372.10649571552,134.76403712529515,199.24386029818282,58706.114393138996,249.61960672929723,398.47749458700946
0+6+12+18,2025-02-06,98594.35972529966,92243.73202050169,27.41468356081043,92271.1467040625,63144.42190974785,-2381.7066058492255,58.649320179169116,60821.36462407779,0.0,6350.627704797971
0+6+12+18,2025-02-07,61428.95743155162,58133.992618432676,0.0,58133.992618432676,34802.32515884903,-1026.8158774172582,0.0,33775.509281431776,0.0,3294.9648131189506
0+6+12+18,2025-02-08,49434.834051502825,50523.5622789067,0.0,50523.5622789067,26941.03884774468,986.6247717859543,0.0,27927.663619530635,1088.7282274038785,0.0
0+6+12+18,2025-02-09,86340.69850481907,86289.24833222237,353.4967854322234,86642.74511765459,53862.55888904544,466.7038438997126,1376.3327889631569,55705.595521908304,533.0489782331263,584.4991508298328
0+6+12+18,2025-02-10,84599.09238360911,81203.58742478355,384.9535150100277,81588.54093979357,52809.06523855729,378.21410874192065,1110.2964699640584,54297.57581726327,2315.850477633514,5711.3554364590755
0+6+12+18,2025-02-11,86136.30657064392,82913.89661726472,65.67108624100113,82979.56770350572,54233.51467663057,-1267.6698421818242,145.08009737964764,53110.9249318284,0.0,3222.409953379206
0+6+12+18,2025-02-12,87622.03751379589,83625.61266951634,77.82743637957759,83703.44010589592,55100.369947672916,-1390.6105607402872,283.81279915993804,53993.57218609257,0.0,3996.4248442795592
0+6+12+18,2025-02-13,82885.11571783133,80843.60595518167,95.62938820955969,80939.23534339124,51627.18787836937,-589.502853008978,206.0876447411993,51243.77267010159,123.71168379490078,2165.2214464445624
0+6+12+18,2025-02-14,53064.593207573744,52805.509982453805,0.0,52805.509982453805,29236.394464637437,540.2479450822757,0.0,29776.642409719712,643.2086265790106,902.2918516989494
0+6+12+18,2025-02-15,50146.84780666194,46543.438561947274,0.0,46543.438561947274,27358.582349626366,-927.3772186516824,0.0,26431.205130974682,0.0,3603.4092447146677
0+6+12+18,2025-02-16,82700.67031604132,77612.5270155082,2709.7618508164232,80322.28886632461,51249.85901180208,-1834.2507439077958,10202.891402338755,59618.49967023304,0.0,5088.143300533122
0+6+12+18,2025-02-17,83879.98135842728,78033.32054087037,560.9763997727265,78594.2969406431,51801.18977417722,-1684.593515968955,1657.062506541023,51773.658764749285,215.61463478940868,6062.275452346325
0+6+12+18,2025-02-18,76440.87028607947,78919.1243530115,676.6025002666415,79595.72685327815,47371.05825579073,2082.55384084695,2418.227966214664,51871.840062852345,2478.254066932034,0.0
0+6+12+18,2025-02-19,78320.66305155348,79125.61721101188,528.4344640470764,79654.05167505896,48638.117908688306,862.3550744397311,1357.9913502345325,50858.464333362565,865.3758168776963,60.42165741928602
0+6+12+18,2025-02-20,82210.99046438024,80788.85542871089,101.13975329251798,80889.9951820034,50805.60525063781,389.2372586409415,331.5266925649213,51526.36920184367,912.4330273700286,2334.5680630393927
0+6+12+18,2025-02-21,49195.27969699985,48367.58985327433,2.2737367544323206e-13,48367.58985327433,26863.1535564823,161.70867099812335,5.227320798439905e-13,27024.862227480422,536.1968871389373,1363.8867308644608
0+6+12+18,2025-02-22,46936.73435908945,46163.83924420679,42.397602535746955,46206.23684674254,25603.05733457162,25.729827926591668,90.64607422142699,25719.433236719637,243.87253033953917,1016.7676452221979
0+6+12+18,2025-02-23,75624.55437390725,74772.57824486902,2345.5663859632587,77118.14463083228,46018.354640704565,138.69086953837927,8490.22535352549,54647.27086376844,582.103497751936,1434.0796267901605
0+6+12+18,2025-02-24,74726.2771575491,76244.10358604838,323.6918713930545,76567.79545744143,46221.66419902035,1181.5782859725273,1300.1470539743173,48703.389538967196,1864.4246960675196,346.5982675682304
0+6+12+18,2025-02-25,79107.35081659639,74271.86440125518,317.1503319583784,74589.01473321355,48679.106733305816,-1361.4895096801456,836.7901948990468,48154.407418524715,292.51615984016837,5128.002575181377
0+6+12+18,2025-02-26,73181.78473616214,75635.08379660845,285.1383052911611,75920.2221018996,44741.36641214122,2423.261185042461,844.22762969278,48008.85522687646,2453.299060446312,0.0
0+6+12+18,2025-02-27,75315.63347431904,75271.34528593134,57.355689700322216,75328.70097563167,46392.505484345675,509.97631586324906,188.7220749921093,47091.203875201034,655.5779822665286,699.8661706542196
0+6+12+18,2025-02-28,44891.49460308283,44481.902991324416,0.0,44481.902991324416,24941.135674994573,156.33889507604832,0.0,25097.474570070623,573.1171025084172,982.7087142668407
0+6+12+18,2025-03-01,51453.48171655876,44683.52350113407,0.0,44683.52350113407,27824.893393645183,-1651.1233820369257,0.0,26173.770011608256,0.0,6769.958215424687
0+6+12+18,2025-03-02,79131.29876902138,79492.22487049899,745.9887099301933,80238.21358042919,48529.10135505311,760.4962676530723,3180.0301793512026,52469.62780205739,683.3697219871373,322.44362050952043
0+6+12+18,2025-03-03,82842.98351427677,78608.83664430236,809.5778068121881,79418.41445111454,51093.986150533885,-418.501462221115,2415.5178041484573,53091.00249246122,1021.2821375016545,5255.429007476085
0+6+12+18,2025-03-04,75138.35534756836,76214.7867331104,834.1896918102043,77048.9764249206,46261.54634959895,1014.7723182107236,2325.7979866592514,49602.116654468926,1076.4313855420553,0.0
0+6+12+18,2025-03-05,80386.68376950361,76164.32435408498,165.85139298460183,76330.17574706959,49633.96517198524,-1372.0204326239082,394.64061101529217,48656.58535037662,42.13078067363574,4264.490196092274
0+6+12+18,2025-03-06,75356.22084205417,75181.00209019789,110.27189642648989,75291.27398662438,46260.38894814418,120.0982676166563,393.63342968060294,46774.120645441435,231.25378911398838,406.4725409702802
0+6+12+18,2025-03-07,49432.96975377563,45093.84551209383,0.0,45093.84551209383,27557.63526502577,-1231.9758038303926,0.0,26325.659461195377,0.0,4339.1242416818
0+6+12+18,2025-03-08,39457.54715677866,39398.28787153118,0.0,39398.28787153118,21920.01042315495,25.80120654236623,0.0,21945.811629697313,60.909568982955236,120.16885423044081
0+6+12+18,2025-03-09,73557.47870248424,67930.36842169534,979.2983842802134,68909.66680597556,44369.7571337393,-800.2250815272143,3623.421507577259,47192.95355978935,1092.7098617700424,6719.82014255894
0+6+12+18,2025-03-10,72068.79031076506,72978.02352323459,1043.6739039481013,74021.69742718269,43420.04443474075,1094.3645885602996,3595.2973696558206,48109.70639295686,959.2695091684164,50.03629669891586
0+6+12+18,2025-03-11,66117.50836996958,71619.08168986085,235.58940010330522,71854.67108996415,40391.683871319205,5511.082707385994,635.7990113348663,46538.56559004006,6902.181667874923,1400.6083479836439
0+6+12+18,2025-03-12,76810.3559726864,70832.66783055183,250.72994158878873,71083.39777214061,47133.76607783251,-1441.1030758198665,601.9957125749763,46294.65871458762,677.6893792488335,6655.377521383417
0+6+12+18,2025-03-13,77054.23100501896,77389.5211287982,98.1315203531027,77487.65264915129,47121.81271267545,841.2390945406659,209.83776672706492,48172.889573943175,1030.3611211538964,695.0709973746683
0+6+12+18,2025-03-14,41247.4078787918,41958.089468109654,0.0,41958.089468109654,23074.210661554458,894.7779268678638,0.0,23968.988588422322,781.8963720896118,71.2147827717517
0+6+12+18,2025-03-15,41653.15640362384,41976.61393563103,52.65799457351329,42029.271930204544,22409.510124781074,1387.3301089561305,112.52409976225476,23909.36433349946,1727.9242360581814,1404.466704050996
0+6+12+18,2025-03-16,68768.8280740242,68851.64105465601,645.8605219796315,69497.50157663564,41743.40454003137,540.975538797762,1978.3475240075254,44262.72760283666,1270.2801781153717,1187.4671974835644
0+6+12+18,2025-03-17,67087.71808780098,63308.096069260246,710.5933431217852,64018.68941238203,39866.69408015713,-325.9234205310338,2202.89309713456,41743.66375676066,743.1158802262089,4522.7378987669545
0+6+12+18,2025-03-18,77310.50468895322,70757.20633712465,129.16452968989915,70886.37086681454,47439.4626714622,-1986.9839759600516,350.3473949754088,45802.82609047756,268.1919480549221,6821.490299883501
0+6+12+18,2025-03-19,64531.994646522115,68192.42370047494,571.4299283618565,68763.8536288368,39387.55728122582,3960.650028411525,1391.4426633586663,44739.649972996005,4485.981800257006,825.5527463041827
0+6+12+18,2025-03-20,73832.04950476668,68446.74512601079,656.0046925483563,69102.74981855915,45372.24383879981,-1549.9188413247568,1580.2554613607708,45402.58045883583,585.3606978599298,5970.665076615809
0+6+12+18,2025-03-21,39899.89995869213,38298.652377912804,0.0,38298.652377912804,22448.041512315656,-532.1691814346848,0.0,21915.87233088097,8.912233143278854,1610.1598139226062
0+6+12+18,2025-03-22,39622.305296217106,39083.40474713198,13.477208140217499,39096.8819552722,21962.93024398051,-147.48015366230533,28.814271003785013,21844.26436132199,0.0,538.9005490851207
0+6+12+18,2025-03-23,70100.27247355877,65681.07880322935,856.0719798329046,66537.15078306226,42300.182384769796,-1553.418938368694,3212.8720914305595,43959.63553783166,0.0,4419.193670329426
0+6+12+18,2025-03-24,67747.26937784991,65807.39868417614,516.1788349735203,66323.57751914965,40688.54649500365,275.0112388133781,1369.2843347887533,42332.84206860578,1049.4366825413683,2989.3073762151407
0+6+12+18,2025-03-25,75857.66704079992,67540.11371425712,701.094700159281,68241.20841441641,46108.628894428315,-2507.475198981491,2205.205457898324,45806.35915334515,247.3487426398237,8564.90206918261
0+6+12+18,2025-03-26,67103.88277461681,64455.33344198835,180.94901745089027,64636.28245943924,40678.285361641654,-313.6918175453329,394.9999050045776,40759.5934491009,615.0528614600871,3263.602194088542
0+6+12+18,2025-03-27,71176.6807909442,67255.55864115275,227.04092441742478,67482.59956557017,43491.56000061828,-718.6986811690832,497.3254350883018,43270.1867545375,748.557258441792,4669.679408233241
0+6+12+18,2025-03-28,40221.16014698924,40309.123449779305,0.0,40309.123449779305,22128.824634840697,105.61007903414797,0.0,22234.434713874845,87.96330279006413,0.0
0+6+12+18,2025-03-29,36081.39407984365,36672.41273914634,0.0,36672.41273914634,19570.79988779134,772.8215832028259,0.0,20343.621470994167,591.0186593026834,0.0
0+6+12+18,2025-03-30,64418.99702240604,58746.29489247969,1821.3531459059936,60567.64803838568,38085.89156851171,-1511.1222383264144,5972.562119659007,42547.3314498443,0.0,5672.70212992634
0+6+12+18,2025-03-31,58189.61866104347,63328.864470953355,482.18307713415686,63811.04754808751,35101.942291290165,6111.931750969688,1420.4176607640006,42634.29170302385,8186.765254739381,3047.519444829486
0+6+12+18,2025-04-01,72603.82893279697,69085.50309749803,479.4687996362211,69564.97189713425,43105.4507170811,-597.5537113178882,1269.2144999141651,43777.11150567738,544.5001024998497,4062.8259377987924
0+6+12+18,2025-04-02,70497.37327005627,70414.06290289735,278.2002094270829,70692.26311232444,42255.229097391195,664.2963185776753,896.4312381471159,43815.95665411599,727.8735043389006,811.1838714978172
0+6+12+18,2025-04-03,71756.97581421041,67274.44690138075,111.93546012343796,67386.38236150419,43905.77409289214,-1595.394288186614,266.25776609962793,42576.63757080515,0.0,4482.528912829646
0+6+12+18,2025-04-04,37669.62551306215,37660.900036847015,0.0,37660.900036847015,20736.3604411579,228.92250164777928,0.0,20965.28294280568,265.316915898515,274.04239211365814
0+6+12+18,2025-04-05,34971.29652596393,35155.05952293185,0.0,35155.05952293185,18974.78349918001,233.17325720856596,0.0,19207.956756388576,183.76299696791995,0.0
0+6+12+18,2025-04-06,63389.2197512622,60801.64781760113,649.5655193809889,61451.21333698212,37052.34046020877,88.83749994328798,2671.0838492002167,39812.26180935227,716.4910412628086,3304.062974923881
0+6+12+18,2025-04-07,58706.19407796519,59643.9383202936,390.30840023791706,60034.24672053152,34626.77762947776,1856.1020307319777,1159.5040562050926,37642.38371641483,1768.077484564561,830.3332422361585
0+6+12+18,2025-04-08,67939.87603838721,63370.22782876673,252.97058495374628,63623.19841372048,40876.14760734256,-1323.959276117911,1081.6635190592779,40633.85185028393,106.28378067289225,4675.931990293377
0+6+12+18,2025-04-09,67571.72350908344,67747.11077396819,224.21646946531277,67971.32724343351,40497.54729927707,287.50318449453897,705.3368125864222,41490.38729635803,744.3537318989025,568.9664670141489
0+6+12+18,2025-04-10,66790.04199708797,64450.46385245088,168.73466294288727,64619.198515393764,40600.83722172999,-780.2004701825863,605.677285233174,40426.314036780575,333.3163708491534,2672.8945154862477
0+6+12+18,2025-04-11,35222.826976252414,35500.592328905244,0.0,35500.592328905244,19269.264180398735,431.233367506723,0.0,19700.49754790546,357.40567127342797,79.64031862059485
0+6+12+18,2025-04-12,36941.77952339982,35425.59264189059,1.7860785095444953,35427.378720400135,20448.59808000512,-614.2385519270106,3.8186358534061307,19838.178163931516,0.0,1516.1868815092337
0+6+12+18,2025-04-13,59172.07543239238,58972.549681420576,1127.4960542382892,60100.04573565887,34855.688030365134,83.61249744965633,4476.311605727193,39415.61213354198,205.48443770392922,405.01018867573885
0+6+12+18,2025-04-14,65241.04997667586,57426.308917287315,1089.0418530070042,58515.35077029432,39042.518387894255,-2558.156067368124,3458.222748852634,39942.585069378765,0.0,7814.741059388549
0+6+12+18,2025-04-15,57345.93527371963,58840.64373873132,103.03625239840369,58943.67999112972,34005.76059473092,2114.2791998466937,414.9266772429968,36534.96647182061,2134.382467197746,639.674002186054
0+6+12+18,2025-04-16,65238.63989042938,64687.488757278195,184.23962608419419,64871.72838336239,38303.10672471592,1075.8287918640817,524.6163755735658,39903.55189215358,1297.5991270081038,1848.7502601592996
0+6+12+18,2025-04-17,59375.402131601826,62583.24551786923,48.58696074439922,62631.83247861363,36077.62562343231,2514.7192755994492,124.57199079142316,38716.91688982318,3930.33935604734,722.4959697799345
0+6+12+18,2025-04-18,35529.6325126463,35453.09305597919,0.0,35453.09305597919,19533.245465437903,-35.7140670860216,0.0,19497.531398351883,0.0,76.53945666710996
0+6+12+18,2025-04-19,33690.08077576627,34504.94195964022,4.579907782160603,34509.52186742238,17809.601197273638,1086.1340785900109,9.79184283825937,18905.527118701906,814.861183873952,0.0
0+6+12+18,2025-04-20,56227.348405762415,56699.05001058623,679.7751152340347,57378.825125820265,33365.69590461731,508.93057214662133,1683.092334812431,35557.718811576364,485.611226148649,13.909621324830368
0+6+12+18,2025-04-21,62213.15030217559,54686.67703034459,706.367734415947,55393.04476476053,36711.31161477312,-2130.4258955652117,2375.0466497299926,36955.9323689379,18.214363041939095,7544.687634872944
0+6+12+18,2025-04-22,56595.128757725804,59532.17922248988,218.5137024358883,59750.692924925774,33623.19508659303,2793.8311319034738,706.663158274733,37123.68937677124,3451.2590698343756,514.2086050702978
0+6+12+18,2025-04-23,56607.36133322568,59746.550921229515,379.9426654181589,60126.49358664767,33474.4062968998,2518.613373735129,1034.8326031208476,37027.85227375577,3139.1895880038373,0.0
0+6+12+18,2025-04-24,59581.12228760252,57943.25236237858,54.16952328117992,57997.421885659765,35271.17096285787,537.8755409728881,270.0427240480986,36079.08922787886,1356.625724468277,2994.4956496922227
0+6+12+18,2025-04-25,35097.952595468996,34498.45253646418,0.0,34498.45253646418,19341.1299188335,-278.5016413899889,0.0,19062.62827744351,0.0,599.5000590048171
0+6+12+18,2025-04-26,33124.72880291242,33246.21344000368,0.0,33246.21344000368,17826.91203630894,154.23963252412173,0.0,17981.15166883306,121.48463709126106,0.0
0+6+12+18,2025-04-27,53429.282679944416,54703.91599881474,1454.259335458325,56158.17533427306,31616.953993118856,1072.2854063537945,6009.582863495425,38698.822262968075,1456.5849283823725,181.95160951205264
0+6+12+18,2025-04-28,66847.23166685528,65015.66830335436,247.9614658178649,65263.62976917222,39126.49148840251,-429.78101026879494,761.9286608945846,39458.6391390283,285.17083291052785,2116.734196411443
0+6+12+18,2025-04-29,59097.41575988631,56170.438177322,155.70714792643662,56326.145325248435,34944.19775557444,-189.51275485021176,564.4075283233092,35319.092529047535,457.90030882920695,3384.877891393522
0+6+12+18,2025-04-30,56999.78189335465,55933.25640906416,535.7781939057645,56469.03460296993,34093.24193244737,-439.63017018746007,1182.2144532301427,34835.826215490044,0.0,1066.5254842904842
0+6+12+18,2025-05-01,59877.466020135056,58850.288876945946,2088.6801305813265,60938.969007527274,35907.1490946713,-275.44696068641036,9484.083923309956,45115.78605729485,10.460561185242256,1037.6377043743535
0+6+12+18,2025-05-02,39523.3458641334,38714.51078762022,24.846645862130515,38739.35743348235,22105.338518518183,-240.23476183426962,52.862958319326104,21917.96671500324,0.0,808.8350765131859
0+6+12+18,2025-05-03,34897.89628367593,34816.90250009333,29.6972943239183,34846.59979441725,19067.964704616017,-38.61388728868393,63.51548860006068,19092.866305927393,0.0,80.99378358259438
0+6+12+18,2025-05-04,60219.503956307104,54217.013545869224,2974.880472763525,57191.89401863275,35540.09638330963,-1629.3944224205297,13102.474932506895,47013.176893396,0.0,6002.490410437876
0+6+12+18,2025-05-05,62774.678030440016,60914.04475043694,1645.2289219234103,62559.273672360345,38016.70907443664,-843.3993803326412,7252.079851033946,44425.38954513794,0.0,1860.6332800030748
0+6+12+18,2025-05-06,56430.76099213784,57832.88369080479,1472.412618217072,59305.29630902186,34055.34735321185,1440.600496540166,5725.072060644574,41221.01991039659,2309.9991296803305,907.8764310133816
0+6+12+18,2025-05-07,61844.10582570984,62820.96726615359,465.74627863938167,63286.71354479297,37626.59227359363,705.9922545086573,2365.0692605194845,40697.65378862178,976.8614404437498,0.0
0+6+12+18,2025-05-08,69114.51163102695,66428.27903778641,271.51426277934814,66699.79330056577,41222.27610972659,-379.90852747572717,982.9186600868907,41825.28624233776,432.5263009244426,3118.7588941649756
0+6+12+18,2025-05-09,40091.606684134575,39747.082313677965,0.0,39747.082313677965,22625.42792326795,94.04304509255965,0.0,22719.47096836051,164.06020161598624,508.58457207259454
0+6+12+18,2025-05-10,36304.0431388617,37270.52717451393,0.0,37270.52717451393,20194.555952299557,1329.1225416058091,0.0,21523.678493905365,1007.3608103396651,40.87677468743398
0+6+12+18,2025-05-11,62127.87983169684,60539.52793909876,1172.8271865161041,61712.355125614864,36740.92105550162,646.4793128128483,4791.165838489576,42178.56620680405,1097.9931065644587,2686.344999162534
0+6+12+18,2025-05-12,56606.33501344992,59523.292733792434,395.77980591886535,59919.0725397113,34242.451664970315,3430.9689071316075,1080.6753877236702,38754.095959825594,3882.261814689524,965.3040943470123
0+6+12+18,2025-05-13,67588.4781733001,61754.05389368112,51.014819874809405,61805.06871355593,40356.46521605936,-1292.1793148362976,151.16632572490872,39215.45222694797,368.1223386841166,6202.546618303091
0+6+12+18,2025-05-14,66575.77241110962,63205.85160915035,138.54323035594388,63344.39483950629,40701.97992721766,-1104.372894083319,300.44776075498964,39898.054793889336,116.41486201087048,3486.335663970134
0+6+12+18,2025-05-15,65658.71884078428,63981.807958043515,66.82335243875474,64048.63131048227,41133.81152309512,27.028163085799868,157.74490293974523,41318.58458912067,1568.6211958044541,3245.5320785452113
0+6+12+18,2025-05-16,37489.99668644785,36557.48481373138,0.0,36557.48481373138,22101.398358531234,-420.2257170889057,0.0,21681.17264144233,0.0,932.5118727164606
0+6+12+18,2025-05-17,35903.47213240203,35207.344650248655,9.760510248608739,35217.10516049727,20701.489611767414,-298.0308817935914,21.11922697587612,20424.5779569497,0.0,696.1274821533734
0+6+12+18,2025-05-18,65843.002209312,62353.33721694673,482.0847017066712,62835.4219186534,39325.43434920563,-964.2847816800671,1149.8555281261386,39511.0050956517,0.0,3489.664992365284
0+6+12+18,2025-05-19,61125.37556807228,57765.503846978216,89.60211387909834,57855.10596085731,36657.71481591703,-515.2820313053292,519.6514669939157,36662.084251605615,244.4271915503763,3604.298912644439
0+6+12+18,2025-05-20,61537.364314601306,62588.88332913571,204.62182671402107,62793.50515584973,37233.95778579105,1093.756567842367,669.0216500735205,38996.73600370694,1060.5812371197526,9.062222585354561
0+6+12+18,2025-05-21,59251.29764770234,61164.128053787485,118.44433125487444,61282.57238504236,36360.97810602911,2121.2406855017425,323.5070370684905,38805.725828599345,2575.0623184162782,662.2319123311427
0+6+12+18,2025-05-22,62381.7396312793,61963.282437314876,62.48557746262179,62025.768014777495,38544.08596250358,-144.08447975425298,216.6718355636312,38616.67331831296,0.0,418.4571939644181
0+6+12+18,2025-05-23,36367.110172185996,37447.39024261738,0.0,37447.39024261738,20854.66542023989,1415.2331835773502,0.0,22269.89860381724,1093.546824826829,13.266754395447453
0+6+12+18,2025-05-24,35268.40799213657,34861.55175278669,0.0,34861.55175278669,20328.80277534718,-196.4537830136901,0.0,20132.34899233349,0.0,406.8562393498745
0+6+12+18,2025-05-25,59107.00554778174,56710.227892004026,428.04525964448084,57138.27315164851,35448.39706751643,-436.4118343403262,1582.0214274073771,36594.00666058349,89.06069226553194,2485.838348043244
0+6+12+18,2025-05-26,58673.07336912934,61394.18035823389,360.5858567634949,61754.766214997384,35922.90679894209,2183.3593352460634,869.279051377526,38975.54518556568,2721.1069891045418,0.0
0+6+12+18,2025-05-27,57906.68642541312,58289.25127078409,245.90730667565145,58535.15857745974,35618.955849880775,1585.0540966445792,539.3612732630788,37743.37121978843,2409.9762883593726,2027.4114429884169
0+6+12+18,2025-05-28,66484.44965191098,64288.20255301716,156.8831727706559,64445.085725787816,39830.14385288481,-335.16170820267274,407.06306035557327,39902.04520503771,258.57737429281565,2454.8244731866303
0+6+12+18,2025-05-29,65593.08498209508,64738.58775388185,176.0304372749606,64914.61819115681,39466.43720387464,521.4940440204196,613.4387259001355,40601.3699737952,1032.2510453021732,1886.7482735154163
0+6+12+18,2025-05-30,38245.379572152175,38211.87311787963,13.458559991347954,38225.33167787098,22189.92240251993,2.209047084938655,29.292555821168822,22221.424005426037,14.867555770683566,48.37401004323328
0+6+12+18,2025-05-31,38876.262674154554,36688.94228503481,125.92390583471837,36814.86619086953,22626.63435077672,-921.8428444116895,269.20982892340066,21974.00133528843,0.0,2187.3203891197422
0+6+12+18,2025-06-01,75408.21674120649,70219.34430376752,6642.569694544122,76861.91399831163,45559.90019974833,-1920.9301122506643,25537.40439247241,69176.37447997008,0.0,5188.872437438979
0+6+12+18,2025-06-02,80195.4511073154,69236.16965298899,4656.726096488019,73892.895749477,49544.61919663017,-3519.6622422641008,16658.444031472456,62683.400985838525,0.0,10959.2814543264
0+6+12+18,2025-06-03,75965.2667482036,75708.0655494686,2056.910975028927,77764.97652449753,46901.09206244377,913.6038783023803,7152.785350240296,54967.48129098645,1066.8346316959369,1324.0358304309364
0+6+12+18,2025-06-04,88218.97167994062,75451.80778402969,1592.448951269151,77044.25673529884,55326.86887533506,-2355.373932322645,4581.091812598243,57552.58675561065,3114.1438368202316,15881.30773273117
0+6+12+18,2025-06-05,78148.59477952812,78075.27189737278,1061.0511659074232,79136.3230632802,47893.27035323024,725.6605006858573,3900.4199331167756,52519.350787032876,695.2836301105835,768.6065122659387
0+6+12+18,2025-06-06,54020.18922609267,52248.569021086085,5.917550048132284,52254.48657113421,31832.877235063246,-497.75671168597876,12.678350978123419,31347.79887435539,0.0,1771.6202050065917
0+6+12+18,2025-06-07,55699.14035458544,49347.70109981639,0.0,49347.70109981639,31368.044762424164,-1395.0816945108008,0.0,29972.963067913362,204.37800818419902,6555.817262953247
0+6+12+18,2025-06-08,73842.84432959612,72175.2125514294,456.6843606195246,72631.89691204892,45195.27219298552,1036.0621770741243,1668.1766196728945,47899.51098973254,1901.5742815651715,3569.2060597318896
0+6+12+18,2025-06-09,84366.96835845716,80176.27120681583,637.8560982988243,80814.12730511466,53095.34963757314,-1528.122472902387,1754.0168472741952,53321.244011944946,0.0,4190.697151641337
0+6+12+18,2025-06-10,80006.70978871282,80093.43445911065,162.76298855045633,80256.1974476611,49785.803027468166,432.450729686782,353.58154770780646,50571.835304862754,536.1188802545131,449.3942098566789
0+6+12+18,2025-06-11,86023.32796062058,86296.29754010298,207.7408907661167,86504.0384308691,54816.96465882364,568.9303784140794,691.1815826177258,56077.07661985545,686.8652343999374,413.89565491753194
0+6+12+18,2025-06-12,85246.65083288943,84483.55778098953,104.30544838812182,84587.86322937766,53903.87621719041,-298.5404922236096,226.07691476768247,53831.41263973448,0.0,763.0930518998991
0+6+12+18,2025-06-13,53267.71435657119,51744.888161043506,0.0,51744.888161043506,31255.65016850418,-291.6908486625219,0.0,30963.95931984166,243.61114490450302,1766.4373404321823
0+6+12+18,2025-06-14,50710.245220842495,49261.13927805636,19.799746937604255,49280.93902499397,29645.751035499023,-451.78171724077686,41.98536338118982,29235.954681639436,0.0,1449.1059427861392
0+6+12+18,2025-06-15,76114.11257750593,78687.9235833789,617.9074913697859,79305.83107474868,47418.001147832816,1966.9258187254604,2034.54748595891,51419.474452517185,2687.164370809418,113.35336493644263
0+6+12+18,2025-06-16,81352.05072137062,81502.3345278103,506.29214903134744,82008.62667684164,50817.22521188597,298.2880637273425,1714.3213279096788,52829.83460352299,575.2340446632697,424.95023822360406
0+6+12+18,2025-06-17,84781.72442913993,85081.30794109672,258.0973157111792,85339.40525680789,53057.9637573818,1117.6882511013719,963.9174839114667,55139.569492394636,1249.6584525394521,950.0749405826468
0+6+12+18,2025-06-18,85990.87783074784,84234.29788971914,101.6099447162386,84335.90783443538,53819.52698919268,339.198202108945,316.9200360140527,54475.645227315676,1180.240413272921,2936.820354301623
0+6+12+18,2025-06-19,82199.4130854642,79595.26816634224,247.72837497529812,79842.99654131754,51368.50389414988,601.5974199938107,835.4121274807375,52805.51344162443,2048.550181102955,4652.695100224918
0+6+12+18,2025-06-20,52230.2043425456,51149.468954064665,0.0,51149.468954064665,31098.759676720685,-326.83536666414403,0.0,30771.92431005654,0.0,1080.735388480933
0+6+12+18,2025-06-21,44536.65655798801,44521.95083564525,0.0,44521.95083564525,26727.822916172558,-6.794204897596305,0.0,26721.02871127496,0.0,14.705722342766194
0+6+12+18,2025-06-22,76272.39082358082,75196.80040453438,159.8963270904684,75356.69673162485,46528.02276171635,1854.641258517143,438.62560823214756,48821.28962846564,2301.465911055905,3377.056330102339
0+6+12+18,2025-06-23,78379.19191627127,77991.84713302771,259.40464217023106,78251.25177519795,49277.24098625047,-75.350000041724,779.6971418888452,49981.58812809759,62.527578859808,449.87236210337676
0+6+12+18,2025-06-24,90940.56529644315,87580.65980801173,312.4904110432779,87893.15021905501,57814.99380177265,-1226.6444418282665,842.2663412574195,57430.6157012018,0.0,3359.9054884314132
0+6+12+18,2025-06-25,82143.9204742276,82965.31988341431,15.439322423234856,82980.75920583754,50836.60166159742,1519.4253560614611,56.70207470297205,52412.72909236186,1422.5038796711883,601.1044704844745
0+6+12+18,2025-06-26,79389.287467329,80070.78401563517,82.1097454369951,80152.89376107216,50068.666992395956,492.57896038085323,339.33346152213744,50900.57941429895,786.0075832555438,104.5110349494031
0+6+12+18,2025-06-27,50256.760849174956,47093.94126490313,0.0,47093.94126490313,30283.13681245091,-1161.5382128490642,0.0,29121.598599601846,0.0,3162.819584271837
0+6+12+18,2025-06-28,46129.74212026107,46041.219257840916,30.431671971801563,46071.65092981272,27530.717767429847,-38.315645880161384,65.90582784332398,27558.30794939301,0.0,88.52286242016305
0+6+12+18,2025-06-29,73512.06296332032,75901.78503147239,1380.292962714749,77282.07799418714,44904.82511094086,3023.709919746715,4071.105501767316,51999.64053245489,2924.6262211593803,534.9041530073061
0+6+12+18,2025-06-30,81674.82378698328,79570.77519887852,379.382211210457,79950.15741008897,50900.02575896806,-579.4121402844642,1257.683837951133,51578.29745663473,157.97684695480655,2262.025435059576
0+6+12+18,2025-07-01,73461.819800222,74045.4577816656,9229.160635551867,83274.61841721745,45276.42934010321,477.0460579712375,32346.041244252912,78099.51664232736,620.1242152594336,36.48623381582911
0+6+12+18,2025-07-02,74115.81585613012,73073.04755366319,4472.173092615098,77545.22064627828,46256.53283838005,-405.3742052314981,15214.745166638017,61065.90379978657,0.0,1042.7683024669398
0+6+12+18,2025-07-03,84771.44420866974,83813.84446546496,3043.877540394965,86857.72200585993,53223.67226296518,-234.71920420609564,10197.521848499153,63186.474907258234,184.86402401521548,1142.4637672199965
0+6+12+18,2025-07-04,48250.39715149799,48950.513282175576,119.93927325378684,49070.452555429365,29266.5154709111,1006.8017332037869,282.6871328270582,30556.004336941944,925.8515420935631,225.73541141597974
0+6+12+18,2025-07-05,47146.63425425171,47156.26609420494,201.63136784682507,47357.89746205177,28428.234517258945,10.884942331147517,448.28220502959,28887.401664619683,9.631839953232031,0.0
0+6+12+18,2025-07-06,76486.45699406511,80486.54337347235,4340.171991272545,84826.71536474489,48224.09185835501,3335.670911959152,17021.990696112567,68581.75346642673,4248.854415975267,248.7680365680228
0+6+12+18,2025-07-07,80775.20962851855,77258.34330994746,1700.890734111561,78959.23404405902,50400.001103320494,-736.5776785794934,5591.788561240737,55255.21198598173,423.95235012756393,3940.81866869866
0+6+12+18,2025-07-08,91920.56517584599,87768.55568439256,109.76779728146437,87878.32348167403,58373.68778529905,-1230.5289624699074,389.9528889921532,57533.1117118213,101.59196996886067,4253.601461422282
0+6+12+18,2025-07-09,92005.98930394425,87887.37612880702,163.38045826176415,88050.75658706878,57951.0892426801,-1331.7127016256486,833.8300210610121,57453.20656211546,62.58727917446163,4181.20045431169
0+6+12+18,2025-07-10,85309.97346691799,84452.94226463631,435.1217251385956,84888.0639897749,53976.98716764028,434.8822205554113,1103.1924984432212,55515.06188663891,616.3856761667496,1473.4168784484168
0+6+12+18,2025-07-11,61415.81067907124,58871.89995669016,0.0,58871.89995669016,36978.9360991183,-810.6291451635763,0.0,36168.30695395472,0.0,2543.910722381076
0+6+12+18,2025-07-12,51548.30541957445,52359.60566389443,0.0,52359.60566389443,31466.68875465031,988.1792960608991,0.0,32454.868050711208,837.6690599514616,26.368815631487564
0+6+12+18,2025-07-13,86250.02428302474,78478.431477078,558.8015437426542,79037.23302082065,55028.37188134616,-2854.5629848145772,2463.4861601720145,54637.295056703595,0.0,7771.5928059467215
0+6+12+18,2025-07-14,82179.64803582834,80491.9071495839,496.37059143620473,80988.27774102011,50964.689855694116,221.74186576347114,2350.7051499523923,53537.13687140998,764.1079280875331,2451.8488143319773
0+6+12+18,2025-07-15,90131.86896958962,85924.95626496004,216.24855999644709,86141.20482495648,56690.978530804,-1245.79078450688,547.7901604841754,55992.9779067813,42.9916563959564,4249.904361025539
0+6+12+18,2025-07-16,86941.46741949952,85744.16118355334,183.78551805069554,85927.94670160403,55664.63354461665,-410.913145666625,421.7688942646805,55675.489293214705,349.7204672342105,1547.0267031803673
0+6+12+18,2025-07-17,85853.77835559749,87174.70342962138,139.57953944117298,87314.28296906255,54460.26316901005,2114.997187982894,492.9019543218873,57068.16231131484,2098.286869957216,777.3617959333196
0+6+12+18,2025-07-18,63644.87932997047,59102.11218985763,0.0,59102.11218985763,39006.37882282004,-1573.817548608508,0.0,37432.56127421153,0.0,4542.767140112844
0+6+12+18,2025-07-19,58412.82178639296,54110.24347050062,35.551867300603476,54145.795337801224,36255.48811265708,-1447.5024381230214,76.00989228869022,34883.995566822756,132.96826507244506,4435.546580964788
0+6+12+18,2025-07-20,86129.81179611568,83394.62790105035,147.38729318513384,83542.01519423549,53707.492548938724,-691.971401538003,582.4670357773215,53597.988183178044,143.74842620731323,2878.932321272662
0+6+12+18,2025-07-21,88054.1186012014,86253.6009430358,122.17427951851289,86375.77522255431,55640.41427225662,40.43427179095988,373.3081591266229,56054.1567031742,920.1309449655784,2720.6486031311665
0+6+12+18,2025-07-22,86565.7413236991,89361.93435667151,54.18585407289902,89416.12021074441,54920.70095125965,6146.157879331156,207.37930315492633,61274.238133745734,8019.715757313969,5223.522724341554
0+6+12+18,2025-07-23,97431.60956960652,88228.48604349236,21.978226980779,88250.46427047314,62516.308292646485,-3221.0981642097413,85.44140478804678,59380.651533224795,0.0,9203.12352611415
0+6+12+18,2025-07-24,96872.15859820967,90590.4627100051,0.3925710204034658,90590.8552810255,62370.1010965694,-2292.7612073956157,0.8713113797854923,60078.21120055357,0.0,6281.695888204564
0+6+12+18,2025-07-25,54460.52428083438,54337.860584707676,0.0,54337.860584707676,33991.89239310617,825.7825164565816,0.0,34817.67490956275,2092.7042880452354,2215.367984171953
0+6+12+18,2025-07-26,56521.91689576526,55485.906022122464,0.0,55485.906022122464,33943.27237568423,-167.89186273366536,0.0,33775.38051295056,95.08069412533553,1131.091567768131
0+6+12+18,2025-07-27,83131.14012709887,82984.71140415956,601.2886431124427,83586.00004727201,52062.258234649475,929.18136883442,1869.6036292112126,54861.043232695105,1096.9219059667744,1243.350628906087
0+6+12+18,2025-07-28,87573.76822211167,88142.72462493024,226.36389245638168,88369.08851738663,55177.99979119001,1170.6414836790814,546.1648477143326,56894.80612258342,1157.1849899311412,588.228587112559
0+6+12+18,2025-07-29,87179.17653161596,90561.9700816755,45.975742233289225,90607.9458239088,55012.8674746508,3209.238651734327,202.47225912784057,58424.57838551296,3444.743594555614,61.95004449608325
0+6+12+18,2025-07-30,81228.64451979594,88095.53090254994,5.466192536485892,88100.99709508644,51433.66077333516,6617.349444497808,11.88459760551834,58062.894815438485,6866.886382754004,0.0
0+6+12+18,2025-07-31,86559.77531493094,87353.92415402527,196.68330897968463,87550.60746300496,54673.48427246794,839.627451116695,708.3355802293449,56221.44730381398,854.1604432921208,60.01160419778057
0+6+12+18,2025-08-01,54244.763900959195,51851.77836832765,0.0,51851.77836832765,34075.29383839003,-961.0835926166751,0.0,33114.210245773356,0.0,2392.985532631544
0+6+12+18,2025-08-02,58316.60506859955,54336.34178489607,26.254807006175042,54362.59659190224,35590.06401070974,-1372.7848602143886,56.13277737920224,34273.41192787456,0.0,3980.263283703477
0+6+12+18,2025-08-03,70969.35491009758,69926.50712752559,488.135769920574,70414.64289744616,45169.98649125945,123.96209771348617,2133.740408713371,47427.6889976863,594.2623832639517,1637.1101658359426
0+6+12+18,2025-08-04,77930.9076328287,75110.52898119789,312.2421724527234,75422.77115365061,49939.78913293962,-842.6906941449555,1212.4421493825716,50309.54058817724,743.7184458731252,3564.0970975039536
0+6+12+18,2025-08-05,76770.8970558477,77155.71776854618,10.741329442323718,77166.4590979885,48815.98765539286,520.827072738271,23.71301354167204,49360.527741672806,1105.853194962629,721.0324822641496
0+6+12+18,2025-08-06,85630.45535941579,81560.79941164581,62.25191807476892,81623.05132972058,55241.95909069723,-1588.901142854665,137.90928389883163,53790.96723174139,36.30546833511846,4105.96141610509
0+6+12+18,2025-08-07,86552.21199543981,76962.43593540808,142.3943686282475,77104.83030403632,54237.53782882131,-2187.7668838490763,335.36796695026226,52385.13891192249,485.92960201967367,10075.705662051401
0+6+12+18,2025-08-08,51035.13187837513,50910.42930962561,0.0,50910.42930962561,31234.307484717872,-51.60700654588423,0.0,31182.700478171988,0.0,124.70256874952096
0+6+12+18,2025-08-09,48839.04079110002,48558.56893615316,0.0,48558.56893615316,29903.674686512593,-117.91143351882359,0.0,29785.76325299377,0.0,280.4718549468554
0+6+12+18,2025-08-10,74884.49003500413,72226.49825673492,493.18634517293333,72719.68460190785,47719.38987958552,-931.9330870008848,1651.5850751459152,48439.04186773055,0.0,2657.9917782691955
0+6+12+18,2025-08-11,74738.3155872822,75481.51028038719,586.9655204131703,76068.47580080036,46536.98568690421,1122.0082327758942,2376.24630786704,50035.24022754715,954.369199935808,211.1745068308242
0+6+12+18,2025-08-12,82012.55473941518,79056.49428738229,346.47182149010507,79402.9661088724,51244.87324814347,-218.53071217539713,1236.072825201513,52262.41536116959,604.0728230657817,3560.13327509868
0+6+12+18,2025-08-13,75904.71717369583,75989.09642915323,254.92208326917319,76244.01851242241,47471.27509428645,162.51187014749604,835.9993181028478,48469.78628253679,149.123651274532,64.744395817125
0+6+12+18,2025-08-14,77730.7718565439,78751.40903824546,138.57122219825715,78889.98026044371,49493.39956733618,934.0288199062506,400.11612768193845,50827.54451492437,1429.7586415809233,409.12145987936043
0+6+12+18,2025-08-15,54688.58299793024,51314.79942446138,0.0,51314.79942446138,33713.84941349493,-1218.182701688746,0.0,32495.66671180618,0.0,3373.783573468868
0+6+12+18,2025-08-16,51209.907146414145,47096.48493971035,0.0,47096.48493971035,32299.13053988904,-1695.8509183333315,0.0,30603.27962155571,0.0,4113.422206703787
0+6+12+18,2025-08-17,76123.8902208554,71454.92629098846,909.5487523745591,72364.47504336301,47215.04831569411,-720.0693130835724,4112.061684661299,50607.04068727184,417.05460924503797,5086.018539111983
0+6+12+18,2025-08-18,74909.36388562838,73684.83489185016,618.3928420981858,74303.22773394834,47622.20269230775,-487.73512975674333,2473.524488628972,49607.99205117998,0.0,1224.5289937782295
0+6+12+18,2025-08-19,74971.81534954625,73726.89094205768,391.38156954718636,74118.27251160487,47592.360219364855,-14.254355871089956,1656.8433336811468,49234.94919717491,551.6442175353977,1796.5686250239514
0+6+12+18,2025-08-20,84074.45261869719,79439.01239064144,386.70139669270606,79825.71378733414,52579.88431337844,-583.0163014075952,1434.3147615864714,53431.18277355732,805.3472358510834,5440.787463906823
0+6+12+18,2025-08-21,80475.05848310556,76273.69294314903,322.53585880925493,76596.22880195828,50510.176102063175,-740.391448229749,1233.0803885790042,51002.86504241243,450.8940663383123,4652.259606294847
0+6+12+18,2025-08-22,50733.65417262487,49083.39280019462,10.412222883661116,49093.80502307828,31708.417083731645,-650.4104989475082,22.205470722534905,31080.212055506672,0.0,1650.2613724302591
0+6+12+18,2025-08-23,47346.12403455426,47788.264720067134,0.0,47788.264720067134,28656.74051229831,607.9780421368044,0.0,29264.718554435116,442.1406855128739,0.0
0+6+12+18,2025-08-24,70933.56583900016,69847.00181988772,682.4667834307243,70529.46860331844,45642.64797511357,952.5686755907345,2573.9747991774916,49169.1914498818,1822.3659278883035,2908.929947000737
0+6+12+18,2025-08-25,93838.80742358847,79595.24438647344,304.1395266040399,79899.38391307747,59536.62979467434,-4687.597668124452,815.2573768577072,55664.2895034076,0.0,14243.563037115036
0+6+12+18,2025-08-26,74318.49925896543,74303.0034926084,246.79010669211505,74549.79359930052,47880.3039533542,424.439202432108,560.934013178414,48865.67716896472,1043.1426066391796,1058.638372996198
0+6+12+18,2025-08-27,76549.7532227239,79392.9563408799,119.81989655424934,79512.77623743415,48899.08022869252,4264.323485234996,460.5632772147878,53623.966991142304,5396.190758206611,2552.9876400506128
0+6+12+18,2025-08-28,76656.09457503476,79990.01302842429,175.0719502350329,80165.08497865932,47994.27242067558,4172.865942718847,775.0009843300153,52942.13934772444,3918.544217306806,584.6257639172807
0+6+12+18,2025-08-29,55626.992848708505,53023.800882741925,0.0,53023.800882741925,34137.84408494651,-741.5853266872451,0.0,33396.25875825927,221.93179085656857,2825.1237568231527
0+6+12+18,2025-08-30,50238.5586182034,48160.75093309876,20.786882060764015,48181.53781515952,31116.189453675455,-745.7928195838531,44.44235384591346,30414.838987937514,0.0,2077.807685104637
0+6+12+18,2025-08-31,72010.5407230667,72341.95114125097,968.016804499476,73309.96794575045,45943.454423229574,257.5893078362617,3729.8138446450967,49930.857575710936,407.77998414297844,76.36956595871163
0+6+12+18,2025-09-01,82596.29025633016,74711.03160648582,0.0,74711.03160648582,51584.35550645595,-2038.8494704147897,0.0,49545.50603604116,324.5484239526911,8209.807073797045
0+6+12+18,2025-09-02,73475.41589408374,73538.50352061236,14.205799091686004,73552.70931970404,45959.69923890227,1804.2858166835213,40.543350607671854,47804.528406193465,2220.733912082048,2157.646285553442
0+6+12+18,2025-09-03,78477.71226093212,74432.44261176167,2.050679634194921,74434.49329139586,49292.67324569892,-979.6772639301419,4.506368496143339,48317.50235026492,100.80006633282915,4146.069715503284
0+6+12+18,2025-09-04,75909.3982196862,72623.27958714635,28.026085813176906,72651.30567295953,48430.195588083094,-942.2521449245246,65.4450652073359,47553.388508365904,0.0,3286.1186325398517
0+6+12+18,2025-09-05,46737.19982646757,45896.58455985529,0.0,45896.58455985529,28761.49484561658,-386.07435326140376,0.0,28375.420492355177,0.0,840.6152666122777
0+6+12+18,2025-09-06,44752.40536844029,44430.45986357226,0.0,44430.45986357226,27084.277027985143,-142.94231267502408,0.0,26941.33471531012,0.0,321.94550486802706
0+6+12+18,2025-09-07,66935.90874648312,67707.57332834977,42.78597553944496,67750.35930388921,42109.23537363917,1743.1411447640392,93.63125929316078,43946.007777696366,2682.0407283119907,1910.3761464453412
0+6+12+18,2025-09-08,71111.82975471248,69689.2803698481,207.58886856006097,69896.86923840817,43695.28354371899,610.0070508102617,521.4475351833016,44826.73812971256,1254.6048369761593,2677.15422184054
0+6+12+18,2025-09-09,62651.81421884969,63656.75353338137,39.39324262916659,63696.14677601054,39285.35098030335,2477.5914525469307,143.5525691828813,41906.49500203316,2731.041842433213,1726.1025279015294
0+6+12+18,2025-09-10,75092.72095280272,71153.0597802535,269.40863418760705,71422.46841444111,46460.773947060006,-420.0065735897135,796.2340343535514,46837.001407823846,1091.6859605538934,5031.347133103107
0+6+12+18,2025-09-11,75408.32334065979,65773.5789105265,42.27629429546175,65815.85520482196,47113.22339098729,-2783.5662757722193,116.48183088709078,44446.13894610216,0.0,9634.744430133289
0+6+12+18,2025-09-12,43488.418604754304,43146.87825031495,0.0,43146.87825031495,25938.607026454665,113.43894261779758,0.0,26052.045969072464,332.21342852301746,673.7537829623739
0+6+12+18,2025-09-13,41001.70484613918,40949.60522645994,0.0,40949.60522645994,24139.51317239854,-23.562071755941343,0.0,24115.9511006426,0.0,52.0996196792424
0+6+12+18,2025-09-14,73541.24348801868,67633.45912926657,537.9445242395162,68171.40365350609,45740.98701846698,-1899.5215166473404,1425.8443013836907,45267.30980320332,0.0,5907.784358752106
0+6+12+18,2025-09-15,59793.19553879009,59687.66541852145,1202.6446932231352,60890.310111744584,37275.68815791035,69.55329809143372,4695.485872144804,42040.72732814659,108.6509512767712,214.1810715454148
0+6+12+18,2025-09-16,74219.20005643429,67615.0427052585,888.7517873432588,68503.79449260175,45568.591088616675,-2010.7115462641166,2791.59104410323,46349.47058645579,13.277451654490164,6617.434802830276
0+6+12+18,2025-09-17,70961.07386336176,67470.28781929307,231.11431528488123,67701.40213457795,44514.48083703984,-1263.2292972075443,515.3313710597854,43766.58291089208,0.0,3490.786044068698
0+6+12+18,2025-09-18,64132.61170884786,68858.35854402251,156.04589287462665,69014.40443689714,40215.65507220934,4461.672436935248,479.8070030256084,45157.13451217019,6261.487733822006,1535.7408986473263
0+6+12+18,2025-09-19,42220.32134359717,41997.118755822434,6.2899671427883845,42003.40872296522,25088.409692561654,-9.76745704327277,13.627213814851036,25092.269449333235,116.18836129392798,339.39094906866535
0+6+12+18,2025-09-20,40475.88206156409,39931.05018605034,14.009699603918875,39945.059885654264,23763.213507007058,-231.93185558106475,30.618198484364697,23561.899849910358,0.0,544.8318755137352
0+6+12+18,2025-09-21,66702.03265930088,63997.72526961588,1428.551897621562,65426.277167237444,40735.90191676565,-666.5892563183525,5574.66372325532,45643.97638370262,2.5819210556079497,2706.8893107406034
0+6+12+18,2025-09-22,71435.51631418706,63998.31479056912,2315.3113666209993,66313.62615719013,44226.373340544495,-2342.9264093086704,7358.532846606209,49241.97977784203,0.0,7437.201523617944
0+6+12+18,2025-09-23,71018.25982134702,68957.76208467917,784.4308950551009,69742.19297973427,43967.58425109359,-615.1458661560301,3178.9771788994094,46531.41556383697,0.0,2060.4977366678454
0+6+12+18,2025-09-24,61637.940454638236,65700.02516141246,1287.579020567669,66987.60418198013,38883.205105518646,3302.5321038796237,3379.2072848692187,45564.94449426749,4062.084706774222,0.0
0+6+12+18,2025-09-25,70525.21418636905,70519.22215682892,670.4984267346017,71189.72058356352,43874.37783867972,597.2894765912818,2128.2731581886565,46599.940473459654,906.676645208043,912.6686747481644
0+6+12+18,2025-09-26,46502.56232896073,44247.90442742091,0.0,44247.90442742091,27182.135490678364,-811.7859489338244,0.0,26370.349541744537,0.0,2254.6579015398265
0+6+12+18,2025-09-27,39959.72170150825,40602.06827095716,50.26954722984931,40652.337818187014,23223.775670750383,1080.8946504488476,107.71889667090174,24412.38921787013,1023.1854967486225,380.83892729971274
0+6+12+18,2025-09-28,65488.27132834037,67576.16543543158,2108.223788394762,69684.38922382635,40161.71946575903,3188.896810175045,7424.707109169947,50775.32338510402,4404.513552915441,2316.6194458242408
0+6+12+18,2025-09-29,71056.70354820386,65060.92990609943,2519.941789657053,67580.87169575649,44082.61165276663,-1624.3140281224742,9164.628923441354,51622.92654808551,459.31228159187265,6455.085923696294
0+6+12+18,2025-09-30,70920.37688319926,71485.38391287543,799.2701391172216,72284.65405199265,44605.191930356894,815.4452260911959,2627.7932293596323,48048.43038580772,932.336793713445,367.3297640372857
0+6+12+18,2025-10-01,69736.52091215947,65603.44419836954,98.58184111778326,65702.02603948733,42892.64682533132,-838.9004507447996,214.04796530100327,42267.79433988753,187.98538897443518,4321.062102764363
0+6+12+18,2025-10-02,75592.10924967378,66101.61804441681,96.88370475632235,66198.50174917314,47133.12930042524,-3008.597636600535,221.63089033565853,44346.162554160364,0.0,9490.49120525697
0+6+12+18,2025-10-03,39856.513718876115,40165.21776441072,0.0,40165.21776441072,22757.03373241909,403.27687981432257,0.0,23160.310612233414,308.70404553460037,0.0
0+6+12+18,2025-10-04,44713.25850480565,43792.78308760577,0.0,43792.78308760577,24838.62221380599,-217.24786018081423,0.0,24621.374353625175,0.0,920.4754171998799
0+6+12+18,2025-10-05,69214.16418954954,60721.88820955308,953.8006111735076,61675.68882072659,41966.05607566053,-2292.1791513826124,2719.291194052461,42393.16811833037,108.99108729825228,8601.267067294715
0+6+12+18,2025-10-06,60159.07398147705,63412.510919695924,740.436185954934,64152.947105650856,37369.92269389103,2417.895097517701,2205.006665077398,41992.82445648612,3390.308909461312,136.87197124244042
0+6+12+18,2025-10-07,68052.05800522058,67645.72043641453,183.6774824899174,67829.39791890445,41495.887756652795,838.6272072980755,466.57038060795253,42801.08534455883,1005.9107276515799,1412.24829645763
0+6+12+18,2025-10-08,65571.85419176964,64259.694866868136,308.1403034979174,64567.83517036605,39659.29682052886,-342.3207626146475,1202.983231886717,40519.959289800936,0.0,1312.1593249014945
0+6+12+18,2025-10-09,75062.87159954116,63817.69233521913,78.5200513469672,63896.2123865661,46160.767068991634,-3471.748312984045,258.944061767574,42947.96281777516,0.0,11245.179264322041
0+6+12+18,2025-10-10,41898.17176465076,41079.70820051086,0.0,41079.70820051086,23605.329628726195,-329.31778036536053,0.0,23276.011848360835,0.0,818.4635641398988
0+6+12+18,2025-10-11,40355.50682669528,40280.02039149753,19.27844668988746,40299.29883818742,22280.812892323644,216.07948307741455,41.176886440971515,22538.06926184203,292.1069821766451,367.59341737439036
0+6+12+18,2025-10-12,63757.939917191994,62118.87381383873,1800.3531675489578,63919.226981387685,38192.785169346724,-157.62660306218692,7455.378402435097,45490.536968719636,200.14668186920622,1839.2127852224755
0+6+12+18,2025-10-13,68428.9765219046,62972.68516271619,1106.571049228743,64079.25621194493,41528.35335641894,-1028.3684601022887,3406.397428094965,43906.382324411614,619.1779210698535,6075.469280258256
0+6+12+18,2025-10-14,71930.00232015198,65778.92923475441,1181.121947021808,66960.05118177622,44256.479364358616,-868.3819025283124,3129.6241023770963,46517.7215642074,1432.2912253791872,7583.364310776757
0+6+12+18,2025-10-15,74627.2514032367,69426.7270460921,305.90707294038197,69732.63411903247,45932.92487423745,-1755.899145660857,934.962237237902,45111.98796581449,0.0,5200.52435714462
0+6+12+18,2025-10-16,71288.0447938136,71476.3485077482,184.5529529025461,71660.90146065076,44065.05220571926,336.98822111420276,561.8544301247255,44963.894856958184,295.4352705771764,107.13155664258147
0+6+12+18,2025-10-17,39387.11475018678,40799.53464331328,0.0,40799.53464331328,21755.483153816996,1771.104369090588,0.0,23526.587522907583,1412.419893126502,0.0
0+6+12+18,2025-10-18,40818.54017978561,39855.73981584665,0.2061450177268398,39855.94596086438,23040.634604829134,-364.72397674542776,0.44073804789998344,22676.351366131606,0.0,962.800363938961
0+6+12+18,2025-10-19,68827.33635569659,67213.3343902791,1581.3541714743737,68794.68856175347,42126.10729130529,-492.81633226024155,6298.982109039214,47932.273068084265,0.0,1614.0019654174966
0+6+12+18,2025-10-20,74772.68980240778,72563.57242382105,406.77545373116556,72970.34787755222,46414.14549459982,-787.7225379819728,1329.2330619038953,46955.656018521746,0.0,2209.1173785867327
0+6+12+18,2025-10-21,74754.0960453671,74592.17320203634,245.32380776412958,74837.49700980047,46098.79137596401,69.65604019178443,660.1969553794295,46828.644371535214,448.4215956286764,610.344438959429
0+6+12+18,2025-10-22,72276.1418508054,73113.43567209679,366.4785009114315,73479.91417300822,44710.353039957234,760.7622262841544,1494.175932502621,46965.29119874401,989.9804727684096,152.68665147702825
0+6+12+18,2025-10-23,83679.14293444742,71285.67227767617,335.9422302299017,71621.61450790608,51949.616207077015,-3455.7805566038096,904.2271395428111,49398.06279001602,554.9218293498482,12948.392486121083
0+6+12+18,2025-10-24,42757.19385371252,43518.35936019921,0.0,43518.35936019921,23828.817338263572,883.9924233196192,0.0,24712.80976158319,761.1655064866969,0.0
0+6+12+18,2025-10-25,43453.59206730167,43181.77729885414,0.0,43181.77729885414,23637.083323603183,192.47508197168304,0.0,23829.558405574866,258.346797439332,530.161565886862
0+6+12+18,2025-10-26,73253.23161733637,67548.04233689466,1765.6286486540541,69313.67098554871,44828.619491448604,-1391.5682774772588,5774.78363491003,49211.83484888138,584.6956283445099,6289.884908786218
0+6+12+18,2025-10-27,68486.85311209463,71952.92466735512,457.26704192820205,72410.19170928333,42264.76273644554,4138.779472501374,1587.2511616364839,47990.7933705834,4973.0340188832,1506.962463622699
0+6+12+18,2025-10-28,70566.90690985232,73456.12597021545,245.35973553275272,73701.4857057482,43739.17426614405,2952.087266253335,726.6984471226133,47417.959979520005,3041.197290649945,151.9782302868132
0+6+12+18,2025-10-29,79693.93561511554,78479.46127374448,191.13772539657282,78670.59899914106,49395.697178983784,-400.31924718279197,541.8813477174144,49537.2592795184,4.530483609871908,1219.0048249809101
0+6+12+18,2025-10-30,71491.86050107797,72757.65942845355,202.9802188981007,72960.63964735165,44362.30613759124,1418.0303677374943,672.7455946175969,46453.08209994633,1265.7989273755927,0.0
0+6+12+18,2025-10-31,49844.927875780224,46329.78696949298,0.0,46329.78696949298,28124.552309676183,-1061.2644813125987,0.0,27063.287828363584,0.0,3515.140906287238
0+6+12+18,2025-11-01,42499.506772253706,41927.08774144303,21.815783496513404,41948.903524939546,23827.70852323078,-194.9190287077427,47.055550194975595,23679.84504471801,29.75971985009386,602.1787506607715
0+6+12+18,2025-11-02,72727.00463430962,73752.05595308209,1512.995389499423,75265.05134258152,44895.88896440652,1939.465225038591,6539.751978435912,53375.10616788102,3163.1019516750002,2138.0506329025065
0+6+12+18,2025-11-03,80314.2924196627,76130.37682963493,447.69712552580154,76578.07395516073,49681.97138259017,-1399.525955718024,1484.652533020912,49767.09795989306,0.0,4183.915590027767
0+6+12+18,2025-11-04,76006.76965926682,75762.52911559572,503.369109004026,76265.89822459975,47042.83689484355,38.743305245967946,2376.2628060678207,49457.84300615734,184.31126540177638,428.55180907286365
0+6+12+18,2025-11-05,84390.44536627259,77819.48833252254,275.50034306384345,78094.98867558638,52842.887953273814,-2176.559602674423,765.2606293623055,51431.58897996169,41.46028259896025,6612.417316349012
0+6+12+18,2025-11-06,80111.66188767143,80337.01669599037,137.67193971774873,80474.68863570812,50013.11726155107,554.862160917616,316.193627115475,50884.17304958417,550.4694758277332,325.1146675087899
0+6+12+18,2025-11-07,46902.23029934503,47640.6492858128,0.0,47640.6492858128,26155.23163966662,1343.7905520725726,0.0,27499.022191739194,2351.7463707813704,1613.3273843136026
0+6+12+18,2025-11-08,47572.09371677523,44858.21450294487,5.883157618792836,44864.09766056367,26039.57915186378,-550.750381982538,12.509625550271657,25501.338395431514,65.37487712165897,2779.254090952014
0+6+12+18,2025-11-09,77190.23947229555,76824.31930014136,1204.7926859795753,78029.11198612093,47728.179551808564,44.807946547162544,4686.687969938344,52459.67546829407,166.11916451000542,532.0393366641958
0+6+12+18,2025-11-10,79644.76328835908,81064.24073330837,527.6473624186381,81591.888095727,49665.31413948437,1705.5046227456585,2144.063695216786,53514.88245744681,2341.269794300083,921.7923493507835
0+6+12+18,2025-11-11,83794.56276416821,80078.31172265789,160.38169943911817,80238.69342209701,52859.074172516215,-1338.6432360140855,401.84159239015617,51922.27252889229,0.0,3716.251041510318
0+6+12+18,2025-11-12,80633.93479822898,80734.99871841335,63.726979459630115,80798.72569787299,50489.76945373704,1944.7482828081638,275.05901964189735,52709.5767561871,2460.0511475612902,2358.987227376908
0+6+12+18,2025-11-13,79272.97702679141,80669.63759120664,405.26797291225955,81074.9055641189,49850.06604872308,1598.8860045286542,1188.8790114810797,52637.83106473281,1509.7482145841382,113.08765016889845
0+6+12+18,2025-11-14,50765.41152461353,48467.54983233056,0.0,48467.54983233056,28626.54156551357,-416.3042299795741,0.0,28210.237335533995,240.33460071949034,2538.1962930024574
0+6+12+18,2025-11-15,53098.46617746201,47375.34213562941,0.0,47375.34213562941,29335.944595394154,-1505.8719321156825,0.0,27830.07266327847,0.0,5723.124041832596
0+6+12+18,2025-11-16,77713.99770572045,79021.6596672651,1102.7049069241416,80124.36457418925,48234.748516368025,1526.1194882971688,4154.218914605288,53915.086919270485,1321.242976555362,13.58101501070621
0+6+12+18,2025-11-17,76965.9727061658,80692.07809344691,261.14058217614024,80953.21867562305,48187.396710422836,4010.7806656199637,649.633967295768,52847.811343338566,4393.87765055907,667.7722632779673
0+6+12+18,2025-11-18,82564.01180108573,81030.36982090346,730.8034778620199,81761.17329876548,51855.110431140994,167.86828253480633,2108.3533634058613,54131.332077081664,1042.0676999137954,2575.7096800960535
0+6+12+18,2025-11-19,82670.75536744208,84838.61806503258,199.74531006219172,85038.36337509478,51989.151794276215,3097.037792500171,524.3501331704166,55610.539719946806,3316.5231967268865,1148.660499136382
0+6+12+18,2025-11-20,83687.18396492106,83770.32864426247,67.14687532080757,83837.47551958327,52708.732218438534,151.1184058044067,258.06924004680616,53117.919864289746,143.80871808257223,60.66403874118157
0+6+12+18,2025-11-21,52011.114147212924,52210.05463205965,0.0,52210.05463205965,29275.105796075728,657.0014661079418,0.0,29932.10726218367,1311.7937471518442,1112.8532623051128
0+6+12+18,2025-11-22,55368.11953102129,50649.29489822682,0.0,50649.29489822682,30648.13793251612,-1365.8043207622545,0.0,29282.333611753867,0.0,4718.824632794464
0+6+12+18,2025-11-23,79329.63885381965,79889.95776782984,946.1181837695639,80836.0759515994,49511.16243216221,1061.915309838811,3232.856262049688,53805.93400405071,1037.045260606771,476.7263465965803
0+6+12+18,2025-11-24,80331.53521987496,79673.65315094682,939.1405645532448,80612.79371550007,50363.671278300564,-232.01630629149037,3284.9753563040513,53416.63032831313,17.358040442221522,675.2401093703677
0+6+12+18,2025-11-25,92897.35103742393,85368.19924994692,192.47783902023104,85560.67708896715,59365.10827784066,-2678.4534885327134,538.8706812331848,57225.525470541135,0.0,7529.151787477009
0+6+12+18,2025-11-26,88649.25232964908,86946.91375604022,145.62752929437863,87092.54128533459,56048.596536025834,-521.3924905836828,530.1515728055577,56057.35561824771,57.03914929195159,1759.3777229008206
0+6+12+18,2025-11-27,86893.15770179563,86564.82858492245,54.164026611524946,86618.99261153398,55028.2247663405,-93.15879206718817,170.5218530957081,55105.58782736902,32.73459845536286,361.06371532853956
0+6+12+18,2025-11-28,54999.71035091624,54159.44495748611,0.0,54159.44495748611,31025.013034225827,-213.2502028885386,0.0,30811.762831337288,0.0,840.2653934301383
0+6+12+18,2025-11-29,61701.056479736566,55292.95381760743,41.429951349029125,55334.38376895645,34541.11878517374,-1808.4481341885237,89.10021678884752,32821.77086777407,287.3453972501992,6695.44805937934
0+6+12+18,2025-11-30,84923.9192280114,84910.18624768386,1004.2148432234053,85914.40109090727,53102.02170226833,553.0154775917624,3805.0262390087964,57460.063418868885,628.3646880783489,642.0976684058908
0+6+12+18,2025-12-01,90587.71880469806,86260.13851506216,5355.824618965833,91615.963134028,57906.49943407209,-1566.337164743499,18137.04663478702,74477.20890411561,0.0,4327.580289635882
0+6+12+18,2025-12-02,95113.53626817034,91708.80333545299,3032.7945590930767,94741.59789454607,60754.569584679986,-1134.6539031419254,10386.18874844605,70006.10442998412,0.0,3404.73293271734
0+6+12+18,2025-12-03,87111.47059016835,91631.33399171656,1905.83819390283,93537.17218561939,55470.01103359217,4460.873002107506,5434.5201606726605,65365.40419637234,4519.863401548211,0.0
0+6+12+18,2025-12-04,96899.1412239623,92445.32668740855,1476.0903315671833,93921.41701897574,62784.03096383458,-1755.4997625702083,4766.392053310901,65794.92325457527,0.0,4453.814536553765
0+6+12+18,2025-12-05,64234.90416551895,63749.99931115634,0.0,63749.99931115634,36951.14743745783,-97.25057241083223,0.0,36853.896865047,54.93290551480783,539.8377598774226
0+6+12+18,2025-12-06,63662.96285564431,62013.90533869899,17.529881755769907,62031.43522045476,36204.44720549908,-506.05582205894154,38.00543679052103,35736.39682023065,112.79034575817673,1761.8478627035033
0+6+12+18,2025-12-07,96022.8132244405,89794.78690922642,3125.2287274374494,92920.01563666387,61361.190169356596,-1808.228123315194,10552.3100690346,70105.272115076,506.56770563937783,6734.59402085346
0+6+12+18,2025-12-08,99835.7246530201,98326.90716553124,171.51526236273662,98498.42242789398,63993.60866015413,-427.3309366462518,591.8747283563629,64158.15245186425,89.02168693243925,1597.83917442129
0+6+12+18,2025-12-09,99301.74728566894,97607.87187050635,208.25150741022566,97816.12337791658,63868.771897407925,-419.2643644528752,677.085471456928,64126.59300441198,135.23621905995174,1829.1116342225355
0+6+12+18,2025-12-10,96668.49915865301,97534.39888328213,155.64748035690752,97690.04636363905,62091.35007950223,949.8769383758895,435.73316462915403,63476.960182507275,1447.5307427263067,581.6310180971846
0+6+12+18,2025-12-11,100875.31265862384,97748.74861728819,151.85071154083425,97900.59932882902,65002.62639156555,-1081.876413780173,455.2189469331638,64375.968924718545,24.51506055670609,3151.0791018923464
0+6+12+18,2025-12-12,67045.54861379883,67901.01373069949,0.0,67901.01373069949,38423.88282522821,839.5299512630546,0.0,39263.41277649126,1036.579638516049,181.1145216153925
0+6+12+18,2025-12-13,64791.51887699711,65073.08430174944,2.0667486663849104,65075.15105041583,36825.1237165833,1198.6178645488396,4.418708648730938,38028.16028978087,1492.0855025093301,1210.5200777569953
0+6+12+18,2025-12-14,90768.8305705997,93198.50138920313,1695.9718410773773,94894.4732302805,57497.39529242745,2268.653845369604,7410.074357062021,67176.12349485907,2429.670818603433,0.0
0+6+12+18,2025-12-15,94827.4459655172,97342.57359978995,270.6163732383538,97613.1899730283,60418.57853652636,2478.4558722134725,842.4533488202568,63739.48775756009,2517.848960501981,2.721326229226861
0+6+12+18,2025-12-16,101767.84195191,99867.38204529475,104.06024367063043,99971.44228896538,65916.13640917232,-709.3669085269739,236.76235251706845,65443.53185316242,0.0,1900.4599066152362
0+6+12+18,2025-12-17,103327.69305778667,98710.95120703956,98.28017662792573,98809.23138366749,66559.03531379862,-1584.1758777471284,404.6583519892714,65379.51778804077,0.0,4616.741850747124
0+6+12+18,2025-12-18,98796.44403927542,98661.86496124713,120.26569035230477,98782.13065159944,63950.21333798182,226.67381059059167,257.61358638222873,64434.500734954636,322.7223675142685,457.30144554255094
0+6+12+18,2025-12-19,66709.28431028333,67136.6258272324,0.0,67136.6258272324,38489.78335294914,396.6304825996061,0.0,38886.413835548745,725.692864464623,298.3513475155382
0+6+12+18,2025-12-20,65987.2022902726,64454.24744897433,0.0,64454.24744897433,37782.94613993952,-579.4282801330867,0.0,37203.51785980644,0.0,1532.954841298262
0+6+12+18,2025-12-21,97188.48541949743,95397.91020936935,638.697594462628,96036.60780383198,61964.82592751633,-380.3125967841602,2588.7437732828876,64173.25710401505,341.71330819633425,2132.288518324417
0+6+12+18,2025-12-22,97537.7729109803,97403.82266596783,415.17396474881565,97818.99663071665,62675.27337406084,-13.096757479976873,1524.0932384442747,64186.26985502513,141.45243677870963,275.4026817911691
0+6+12+18,2025-12-23,100500.74233927758,98424.8310550261,24.339151801503505,98449.17020682759,64599.73013498995,-543.8741345527827,88.79739049857797,64144.653390935746,98.9238703591169,2174.8351546106046
0+6+12+18,2025-12-24,100408.93905257045,99581.5045376491,92.38582341707593,99673.89036106618,64950.14091547036,-330.3665083107491,320.97791280017594,64940.752319959785,0.0,827.4345149213677
0+6+12+18,2025-12-25,96541.51520070588,98126.17060410499,100.97889951841537,98227.14950362341,61863.254375757424,1616.7184457910923,238.4422563797595,63718.41507792827,1613.3324500741508,28.67704667505268
0+6+12+18,2025-12-26,66451.54706812758,66472.07393266913,0.0,66472.07393266913,38248.424409482206,112.11089157571746,0.0,38360.53530105792,148.58872808044885,128.0618635389054
0+6+12+18,2025-12-27,64900.69920428702,64666.284166131896,0.0,64666.284166131896,36812.95937606972,-43.337808675823524,0.0,36769.62156739389,14.605288671186088,249.02032682630875
0+6+12+18,2025-12-28,94881.22710721177,93733.63481351378,564.8272036913568,94298.46201720514,60442.096905623286,-435.44582371666917,2254.593067235218,62261.244149141836,9.986893759506643,1157.5791874574945
0+6+12+18,2025-12-29,95775.68657811495,96632.3621265057,155.78843057645008,96788.15055708215,60734.28804756567,1007.8971173674145,519.1643378420176,62261.349502775105,1038.0034442246442,181.32789583389945
0+6+12+18,2025-12-30,97495.54469725292,95374.38101462903,46.06025666211943,95420.44127129116,62402.607365077565,-382.3039558068259,164.40981365108524,62184.713222921826,395.07015725533296,2516.233839879206
0+6+12+18,2025-12-31,100170.98826585204,99254.31513884754,163.26316755872085,99417.57830640626,64175.81034824633,-211.44975855464233,374.5732286637161,64338.9338183554,3.9467391404004957,920.6198661448867
0+12+18,2025-02-01,60775.4398053866,58323.52364530192,0.0,58323.52364530192,34221.86316844639,-829.2048374349991,0.0,33392.65833101139,0.0,2451.9161600846837
0+12+18,2025-02-02,90616.31406086122,89114.86493426611,103.85796022013903,89218.72289448624,56954.86327755812,-543.3754440796454,532.6119770477318,56944.099810526204,0.0,1501.4491265951124
0+12+18,2025-02-03,94367.68295613486,91166.03452812457,82.41488091237257,91248.44940903694,59554.249536108946,-1169.6613676597499,284.87310439982133,58669.46127284902,0.0,3201.648428010294
0+12+18,2025-02-04,96625.33468757314,92723.93809396424,120.00065949521536,92843.93875345946,61678.987344691486,-1473.21780522781,286.7726545589952,60492.54219402267,0.0,3901.396593608881
0+12+18,2025-02-05,91926.46472685086,90955.04247551446,265.6005258521318,91220.6430013666,58372.10649571552,-384.9291056057886,657.7469788763002,58644.92436898602,0.0,971.4222513363967
0+12+18,2025-02-06,98594.35972529966,92472.15628430605,27.41468356081043,92499.57096786686,63144.42190974785,-2325.852191729067,58.649320179169116,60877.21903819795,0.0,6122.203440993599
0+12+18,2025-02-07,61428.95743155162,57658.106248622746,0.0,57658.106248622746,34802.32515884903,-1133.3731650476745,0.0,33668.951993801355,0.0,3770.8511829288764
0+12+18,2025-02-08,49434.834051502825,50232.516087298136,0.0,50232.516087298136,26941.03884774468,744.1078209930126,0.0,27685.146668737692,797.6820357953138,0.0
0+12+18,2025-02-09,86340.69850481907,86905.5193336734,562.7550657434178,87468.27439941681,53862.55888904544,656.580817364252,2319.3327369831377,56838.47244339283,595.4712403994865,30.65041154516871
0+12+18,2025-02-10,84599.09238360911,83500.64994939216,174.9012769338815,83675.55122632605,52809.06523855729,-382.3935814860774,604.2050770567264,53030.876734127945,0.0,1098.442434216942
0+12+18,2025-02-11,86136.30657064392,81910.20349663259,350.7837229731884,82260.98721960577,54233.51467663057,-1629.1280616044342,818.568254082658,53422.9548691088,0.0,4226.103074011333
0+12+18,2025-02-12,87622.03751379589,85891.70260308043,75.94385654463588,85967.64645962506,55100.369947672916,-629.2323766428572,279.6387862457072,54750.77635727576,0.0,1730.3349107154859
0+12+18,2025-02-13,82885.11571783133,82771.45372793892,95.62938820955969,82867.08311614848,51627.18787836937,60.413603946431614,206.0876447411993,51893.689127057,89.63626026684238,203.29825015924018
0+12+18,2025-02-14,53064.593207573744,53464.54240230314,0.0,53464.54240230314,29236.394464637437,678.0372297899515,0.0,29914.43169442739,611.4352173765614,211.48602264716789
0+12+18,2025-02-15,50146.84780666194,47353.55307325907,0.0,47353.55307325907,27358.582349626366,-694.6869072558736,0.0,26663.895442370493,0.0,2793.29473340287
0+12+18,2025-02-16,82700.67031604132,78511.01295190687,1947.1775184874057,80458.19047039427,51249.85901180208,-1510.2513461557478,7500.188859815451,57239.79652546179,0.0,4189.657364134448
0+12+18,2025-02-17,83879.98135842728,80570.26465438712,615.5306680864094,81185.79532247354,51801.18977417722,-1046.6777572544956,1888.0917861990283,52642.603803121754,0.0,3309.7167040401487
0+12+18,2025-02-18,76440.87028607947,77257.57895882096,648.6990532306579,77906.27801205161,47371.05825579073,675.8271071985173,2330.9990028349976,50377.88436582425,816.7086727414786,0.0
0+12+18,2025-02-19,78320.66305155348,79436.24949191017,470.1048031959441,79906.35429510612,48638.117908688306,1159.7648977762947,1217.408037855575,51015.290844320174,1115.5864403566948,0.0
0+12+18,2025-02-20,82210.99046438024,81631.30382864406,110.5412863122441,81741.8451149563,50805.60525063781,-96.53388573686212,376.7185025652814,51085.78986746623,83.2296561968293,662.9162919330181
0+12+18,2025-02-21,49195.27969699985,49059.4088886181,0.0,49059.4088886181,26863.1535564823,144.3030459728093,0.0,27007.45660245511,198.5958235588751,334.46663194063365
0+12+18,2025-02-22,46936.73435908945,45588.83151143176,42.397602535746955,45631.22911396751,25603.05733457162,-351.6322130843697,90.64607422142699,25342.071195708675,0.0,1347.9028476576946
0+12+18,2025-02-23,75624.55437390725,74221.22558886258,2835.959735615613,77057.1853244782,46018.354640704565,-480.5153618886642,10486.67262553549,56024.51190435139,0.0,1403.3287850446518
0+12+18,2025-02-24,74726.2771575491,74548.33181395434,319.28425690717853,74867.61607086152,46221.66419902035,-77.40140223175788,1281.0910284767997,47425.353825265396,0.0,177.9453435947504
0+12+18,2025-02-25,79107.35081659639,76768.36002957466,330.85907048743593,77099.2191000621,48679.106733305816,-687.3768980904731,892.6229405504985,48884.352775765845,10.000015774644908,2348.990802796382
0+12+18,2025-02-26,73181.78473616214,75392.19004645699,316.4221788743772,75708.61222533137,44741.36641214122,2182.80145878155,891.1640000607294,47815.3318709835,2210.40531029485,0.0
0+12+18,2025-02-27,75315.63347431904,75754.04855537869,53.98531551758401,75808.03387089627,46392.505484345675,623.1067665957083,179.14684193895008,47194.75909288033,640.3621755123897,201.94709445272065
0+12+18,2025-02-28,44891.49460308283,44459.50652565337,0.0,44459.50652565337,24941.135674994573,-98.56779501347737,0.0,24842.567879981096,0.0,431.98807742945695
0+12+18,2025-03-01,51453.48171655876,48749.414035060065,5.684341886080802e-14,48749.414035060065,27824.893393645183,-663.9834432736764,1.4281908988778012e-13,27160.909950371508,0.0,2704.0676814986955
0+12+18,2025-03-02,79131.29876902138,78447.28706793595,912.6038531960075,79359.89092113196,48529.10135505311,-261.6144211870984,3505.7238089108655,51773.21074277688,0.0,684.0117010854368
0+12+18,2025-03-03,82842.98351427677,81286.10825210606,512.5165268486483,81798.6247789547,51093.986150533885,197.8130616821784,1615.2970205345914,52907.09623275066,765.9331120415034,2322.808374212219
0+12+18,2025-03-04,75138.35534756836,75646.57939062234,1008.1615818276007,76654.74097244994,46261.54634959895,453.08687043380036,2737.764798445772,49452.398018478525,508.2240430539807,0.0
0+12+18,2025-03-05,80386.68376950361,76753.02545202119,165.85139298460183,76918.8768450058,49633.96517198524,-1259.6170518283088,394.64061101529217,48768.98873117222,0.0,3633.6583174824427
0+12+18,2025-03-06,75356.22084205417,75267.36612415884,101.0996769942866,75368.46580115313,46260.38894814418,-29.509642344592542,348.8729988514508,46579.75230465104,0.0,88.85471789534199
0+12+18,2025-03-07,49432.96975377563,45647.57331885531,0.0,45647.57331885531,27557.63526502577,-1088.333127808578,0.0,26469.30213721719,0.0,3785.3964349203134
0+12+18,2025-03-08,39457.54715677866,39453.4096242343,0.0,39453.4096242343,21920.01042315495,19.844563999037373,0.0,21939.854987153987,25.053965584478703,29.191498128841655
0+12+18,2025-03-09,73557.47870248424,69948.26527066028,775.7384644440447,70724.00373510433,44369.7571337393,-1028.1385872565095,2861.301661590663,46202.920208073454,0.0,3609.213431823944
0+12+18,2025-03-10,72068.79031076506,72166.62233854306,1736.8726670671426,73903.49500561021,43420.04443474075,105.63708010059342,6644.312520140633,50169.994034981966,107.31271285221021,9.480685074213966
0+12+18,2025-03-11,66117.50836996958,67892.76640797357,2784.4175730434326,70677.183981017,40391.683871319205,1404.2312218508482,7472.3302932780225,49268.24538644807,1775.2580380039808,0.0
0+12+18,2025-03-12,76810.3559726864,73399.50377497626,265.15035111163184,73664.65412608789,47133.76607783251,-1115.817593357985,690.7749638023598,46708.72344827688,0.0,3410.852197710154
0+12+18,2025-03-13,77054.23100501896,78480.16285771344,115.30544580952403,78595.46830352297,47121.81271267545,1540.4782227876349,309.55557337267567,48971.846508835755,1452.8020648074644,26.870212112985314
0+12+18,2025-03-14,41247.4078787918,41682.8766392017,0.0,41682.8766392017,23074.210661554458,518.148610857738,0.0,23592.359272412195,435.468760409906,0.0
0+12+18,2025-03-15,41653.15640362384,41716.70673234847,52.65799457351329,41769.36472692199,22409.510124781074,632.5932283087262,112.52409976225476,23154.627452852055,587.2401835947062,523.689854870078
0+12+18,2025-03-16,68768.8280740242,68144.81802492429,1004.5529288831235,69149.3709538074,41743.40454003137,-226.86369270127983,3221.776199997301,44738.31704732739,0.0,624.0100490999203
0+12+18,2025-03-17,67087.71808780098,66187.54223596523,594.2027156294394,66781.74495159466,39866.69408015713,239.72964714041586,2088.01231430714,42194.43604160469,488.9747987766421,1389.1506506124044
0+12+18,2025-03-18,77310.50468895322,74168.46766561506,120.54553508208221,74289.01320069714,47439.4626714622,-962.5844988847962,311.4584913049388,46788.33666388234,0.0,3142.037023338171
0+12+18,2025-03-19,64531.994646522115,66947.42550481178,838.0140257837841,67785.43953059555,39387.55728122582,2246.5084632258904,2004.887918590972,43638.95366304268,2415.4308582896583,0.0
0+12+18,2025-03-20,73832.04950476668,68721.3642417342,680.2780194121394,69401.64226114635,45372.24383879981,-1776.9670225789814,1626.7127704038464,45221.98958662467,0.0,5110.685263032477
0+12+18,2025-03-21,39899.89995869213,38449.0417382087,0.0,38449.0417382087,22448.041512315656,-473.0338819040305,0.0,21975.007630411626,0.0,1450.8582204834238
0+12+18,2025-03-22,39622.305296217106,39091.395757867016,13.477208140217499,39104.872966007235,21962.93024398051,-144.70721998086447,28.814271003785013,21847.037295003433,0.0,530.9095383500854
0+12+18,2025-03-23,70100.27247355877,66569.84312236114,906.7552405547904,67476.59836291593,42300.182384769796,-1194.935834361725,3425.990147185662,44531.23669759373,0.0,3530.4293511976266
0+12+18,2025-03-24,67747.26937784991,67264.51699696574,516.1788349735203,67780.69583193926,40688.54649500365,344.67344137414614,1369.2843347887533,42402.504271166545,485.1415289139815,967.8939097981632
0+12+18,2025-03-25,75857.66704079992,70439.86343432592,405.8498171610885,70845.713251487,46108.628894428315,-1630.7522401237075,1044.6909958725016,45522.56765017711,0.0,5417.803606473992
0+12+18,2025-03-26,67103.88277461681,63303.42798501333,215.01325244429574,63518.44123745763,40678.285361641654,-1158.3610074776834,475.4206811873633,39995.34503535134,0.0,3800.45478960348
0+12+18,2025-03-27,71176.6807909442,69672.51726730145,227.04092441742478,69899.55819171887,43491.56000061828,-507.75442832896067,497.3254350883018,43481.13100737762,0.0,1504.1635236427533
0+12+18,2025-03-28,40221.16014698924,40309.123449779305,0.0,40309.123449779305,22128.824634840697,105.61007903414797,0.0,22234.434713874845,87.96330279006412,0.0
0+12+18,2025-03-29,36081.39407984365,36616.47037568499,0.0,36616.47037568499,19570.79988779134,691.8185446967412,0.0,20262.61843248808,535.0762958413396,0.0
0+12+18,2025-03-30,64418.99702240604,61877.09591702033,2124.560318915087,64001.656235935414,38085.89156851171,-688.3006941704097,7249.4688967840475,44647.05977112535,0.0,2541.901105385709
0+12+18,2025-03-31,58189.61866104347,60384.96147614834,1982.2375795089097,62367.19905565725,35101.942291290165,1856.6187213219127,5569.391239007224,42527.952251619296,2195.3428151048747,0.0
0+12+18,2025-04-01,72603.82893279697,71564.32090938973,527.2491828153187,72091.57009220505,43105.4507170811,0.2700039026524905,1445.6632641836786,44551.38398516743,298.8285903983327,1338.3366138055771
0+12+18,2025-04-02,70497.37327005627,70534.11121123674,352.56998450981644,70886.68119574655,42255.229097391195,115.31076670435863,1206.491045621232,43577.030909716785,125.61034871564122,88.87240753517176
0+12+18,2025-04-03,71756.97581421041,69056.62323758774,111.9354601234379,69168.55869771118,43905.77409289214,-911.2627609919894,266.2577660996278,43260.76909799978,0.0,2700.352576622661
0+12+18,2025-04-04,37669.62551306215,37695.26625536205,0.0,37695.26625536205,20736.3604411579,33.52093315803626,0.0,20769.881374315937,25.6407422998914,0.0
0+12+18,2025-04-05,34971.29652596393,35155.05952293185,0.0,35155.05952293185,18974.78349918001,233.17325720856596,0.0,19207.956756388576,183.76299696791995,0.0
0+12+18,2025-04-06,63389.2197512622,62634.945395788876,597.911379277992,63232.856775066866,37052.34046020877,585.63109570329,2520.483488712016,40158.455044624076,673.2412204347704,1427.5155759080926
0+12+18,2025-04-07,58706.19407796519,61042.63343915464,687.3542469699958,61729.98768612464,34626.77762947776,2246.930146948595,1988.41631024836,38862.12408667471,2336.4393611894475,0.0
0+12+18,2025-04-08,67939.87603838721,62868.19250051929,261.0929105241645,63129.28541104346,40876.14760734256,-1469.0806936504791,1123.457470668165,40530.524384360244,5.88079105348379,5077.564328921411
0+12+18,2025-04-09,67571.72350908344,66512.46845094471,927.9169491261134,67440.38540007082,40497.54729927707,-397.8164362086403,2396.4736838835684,42496.204546951994,0.0,1059.2550581387422
0+12+18,2025-04-10,66790.04199708797,64680.01249633056,168.73466294288727,64848.747159273444,40600.83722172999,-870.6128684299003,605.677285233174,40335.90163853326,0.0,2110.0295007574214
0+12+18,2025-04-11,35222.826976252414,35301.192680498,0.0,35301.192680498,19269.264180398735,99.277820543937,0.0,19368.54200094267,78.3657042455857,0.0
0+12+18,2025-04-12,36941.77952339982,35563.768462880966,1.7860785095444953,35565.55454139051,20448.59808000512,-553.9639083752693,3.8186358534061307,19898.452807483256,0.0,1378.0110605188593
0+12+18,2025-04-13,59172.07543239238,59347.945632921736,1147.2924447879957,60495.23807770973,34855.688030365134,169.26284575002677,4205.133617677971,39230.08449379313,175.87020052934844,0.0
0+12+18,2025-04-14,65241.04997667586,59596.29340265235,762.2705446575607,60358.563947309915,39042.518387894255,-1951.3262233129908,2420.12003937624,39511.3122039575,0.0,5644.756574023516
0+12+18,2025-04-15,57345.93527371963,58329.10310420596,266.0950122862571,58595.19811649222,34005.76059473092,1097.692124244516,1090.2653576766268,36193.71807665206,983.1678304863248,0.0
0+12+18,2025-04-16,65238.63989042938,65519.19033205913,185.2631015666671,65704.4534336258,38303.10672471592,623.5481459477223,528.3095868520694,39454.964457515714,505.3406137758002,224.7901721460522
0+12+18,2025-04-17,59375.402131601826,59367.274356782524,649.1506393831819,60016.424996165704,36077.62562343231,-5.125792607849801,1514.2788407075327,37586.778671531996,2.241599302259033,10.369374121563283
0+12+18,2025-04-18,35529.6325126463,35509.49585032792,0.0,35509.49585032792,19533.245465437903,-8.79385630776606,0.0,19524.451609130138,0.0,20.13666231837874
0+12+18,2025-04-19,33690.08077576627,34504.94195964022,4.579907782160603,34509.52186742238,17809.601197273638,1086.1340785900109,9.79184283825937,18905.527118701906,814.861183873952,0.0
0+12+18,2025-04-20,56227.348405762415,57679.315888969475,985.9403214531676,58665.256210422645,33365.69590461731,1402.958606131065,2578.6701473871235,37347.32465813549,1451.9674832070673,0.0
0+12+18,2025-04-21,62213.15030217559,57282.82482530424,535.613714110624,57818.43853941486,36711.31161477312,-1468.3151689019708,1627.064954399205,36870.06140027035,0.0,4930.325476871358
0+12+18,2025-04-22,56595.128757725804,58682.1004735275,922.2696859523303,59604.370159479826,33623.19508659303,1781.6406387986558,2538.3215118254184,37943.1572372171,2086.9717158016915,0.0
0+12+18,2025-04-23,56607.36133322568,58797.48385164448,229.60441146083593,59027.08826310532,33474.4062968998,1866.913962972853,690.0001520808426,36031.32041195349,2190.122518418795,0.0
0+12+18,2025-04-24,59581.12228760252,60054.68966567038,85.9383216981966,60140.62798736858,35271.17096285787,648.688675869031,340.4423813402076,36260.30202006711,499.51978032205375,25.95240225419289
0+12+18,2025-04-25,35097.952595468996,34498.45253646418,0.0,34498.45253646418,19341.1299188335,-278.5016413899889,0.0,19062.62827744351,0.0,599.5000590048171
0+12+18,2025-04-26,33124.72880291242,33246.21344000368,0.0,33246.21344000368,17826.91203630894,154.23963252412173,0.0,17981.15166883306,121.48463709126106,0.0
0+12+18,2025-04-27,53429.282679944416,52775.4106773619,1668.10567942378,54443.51635678568,31616.953993118856,17.21419138128772,6298.250429867769,37932.41861436791,157.42128345824153,811.2932860407582
0+12+18,2025-04-28,66847.23166685528,63914.025271752675,247.96146581786496,64161.986737570536,39126.49148840251,-813.8688729170717,761.9286608945847,39074.55127638002,25.05465911203453,2958.2610542146376
0+12+18,2025-04-29,59097.41575988631,56667.53285930546,155.70714792643656,56823.24000723189,34944.19775557444,-79.3760276333951,564.407528323309,35429.229256264356,455.60157348334366,2885.4844740642047
0+12+18,2025-04-30,56999.78189335465,55411.92308961619,510.38829682836416,55922.311386444555,34093.24193244737,-543.3731852458916,1114.8852932225693,34664.75404042404,0.0,1587.8588037384616
0+12+18,2025-05-01,59877.466020135056,57936.52528608046,2007.6524594353261,59944.177745515786,35907.1490946713,-450.6034003252787,9153.215195997573,44609.7608903436,0.0,1940.9407340545986
0+12+18,2025-05-02,39523.3458641334,38735.36265003504,24.846645862130515,38760.20929589717,22105.338518518183,-232.62220300930477,52.862958319326104,21925.579273828203,0.0,787.9832140983697
0+12+18,2025-05-03,34897.89628367593,34872.92755799087,29.6972943239183,34902.62485231479,19067.964704616017,-11.386683044503023,63.51548860006068,19120.093510171573,0.0,24.968725685058132
0+12+18,2025-05-04,60219.503956307104,56652.939428856094,2974.880472763525,59627.819901619616,35540.09638330963,-1085.9734658625587,13102.474932506895,47556.59784995396,0.0,3566.5645274510052
0+12+18,2025-05-05,62774.678030440016,61215.3294648524,1434.3996025847382,62649.72906743714,38016.70907443664,-689.1773601109135,6119.276288583516,43446.808002909245,0.0,1559.3485655876077
0+12+18,2025-05-06,56430.76099213784,56535.088558922565,1834.9653491212798,58370.05390804385,34055.34735321185,146.47080737476716,6555.881354704673,40757.69951529129,105.20867095139204,0.8811041666667734
0+12+18,2025-05-07,61844.10582570984,62146.53241723277,796.1744533572769,62942.706870590046,37626.59227359363,211.23631105811728,3144.560934510838,40982.38951916259,302.4265915229297,0.0
0+12+18,2025-05-08,69114.51163102695,68096.78280247893,268.09955506029416,68364.88235753923,41222.27610972659,-96.41489315896354,976.760730281989,42102.62194684961,172.1734675133739,1189.9022960614016
0+12+18,2025-05-09,40091.606684134575,39731.890797697575,0.0,39731.890797697575,22625.42792326795,67.50521118022235,0.0,22692.933134448172,144.75238563559552,504.4682720725944
0+12+18,2025-05-10,36304.0431388617,36790.0987542763,0.0,36790.0987542763,20194.555952299557,655.6309115384491,0.0,20850.186863838007,486.0556154146083,0.0
0+12+18,2025-05-11,62127.87983169684,61613.12148523312,1302.3013319454067,62915.42281717852,36740.92105550162,364.1711492430095,5291.979926298513,42397.07213104314,434.2901840475448,949.0485305112691
0+12+18,2025-05-12,56606.33501344992,58103.13609478062,672.9607373083987,58776.09683208902,34242.451664970315,1735.1429060015716,1907.6051158311761,37885.19968680306,1496.8010813306987,0.0
0+12+18,2025-05-13,67588.4781733001,67583.63374192768,62.356608243384926,67645.99035017107,40356.46521605936,292.3054790846161,199.47667328085615,40848.24736842483,326.1576143626713,331.00204573508336
0+12+18,2025-05-14,66575.77241110962,61898.880517604965,138.54323035594388,62037.42374796091,40701.97992721766,-1446.9547723369824,300.44776075498964,39555.47291563567,0.0,4676.89189350465
0+12+18,2025-05-15,65658.71884078428,63750.25333697496,116.13273085203468,63866.38606782699,41133.81152309512,-788.2933983380958,267.01448550357355,40612.532610260605,0.0,1908.4655038093115
0+12+18,2025-05-16,37489.99668644785,36557.76441564258,0.0,36557.76441564258,22101.398358531234,-420.0535801722742,0.0,21681.34477835896,0.0,932.2322708052586
0+12+18,2025-05-17,35903.47213240203,35300.8554618095,9.760510248608739,35310.61597205811,20701.489611767414,-252.08100820547833,21.11922697587612,20470.527830537812,0.0,602.616670592527
0+12+18,2025-05-18,65843.002209312,63374.68436121958,482.0847017066708,63856.76906292625,39325.43434920563,-698.2283584149368,1149.8555281261376,39777.06151891683,0.0,2468.3178480924284
0+12+18,2025-05-19,61125.37556807228,60468.08910153033,89.60211387909834,60557.691215409424,36657.71481591703,94.82211358185594,519.6514669939157,37272.1883964928,244.42719155037628,901.7136580923283
0+12+18,2025-05-20,61537.364314601306,63101.442225505525,304.13195570402956,63405.57418120955,37233.95778579105,1403.2841847086293,1025.5045958588998,39662.746566358575,1564.0779109042192,0.0
0+12+18,2025-05-21,59251.29764770234,59176.415892193414,163.7979926752809,59340.213884868695,36360.97810602911,675.3708289820706,491.1526931188392,37527.50162813003,749.5133341169148,824.3950896258486
0+12+18,2025-05-22,62381.7396312793,61857.1959461208,57.77107696721134,61914.967023088015,38544.08596250358,-216.3761111666645,197.6841848183654,38525.39403615528,0.0,524.5436851584861
0+12+18,2025-05-23,36367.110172185996,37447.39024261738,0.0,37447.39024261738,20854.66542023989,1404.854601613792,0.0,22259.52002185368,1080.2800704313813,0.0
0+12+18,2025-05-24,35268.40799213657,35066.2300275606,0.0,35066.2300275606,20328.80277534718,-99.48424611356786,0.0,20229.318529233613,0.0,202.17796457596125
0+12+18,2025-05-25,59107.00554778174,56858.728039453796,662.8427872395232,57521.57082669332,35448.39706751643,-403.5042016654563,2095.462671906355,37140.35553775733,89.06069226553194,2337.3382005934704
0+12+18,2025-05-26,58673.07336912934,60537.48961766701,680.6972889849192,61218.18690665193,35922.90679894209,1380.2092533833275,1608.451680880176,38911.56773320559,1864.4162485376623,0.0
0+12+18,2025-05-27,57906.68642541312,57471.50091187858,241.80104037280194,57713.301952251386,35618.955849880775,-91.40000693485288,522.3798089676447,36049.93565191356,0.0,435.1855135345456
0+12+18,2025-05-28,66484.44965191098,66049.14739506299,156.88317277065585,66206.03056783364,39830.14385288481,190.76196150432435,407.06306035557316,40427.96887474471,257.82809360537,693.1303504533589
0+12+18,2025-05-29,65593.08498209508,65468.90937617018,211.15875468069368,65680.06813085088,39466.43720387464,-26.284432307566,769.0340075933989,40209.186779160475,0.0,124.17560592491054
0+12+18,2025-05-30,38245.379572152175,38205.208159546295,13.458559991347954,38218.66671953764,22189.92240251993,-6.812640515061286,29.292555821168822,22212.402317826036,8.202597437350278,48.37401004323328
0+12+18,2025-05-31,38876.262674154554,36719.13886056599,125.92390583471837,36845.062766400704,22626.63435077672,-908.9327737489668,269.20982892340066,21986.911405951156,0.0,2157.1238135885706
0+12+18,2025-06-01,75408.21674120649,70025.56079527011,6740.794092138742,76766.35488740884,45559.90019974833,-2032.9857578561368,25914.38873626896,69441.30317816115,0.0,5382.655945936381
0+12+18,2025-06-02,80195.4511073154,75136.22430318236,4286.886626027246,79423.11092920961,49544.61919663017,-1712.6620751882958,15634.759565387114,63466.71668682899,0.0,5059.2268041330335
0+12+18,2025-06-03,75965.2667482036,75095.41588932156,2640.853461830751,77736.26935115231,46901.09206244377,-253.53650288807688,9615.99983611819,56263.55539567389,14.313576611697044,884.1644354937384
0+12+18,2025-06-04,88218.97167994062,83851.77890029669,1293.705777410511,85145.4846777072,55326.86887533506,-1520.7282253660464,3454.7361458080677,57260.87679577708,0.0,4367.192779643937
0+12+18,2025-06-05,78148.59477952812,78503.46941970341,1105.377016454933,79608.84643615835,47893.27035323024,807.0262199766726,4049.38074603063,52749.67731923754,677.9783569747134,323.10371679943034
0+12+18,2025-06-06,54020.18922609267,53561.52366277968,5.917550048132284,53567.441212827805,31832.877235063246,-150.19249772359694,12.678350978123419,31695.363088317772,0.0,458.66556331299705
0+12+18,2025-06-07,55699.14035458544,52601.246091678695,0.0,52601.246091678695,31368.044762424164,-646.6291907788748,0.0,30721.415571645288,82.51961738513103,3180.4138802918706
0+12+18,2025-06-08,73842.84432959612,75443.30760598605,1002.6096306214367,76445.91723660748,45195.27219298552,1711.8703560095692,3442.018317376893,50349.16086637198,1682.3424938326284,81.87921744269511
0+12+18,2025-06-09,84366.96835845716,83145.46989471128,476.3243081736696,83621.79420288495,53095.34963757314,-488.2625018870331,1371.3348321328263,53978.42196781893,0.0,1221.4984637458856
0+12+18,2025-06-10,80006.70978871282,80216.15156118579,373.6773001874692,80589.82886137326,49785.803027468166,169.04924237320904,868.5829357930179,50823.43520563439,209.44177247297876,0.0
0+12+18,2025-06-11,86023.32796062058,85276.0333154707,804.8568629756616,86080.89017844637,54816.96465882364,-322.71392160533696,2447.26925154332,56941.519988761625,0.0,747.2946451498675
0+12+18,2025-06-12,85246.65083288943,85016.59395461598,104.30544838812182,85120.8994030041,53903.87621719041,-109.46544840150356,226.07691476768247,54020.48768355659,0.0,230.05687827345673
0+12+18,2025-06-13,53267.71435657119,52533.42215253055,0.0,52533.42215253055,31255.65016850418,-190.98302831669713,0.0,31064.667140187485,0.0,734.2922040406379
0+12+18,2025-06-14,50710.245220842495,49261.13927805636,19.799746937604255,49280.93902499397,29645.751035499023,-451.78171724077686,41.98536338118982,29235.954681639436,0.0,1449.1059427861392
0+12+18,2025-06-15,76114.11257750593,77316.67988135006,1918.0291453856603,79234.70902673573,47418.001147832816,982.4041733787939,5205.833338986777,53606.23866019839,1315.9206687805868,113.35336493644263
0+12+18,2025-06-16,81352.05072137062,80465.79190650149,874.7799245571239,81340.57183105861,50817.22521188597,-339.34544644093705,2520.286706552456,52998.16647199749,0.0,886.2588148691412
0+12+18,2025-06-17,84781.72442913993,84187.97417091264,268.2448261110428,84456.21899702368,53057.9637573818,-141.17979315539856,1006.3381745671121,53923.12213879352,102.77388353961283,696.5241417668882
0+12+18,2025-06-18,85990.87783074784,84022.08340384939,237.12743150029684,84259.21083534969,53819.52698919268,-687.5359006198667,858.1503803863153,53990.14146895913,5.92447465741941,1974.7189015558702
0+12+18,2025-06-19,82199.4130854642,84694.09789043754,106.10275996075848,84800.2006503983,51368.50389414988,2748.202088869594,493.52458096034786,54610.23056397982,2495.600074032554,0.9152690592144381
0+12+18,2025-06-20,52230.2043425456,51194.969506493166,0.0,51194.969506493166,31098.759676720685,-307.6557284716125,0.0,30791.103948249074,0.0,1035.2348360524325
0+12+18,2025-06-21,44536.65655798801,44536.65655798801,0.0,44536.65655798801,26727.822916172558,0.0,0.0,26727.822916172558,0.0,0.0
0+12+18,2025-06-22,76272.39082358082,77392.22308066578,564.68182328937,77956.90490395515,46528.02276171635,1351.3872072918475,2088.6010783561446,49968.011047364336,1163.628442547812,43.796185462856215
0+12+18,2025-06-23,78379.19191627127,78569.87761460303,409.90122041057884,78979.77883501361,49277.24098625047,165.12102978263178,1126.561379220086,50568.923395253194,322.4985756407622,131.81287730901715
0+12+18,2025-06-24,90940.56529644315,88132.09995581943,187.75854817551664,88319.85850399495,57814.99380177265,-1049.9067367103398,416.33381762062953,57181.42088268294,0.0,2808.465340623715
0+12+18,2025-06-25,82143.9204742276,84280.6759140981,15.439322423234856,84296.11523652133,50836.60166159742,2518.7164005233767,56.70207470297205,53412.020136823776,2136.755439870487,0.0
0+12+18,2025-06-26,79389.287467329,80695.30782992468,207.66005165705906,80902.96788158175,50068.666992395956,1118.9258005085758,617.4803143245061,51805.07310722904,1311.0172961010783,4.996933505412812
0+12+18,2025-06-27,50256.760849174956,47093.94126490313,0.0,47093.94126490313,30283.13681245091,-1161.5382128490642,0.0,29121.598599601846,0.0,3162.819584271837
0+12+18,2025-06-28,46129.74212026107,46041.219257840916,30.431671971801563,46071.65092981272,27530.717767429847,-38.315645880161384,65.90582784332398,27558.30794939301,0.0,88.52286242016305
0+12+18,2025-06-29,73512.06296332032,76613.55961450744,885.9872420365051,77499.54685654394,44904.82511094086,3246.781123449401,3017.807553144262,51169.41378753452,3101.4966511871144,0.0
0+12+18,2025-06-30,81674.82378698328,79882.53573059085,341.7874483907706,80224.32317898162,50900.02575896806,-646.558039960476,1180.5290932444536,51433.996812252044,0.0,1792.2880563924232
0+12+18,2025-07-01,73461.819800222,73881.1095535995,9898.826091630184,83779.93564522968,45276.42934010321,299.1046418820114,34132.64669024952,79708.18067223474,419.2897533774932,0.0
0+12+18,2025-07-02,74115.81585613012,73512.7476206746,4661.724788361062,78174.47240903566,46256.53283838005,-259.5091978833495,15564.53889129369,61561.56253179039,0.0,603.068235455511
0+12+18,2025-07-03,84771.44420866974,83546.00988891663,3043.877540394965,86589.8874293116,53223.67226296518,-407.1441895540095,10197.521848499153,63014.04992191032,0.0,1225.4343197531225
0+12+18,2025-07-04,48250.39715149799,48339.18811417729,119.93927325378684,48459.12738743108,29266.5154709111,101.71659663837497,282.6871328270582,29650.919200376535,88.79096267930625,0.0
0+12+18,2025-07-05,47146.63425425171,47156.26609420494,201.63136784682507,47357.89746205177,28428.234517258945,10.884942331147517,448.28220502959,28887.401664619683,9.631839953232031,0.0
0+12+18,2025-07-06,76486.45699406511,76857.80024213254,7713.331378402807,84571.13162053534,48224.09185835501,630.0830919454152,24612.837309716124,73467.01226001655,470.72330243108524,99.38005436365665
0+12+18,2025-07-07,80775.20962851855,78813.93972814313,1583.6599499361905,80397.59967807932,50400.001103320494,-596.5853299276017,5083.876082579297,54887.291855972195,0.0,1961.2699003754308
0+12+18,2025-07-08,91920.56517584599,89244.76865508882,109.76779728146437,89354.53645237029,58373.68778529905,-714.5663817330735,389.9528889921532,58049.074292558136,89.42359478777905,2765.2201155449493
0+12+18,2025-07-09,92005.98930394425,88513.16588407126,146.20579448303238,88659.3716785543,57951.0892426801,-1128.4364986894902,758.3387864215965,57580.99153041221,62.58727917446163,3555.4106990474384
0+12+18,2025-07-10,85309.97346691799,83843.099896035,370.6679550871045,84213.7678511221,53976.98716764028,-428.2972784826695,951.4457009240488,54500.13559008166,0.0,1466.8735708829877
0+12+18,2025-07-11,61415.81067907124,58992.02892100757,0.0,58992.02892100757,36978.9360991183,-784.0085666708383,0.0,36194.92753244746,0.0,2423.7817580636665
0+12+18,2025-07-12,51548.30541957445,52723.88873277548,0.0,52723.88873277548,31466.68875465031,1117.1301567128985,0.0,32583.818911363207,1175.583313201023,0.0
0+12+18,2025-07-13,86250.02428302474,79367.45067963426,558.8015437426542,79926.25222337691,55028.37188134616,-2544.9463601843026,2463.4861601720145,54946.91168133387,0.0,6882.573603390478
0+12+18,2025-07-14,82179.64803582834,81570.29131890909,526.1140879838906,82096.40540689298,50964.689855694116,320.6309044901618,2459.3878863376367,53744.70864652192,511.002845210475,1120.3595621297284
0+12+18,2025-07-15,90131.86896958962,88076.15748936713,147.5149352255838,88223.67242459272,56690.978530804,-735.4048824039812,397.91231257274393,56353.485960972765,0.0,2055.711480222491
0+12+18,2025-07-16,86941.46741949952,87146.66698306904,183.7548959230972,87330.42187899213,55664.63354461665,133.16726127888757,406.61544431910806,56204.41625021465,205.19956356952116,0.0
0+12+18,2025-07-17,85853.77835559749,87236.9528208765,194.24552970375592,87431.19835058025,54460.26316901005,1616.6461228521453,733.0496710175397,56809.95896287974,1421.1632868105414,37.98882153152135
0+12+18,2025-07-18,63644.87932997047,59102.11218985763,0.0,59102.11218985763,39006.37882282004,-1573.8175486085083,0.0,37432.56127421153,0.0,4542.767140112844
0+12+18,2025-07-19,58412.82178639296,54803.280560098094,35.551867300603476,54838.832427398695,36255.48811265708,-1259.7992685993338,76.00989228869022,35071.69873634644,0.0,3609.541226294873
0+12+18,2025-07-20,86129.81179611568,83104.53834546548,153.23023900330304,83257.76858446878,53707.492548938724,-780.8838445522397,603.8171597969117,53530.425864183395,137.90548038914403,3163.1789310393438
0+12+18,2025-07-21,88054.1186012014,87640.34439560695,96.50408500209937,87736.84848060906,55640.41427225662,-137.3289212918761,271.6996470460873,55774.78499801083,0.0,413.7742055944225
0+12+18,2025-07-22,86565.7413236991,86560.06791987865,32.852211965959754,86592.92013184461,54920.70095125965,-1.8988882587037605,71.44520655063279,54990.247269551575,0.0,5.673403820447447
0+12+18,2025-07-23,97431.60956960652,92370.78923485114,16.847916666666606,92387.6371515178,62516.308292646485,-1746.9721455011436,72.59767291666641,60841.933820062004,0.0,5060.8203347553745
0+12+18,2025-07-24,96872.15859820967,92551.53286634853,0.3925710204034658,92551.92543736893,62370.1010965694,-1612.8855771972367,0.8713113797854923,60758.08683075195,0.0,4320.625731861144
0+12+18,2025-07-25,54460.52428083438,53881.86535818231,0.0,53881.86535818231,33991.89239310617,-223.81705274450076,0.0,33768.07534036167,0.0,578.6589226520791
0+12+18,2025-07-26,56521.91689576526,55397.34583658038,0.0,55397.34583658038,33943.27237568423,-293.1994570571636,0.0,33650.07291862707,6.520508583249466,1131.091567768131
0+12+18,2025-07-27,83131.14012709887,84225.3907933956,682.2168883701156,84907.60768176572,52062.258234649475,1401.8475327989895,2240.3262333642233,55704.43200081268,1328.4688221228441,234.21815582611055
0+12+18,2025-07-28,87573.76822211167,87084.09689124287,492.10802112765106,87576.20491237052,55177.99979119001,-84.38939472489513,1390.9238047944766,56484.53420125959,80.84793764482197,570.519268513624
0+12+18,2025-07-29,87179.17653161596,87508.6510507948,130.69692163535728,87639.34797243016,55012.8674746508,261.8918156117306,395.900861437644,55670.66015170017,329.4745191788297,0.0
0+12+18,2025-07-30,81228.64451979594,85748.01537805109,211.41559481216188,85959.43097286325,51433.66077333516,4448.777232013829,497.83328232394257,56380.271287672935,4519.3708582551535,0.0
0+12+18,2025-07-31,86559.77531493094,87296.51531728153,196.68330897968463,87493.19862626122,54673.48427246794,727.6994933290389,708.3355802293449,56109.519346026325,736.7400023505797,0.0
0+12+18,2025-08-01,54244.763900959195,51921.138188216326,0.0,51921.138188216326,34075.29383839003,-937.7301740319597,0.0,33137.56366435807,0.0,2323.6257127428744
0+12+18,2025-08-02,58316.60506859955,54497.90173667826,26.254807006175042,54524.15654368443,35590.06401070974,-1298.9614345797138,56.13277737920224,34347.235353509226,0.0,3818.7033319212933
0+12+18,2025-08-03,70969.35491009758,69941.21806140881,488.135769920574,70429.35383132938,45169.98649125945,-310.13726647427177,2133.740408713371,46993.589633498545,0.0,1028.1368486887573
0+12+18,2025-08-04,77930.9076328287,74871.59668474551,312.24217245272337,75183.83885719824,49939.78913293962,-1237.470801799982,1212.4421493825716,49914.760480522214,0.0,3059.3109480831968
0+12+18,2025-08-05,76770.8970558477,76352.48574484518,4.163645005764465,76356.64938985095,48815.98765539286,-184.7021670750018,9.136864830256739,48640.42235314812,0.0,418.4113110025309
0+12+18,2025-08-06,85630.45535941579,80989.01488176984,62.25191807476892,81051.2667998446,55241.95909069723,-1732.714417807136,137.90928389883163,53647.15395678892,0.0,4641.440477645945
0+12+18,2025-08-07,86552.21199543981,81468.5379012027,142.39436862824743,81610.93226983094,54237.53782882131,-972.3444078691282,335.36796695026214,53600.561387902446,375.2249479817624,5458.899042218867
0+12+18,2025-08-08,51035.13187837513,50926.89998395504,0.0,50926.89998395504,31234.307484717872,-44.7827968960166,0.0,31189.524687821857,0.0,108.23189442008703
0+12+18,2025-08-09,48839.04079110002,48831.92293864534,0.0,48831.92293864534,29903.674686512593,-3.304743673588641,0.0,29900.369942839006,0.0,7.117852454681113
0+12+18,2025-08-10,74884.49003500413,71839.877442523,339.81047582027026,72179.68791834326,47719.38987958552,-992.8001659599529,1225.905956214729,47952.4956698403,0.0,3044.612592481139
0+12+18,2025-08-11,74738.3155872822,75364.31143367008,629.1764901157876,75993.48792378587,46536.98568690421,1087.7125829497795,2469.785816728039,50094.48408658203,947.3147698910218,321.31892350314575
0+12+18,2025-08-12,82012.55473941518,79474.61778270997,399.4264978494573,79874.04428055944,51244.87324814347,-459.09384756841285,1482.0524349840716,52267.831835559125,270.79372370223774,2808.7306804074365
0+12+18,2025-08-13,75904.71717369583,76836.98990089167,254.92208326917319,77091.91198416085,47471.27509428645,881.1780016308966,835.9993181028478,49188.4524140202,967.0999305858802,34.82720339002765
0+12+18,2025-08-14,77730.7718565439,76885.64487830015,197.5254737927841,77083.17035209294,49493.39956733618,-332.0730416468037,530.7587492154101,49692.085274904784,0.0,845.1269782437487
0+12+18,2025-08-15,54688.58299793024,51341.02391093556,0.0,51341.02391093556,33713.84941349493,-1207.2981624350402,0.0,32506.55125105989,0.0,3347.559086994683
0+12+18,2025-08-16,51209.907146414145,47522.00676893109,0.0,47522.00676893109,32299.13053988904,-1513.767873179814,0.0,30785.362666709225,0.0,3687.9003774830617
0+12+18,2025-08-17,76123.8902208554,73512.70348842192,841.3605589843115,74354.06404740622,47215.04831569411,-248.55813494690744,3831.3356883182614,50797.82586906547,321.41731105297436,2932.6040434864717
0+12+18,2025-08-18,74909.36388562838,73995.18259599875,606.254567344912,74601.43716334365,47622.20269230775,-411.7654128595503,2413.670655820578,49624.107935268774,0.0,914.1812896296462
0+12+18,2025-08-19,74971.81534954625,74863.29988776962,442.98816779696057,75306.28805556658,47592.360219364855,-25.00864680249796,1723.8771326490664,49291.228705211426,0.0,108.5154617766251
0+12+18,2025-08-20,84074.45261869719,80609.73751806258,478.52847298369727,81088.26599104628,52579.88431337844,-1070.8804421706193,1998.0515985361376,53507.05546974395,13.85493705653289,3478.57003769114
0+12+18,2025-08-21,80475.05848310556,78943.36666303118,238.99690276273424,79182.36356579392,50510.176102063175,-455.8660259671854,1046.9645267893964,51101.27460288538,0.0,1531.6918200743846
0+12+18,2025-08-22,50733.65417262487,49463.40343294812,10.412222883661116,49473.815655831786,31708.417083731645,-508.05927434377224,22.205470722534905,31222.563280110408,0.0,1270.2507396767542
0+12+18,2025-08-23,47346.12403455426,47730.538574592865,0.0,47730.538574592865,28656.74051229831,523.2737789603442,0.0,29180.014291258656,384.4145400386001,0.0
0+12+18,2025-08-24,70933.56583900016,70013.95049401233,496.09944027895506,70510.04993429128,45642.64797511357,-267.8814167933376,1761.5068596671724,47136.2734179874,0.0,919.6153449878403
0+12+18,2025-08-25,93838.80742358847,85270.31956496807,304.1395266040399,85574.4590915721,59536.62979467434,-3013.3150011415464,815.2573768577072,57338.5721703905,0.0,8568.4878586204
0+12+18,2025-08-26,74318.49925896543,74441.30629530702,396.7835600757666,74838.08985538279,47880.3039533542,77.7990138522012,901.525723336368,48859.62869054277,122.80703634160176,0.0
0+12+18,2025-08-27,76549.7532227239,78863.79496284768,130.20773073494092,78994.00269358262,48899.08022869252,2217.9250256310424,499.69424857345297,51616.69950289701,2314.041740123777,0.0
0+12+18,2025-08-28,76656.09457503476,79616.10547590214,214.1222240680318,79830.22769997017,47994.27242067558,3242.355314470005,898.6773858310403,52135.30512097663,2960.010900867372,0.0
0+12+18,2025-08-29,55626.992848708505,53517.293911823625,0.0,53517.293911823625,34137.84408494651,-716.8387130439843,0.0,33421.00537190252,0.0,2109.698936884887
0+12+18,2025-08-30,50238.5586182034,48160.75093309876,20.786882060764015,48181.53781515952,31116.189453675455,-745.7928195838531,44.44235384591346,30414.838987937514,0.0,2077.807685104637
0+12+18,2025-08-31,72010.5407230667,70944.97340360633,1741.2024961376287,72686.17589974396,45943.454423229574,-404.64976100786686,5421.694585119791,50960.4992473415,0.0,1065.5673194603778
0+12+18,2025-09-01,82596.29025633016,78637.22033717351,0.0,78637.22033717351,51584.35550645595,-1007.6998855713873,0.0,50576.65562088456,85.31788846577433,4044.387807622428
0+12+18,2025-09-02,73475.41589408374,73681.17496432197,14.205799091686004,73695.38076341365,45959.69923890227,558.7533964189768,40.543350607671854,46558.99598592892,584.3990795818581,378.6400093436344
0+12+18,2025-09-03,78477.71226093212,75884.4215140743,2.050679634194921,75886.4721937085,49292.67324569892,-651.5697550850368,4.506368496143339,48645.60985911002,46.93779655829161,2640.2285434161226
0+12+18,2025-09-04,75909.3982196862,73279.04424690356,0.0,73279.04424690356,48430.195588083094,-784.6674568094576,0.0,47645.52813127363,0.0,2630.35397278264
0+12+18,2025-09-05,46737.19982646757,45896.58455985529,0.0,45896.58455985529,28761.49484561658,-386.0743532614038,0.0,28375.420492355177,0.0,840.6152666122777
0+12+18,2025-09-06,44752.40536844029,44430.45986357226,0.0,44430.45986357226,27084.277027985143,-142.94231267502408,0.0,26941.33471531012,0.0,321.9455048680271
0+12+18,2025-09-07,66935.90874648312,66992.73331831994,42.78597553944502,67035.51929385938,42109.23537363917,153.09244267578123,93.63125929316091,42355.959075608116,167.59090124333346,110.76632940652559
0+12+18,2025-09-08,71111.82975471248,72057.0114673499,207.58886856006097,72264.60033590997,43695.28354371899,1218.5405051452228,521.4475351833016,45435.27158404752,1245.9331811373083,300.75146849990176
0+12+18,2025-09-09,62651.81421884969,63788.015782951145,277.9836833609374,64065.99946631208,39285.35098030335,1169.393535845075,1119.8811934015378,41574.62570954997,1136.2015641014516,0.0
0+12+18,2025-09-10,75092.72095280272,74218.73493644969,128.8700933012376,74347.60502975094,46460.773947060006,-172.81231236466263,432.1891606133977,46720.15079530874,46.87389767186238,920.8599140248878
0+12+18,2025-09-11,75408.32334065979,68708.6205378292,42.276294295461696,68750.89683212466,47113.22339098729,-2049.533716173099,116.48183088709065,45180.17150570128,0.0,6699.702802830586
0+12+18,2025-09-12,43488.418604754304,43488.418604754304,0.0,43488.418604754304,25938.607026454665,0.0,0.0,25938.607026454665,0.0,0.0
0+12+18,2025-09-13,41001.70484613918,41001.70484613918,0.0,41001.70484613918,24139.51317239854,0.0,0.0,24139.51317239854,0.0,0.0
0+12+18,2025-09-14,73541.24348801868,72341.19439061363,447.1589497884294,72788.35334040206,45740.98701846698,-386.8033200635217,1214.3070803579972,46568.49077876146,0.0,1200.0490974050517
0+12+18,2025-09-15,59793.19553879009,59638.3672429697,1188.3835548008365,60826.75079777054,37275.68815791035,-31.19655808434151,4695.622730608192,41940.114330434204,22.262748716010663,177.0910445363942
0+12+18,2025-09-16,74219.20005643429,68411.25821862915,898.2547408630957,69309.51295949225,45568.591088616675,-1829.5635010106378,2838.329193076067,46577.35678068211,0.0,5807.941837805128
0+12+18,2025-09-17,70961.07386336176,67139.87804414512,582.8544862399358,67722.73253038505,44514.48083703984,-1338.711290026758,1345.464362970283,44521.23390998336,0.0,3821.195819216637
0+12+18,2025-09-18,64132.61170884786,64865.932555052794,1165.8093010086448,66031.74185606143,40215.65507220934,518.8866365262154,2825.4003611901535,43559.9420699257,733.3208462049358,0.0
0+12+18,2025-09-19,42220.32134359717,41986.123061754224,6.2899671427883845,41992.41302889701,25088.409692561654,-103.47299338498996,13.627213814851036,24998.563912991518,0.0,234.19828184294653
0+12+18,2025-09-20,40475.88206156409,39931.05018605034,14.009699603918875,39945.059885654264,23763.213507007058,-231.93185558106478,30.618198484364697,23561.899849910358,0.0,544.8318755137352
0+12+18,2025-09-21,66702.03265930088,65080.08077335732,1552.5920293234672,66632.67280268078,40735.90191676565,-430.48138546752017,5983.996157871607,46289.41668916974,2.5819210556079497,1624.5338069991706
0+12+18,2025-09-22,71435.51631418706,65504.33906944513,1770.2460018690224,67274.58507131416,44226.373340544495,-1957.6393941963931,6082.224915492579,48350.958861840685,0.0,5931.1772447419335
0+12+18,2025-09-23,71018.25982134702,69271.25678273276,795.72866786522,70066.98545059797,43967.58425109359,-535.3021670754346,3227.5576019829214,46659.83968600108,0.0,1747.0030386142485
0+12+18,2025-09-24,61637.940454638236,65152.069749730734,1891.4809044573058,67043.55065418805,38883.205105518646,3043.5564886442207,4726.254285538883,46653.01587970175,3514.129295092499,0.0
0+12+18,2025-09-25,70525.21418636905,70491.17135209365,670.4984267346017,71161.66977882825,43874.37783867972,273.29624032824574,2128.2731581886565,46275.94723719662,336.8384425622836,370.8812768376813
0+12+18,2025-09-26,46502.56232896073,44404.18792618268,0.0,44404.18792618268,27182.135490678364,-743.7581019414595,0.0,26438.377388736903,0.0,2098.37440277805
0+12+18,2025-09-27,39959.72170150825,40202.853784639505,50.26954722984931,40253.123331869356,23223.775670750383,295.0332434438244,107.71889667090174,23626.527810865107,243.1320831312521,0.0
0+12+18,2025-09-28,65488.27132834037,65831.43924295105,2987.2440912829466,68818.683334234,40161.71946575903,368.8404522096891,10218.924789678877,50749.4847076476,343.1679146106864,0.0
0+12+18,2025-09-29,71056.70354820386,67938.59607311612,1293.286744009579,69231.88281712569,44082.61165276663,-1016.9645501679865,5078.528675421128,48144.17577801977,0.0,3118.1074750877406
0+12+18,2025-09-30,70920.37688319926,70166.72061254185,2565.0702672533835,72731.79087979523,44605.191930356894,-301.9191274097843,8563.696944743184,52866.969747690295,0.0,753.6562706574268
0+12+18,2025-10-01,69736.52091215947,66408.21641872519,98.58184111778326,66506.79825984298,42892.64682533132,-821.2570258502944,214.04796530100327,42285.43776478203,11.986873025697719,3340.2913664599614
0+12+18,2025-10-02,75592.10924967378,68817.72389084885,106.95181087410572,68924.67570172295,47133.12930042524,-2077.3026319244464,265.88525077637536,45321.711919277164,0.0,6774.385358824938
0+12+18,2025-10-03,39856.513718876115,40165.21776441072,0.0,40165.21776441072,22757.03373241909,403.27687981432257,0.0,23160.310612233414,308.70404553460037,0.0
0+12+18,2025-10-04,44713.25850480565,43811.89375427243,0.0,43811.89375427243,24838.62221380599,-209.10767171414756,0.0,24629.51454209184,0.0,901.3647505332132
0+12+18,2025-10-05,69214.16418954954,66247.17339578847,888.9763439483413,67136.14973973681,41966.05607566053,-623.7700778495912,2661.0992649524924,44003.385262763426,88.7789084597064,3055.769702220789
0+12+18,2025-10-06,60159.07398147705,62136.335565999376,1433.1006118956593,63569.43617789503,37369.92269389103,1420.9401858464284,4170.867666328577,42961.73054606603,1977.2615845223313,0.0
0+12+18,2025-10-07,68052.05800522058,68208.98135329896,183.6774824899174,68392.65883578888,41495.887756652795,960.6894339692475,466.57038060795253,42923.147571229994,974.7832618223176,817.8599137439302
0+12+18,2025-10-08,65571.85419176964,64336.895134538485,274.39349815910373,64611.288632697586,39659.29682052886,-303.7459328253036,1088.3385680086014,40443.88945571216,0.0,1234.959057231145
0+12+18,2025-10-09,75062.87159954116,68658.05783347366,64.95159537714267,68723.00942885081,46160.767068991634,-1916.7531449236608,203.98483897924547,44447.99876304722,0.0,6404.8137660674965
0+12+18,2025-10-10,41898.17176465076,41079.70820051086,0.0,41079.70820051086,23605.329628726195,-329.31778036536053,0.0,23276.011848360835,0.0,818.4635641398988
0+12+18,2025-10-11,40355.50682669528,40275.003871907466,19.27844668988746,40294.282318597354,22280.812892323644,-31.030274370051675,41.176886440971515,22290.959504394563,0.0,80.50295478781578
0+12+18,2025-10-12,63757.939917191994,63088.947495561835,2072.9672094561597,65161.914705017996,38192.785169346724,-147.10170304057584,8587.801745218097,46633.48521152424,3.0287681710358356,672.0211898012067
0+12+18,2025-10-13,68428.9765219046,63618.58182572955,1238.1812496201348,64856.763075349685,41528.35335641894,-1377.2114809436584,4347.171785842628,44498.31366131791,0.0,4810.394696175054
0+12+18,2025-10-14,71930.00232015198,68740.29364760785,476.13015698858055,69216.42380459643,44256.479364358616,-1052.4874311285876,1624.9387543560529,44828.93068758608,0.0,3189.708672544124
0+12+18,2025-10-15,74627.2514032367,70867.77796887659,234.39492153764877,71102.17289041424,45932.92487423745,-1304.4302023904183,772.2147988913928,45400.709470738424,0.0,3759.473434360124
0+12+18,2025-10-16,71288.0447938136,70533.68986319027,445.86520087719674,70979.55506406746,44065.05220571926,-259.2456864036332,1178.7897344449977,44984.59625376062,0.0,754.3549306233413
0+12+18,2025-10-17,39387.11475018678,40664.00345317133,0.0,40664.00345317133,21755.483153816996,1589.620787887197,0.0,23345.103941704194,1276.8887029845478,0.0
0+12+18,2025-10-18,40818.54017978561,39855.73981584665,0.2061450177268398,39855.94596086438,23040.634604829134,-364.72397674542776,0.44073804789998344,22676.351366131606,0.0,962.800363938961
0+12+18,2025-10-19,68827.33635569659,67356.33492701783,1728.392491514526,69084.72741853236,42126.10729130529,-460.5522935403627,6834.934813687742,48500.48981145267,0.0,1471.0014286787573
0+12+18,2025-10-20,74772.68980240778,73391.8887339086,465.2121777819079,73857.10091169052,46414.14549459982,-520.1027234064679,1459.754738205636,47353.79750939899,0.0,1380.8010684991789
0+12+18,2025-10-21,74754.0960453671,73684.44707270947,508.34960570507997,74192.79667841455,46098.79137596401,-412.44978514418636,1302.1744889217957,46988.51607974162,0.0,1069.6489726576115
0+12+18,2025-10-22,72276.1418508054,72589.80077026189,522.0674715668022,73111.86824182869,44710.353039957234,225.6777047954556,1850.8475052889466,46786.878250041635,313.65891945647587,0.0
0+12+18,2025-10-23,83679.14293444742,80626.66695260411,215.60397520966336,80842.27092781378,51949.616207077015,-465.97503158159066,618.647494787944,52102.28867028337,470.82931650866874,3523.3052983519738
0+12+18,2025-10-24,42757.19385371252,43360.33914933926,0.0,43360.33914933926,23828.817338263572,639.3283004990907,0.0,24468.145638762664,603.1452956267459,0.0
0+12+18,2025-10-25,43453.59206730167,43049.3680393282,0.0,43049.3680393282,23637.083323603183,32.84158290026926,0.0,23669.924906503453,125.93753791338422,530.161565886862
0+12+18,2025-10-26,73253.23161733637,73273.96720923879,1323.8505133081235,74597.81772254691,44828.619491448604,261.5221575238107,4958.818584077475,50048.96023304989,292.7373906794676,272.00179877704215
0+12+18,2025-10-27,68486.85311209463,70495.6678276071,489.44577026771873,70985.11359787482,42264.76273644554,2070.775349860399,1659.0579939261154,45994.596080232055,2008.8147155124834,0.0
0+12+18,2025-10-28,70566.90690985232,73838.52228024206,644.1552493741864,74482.67752961625,43739.17426614405,3064.906334054087,1893.3753104998277,48697.455910697965,3271.6153703897353,0.0
0+12+18,2025-10-29,79693.93561511554,77846.32212512182,193.11636146996068,78039.43848659178,49395.697178983784,-628.0065266336311,550.8089536805405,49318.499606030695,0.0,1847.6134899937183
0+12+18,2025-10-30,71491.86050107797,72751.38557925774,425.8121918232417,73177.19777108097,44362.30613759124,1336.0380131606867,1188.8330893688344,46887.177240120756,1259.5250781797765,0.0
0+12+18,2025-10-31,49844.927875780224,46341.367202702735,0.0,46341.367202702735,28124.552309676183,-1038.3238756097799,0.0,27086.228434066405,0.0,3503.5606730774853
0+12+18,2025-11-01,42499.506772253706,42083.33121580178,21.815783496513404,42105.1469992983,23827.70852323078,-152.4326770309961,47.055550194975595,23722.33139639476,0.0,416.1755564519235
0+12+18,2025-11-02,72727.00463430962,71792.09497354546,2778.9021272412565,74570.99710078671,44895.88896440652,-365.43356983605025,11279.94307976168,55810.39847433215,0.0,934.9096607641379
0+12+18,2025-11-03,80314.2924196627,78036.39308825866,447.69712552580154,78484.09021378445,49681.97138259017,-743.277857790413,1484.652533020912,50423.34605782067,0.0,2277.8993314040445
0+12+18,2025-11-04,76006.76965926682,75930.92766094665,559.2002584762921,76490.12791942294,47042.83689484355,-2.763896056434657,2615.5018015383557,49655.57480032547,20.179646108812562,96.02164442898447
0+12+18,2025-11-05,84390.44536627259,79917.1098070619,238.20594140522564,80155.31574846712,52842.887953273814,-1556.5111858190132,668.5438841178034,51954.920651572604,0.0,4473.335559210695
0+12+18,2025-11-06,80111.66188767143,79985.33702842596,137.67193971774873,80123.00896814371,50013.11726155107,-23.04151841351515,316.193627115475,50306.26937025304,26.530963897357992,152.8558231428367
0+12+18,2025-11-07,46902.23029934503,46289.493598423025,0.0,46289.493598423025,26155.23163966662,-1.8165768332279129,0.0,26153.415062833392,127.5623065389054,740.2990074609107
0+12+18,2025-11-08,47572.09371677523,46061.677658074426,5.883157618792836,46067.56081569322,26039.57915186378,-289.60685083291685,12.509625550271657,25762.48192658114,44.8794511241475,1555.295509824951
0+12+18,2025-11-09,77190.23947229555,76619.11705974297,1167.9108460351606,77787.02790577813,47728.179551808564,-42.082713689693264,4688.425368778315,52374.522206897185,162.42729692090666,733.5497094734869
0+12+18,2025-11-10,79644.76328835908,79108.01732342082,979.2791071173098,80087.29643053813,49665.31413948437,-202.1490849312302,3171.3579101338514,52634.52296468699,0.0,536.7459649382529
0+12+18,2025-11-11,83794.56276416821,82362.6029021974,158.33003277245143,82520.93293496985,52859.074172516215,-492.89061040972285,392.8563182234892,52759.039880329976,0.0,1431.9598619708083
0+12+18,2025-11-12,80633.93479822898,79774.54959842643,74.56173479300298,79849.11133321944,50489.76945373704,-236.68513838753938,317.67318725300345,50570.7575026025,7.03580800089037,866.4210078034422
0+12+18,2025-11-13,79272.97702679141,81844.41561831512,534.816222285961,82379.23184060107,49850.06604872308,2619.858745681972,1502.2088301681167,53972.133624573165,2571.4385915237035,0.0
0+12+18,2025-11-14,50765.41152461353,50527.9788476762,0.0,50527.9788476762,28626.54156551357,-76.46460206048178,0.0,28550.076963453088,0.0,237.4326769373342
0+12+18,2025-11-15,53098.46617746201,50834.71484913783,0.0,50834.71484913783,29335.944595394154,-632.9406159774729,0.0,28703.00397941668,0.0,2263.7513283241824
0+12+18,2025-11-16,77713.99770572045,78346.49918957984,1564.7590177235236,79911.25820730337,48234.748516368025,648.9016987937609,6085.947337971841,54969.59755313362,632.5014838593935,0.0
0+12+18,2025-11-17,76965.9727061658,78467.46487103065,956.0952557729829,79423.56012680363,48187.396710422836,1468.365107391501,2629.9108606532227,52285.67267846756,1501.4921648648424,0.0
0+12+18,2025-11-18,82564.01180108573,81532.52908484626,423.65604598133416,81956.1851308276,51855.110431140994,-382.46847152174064,1087.8127329282734,52560.45469254753,0.0,1031.4827162394636
0+12+18,2025-11-19,82670.75536744208,82690.40882318161,197.99850406396033,82888.40732724557,51989.151794276215,154.91421931899882,500.9796162502365,52645.04562984545,159.58935278483318,139.93589704529154
0+12+18,2025-11-20,83687.18396492106,83910.15017564039,67.14687532080757,83977.29705096119,52708.732218438534,240.91330356658133,258.06924004680616,53207.71476205192,229.20105933042896,6.234848611111488
0+12+18,2025-11-21,52011.114147212924,51823.89121057918,0.0,51823.89121057918,29275.105796075728,-36.929802723231376,0.0,29238.175993352495,7.305101420096733,194.52803805383655
0+12+18,2025-11-22,55368.11953102129,52450.95250493473,0.0,52450.95250493473,30648.13793251612,-759.40824056395,0.0,29888.729691952172,0.0,2917.167026086562
0+12+18,2025-11-23,79329.63885381965,79200.31592783779,1582.6090307175666,80782.92495855535,49511.16243216221,-39.17243951168275,5959.970533794964,55431.96052644549,0.0,129.3229259818625
0+12+18,2025-11-24,80331.53521987496,80331.53521987496,739.9479931805834,81071.48321305554,50363.671278300564,0.0,2810.7001019407107,53174.371380241275,0.0,0.0
0+12+18,2025-11-25,92897.35103742393,87791.1316055713,192.78387782059983,87983.9154833919,59365.10827784066,-1817.5492837491818,540.0710340602477,58087.630028151725,0.0,5106.219431852634
0+12+18,2025-11-26,88649.25232964908,86437.6355412016,117.91781735444692,86555.55335855605,56048.596536025834,-775.9264141562386,408.7703915786455,55681.440513448244,0.0,2211.6167884475008
0+12+18,2025-11-27,86893.15770179563,86262.43997901017,58.50026548722644,86320.9402444974,55028.2247663405,-226.9766593172727,189.192200578977,54990.4403076022,0.0,630.7177227854487
0+12+18,2025-11-28,54999.71035091624,54856.52283246021,0.0,54856.52283246021,31025.013034225827,-51.54416622287262,0.0,30973.468868002954,0.0,143.18751845603646
0+12+18,2025-11-29,61701.056479736566,59347.559185085134,41.429951349029125,59388.98913643416,34541.11878517374,-688.9238836815659,89.10021678884752,33941.29511828103,0.0,2353.4972946514263
0+12+18,2025-11-30,84923.9192280114,85429.62842339533,1353.5457748298177,86783.17419822516,53102.02170226833,677.5404136108162,5377.590962011667,59157.15307789081,639.4445937804169,133.73539839647208
0+12+18,2025-12-01,90587.71880469806,87843.42786170733,4079.095401310395,91922.52326301772,57906.49943407209,-977.5175958821205,12804.814901491025,69733.796739681,0.0,2744.290942990728
0+12+18,2025-12-02,95113.53626817034,92717.70214118334,2883.7043326297044,95601.40647381304,60754.569584679986,-804.2170661004552,9607.859735267262,69558.2122538468,0.0,2395.834126987009
0+12+18,2025-12-03,87111.47059016835,90604.38070110325,2876.694822033909,93481.07552313716,55470.01103359217,3710.7211572917686,7802.353011373121,66983.08520225706,3492.9101109349067,0.0
0+12+18,2025-12-04,96899.1412239623,92016.63052834588,1947.570569780483,93964.20109812636,62784.03096383458,-1930.4774438885033,6705.16014110268,67558.71366104875,0.0,4882.510695616421
0+12+18,2025-12-05,64234.90416551895,63992.33134174005,0.0,63992.33134174005,36951.14743745783,-30.95357708046859,0.0,36920.19386037737,54.93290551480783,297.5057292937172
0+12+18,2025-12-06,63662.96285564431,62441.62666606295,17.529881755769907,62459.15654781872,36204.44720549908,-420.9541416599236,38.00543679052103,35821.49850062967,0.0,1221.3361895813678
0+12+18,2025-12-07,96022.8132244405,93398.13741172079,2002.4416445315885,95400.57905625238,61361.190169356596,-974.6130728404955,7436.182897912905,67822.759994429,0.0,2624.675812719701
0+12+18,2025-12-08,99835.7246530201,99482.18084215469,174.63588881560236,99656.81673097028,63993.60866015413,-67.43364396235987,605.2934221036855,64531.46843829546,30.421975562736407,383.96578642815166
0+12+18,2025-12-09,99301.74728566894,98979.31120627133,196.19493212243128,99175.50613839377,63868.771897407925,-18.03310099955887,627.6638458593158,64478.40264226768,60.940017485297744,383.3760968828984
0+12+18,2025-12-10,96668.49915865301,96450.16488295374,499.45224971318794,96949.61713266693,62091.35007950223,-77.52093449609966,1266.925409148352,63280.75455415448,0.0,218.33427569926448
0+12+18,2025-12-11,100875.31265862384,98313.79520268629,126.41411720427652,98440.20931989056,65002.62639156555,-914.2702792108713,354.96583131506793,64443.32194366975,0.0,2561.517455937543
0+12+18,2025-12-12,67045.54861379883,67835.5658288687,0.0,67835.5658288687,38423.88282522821,836.8669573331921,0.0,39260.749782561405,790.0172150698572,0.0
0+12+18,2025-12-13,64791.51887699711,65724.09747858977,2.0667486663849104,65726.16422725616,36825.1237165833,970.5214211210283,4.418708648730938,37800.063846353056,932.5786015926637,0.0
0+12+18,2025-12-14,90768.8305705997,92334.14661798935,2409.64268165067,94743.78929964002,57497.39529242745,1619.4386133144312,9204.44290497437,68321.27681071626,1565.3160473896444,0.0
0+12+18,2025-12-15,94827.4459655172,95571.39806000394,1183.8160000840696,96755.21406008801,60418.57853652636,693.6878259990344,3516.2726541481866,64628.53901667358,743.9520944867375,0.0
0+12+18,2025-12-16,101767.84195191,100087.73371779278,102.91368302929783,100190.64740082208,65916.13640917232,-650.2141589104974,233.99512840921224,65499.91737867104,0.0,1680.108234117211
0+12+18,2025-12-17,103327.69305778667,101719.35911772787,98.2801766279257,101817.6392943558,66559.03531379862,-534.0021249053797,404.6583519892713,66429.69154088252,0.0,1608.3339400588065
0+12+18,2025-12-18,98796.44403927542,98687.9189175976,171.9282862282883,98859.84720382589,63950.21333798182,30.659336034485776,477.2561678192899,64458.12884183559,64.83647481659543,173.36159649440856
0+12+18,2025-12-19,66709.28431028333,66952.03079778937,0.0,66952.03079778937,38489.78335294914,175.06859570409907,0.0,38664.85194865324,282.4357926147078,39.689305108661756
0+12+18,2025-12-20,65987.2022902726,64889.62018951753,0.0,64889.62018951753,37782.94613993952,-387.4299037613032,0.0,37395.51623617822,0.0,1097.5821007550664
0+12+18,2025-12-21,97188.48541949743,96986.11778091671,570.1035641752035,97556.22134509192,61964.82592751633,-8.730639471246853,2446.1698495615246,64402.265137606606,47.759239453805435,250.1268780345224
0+12+18,2025-12-22,97537.7729109803,97509.83104446797,361.59476413759774,97871.42580860556,62675.27337406084,-9.822029699713113,1235.246815864806,63900.69816022593,1.2911344056764165,29.233000918002745
0+12+18,2025-12-23,100500.74233927758,100021.13049174692,30.269413367003153,100051.39990511393,64599.73013498995,-119.01153328516313,113.70989413531515,64594.428495840104,0.0,479.6118475306446
0+12+18,2025-12-24,100408.93905257045,99632.28996063523,92.38582341707593,99724.6757840523,64950.14091547036,-315.60315594687177,320.97791280017594,64955.515672323665,0.0,776.6490919352242
0+12+18,2025-12-25,96541.51520070588,98038.45701763507,213.19183543380083,98251.64885306887,61863.254375757424,1519.1560177116412,500.68553268067905,63883.09592614974,1496.9418169291844,0.0
0+12+18,2025-12-26,66451.54706812758,66437.66524075673,0.0,66437.66524075673,38248.424409482206,-4.593952599752677,0.0,38243.83045688245,0.0,13.881827370845258
0+12+18,2025-12-27,64900.69920428702,64284.268003210236,0.0,64284.268003210236,36812.95937606972,-210.19052578461134,0.0,36602.76885028511,0.0,616.4312010767868
0+12+18,2025-12-28,94881.22710721177,93528.98674964691,697.6534659734191,94226.64021562033,60442.096905623286,-526.9104068998743,2559.262204254219,62474.448702977636,0.0,1352.2403575648589
0+12+18,2025-12-29,95775.68657811495,96074.29202744343,155.78843057645014,96230.08045801987,60734.28804756567,434.0082102835565,519.1643378420179,61687.46059569125,366.1898163305091,67.5843670020306
0+12+18,2025-12-30,97495.54469725292,95824.63992288755,51.57747234893907,95876.2173952365,62402.607365077565,-623.9636300510899,177.2704434170618,61955.914178443534,0.0,1670.9047743653514
0+12+18,2025-12-31,100170.98826585204,100231.51702401492,166.79709996707334,100398.314123982,64175.81034824633,298.3924734501287,388.8061414383558,64863.00896313481,296.71243562533084,236.1836774624453
0+6+18,2025-02-01,60775.4398053866,57537.4438370762,0.0,57537.4438370762,34221.86316844639,-1062.3725382848038,0.0,33159.490630161585,0.0,3237.9959683104016
0+6+18,2025-02-02,90616.31406086122,88647.73358001976,137.15765855740915,88784.89123857717,56954.86327755812,-638.8654851302072,611.8042943227617,56927.80208675068,0.0,1968.5804808414546
0+6+18,2025-02-03,94367.68295613486,90902.5806352311,74.31030331567285,90976.89093854677,59554.249536108946,-1204.804751611833,265.2830874312338,58614.72787192835,0.0,3465.102320903764
0+6+18,2025-02-04,96625.33468757314,94188.68800826905,96.54111202998502,94285.22912029903,61678.987344691486,-876.1550612376316,206.01837403801673,61008.85065749187,77.80456646955918,2514.4512457736337
0+6+18,2025-02-05,91926.46472685086,91915.72594285326,66.00150990602845,91981.72745275928,58372.10649571552,189.3200546429017,199.24386029818282,58760.6704106566,249.61960672929723,260.35839072691124
0+6+18,2025-02-06,98594.35972529966,94638.82154403065,27.41468356081043,94666.23622759146,63144.42190974785,-1509.366799475963,58.649320179169116,61693.70443045106,0.0,3955.538181269017
0+6+18,2025-02-07,61428.95743155162,60614.912734351194,0.0,60614.912734351194,34802.32515884903,-266.59313477719945,0.0,34535.73202407183,0.0,814.0446972004272
0+6+18,2025-02-08,49434.834051502825,50482.112635261285,0.0,50482.112635261285,26941.03884774468,961.0524141389154,0.0,27902.091261883594,1047.2785837584634,0.0
0+6+18,2025-02-09,86340.69850481907,86633.50863537184,378.14808778026344,87011.6567231521,53862.55888904544,563.0176202949997,1487.7048295931163,55913.28133893356,533.0489782331263,240.23884768035458
0+6+18,2025-02-10,84599.09238360911,78887.73694715004,2274.490071766978,81162.22701891702,52809.06523855729,-1958.7374413175564,7332.274009970665,58182.6018072104,0.0,5711.3554364590755
0+6+18,2025-02-11,86136.30657064392,84335.58180081862,75.09439667896923,84410.67619749758,54233.51467663057,-720.3818913156265,165.86320855058628,53678.99599386553,0.0,1800.7247698252968
0+6+18,2025-02-12,87622.03751379589,84283.67405461558,51.26731918770491,84334.94137380329,55100.369947672916,-1145.6896194082638,179.44919724368225,54134.12952550833,0.0,3338.3634591803157
0+6+18,2025-02-13,82885.11571783133,80743.07946182905,98.2839563296568,80841.36341815871,51627.18787836937,-733.0490084231267,217.75579891308615,51111.89466885933,0.0,2142.036256002272
0+6+18,2025-02-14,53064.593207573744,53302.83875139531,0.0,53302.83875139531,29236.394464637437,554.4965521118447,0.0,29790.89101674928,530.6045057460412,292.3589619244669
0+6+18,2025-02-15,50146.84780666194,47460.07313104045,0.0,47460.07313104045,27358.582349626366,-723.8096923275747,0.0,26634.772657298792,0.0,2686.7746756214847
0+6+18,2025-02-16,82700.67031604132,78250.06162900828,2103.4536868077944,80353.51531581608,51249.85901180208,-1600.1628356642213,7957.246323137963,57606.94249927583,0.0,4450.608687033036
0+6+18,2025-02-17,83879.98135842728,79853.36963231725,323.4556714720484,80176.8253037893,51801.18977417722,-1121.1205795392111,1071.5046427634559,51751.57383740147,215.61463478940868,4242.226360899432
0+6+18,2025-02-18,76440.87028607947,77968.54273543156,1611.6344902539558,79580.17722568552,47371.05825579073,1132.970324570254,5407.235075519091,53911.26365588008,1527.6724493520933,0.0
0+6+18,2025-02-19,78320.66305155348,78346.18110034332,730.8200181643923,79077.00111850772,48638.117908688306,53.727885469292815,2030.4053843576298,50722.25117851523,85.93970620913956,60.42165741928602
0+6+18,2025-02-20,82210.99046438024,81750.6644652199,101.13975329251798,81851.80421851242,50805.60525063781,754.4405372088304,331.5266925649213,51891.57248041156,912.4330273700286,1372.7590265303793
0+6+18,2025-02-21,49195.27969699985,49669.47500184965,1.1368683772161603e-13,49669.47500184965,26863.1535564823,433.6714328121197,2.7199575924896636e-13,27296.82498929442,516.9777902149251,42.78248536513081
0+6+18,2025-02-22,46936.73435908945,47180.60688942899,42.397602535746955,47223.00449196474,25603.05733457162,305.3455645730481,90.64607422142699,25999.04897336609,243.87253033953917,0.0
0+6+18,2025-02-23,75624.55437390725,76149.19700201723,1912.4044869977226,78061.60148901495,46018.354640704565,616.0056559896868,7279.47912167752,53913.83941837177,582.103497751936,57.46086964194342
0+6+18,2025-02-24,74726.2771575491,76537.77457426078,466.6133775894725,77004.38795185025,46221.66419902035,1245.901882257035,1933.5159401343226,49401.08202141171,1864.4246960675196,52.927279355829796
0+6+18,2025-02-25,79107.35081659639,77019.75813033298,316.91183003433275,77336.66996036732,48679.106733305816,-527.0674360843576,835.3218578036598,48987.36115502512,292.51615984016837,2380.108846103573
0+6+18,2025-02-26,73181.78473616214,74074.619517171,1053.3741595074134,75127.99367667841,44741.36641214122,798.9348932094382,3559.287435465867,49099.58874081653,892.8347810088624,0.0
0+6+18,2025-02-27,75315.63347431904,75114.65847617155,67.77240691261693,75182.43088308416,46392.505484345675,288.1214866732041,245.06040213459454,46925.68737315347,437.30818441225426,638.2831825597286
0+6+18,2025-02-28,44891.49460308283,45464.611705591255,0.0,45464.611705591255,24941.135674994573,374.915449945237,0.0,25316.05112493981,573.1171025084172,0.0
0+6+18,2025-03-01,51453.48171655876,44711.88922093428,0.0,44711.88922093428,27824.893393645183,-1641.0790610583704,0.0,26183.81433258681,0.0,6741.592495624479
0+6+18,2025-03-02,79131.29876902138,79586.76120649462,897.0794675859038,80483.84067408052,48529.10135505311,784.6656858306751,3734.3114793377263,53048.07852022151,683.3697219871373,227.90728451389623
0+6+18,2025-03-03,82842.98351427677,78466.17204951469,732.7452297274499,79198.91727924213,51093.986150533885,-515.0210337978458,2107.8646475289897,52686.82976426503,878.6175427139927,5255.429007476085
0+6+18,2025-03-04,75138.35534756836,75900.01003319629,1093.9352079907155,76993.945241187,46261.54634959895,703.6715124163882,3236.367883943736,50201.58574595908,761.6546856279306,0.0
0+6+18,2025-03-05,80386.68376950361,78095.81667784211,54.83206255836899,78150.64874040049,49633.96517198524,-684.8019663001993,123.90348675331128,49073.066692438355,42.13078067363574,2332.997872335135
0+6+18,2025-03-06,75356.22084205417,75149.52824905497,101.0996769942866,75250.62792604926,46260.38894814418,99.19926502544138,348.8729988514508,46708.46121202107,199.7799479710705,406.4725409702802
0+6+18,2025-03-07,49432.96975377563,45453.23019088905,0.0,45453.23019088905,27557.63526502577,-1158.0683446361563,0.0,26399.56692038961,0.0,3979.739562886584
0+6+18,2025-03-08,39457.54715677866,39337.378302548226,0.0,39337.378302548226,21920.01042315495,-44.72096845846913,0.0,21875.289454696478,0.0,120.16885423044081
0+6+18,2025-03-09,73557.47870248424,66846.06901873574,2169.953978816992,69016.02299755273,44369.7571337393,-1989.6224434761111,7878.933479894871,50259.06817015806,0.0,6711.409683748499
0+6+18,2025-03-10,72068.79031076506,72644.66318563574,1125.1225290002913,73769.78571463603,43420.04443474075,747.6362185617771,4009.9538966366117,48177.63454993913,610.1484927720282,34.2756179013636
0+6+18,2025-03-11,66117.50836996958,73019.6900378445,224.36134146435163,73244.05137930885,40391.683871319205,6010.253024248455,594.77168506813,46996.70858063579,6902.181667874923,0.0
0+6+18,2025-03-12,76810.3559726864,70154.978451303,424.898452211203,70579.8769035142,47133.76607783251,-2190.3760532590527,1377.232185835196,46320.62221040865,0.0,6655.377521383417
0+6+18,2025-03-13,77054.23100501896,77445.07628997946,98.1315203531027,77543.20781033256,47121.81271267545,855.9018736391014,209.83776672706492,48187.55235304161,1030.3611211538964,639.5158361933925
0+6+18,2025-03-14,41247.4078787918,42011.45450264258,0.0,42011.45450264258,23074.210661554458,895.9893619925081,0.0,23970.200023546968,764.0466238507828,0.0
0+6+18,2025-03-15,41653.15640362384,43357.89960527545,52.65799457351329,43410.557599848966,22409.510124781074,1695.7655798797882,112.52409976225476,24217.799804423117,1704.7432016516173,0.0
0+6+18,2025-03-16,68768.8280740242,70039.10825213956,932.7424540516536,70971.85070619121,41743.40454003137,939.537798738013,2748.247585172562,45431.18992394194,1270.2801781153717,0.0
0+6+18,2025-03-17,67087.71808780098,62564.98018903404,1272.6300570401388,63837.610246074175,39866.69408015713,-1123.977705442598,4441.771166073635,43184.48754078816,0.0,4522.7378987669545
0+6+18,2025-03-18,77310.50468895322,73270.23471101161,110.26672983147739,73380.50144084309,47439.4626714622,-1174.834837643606,265.03290381140687,46529.66073763,268.1919480549221,4308.461925996535
0+6+18,2025-03-19,64531.994646522115,69017.97644677914,588.799571778032,69606.77601855717,39387.55728122582,4293.655112140822,1429.7514119130415,45110.96380527968,4485.981800257006,0.0
0+6+18,2025-03-20,73832.04950476668,67880.73614762661,1168.7543547987123,69049.49050242532,45372.24383879981,-1996.9432691695617,3113.4590719547155,46488.75964158496,19.351719475745995,5970.665076615809
0+6+18,2025-03-21,39899.89995869213,38312.802422314824,0.0,38312.802422314824,22448.041512315656,-535.4686667608953,0.0,21912.57284555476,0.0,1587.097536377311
0+6+18,2025-03-22,39622.305296217106,39158.92312094679,13.477208140217499,39172.40032908701,21962.93024398051,-113.60542822128905,28.814271003785013,21878.139086763007,0.0,463.38217527031094
0+6+18,2025-03-23,70100.27247355877,68470.32300986125,773.7395086122715,69244.06251847353,42300.182384769796,-626.568067870862,2921.652323497539,44595.266640396476,0.0,1629.9494636975098
0+6+18,2025-03-24,67747.26937784991,66990.2228496845,505.95231664167824,67496.17516632618,40688.54649500365,546.4020824972636,1357.3053284348216,42592.25390593573,995.1644971728348,1752.2110253382336
0+6+18,2025-03-25,75857.66704079992,67339.38048686697,958.5343956287168,68297.91488249568,46108.628894428315,-2790.786752308106,3192.7464096176254,46510.588551737834,0.0,8518.286553932938
0+6+18,2025-03-26,67103.88277461681,67632.19108112206,154.43088620993086,67786.62196733199,40678.285361641654,697.2546207605554,336.51416655264165,41712.05414895485,615.0528614600871,86.74455495483812
0+6+18,2025-03-27,71176.6807909442,70207.91319523132,224.968864113088,70432.88205934441,43491.56000061828,296.10730049518554,489.22057120788844,44276.88787232135,748.557258441792,1717.3248541546798
0+6+18,2025-03-28,40221.16014698924,40225.45704033153,0.0,40225.45704033153,22128.824634840697,5.042189492502833,0.0,22133.8668243332,4.296893342283722,0.0
0+6+18,2025-03-29,36081.39407984365,36511.372913268686,0.0,36511.372913268686,19570.79988779134,572.8465426687967,0.0,20143.64643046014,429.97883342502746,0.0
0+6+18,2025-03-30,64418.99702240604,60306.74728038952,899.8096925110731,61206.556972900595,38085.89156851171,-1038.755225084546,2842.2864349033653,39889.422778330525,0.0,4112.249742016507
0+6+18,2025-03-31,58189.61866104347,66376.38391578285,337.75361868507434,66714.13753446793,35101.942291290165,7192.780570674155,757.7678645735795,43052.4907265379,8186.765254739381,0.0
0+6+18,2025-04-01,72603.82893279697,70691.22788823787,486.216846834238,71177.44473507212,43105.4507170811,-124.77720501029728,1295.0995620472886,44275.77307411809,538.3087958532011,2450.9098404123015
0+6+18,2025-04-02,70497.37327005627,71025.4412086174,277.893687118672,71303.33489573607,42255.229097391195,855.1688037358858,894.5441335553843,44004.94203468246,727.8735043389006,199.8055657777669
0+6+18,2025-04-03,71756.97581421041,68311.18031956509,118.28379941789768,68429.46411898299,43905.77409289214,-1313.5664376271554,293.8258170172705,42886.03347228226,0.0,3445.7954946453174
0+6+18,2025-04-04,37669.62551306215,37395.5831209485,0.0,37395.5831209485,20736.3604411579,-119.384870200883,0.0,20616.975570957016,0.0,274.04239211365814
0+6+18,2025-04-05,34971.29652596393,34971.29652596393,0.0,34971.29652596393,18974.78349918001,0.0,0.0,18974.78349918001,0.0,0.0
0+6+18,2025-04-06,63389.2197512622,60231.846488526426,963.2608031745276,61195.10729170095,37052.34046020877,-673.3447540034824,4023.261229994156,40402.25693619944,139.66439007369252,3297.0376528094675
0+6+18,2025-04-07,58706.19407796519,60452.69623216728,390.30840023791706,60843.0046324052,34626.77762947776,2040.7700300346169,1159.5040562050926,37827.05171571747,1768.077484564561,21.575330362474688
0+6+18,2025-04-08,67939.87603838721,64687.58379980755,189.79808138254566,64877.3818811901,40876.14760734256,-889.8574328144684,849.5066561908016,40835.79683071889,106.28378067289225,3358.5760192525604
0+6+18,2025-04-09,67571.72350908344,68276.99362546692,215.56258284510992,68492.55620831203,40497.54729927707,498.43809596959557,669.9416619855614,41665.92705723223,744.3537318989025,39.08361551543749
0+6+18,2025-04-10,66790.04199708797,67123.35836793712,70.66998992681499,67194.02835786394,40600.83722172999,215.51365905417202,158.92765718136934,40975.27853796553,333.3163708491534,0.0
0+6+18,2025-04-11,35222.826976252414,35580.232647525845,0.0,35580.232647525845,19269.264180398735,468.7346100654047,0.0,19737.99879046414,357.40567127342797,0.0
0+6+18,2025-04-12,36941.77952339982,35425.59264189059,1.7860785095444953,35427.378720400135,20448.59808000512,-614.2385519270106,3.8186358534061307,19838.178163931516,0.0,1516.1868815092337
0+6+18,2025-04-13,59172.07543239238,58767.06524371664,1382.5901887485174,60149.65543246516,34855.688030365134,-170.15095249402515,5595.962554847705,40281.49963271881,0.0,405.01018867573885
0+6+18,2025-04-14,65241.04997667586,57468.42293240847,1277.0242058003014,58745.44713820877,39042.518387894255,-2534.5331890902557,3932.184103044011,40440.169301848015,0.0,7772.627044267382
0+6+18,2025-04-15,57345.93527371963,59480.31774091738,97.89742226408885,59578.21516318147,34005.76059473092,2299.6000654097747,390.4177479640286,36695.77840810472,2134.382467197746,0.0
0+6+18,2025-04-16,65238.63989042938,66141.51255510011,184.23962608419413,66325.7521811843,38303.10672471592,1448.6819603229785,524.6163755735656,40276.40506061247,1297.5991270081038,394.7264623373843
0+6+18,2025-04-17,59375.402131601826,63305.74148764917,42.88019261338502,63348.62168026255,36077.62562343231,2750.7402339628534,88.73063354458847,38917.09649093975,3930.33935604734,0.0
0+6+18,2025-04-18,35529.6325126463,35453.09305597919,0.0,35453.09305597919,19533.245465437903,-35.7140670860216,0.0,19497.531398351883,0.0,76.53945666710996
0+6+18,2025-04-19,33690.08077576627,33690.08077576627,4.579907782160603,33694.66068354843,17809.601197273638,0.0,9.79184283825937,17819.393040111896,0.0,0.0
0+6+18,2025-04-20,56227.348405762415,56335.68334224595,919.8892238246957,57255.57256607065,33365.69590461731,72.33640785428948,2526.368162985085,35964.40047545668,122.24455780836678,13.909621324830368
0+6+18,2025-04-21,62213.15030217559,54732.30150733517,728.3660092442401,55460.66751657941,36711.31161477312,-2132.687758214006,2464.071540064014,37042.69539662312,0.0,7480.848794840423
0+6+18,2025-04-22,56595.128757725804,60042.78408601596,235.07416169815474,60277.85824771412,33623.19508659303,2936.3738492622288,699.6986922890924,37259.26762814435,3447.6553282901523,0.0
0+6+18,2025-04-23,56607.36133322568,58807.58708398417,590.7522555503632,59398.33933953453,33474.4062968998,1673.4942448550341,1687.0234746111555,36834.924016365985,2200.2257507584827,0.0
0+6+18,2025-04-24,59581.12228760252,56586.6266379103,246.57856074421557,56833.20519865452,35271.17096285787,-685.9593910574222,717.8133987763041,35303.02497057676,0.0,2994.4956496922227
0+6+18,2025-04-25,35097.952595468996,35057.40616030496,0.0,35057.40616030496,19341.1299188335,-18.874776015674293,0.0,19322.255142817827,0.0,40.54643516403777
0+6+18,2025-04-26,33124.72880291242,33124.72880291242,0.0,33124.72880291242,17826.91203630894,0.0,0.0,17826.91203630894,0.0,0.0
0+6+18,2025-04-27,53429.282679944416,54578.23303506787,1865.1229430374046,56443.355978105275,31616.953993118856,834.5344621527543,7602.4890925853815,40053.97754785699,1160.257567182257,11.30721205880701
0+6+18,2025-04-28,66847.23166685528,67111.89881903472,252.43287929095436,67364.33169832567,39126.49148840251,205.47259898793266,788.7726324334785,40120.73671982392,268.8040612984932,4.136909119047232
0+6+18,2025-04-29,59097.41575988631,56631.03258633286,355.4757367471981,56986.50832308006,34944.19775557444,-472.9904000297637,1403.0301046955929,35874.23746024027,102.00801328622566,2568.3911868396835
0+6+18,2025-04-30,56999.78189335465,56861.99523082396,742.1014554318476,57604.096686255805,34093.24193244737,-76.1106152249873,1638.693165632351,35655.82448285473,0.0,137.7866625306841
0+6+18,2025-05-01,59877.466020135056,58852.70858137218,2068.4847542905186,60921.1933356627,35907.1490946713,-280.106012385217,9327.94105722378,44954.98413950986,0.0,1024.7574387628779
0+6+18,2025-05-02,39523.3458641334,39348.94664286634,24.846645862130515,39373.79328872848,22105.338518518183,-62.03235949359882,52.862958319326104,22096.16911734391,0.0,174.39922126705582
0+6+18,2025-05-03,34897.89628367593,34841.87122577839,29.6972943239183,34871.56852010231,19067.964704616017,-27.227204244180907,63.51548860006068,19104.252988971897,0.0,56.02505789753624
0+6+18,2025-05-04,60219.503956307104,55847.80792876928,3242.0871948418007,59089.89512361108,35540.09638330963,-979.8129372145104,12175.921821873113,46736.20526796823,0.0,4371.696027537824
0+6+18,2025-05-05,62774.678030440016,62025.70021428795,1718.667530795004,63744.36774508296,38016.70907443664,-381.1556155189947,7594.39322503288,45229.946683950526,0.0,748.9778161520603
0+6+18,2025-05-06,56430.76099213784,58635.55145086678,1545.3171151960203,60180.868566062796,34055.34735321185,1497.034408614395,6028.966120453504,41581.34788227975,2204.7904587289386,0.0
0+6+18,2025-05-07,61844.10582570984,62727.6740072547,450.7447133502708,63178.418720604976,37626.59227359363,644.9279069102913,2284.675787727293,40556.195968231215,883.5681815448661,0.0
0+6+18,2025-05-08,69114.51163102695,66159.71505569226,352.3602077792988,66512.07526347156,41222.27610972659,-774.1303466375306,1239.118625342654,41687.264388431715,19.133617864634743,2973.9301931993323
0+6+18,2025-05-09,40091.606684134575,39688.02917375215,0.0,39688.02917375215,22625.42792326795,-8.126494229986406,0.0,22617.301429037965,93.56324573463141,497.14075611705215
0+6+18,2025-05-10,36304.0431388617,37311.40394920136,0.0,37311.40394920136,20194.555952299557,1345.5856626111731,0.0,21540.14161491073,1007.3608103396651,0.0
0+6+18,2025-05-11,62127.87983169684,62227.9093883962,1276.324829751427,63504.23421814763,36740.92105550162,806.8298049076653,5565.802198752692,43113.553059161975,880.1860769044856,780.1565202051263
0+6+18,2025-05-12,56606.33501344992,60476.75740886382,343.9421284905001,60820.69953735432,34242.451664970315,3655.040614931736,881.3407994927785,38778.833079394826,3870.422395413895,0.0
0+6+18,2025-05-13,67588.4781733001,61603.43706511503,70.3363644442963,61673.773429559325,40356.46521605936,-1480.884609218958,232.09508337739385,39107.6756902178,196.21790264579343,6181.259010830852
0+6+18,2025-05-14,66575.77241110962,66692.18727312048,138.54323035594388,66830.73050347643,40701.97992721766,76.9027414401628,300.44776075498964,41079.33042941282,116.41486201087048,0.0
0+6+18,2025-05-15,65658.71884078428,67207.44264555827,61.02441596684747,67268.46706152512,41133.81152309512,1168.4832056339699,132.25567767747683,42434.550406406575,1568.6211958044541,19.897391030448375
0+6+18,2025-05-16,37489.99668644785,36873.37248416644,0.0,36873.37248416644,22101.398358531234,-274.7412416095483,0.0,21826.657116921688,0.0,616.6242022814072
0+6+18,2025-05-17,35903.47213240203,35243.91437374869,9.760510248608739,35253.6748839973,20701.489611767414,-282.81652309027464,21.11922697587612,20439.792315653016,0.0,659.5577586533426
0+6+18,2025-05-18,65843.002209312,62974.05041710391,471.31372057549305,63445.3641376794,39325.43434920563,-790.1312916954181,1055.9163465816455,39591.219404091855,0.0,2868.9517922081122
0+6+18,2025-05-19,61125.37556807228,58314.37767505253,125.63624513394086,58440.013920186466,36657.71481591703,-616.4658492860871,690.2920648976884,36731.541031528635,25.12529046726425,2836.123183487015
0+6+18,2025-05-20,61537.364314601306,62594.45103922106,312.81825330755555,62907.26929252861,37233.95778579105,1097.2346737947998,919.0807019722413,39250.27316155809,1060.5812371197526,3.494512499999928
0+6+18,2025-05-21,59251.29764770234,61826.359966118616,118.44433125487444,61944.80429737349,36360.97810602911,2277.689852885059,323.5070370684905,38962.17499598266,2575.0623184162782,0.0
0+6+18,2025-05-22,62381.7396312793,62137.1647541714,134.46845921304305,62271.63321338444,38544.08596250358,-56.86229086562159,390.2025743647982,38877.42624600276,0.0,244.5748771078957
0+6+18,2025-05-23,36367.110172185996,36353.84341779055,0.0,36353.84341779055,20854.66542023989,-5.189290981779271,0.0,20849.47612925811,0.0,13.266754395447453
0+6+18,2025-05-24,35268.40799213657,34861.55175278669,0.0,34861.55175278669,20328.80277534718,-196.4537830136901,0.0,20132.34899233349,0.0,406.8562393498745
0+6+18,2025-05-25,59107.00554778174,58234.640063899606,504.08095409591874,58738.72101799552,35448.39706751643,-194.45578128038628,1919.7621799090402,37173.70346614509,1.6279303011945672,873.9934141833304
0+6+18,2025-05-26,58673.07336912934,59786.21001500114,1180.0022030528248,60966.212218053966,35922.90679894209,750.7531058002768,3994.033782943653,40667.69368768602,1113.1366458717969,0.0
0+6+18,2025-05-27,57906.68642541312,60316.6627137725,241.80104037280194,60558.463754145305,35618.955849880775,2202.740353340054,522.3798089676447,38344.07601218847,2409.9762883593726,0.0
0+6+18,2025-05-28,66484.44965191098,64249.450646005855,231.70410567040773,64481.154751676266,39830.14385288481,-430.9994581028982,588.1877559304937,39987.332150712406,174.31314663485912,2409.3121525399756
0+6+18,2025-05-29,65593.08498209508,66558.08336851919,102.23680969144152,66660.32017821063,39466.43720387464,1006.416764958508,313.81024411939745,40786.66421295254,1032.2510453021732,67.2526588780729
0+6+18,2025-05-30,38245.379572152175,38247.46475793722,13.458559991347954,38260.923317928566,22189.92240251993,7.348238710855165,29.292555821168822,22226.563197051953,6.6649583333332885,4.579772548288929
0+6+18,2025-05-31,38876.262674154554,36698.36256856448,125.92390583471837,36824.286474399196,22626.63435077672,-917.4793690807466,269.20982892340066,21978.364810619376,0.0,2177.9001055900726
0+6+18,2025-06-01,75408.21674120649,71654.38352815824,5317.033959843073,76971.41748800132,45559.90019974833,-1341.9466418776494,20053.293756192943,64271.24731406362,0.0,3753.8332130482286
0+6+18,2025-06-02,80195.4511073154,69331.29444752561,4668.726658155291,74000.0211056809,49544.61919663017,-3485.0429541616313,16471.267166393976,62530.843408862514,0.0,10864.156659789769
0+6+18,2025-06-03,75965.2667482036,76767.57674037057,2029.5248045895619,78797.10154496013,46901.09206244377,1242.5398156398132,7063.921092374782,55207.55297045837,1066.8346316959369,264.52463952896875
0+6+18,2025-06-04,88218.97167994062,72337.66394720945,4119.874224300091,76457.53817150954,55326.86887533506,-5564.472033398303,13035.65877231415,62798.0556142509,0.0,15881.30773273117
0+6+18,2025-06-05,78148.59477952812,77838.05122143173,1367.7642808738492,79205.81550230557,47893.27035323024,239.5224259967963,5216.541262713679,53349.33404194072,282.1425367565294,592.6860948529378
0+6+18,2025-06-06,54020.18922609267,52248.569021086085,5.917550048132284,52254.48657113421,31832.877235063246,-497.75671168597876,12.678350978123419,31347.79887435539,0.0,1771.6202050065917
0+6+18,2025-06-07,55699.14035458544,49407.80001404081,0.0,49407.80001404081,31368.044762424164,-1616.5104882718358,0.0,29751.534274152327,0.0,6291.340340544617
0+6+18,2025-06-08,73842.84432959612,72557.88480519921,360.1696786823613,72918.05448388157,45195.27219298552,1107.534655628999,1453.1442420499823,47755.9510906645,1884.9594352982042,3169.9189596951137
0+6+18,2025-06-09,84366.96835845716,80342.19702607165,581.7535705007363,80923.95059657238,53095.34963757314,-1475.0471278285722,1512.1307986727384,53132.43330841731,0.0,4024.7713323855205
0+6+18,2025-06-10,80006.70978871282,79557.31557885613,194.53989135747906,79751.8554702136,49785.803027468166,-114.2596875434225,454.0292504752862,50125.57259040003,0.0,449.3942098566789
0+6+18,2025-06-11,86023.32796062058,86340.67750104555,821.4453316521664,87162.12283269771,54816.96465882364,583.0587081106697,3418.6883367614532,58818.711703695764,686.8652343999374,369.5156939749678
0+6+18,2025-06-12,85246.65083288943,85027.81114551245,104.30544838812182,85132.11659390057,53903.87621719041,-86.55236961016557,226.07691476768247,54043.40076234793,0.0,218.83968737697506
0+6+18,2025-06-13,53267.71435657119,51963.31327075971,0.0,51963.31327075971,31255.65016850418,-510.59097267401313,0.0,30745.059195830167,0.0,1304.4010858114802
0+6+18,2025-06-14,50710.245220842495,49934.33582266795,19.799746937604255,49954.135569605554,29645.751035499023,-172.49837721989874,41.98536338118982,29515.238021660316,0.0,775.90939817455
0+6+18,2025-06-15,76114.11257750593,77927.83156664498,1187.2697896361474,79115.10135628113,47418.001147832816,1297.7078097121248,3764.815048064129,52480.52400560907,1885.96413990101,72.24515076195735
0+6+18,2025-06-16,81352.05072137062,81925.35306856984,437.4750682764667,82362.8281368463,50817.22521188597,451.09391999548825,1549.2490820472317,52817.56821392869,575.2340446632697,1.9316974640571516
0+6+18,2025-06-17,84781.72442913993,85984.29041438513,168.89158979138136,86153.18200417652,53057.9637573818,1469.3986757394714,579.3069966082584,55106.66942972953,1249.6584525394521,47.0924672942316
0+6+18,2025-06-18,85990.87783074784,87171.11824402076,101.6099447162386,87272.728188737,53819.52698919268,1397.8044500464957,316.9200360140527,55534.25147525323,1180.240413272921,0.0
0+6+18,2025-06-19,82199.4130854642,78252.93830786206,258.8959310957198,78511.83423895777,51368.50389414988,-853.060923653683,892.8430382761412,51408.28600877234,706.2203226227813,4652.695100224918
0+6+18,2025-06-20,52230.2043425456,51241.40409519937,0.0,51241.40409519937,31098.759676720685,-286.59706085047554,0.0,30812.16261587021,0.0,988.8002473462328
0+6+18,2025-06-21,44536.65655798801,44521.95083564525,0.0,44521.95083564525,26727.822916172558,-6.794204897596305,0.0,26721.02871127496,0.0,14.705722342766194
0+6+18,2025-06-22,76272.39082358082,75332.82113257924,225.3125755202508,75558.13370809949,46528.02276171635,1894.5369007591598,719.5425077410812,49142.10217021659,2301.465911055905,3241.035602057479
0+6+18,2025-06-23,78379.19191627127,78349.59449493943,236.38924896151786,78585.98374390096,49277.24098625047,39.248769827118664,700.0491481392223,50016.53890421682,62.527578859808,92.1250001916543
0+6+18,2025-06-24,90940.56529644315,87675.28378606905,565.1055137204163,88240.38929978946,57814.99380177265,-1195.9671845949692,1923.4225831335152,58542.449200311195,0.0,3265.281510374084
0+6+18,2025-06-25,82143.9204742276,82295.94354755359,61.1859894082368,82357.12953696182,50836.60166159742,528.6291298881075,247.91357510768316,51613.14436659321,614.5819308860144,462.5588575600344
0+6+18,2025-06-26,79389.287467329,80061.75311415404,103.11165083632127,80164.86476499036,50068.666992395956,464.08582952887303,413.60998567248316,50946.36280759731,751.1266484472411,78.661001622213
0+6+18,2025-06-27,50256.760849174956,47913.5955108772,0.0,47913.5955108772,30283.13681245091,-832.8333856403372,0.0,29450.303426810573,0.0,2343.1653382977593
0+6+18,2025-06-28,46129.74212026107,46129.74212026107,30.431671971801563,46160.173792232876,27530.717767429847,0.0,65.90582784332398,27596.62359527317,0.0,0.0
0+6+18,2025-06-29,73512.06296332032,74617.83023266582,1877.4247970066742,76495.2550296725,44904.82511094086,1818.4458496340173,5410.188126176047,52133.459086750925,1640.6714223527945,534.9041530073061
0+6+18,2025-06-30,81674.82378698328,79542.03708545977,311.56444104091634,79853.60152650069,50900.02575896806,-600.8955722367334,1000.1325942332019,51299.262780964535,129.23873353605973,2262.025435059576
0+6+18,2025-07-01,73461.819800222,73483.1376020039,9786.70546452527,83269.84306652917,45276.42934010321,60.59981336763298,33768.659294997655,79105.6884484685,57.804035597736316,36.48623381582911
0+6+18,2025-07-02,74115.81585613012,73884.13764796978,4205.940298966147,78090.07794693593,46256.53283838005,-113.09115831356837,14080.33319752396,60223.77487759045,0.0,231.67820816033787
0+6+18,2025-07-03,84771.44420866974,84663.44217454932,3076.464166561335,87739.90634111065,53223.67226296518,43.794541926314565,10267.75270141066,63535.21950630215,184.86402401521548,292.8660581356279
0+6+18,2025-07-04,48250.39715149799,49176.24869359155,119.93927325378684,49296.18796684534,29266.5154709111,1092.0106910631434,282.6871328270582,30641.213294801302,925.8515420935631,0.0
0+6+18,2025-07-05,47146.63425425171,47146.63425425171,201.63136784682507,47348.26562209854,28428.234517258945,0.0,448.28220502959,28876.516722288536,0.0,0.0
0+6+18,2025-07-06,76486.45699406511,80219.43025071759,4701.091824720664,84920.52207543825,48224.09185835501,2898.3219895181674,18591.857039561735,69714.27088743492,3794.044337960228,61.071081307761006
0+6+18,2025-07-07,80775.20962851855,77033.6415904066,1883.8996282435457,78917.54121865013,50400.001103320494,-1224.8190965616823,6398.069064787997,55573.25107154681,0.0,3741.568038111963
0+6+18,2025-07-08,91920.56517584599,87766.41071677608,119.3064511182613,87885.71716789434,58373.68778529905,-1333.4413042603094,435.58187666885374,57475.82835770759,0.0,4154.154459069904
0+6+18,2025-07-09,92005.98930394425,90147.47719332087,170.22920173208422,90317.70639505296,57951.0892426801,-634.9880916199538,873.5527465584659,58189.65389761861,0.0,1858.5121106233757
0+6+18,2025-07-10,85309.97346691799,84761.51055335702,564.1728012539654,85325.68335461098,53976.98716764028,565.1413887144877,1330.3048704703326,55872.433426825104,616.3856761667496,1164.8485897277142
0+6+18,2025-07-11,61415.81067907124,60523.33084462327,0.0,60523.33084462327,36978.9360991183,-229.78558453647864,0.0,36749.15051458182,0.0,892.4798344479727
0+6+18,2025-07-12,51548.30541957445,52139.77703099988,0.0,52139.77703099988,31466.68875465031,715.6545507244846,0.0,32182.343305374794,591.4716114254256,0.0
0+6+18,2025-07-13,86250.02428302474,80206.77997218822,228.0540779051646,80434.83405009338,55028.37188134616,-2226.2185791325783,1101.3026294554227,53903.45593166901,0.0,6043.244310836508
0+6+18,2025-07-14,82179.64803582834,80383.62478356776,668.1495935498718,81051.77437711763,50964.689855694116,-24.467890035901064,3111.805797478223,54052.02776313644,550.729594696583,2346.7528469571666
0+6+18,2025-07-15,90131.86896958962,86114.80872629883,185.5047882500444,86300.31351454888,56690.978530804,-1159.9072715869006,411.9873047827942,55943.0585639999,42.9916563959564,4060.051899686762
0+6+18,2025-07-16,86941.46741949952,85353.70805360825,274.33741678432034,85628.04547039256,55664.63354461665,-696.6992685354828,650.1820714133921,55618.11634749456,0.0,1587.7593658912647
0+6+18,2025-07-17,85853.77835559749,87711.15532611817,139.57953944117298,87850.73486555934,54460.26316901005,2125.3563658111366,492.9019543218873,57078.52148914308,1972.680119452347,115.3031489316644
0+6+18,2025-07-18,63644.87932997047,61879.6263068431,0.0,61879.6263068431,39006.37882282004,-638.5691555021458,0.0,38367.809667317895,0.0,1765.2530231273606
0+6+18,2025-07-19,58412.82178639296,53977.275205428174,35.551867300603476,54012.827072728775,36255.48811265708,-1598.2968301198628,76.00989228869022,34733.20117482591,0.0,4435.546580964788
0+6+18,2025-07-20,86129.81179611568,85148.18038245736,176.4077140752574,85324.58809653262,53707.492548938724,-260.3636196443009,768.0638897312542,54215.19281902567,40.89701234124948,1022.5284259995861
0+6+18,2025-07-21,88054.1186012014,85337.04102012722,134.50723169219174,85471.5482518194,55640.41427225662,-902.045827526984,433.7294138158667,55172.0978585455,0.0,2717.0775810741625
0+6+18,2025-07-22,86565.7413236991,94585.45708101307,27.680337815747407,94613.13741882882,54920.70095125965,8034.947133259437,90.87430644661643,63046.5223909657,8019.715757313969,0.0
0+6+18,2025-07-23,97431.60956960652,89240.86789401072,5.130310314112393,89245.99820432483,62516.308292646485,-2904.7995527540033,12.843731871380369,59624.35247176386,0.0,8190.741675595798
0+6+18,2025-07-24,96872.15859820967,91951.50501583554,0.3925710204034658,91951.89758685595,62370.1010965694,-1748.818303911883,0.8713113797854923,60622.154104037305,0.0,4920.653582374115
0+6+18,2025-07-25,54460.52428083438,56553.228568879626,0.0,56553.228568879626,33991.89239310617,1422.8265405045934,0.0,35414.71893361077,2092.7042880452354,0.0
0+6+18,2025-07-26,56521.91689576526,55632.02278439407,0.0,55632.02278439407,33943.27237568423,-118.65132849529658,0.0,33824.621047188935,95.08069412533553,984.9748054965294
0+6+18,2025-07-27,83131.14012709887,82515.9794852934,1040.9052814540146,83556.88476674742,52062.258234649475,419.1458079031145,3412.0251797329765,55893.429222285566,599.53929120965,1214.6999330151234
0+6+18,2025-07-28,87573.76822211167,88730.9532120428,181.7187853914111,88912.67199743421,55177.99979119001,1401.3260696982738,410.42752977228673,56989.75339066057,1157.1849899311412,0.0
0+6+18,2025-07-29,87179.17653161596,90193.05985641458,148.4264428258325,90341.48629924041,55012.8674746508,2790.8532856298916,672.2175371201972,58475.938297400884,3013.8833247986067,0.0
0+6+18,2025-07-30,81228.64451979594,87504.44410563944,5.466192536485892,87509.91029817594,51433.66077333516,6026.269662422701,11.88459760551834,57471.81503336338,6275.799585843501,0.0
0+6+18,2025-07-31,86559.77531493094,86872.25794699392,277.7120107992309,87149.96995779316,54673.48427246794,283.367454584572,1020.8324643629201,55977.68419141543,372.49423626076606,60.01160419778057
0+6+18,2025-08-01,54244.763900959195,52102.01019937767,0.0,52102.01019937767,34075.29383839003,-842.767363370472,0.0,33232.526475019564,0.0,2142.7537015815265
0+6+18,2025-08-02,58316.60506859955,54426.17256210276,26.254807006175042,54452.42736910893,35590.06401070974,-1338.7014401665817,56.13277737920224,34307.49534792236,0.0,3890.4325064967907
0+6+18,2025-08-03,70969.35491009758,71563.61729336153,372.02133399454874,71935.63862735608,45169.98649125945,655.6870016112675,1671.7431161610243,47497.41660903174,594.2623832639517,0.0
0+6+18,2025-08-04,77930.9076328287,78573.60219190769,69.04663506415199,78642.64882697184,49939.78913293962,444.32672669676,149.91849028853198,50534.034349924914,743.7184458731252,101.02388679415071
0+6+18,2025-08-05,76770.8970558477,77876.75025081032,10.741329442323718,77887.49158025264,48815.98765539286,776.4727702344644,23.71301354167204,49616.173439169004,1105.853194962629,0.0
0+6+18,2025-08-06,85630.45535941579,81725.43337947648,62.25191807476892,81787.68529755124,55241.95909069723,-1576.1191928279668,137.90928389883163,53803.74918176809,0.0,3905.0219799392994
0+6+18,2025-08-07,86552.21199543981,79426.7962859883,142.39436862824743,79569.19065461654,54237.53782882131,-1647.357039923113,335.36796695026214,52925.54875584846,372.8746268897669,7498.290336341267
0+6+18,2025-08-08,51035.13187837513,50937.412201752755,0.0,50937.412201752755,31234.307484717872,-40.55502799496732,0.0,31193.752456722905,0.0,97.71967662237094
0+6+18,2025-08-09,48839.04079110002,48558.56893615316,0.0,48558.56893615316,29903.674686512593,-117.91143351882359,0.0,29785.76325299377,0.0,280.4718549468554
0+6+18,2025-08-10,74884.49003500413,72834.164904868,607.4117371748368,73441.57664204284,47719.38987958552,-716.1881219826162,1871.292268959156,48874.49402656206,0.0,2050.3251301361393
0+6+18,2025-08-11,74738.3155872822,75160.43216937399,915.4816060835016,76075.91377545749,46536.98568690421,540.5304407867262,3536.834640248993,50614.35076793993,422.1165820918045,0.0
0+6+18,2025-08-12,82012.55473941518,79867.13102816379,346.47182149010507,80213.6028496539,51244.87324814347,7.950025798291222,1236.072825201513,52488.896099143276,604.0728230657817,2749.4965343171716
0+6+18,2025-08-13,75904.71717369583,75866.89546514335,299.3544866017001,76166.24995174505,47471.27509428645,-8.372990873299647,1047.5355403710444,48510.43764378419,0.0,37.82170855248785
0+6+18,2025-08-14,77730.7718565439,79147.67264547318,138.57122219825715,79286.24386767144,49493.39956733618,1108.3197281346334,400.11612768193845,51001.835423152756,1429.7586415809233,12.857852651630196
0+6+18,2025-08-15,54688.58299793024,51527.16498375268,0.0,51527.16498375268,33713.84941349493,-1124.3445872618145,0.0,32589.504826233115,0.0,3161.418014177568
0+6+18,2025-08-16,51209.907146414145,47096.48493971035,0.0,47096.48493971035,32299.13053988904,-1695.8509183333315,0.0,30603.27962155571,0.0,4113.422206703787
0+6+18,2025-08-17,76123.8902208554,73536.71237063172,1196.3833931989839,74733.0957638307,47215.04831569411,-662.8396102200212,5473.059498554534,52025.26820402862,36.72044284632159,2623.8982930700063
0+6+18,2025-08-18,74909.36388562838,74704.8245756625,561.2318036293468,75266.05637929184,47622.20269230775,-109.31299327665995,2245.1849527271947,49758.07465175828,0.0,204.53930996588446
0+6+18,2025-08-19,74971.81534954625,73175.2467245223,555.6241830803427,73730.87090760264,47592.360219364855,-663.1606582273862,2312.639919284971,49241.83948042244,0.0,1796.5686250239514
0+6+18,2025-08-20,84074.45261869719,79352.52858472476,417.61665962486154,79770.14524434962,52579.88431337844,-639.5724458345721,1357.9449028551692,53298.256770399035,718.8634299343983,5440.787463906823
0+6+18,2025-08-21,80475.05848310556,76167.02547218274,369.6801523365576,76536.7056245193,50510.176102063175,-831.0020977076352,1397.8440900405412,51077.01809439608,344.30377349125894,4652.336784414086
0+6+18,2025-08-22,50733.65417262487,49083.39280019462,10.412222883661116,49093.80502307828,31708.417083731645,-650.4104989475082,22.205470722534905,31080.212055506672,0.0,1650.2613724302591
0+6+18,2025-08-23,47346.12403455426,47634.5667789063,0.0,47634.5667789063,28656.74051229831,409.2797280163378,0.0,29066.02024031465,288.4427443520318,0.0
0+6+18,2025-08-24,70933.56583900016,68035.88032451126,2659.5880439756174,70695.46836848688,45642.64797511357,-1118.8048037396861,10117.645438809748,54641.48861018363,0.0,2897.6855144888996
0+6+18,2025-08-25,93838.80742358847,81804.54462799273,254.1140395771016,82058.65866756983,59536.62979467434,-3882.7921121265304,606.9171530033166,56260.75483555113,0.0,12034.262795595736
0+6+18,2025-08-26,74318.49925896543,75361.6418656046,307.23950549601955,75668.88137110062,47880.3039533542,786.2541898184215,697.4161041971508,49363.97424736978,1043.1426066391796,0.0
0+6+18,2025-08-27,76549.7532227239,81945.9439809305,119.81989655424934,82065.76387748476,48899.08022869252,4998.875405294142,460.5632772147878,54358.51891120145,5396.190758206611,0.0
0+6+18,2025-08-28,76656.09457503476,80522.46397559404,238.89253296279702,80761.35650855684,47994.27242067558,4366.39106969532,928.5945449256462,53289.258035296545,3914.032007275437,47.66260671615737
0+6+18,2025-08-29,55626.992848708505,52801.86909188535,0.0,52801.86909188535,34137.84408494651,-1028.6668225856088,0.0,33109.1772623609,0.0,2825.1237568231527
0+6+18,2025-08-30,50238.5586182034,48764.89644878004,20.786882060764015,48785.6833308408,31116.189453675455,-513.890242155903,44.44235384591346,30646.741565365464,0.0,1473.6621694233552
0+6+18,2025-08-31,72010.5407230667,72401.52887153573,1132.0164041710836,73533.54527570681,45943.454423229574,270.7105729216834,4348.497301097021,50562.66229724828,407.77998414297844,16.79183567395296
0+6+18,2025-09-01,82596.29025633016,74404.2431737408,0.0,74404.2431737408,51584.35550645595,-2374.425092071586,0.0,49209.93041438436,0.0,8192.047082589372
0+6+18,2025-09-02,73475.41589408374,75696.14980616579,14.205799091686004,75710.35560525747,45959.69923890227,2369.5794101869933,40.543350607671854,48369.821999696935,2220.733912082048,0.0
0+6+18,2025-09-03,78477.71226093212,74463.2263922691,2.050679634194921,74465.2770719033,49292.67324569892,-1010.0829567534215,4.506368496143339,48287.09665744164,63.44784672666424,4077.9337153896886
0+6+18,2025-09-04,75909.3982196862,73535.16096788702,89.77135180109661,73624.93231968812,48430.195588083094,-645.0406031992127,201.69584321772408,47986.85082810161,0.0,2374.2372517991894
0+6+18,2025-09-05,46737.19982646757,46310.78732400466,0.0,46310.78732400466,28761.49484561658,-204.30356198472083,0.0,28557.19128363186,0.0,426.412502462911
0+6+18,2025-09-06,44752.40536844029,44676.38264604854,0.0,44676.38264604854,27084.277027985143,-34.912406949053064,0.0,27049.36462103609,0.0,76.02272239174128
0+6+18,2025-09-07,66935.90874648312,69613.84374726421,42.78597553944496,69656.62972280366,42109.23537363917,2209.229908185098,93.63125929316078,44412.09654111742,2677.935000781084,0.0
0+6+18,2025-09-08,71111.82975471248,68779.97125373367,547.1128687848212,69327.0841225185,43695.28354371899,-353.3095266711709,1868.1461861694042,45210.12020321723,295.00902090263753,2626.867521881456
0+6+18,2025-09-09,62651.81421884969,65382.85606128291,44.527128931167,65427.383190214074,39285.35098030335,2961.0908981502016,166.53704109726655,42412.97891955082,2731.041842433213,0.0
0+6+18,2025-09-10,75092.72095280272,70070.42833636628,570.7023097808232,70641.13064614711,46460.773947060006,-1523.9194253617225,1806.0063297927454,46742.86085149103,0.0,5022.29261643644
0+6+18,2025-09-11,75408.32334065979,66229.6473248919,90.34905152013317,66319.99637641203,47113.22339098729,-2627.929865989874,198.39575816753373,44683.689283164946,0.0,9178.676015767885
0+6+18,2025-09-12,43488.418604754304,42814.66482179193,0.0,42814.66482179193,25938.607026454665,-284.2394993892824,0.0,25654.367527065384,0.0,673.7537829623739
0+6+18,2025-09-13,41001.70484613918,40949.60522645994,0.0,40949.60522645994,24139.51317239854,-23.562071755941343,0.0,24115.9511006426,0.0,52.0996196792424
0+6+18,2025-09-14,73541.24348801868,67633.45912926657,633.4746598147372,68266.9337890813,45740.98701846698,-1899.5215166473404,1514.2216296404722,45355.68713146011,0.0,5907.784358752106
0+6+18,2025-09-15,59793.19553879009,59683.43393473794,1271.486672320622,60954.920607058564,37275.68815791035,64.73582749414089,4862.033053790878,42202.457039195375,104.41946749326405,214.1810715454148
0+6+18,2025-09-16,74219.20005643429,70269.43969514474,867.1077518820127,71136.54744702675,45568.591088616675,-1273.2858355497888,2716.17811406474,47011.48336713163,13.277451654490164,3963.037812944036
0+6+18,2025-09-17,70961.07386336176,69058.72776067867,297.1039961830839,69355.83175686175,44514.48083703984,-645.1220309484611,660.8716122807714,44530.23041837215,0.0,1902.3461026830898
0+6+18,2025-09-18,64132.61170884786,70394.09944266986,155.85731974613168,70549.956762416,40215.65507220934,4909.868864627808,495.90438238778006,45621.42831922493,6261.487733822006,0.0
0+6+18,2025-09-19,42220.32134359717,42336.5097048911,6.2899671427883845,42342.799672033885,25088.409692561654,135.068395521946,13.627213814851036,25237.105301898453,116.18836129392798,0.0
0+6+18,2025-09-20,40475.88206156409,40317.812709974314,14.009699603918875,40331.822409578235,23763.213507007058,-65.91814444599677,30.618198484364697,23727.913561045425,0.0,158.06935158977254
0+6+18,2025-09-21,66702.03265930088,66674.99907527794,1299.680186220385,67974.67926149833,40735.90191676565,-10.332235813565964,5151.812986698962,45877.38266765105,0.0,27.033584022935543
0+6+18,2025-09-22,71435.51631418706,65346.25333201802,2170.320925077172,67516.5742570952,44226.373340544495,-1830.2919383913224,6418.753517689405,48814.83491984257,0.0,6089.262982169048
0+6+18,2025-09-23,71018.25982134702,70100.61600655169,704.8026315643747,70805.41863811607,43967.58425109359,-268.9870664694106,2851.4863283365676,46550.08351296075,0.0,917.6438147953323
0+6+18,2025-09-24,61637.940454638236,64477.766134740814,2091.7556525227824,66569.5217872636,38883.205105518646,1987.3731273332255,6384.435872246297,47255.01410509816,2839.825680102584,0.0
0+6+18,2025-09-25,70525.21418636905,71186.9215466102,692.6845813854917,71879.60612799569,43874.37783867972,644.9897502842407,2230.2270180870255,46749.59460705099,757.1256134821626,95.41825324101046
0+6+18,2025-09-26,46502.56232896073,44265.37508067288,0.0,44265.37508067288,27182.135490678364,-805.4181771945682,0.0,26376.717313483794,0.0,2237.187248287856
0+6+18,2025-09-27,39959.72170150825,40982.90719825687,50.26954722984931,41033.17674548672,23223.775670750383,1230.7806536419218,107.71889667090174,24562.275221063206,1023.1854967486225,0.0
0+6+18,2025-09-28,65488.27132834037,69892.78488125581,1912.4101209517603,71805.19500220756,40161.71946575903,3869.522031411641,6786.3601752828,50817.60167245347,4404.513552915441,0.0
0+6+18,2025-09-29,71056.70354820386,64601.61762450756,3121.373295440497,67722.99091994806,44082.61165276663,-1969.3096637025203,10677.222968257083,52790.52495732119,0.0,6455.085923696294
0+6+18,2025-09-30,70920.37688319926,71256.2686802784,863.5860026271821,72119.85468290558,44605.191930356894,646.8685817150854,2760.503547896481,48012.564059968456,657.8099958355781,321.91819875645933
0+6+18,2025-10-01,69736.52091215947,68449.77297897026,98.58184111778326,68548.35482008805,42892.64682533132,-109.81121226810268,214.04796530100327,42996.88357836422,187.98538897443518,1474.7333221636445
0+6+18,2025-10-02,75592.10924967378,68778.76476377645,111.35805660687004,68890.12282038332,47133.12930042524,-2350.792736764972,285.25290389474094,45067.58946755501,0.0,6813.344485897325
0+6+18,2025-10-03,39856.513718876115,39936.944382406786,0.0,39936.944382406786,22757.03373241909,109.93193591095816,0.0,22866.96566833005,80.43066353066297,0.0
0+6+18,2025-10-04,44713.25850480565,43850.62495998817,0.0,43850.62495998817,24838.62221380599,-194.34122671441168,0.0,24644.280987091577,0.0,862.6335448174752
0+6+18,2025-10-05,69214.16418954954,60657.252346038185,1012.9327224904321,61670.18506852862,41966.05607566053,-2384.71528279412,2931.637001802905,42512.977794669314,32.47525807180352,8589.387101583156
0+6+18,2025-10-06,60159.07398147705,63523.65249050468,1064.6388046968584,64588.29129520154,37369.92269389103,2421.0112503821733,3114.3358463970576,42905.26979067026,3364.5785090276354,0.0
0+6+18,2025-10-07,68052.05800522058,67158.31574599887,802.3525457327825,67960.66829173165,41495.887756652795,-120.8041362377172,2840.3326243834526,44215.41624479853,98.64697506664021,992.389234288344
0+6+18,2025-10-08,65571.85419176964,64551.490843881955,313.0870744168661,64864.57791829882,39659.29682052886,-266.0616641207314,1207.0416029155272,40600.27675932366,0.0,1020.3633478876786
0+6+18,2025-10-09,75062.87159954116,63954.343924959954,86.10741341770643,64040.45133837766,46160.767068991634,-3440.81664293463,293.81932552594964,43013.76975158295,0.0,11108.527674581212
0+6+18,2025-10-10,41898.17176465076,41829.54912771787,0.0,41829.54912771787,23605.329628726195,-29.360579424502298,0.0,23575.969049301693,0.0,68.62263693288588
0+6+18,2025-10-11,40355.50682669528,40647.61380887192,19.27844668988746,40666.89225556181,22280.812892323644,367.44871665148884,41.176886440971515,22689.438495416103,292.1069821766451,0.0
0+6+18,2025-10-12,63757.939917191994,63958.08659906121,1752.524684623192,65710.6112836844,38192.785169346724,249.18157745704974,7288.621236502318,45730.58798330609,200.14668186920622,0.0
0+6+18,2025-10-13,68428.9765219046,63801.5187355325,712.6182411244883,64514.13697665699,41528.35335641894,-839.8360155972255,2415.6478120372562,43104.16515285897,619.1779210698535,5246.635707441944
0+6+18,2025-10-14,71930.00232015198,64496.65221259606,2195.1580883259526,66691.81030092202,44256.479364358616,-1931.2546367563368,6315.225250178882,48640.449977781165,150.01420322083345,7583.364310776757
0+6+18,2025-10-15,74627.2514032367,69546.71761106417,381.85848981266395,69928.57610087683,45932.92487423745,-1721.8098261522896,1125.6379281627258,45336.75297624788,0.0,5080.533792172542
0+6+18,2025-10-16,71288.0447938136,71476.3485077482,188.44464928702928,71664.79315703524,44065.05220571926,336.98822111420276,572.9229306400614,44974.96335747352,295.4352705771764,107.13155664258147
0+6+18,2025-10-17,39387.11475018678,40799.53464331328,0.0,40799.53464331328,21755.483153816996,1771.104369090588,0.0,23526.587522907583,1412.419893126502,0.0
0+6+18,2025-10-18,40818.54017978561,40818.54017978561,0.2061450177268398,40818.74632480334,23040.634604829134,0.0,0.44073804789998344,23041.075342877033,0.0,0.0
0+6+18,2025-10-19,68827.33635569659,68773.12754523101,1306.4821760297714,70079.60972126079,42126.10729130529,-17.88890745364274,5420.166913351864,47528.38529720352,0.0,54.208810465584065
0+6+18,2025-10-20,74772.68980240778,74350.95563260134,406.5401895265681,74757.49582212791,46414.14549459982,-175.893774005316,1328.2309540244125,47566.482674618914,0.0,421.7341698064638
0+6+18,2025-10-21,74754.0960453671,75202.51764099576,245.32380776412958,75447.8414487599,46098.79137596401,315.8492513339164,660.1969553794295,47074.83758267735,448.4215956286764,0.0
0+6+18,2025-10-22,72276.1418508054,72123.4551993284,1101.1626519086726,73224.61785123707,44710.353039957234,-61.13853965073804,4354.764195681015,49003.978695987505,0.0,152.68665147702825
0+6+18,2025-10-23,83679.14293444742,71044.50450648028,413.2345138984299,71457.7390203787,51949.616207077015,-3715.8883271321038,1134.0779064743615,49367.805786419274,313.75405815394583,12948.392486121083
0+6+18,2025-10-24,42757.19385371252,43518.35936019921,0.0,43518.35936019921,23828.817338263572,883.9924233196192,0.0,24712.80976158319,761.1655064866969,0.0
0+6+18,2025-10-25,43453.59206730167,43179.353086231466,0.0,43179.353086231466,23637.083323603183,189.14312293244623,0.0,23826.22644653563,255.92258481665615,530.161565886862
0+6+18,2025-10-26,73253.23161733637,67087.15236426459,2123.6743637038808,69210.82672796847,44828.619491448604,-1814.8078832537578,6957.226902004108,49971.03851019895,123.80565571444293,6289.884908786218
0+6+18,2025-10-27,68486.85311209463,73437.44020886056,466.4876843220369,73903.9278931826,42264.76273644554,4532.663552338927,1630.1428925318373,48427.56918131631,4950.587096765941,0.0
0+6+18,2025-10-28,70566.90690985232,73591.95176434143,243.71668150574004,73835.66844584717,43739.17426614405,3001.2262922270575,722.0455002179035,47462.44605858901,3041.197290649945,16.15243616083194
0+6+18,2025-10-29,79693.93561511554,79513.97708053667,191.13772539657361,79705.11480593325,49395.697178983784,-51.96316524486062,539.8892459380193,49883.62325967695,4.530483609871908,184.48901818872844
0+6+18,2025-10-30,71491.86050107797,72734.19566803653,202.98021889810065,72937.17588693462,44362.30613759124,1388.9761076314157,672.7455946175968,46424.02783984025,1242.3351669585518,0.0
0+6+18,2025-10-31,49844.927875780224,48239.52773429953,0.0,48239.52773429953,28124.552309676183,-601.4020827869356,0.0,27523.150226889247,0.0,1605.4001414806912
0+6+18,2025-11-01,42499.506772253706,42148.39731435873,21.815783496513404,42170.213097855245,23827.70852323078,-144.66404900230748,47.055550194975595,23730.100024423446,0.0,351.10945789497816
0+6+18,2025-11-02,72727.00463430962,75890.10658598461,1413.1761962949668,77303.28278227958,44895.88896440652,2697.238108094618,6185.303165510137,53778.43023801128,3163.1019516750002,0.0
0+6+18,2025-11-03,80314.2924196627,77656.46947933338,411.1904050233012,78067.65988435668,49681.97138259017,-887.918725722417,1380.9369400733085,50174.98959694106,0.0,2657.8229403293303
0+6+18,2025-11-04,76006.76965926682,76116.78034726385,503.36910900402586,76620.14945626787,47042.83689484355,153.45399974742452,2393.5907655135766,49589.881660104555,184.31126540177638,74.30057740474092
0+6+18,2025-11-05,84390.44536627259,77791.6350430071,275.0698819635283,78066.70492497063,52842.887953273814,-2224.317774804723,800.4884647696972,51419.058643238786,0.0,6598.810323265481
0+6+18,2025-11-06,80111.66188767143,80621.06689190824,137.67193971774873,80758.73883162599,50013.11726155107,644.339573761457,316.193627115475,50973.650462428006,527.9456162423036,18.540612005481876
0+6+18,2025-11-07,46902.23029934503,49233.89854049652,0.0,49233.89854049652,26155.23163966662,1672.1758330543175,0.0,27827.407472720937,2331.6682411514917,0.0
0+6+18,2025-11-08,47572.09371677523,44794.27233762403,5.883157618792836,44800.15549524283,26039.57915186378,-622.2418706525234,12.509625550271657,25429.84690676153,1.432711800820698,2779.254090952014
0+6+18,2025-11-09,77190.23947229555,76830.87751847306,1478.9117525817092,78309.78927105477,47728.179551808564,-105.37483469582116,5775.774284676404,53398.57900178914,0.0,359.36195382248707
0+6+18,2025-11-10,79644.76328835908,81849.18084227528,540.5206706737667,82389.70151294905,49665.31413948437,1966.2616393204662,2217.625111511221,53849.20089031606,2341.269794300083,136.85224038388424
0+6+18,2025-11-11,83794.56276416821,81958.30974437136,160.38169943911817,82118.69144381049,52859.074172516215,-681.2094857051138,401.84159239015617,52579.70627920126,0.0,1836.2530197968424
0+6+18,2025-11-12,80633.93479822898,83093.98594579026,46.7941677498809,83140.78011354014,50489.76945373704,2744.922828725339,198.03381187002253,53432.7260943324,2460.0511475612902,0.0
0+6+18,2025-11-13,79272.97702679141,80121.84235537346,818.559779347376,80940.40213472083,49850.06604872308,950.6109499085712,2725.9365301238377,53526.613528755486,961.952978750948,113.08765016889845
0+6+18,2025-11-14,50765.41152461353,48227.215231611066,0.0,48227.215231611066,28626.54156551357,-677.3669655917304,0.0,27949.17459992184,0.0,2538.1962930024574
0+6+18,2025-11-15,53098.46617746201,49415.020251065085,0.0,49415.020251065085,29335.944595394154,-980.4645613312352,0.0,28355.48003406292,0.0,3683.4459263969316
0+6+18,2025-11-16,77713.99770572045,79021.6596672651,1058.322614490563,80079.98228175567,48234.748516368025,1526.1194882971688,3993.0495976565494,53753.917602321744,1321.242976555362,13.58101501070621
0+6+18,2025-11-17,76965.9727061658,81359.85035672487,319.23225820886194,81679.08261493374,48187.396710422836,4219.103941334952,915.2545440797024,53321.75519583749,4393.87765055907,0.0
0+6+18,2025-11-18,82564.01180108573,79988.30212098965,1511.1908921367333,81499.49301312638,51855.110431140994,-964.4721989291307,4803.797973932569,55694.43620614443,0.0,2575.7096800960535
0+6+18,2025-11-19,82670.75536744208,85874.97373649523,219.47593979918315,86094.44967629442,51989.151794276215,3370.4982801059246,608.5938593796786,55968.24393376182,3238.0202851735908,33.801916120444275
0+6+18,2025-11-20,83687.18396492106,83649.54453859248,89.85130383442538,83739.39584242691,52708.732218438534,-1.2099297394686737,345.072634828613,53052.59492352768,16.789763801483787,54.42919013007008
0+6+18,2025-11-21,52011.114147212924,53315.60279294467,0.0,53315.60279294467,29275.105796075728,898.8088551729186,0.0,30173.914651248648,1304.4886457317475,0.0
0+6+18,2025-11-22,55368.11953102129,51671.88522274297,0.0,51671.88522274297,30648.13793251612,-1127.6566017498612,0.0,29520.48133076626,0.0,3696.2343082783214
0+6+18,2025-11-23,79329.63885381965,80366.6841144264,934.4758681112118,81301.15998253762,49511.16243216221,1231.3801677025685,3202.8891732777593,53945.43177314254,1037.045260606771,0.0
0+6+18,2025-11-24,80331.53521987496,79661.5987698937,927.643091334519,80589.24186122822,50363.671278300564,-240.33265513597644,3232.8507957723896,53356.18941893698,5.303659389111772,675.2401093703677
0+6+18,2025-11-25,92897.35103742393,87133.50251077772,142.88596860138284,87276.38847937911,59365.10827784066,-2078.201369227995,325.52102939292485,57612.427938005596,0.0,5763.848526646214
0+6+18,2025-11-26,88649.25232964908,87981.94954128106,149.40821718578002,88131.35775846684,56048.596536025834,-150.64439576521096,545.7866075804482,56443.738747841075,57.03914929195159,724.3419376599726
0+6+18,2025-11-27,86893.15770179563,86832.12203292227,150.1992604928289,86982.3212934151,55028.2247663405,-1.2469548276172446,565.6330117648622,55592.61082327774,32.73459845536286,93.77026732872855
0+6+18,2025-11-28,54999.71035091624,54953.81302869403,0.0,54953.81302869403,31025.013034225827,-10.698665810000051,0.0,31014.314368415828,0.0,45.89732222222244
0+6+18,2025-11-29,61701.056479736566,55233.91122611749,41.429951349029125,55275.341177466515,34541.11878517374,-2071.181845983496,89.10021678884752,32559.03715597909,0.0,6467.1452536190745
0+6+18,2025-11-30,84923.9192280114,84947.41844338973,1024.6362790626147,85972.05472245235,53102.02170226833,509.04985196768155,3956.028062853313,57567.09961708933,576.0425496925199,552.543334314178
0+6+18,2025-12-01,90587.71880469806,87535.23632527815,4803.835666555685,92339.07199183383,57906.49943407209,-1105.0307746502972,16079.30223404946,72880.77089347126,0.0,3052.4824794199076
0+6+18,2025-12-02,95113.53626817034,93201.24489563443,2903.2909002629062,96104.53579589733,60754.569584679986,-619.0331164893599,10079.450762288552,70214.98723047918,0.0,1912.2913725359026
0+6+18,2025-12-03,87111.47059016835,90068.98548704457,3047.225735416243,93116.21122246081,55470.01103359217,2624.034313095678,9718.73645771224,67812.78180440009,2957.5148968762114,0.0
0+6+18,2025-12-04,96899.1412239623,92547.52194929974,1476.2051986862189,94023.72714798596,62784.03096383458,-1726.9769793697328,4785.509297600717,65842.56328206556,0.0,4351.619274662572
0+6+18,2025-12-05,64234.90416551895,64021.9093232162,0.0,64021.9093232162,36951.14743745783,-56.477838412730044,0.0,36894.669599045104,0.0,212.99484230275652
0+6+18,2025-12-06,63662.96285564431,61901.11499294081,17.529881755769907,61918.64487469658,36204.44720549908,-598.3322761561641,38.00543679052103,35644.12036613343,0.0,1761.8478627035033
0+6+18,2025-12-07,96022.8132244405,89288.21920358704,3605.894513542045,92894.11371712909,61361.190169356596,-2309.568482589342,12004.500515526592,71056.12220229385,0.0,6734.59402085346
0+6+18,2025-12-08,99835.7246530201,99746.18525497778,198.66362761938024,99944.84888259716,63993.60866015413,4.921128062452418,709.8038889058861,64708.33367712247,63.72973721787719,153.2691352602037
0+6+18,2025-12-09,99301.74728566894,97687.0714373047,244.12806106238088,97931.19949836707,63868.771897407925,-402.2133903004192,828.3520753685573,64294.91058247606,135.23621905995174,1749.9120674242008
0+6+18,2025-12-10,96668.49915865301,97916.3412682683,166.51742464534107,98082.85869291364,62091.35007950223,1114.4298346221651,477.6956580991185,63683.475572223506,1447.5307427263067,199.6886331110186
0+6+18,2025-12-11,100875.31265862384,97926.73490474555,207.7458405570267,98134.48074530257,65002.62639156555,-1065.1407276740706,684.9661613272706,64622.45182521875,0.0,2948.577753878286
0+6+18,2025-12-12,67045.54861379883,67672.48440942312,0.0,67672.48440942312,38423.88282522821,432.6111716698292,0.0,38856.49399689804,626.9357956242809,0.0
0+6+18,2025-12-13,64791.51887699711,65480.135780971395,2.0667486663849104,65482.20252963778,36825.1237165833,1351.1760621691378,4.418708648730938,38180.718487401165,1492.0855025093301,803.4685985350407
0+6+18,2025-12-14,90768.8305705997,92701.72422442702,2047.167460161867,94748.89168458889,57497.39529242745,1724.0801867110522,8690.635291416462,67912.11077055497,1932.893653827323,0.0
0+6+18,2025-12-15,94827.4459655172,97299.80561592366,321.8645903094226,97621.67020623309,60418.57853652636,2431.811355053537,1048.9850638462417,63899.37495542614,2472.3596504064644,0.0
0+6+18,2025-12-16,101767.84195191,100060.2920846117,110.86168198608885,100171.1537665978,65916.13640917232,-637.7163948478217,242.67259061053983,65521.092604935046,0.0,1707.5498672982876
0+6+18,2025-12-17,103327.69305778667,98755.78128973514,108.230306938989,98864.01159667413,66559.03531379862,-1572.245672214698,433.9756933358709,65420.7653349198,0.0,4571.911768051534
0+6+18,2025-12-18,98796.44403927542,99009.00681538331,148.51219799812557,99157.51901338143,63950.21333798182,344.7430373158193,376.968819852058,64671.9251951497,322.7223675142685,110.15959140637403
0+6+18,2025-12-19,66709.28431028333,67434.97717474795,0.0,67434.97717474795,38489.78335294914,501.07550695080215,0.0,38990.85885989994,725.692864464623,0.0
0+6+18,2025-12-20,65987.2022902726,64457.36139700383,0.0,64457.36139700383,37782.94613993952,-578.1405069254922,0.0,37204.80563301403,0.0,1529.8408932687746
0+6+18,2025-12-21,97188.48541949743,95061.38737203543,794.1285873528942,95855.51595938833,61964.82592751633,-651.118366426054,3038.711095534673,64352.41865662495,5.190470862426082,2132.288518324417
0+6+18,2025-12-22,97537.7729109803,97262.92093427913,567.7914744322661,97830.71240871139,62675.27337406084,-110.81874912998668,2109.1661203460603,64673.620745276916,0.5507050900066588,275.4026817911691
0+6+18,2025-12-23,100500.74233927758,98443.68147337796,128.8297918330203,98572.51126521098,64599.73013498995,-537.0948726477224,344.4662196233055,64407.10148196553,98.9238703591169,2155.9847362587225
0+6+18,2025-12-24,100408.93905257045,100344.77614344895,73.18634760572706,100417.96249105468,64950.14091547036,-21.23341403398704,248.6534874188248,65177.56098885519,0.0,64.16290912151828
0+6+18,2025-12-25,96541.51520070588,96717.56480905865,297.2027238830392,97014.76753294168,61863.254375757424,127.21512148471837,831.6904338506522,62822.15993109279,204.72665502780342,28.67704667505268
0+6+18,2025-12-26,66451.54706812758,66466.51795482522,0.0,66466.51795482522,38248.424409482206,105.84210066314586,0.0,38354.26651014535,133.1319647973687,118.16107809973971
0+6+18,2025-12-27,64900.69920428702,64678.43688208576,0.0,64678.43688208576,36812.95937606972,-40.828280260737074,0.0,36772.13109580898,14.605288671186088,236.86761087244918
0+6+18,2025-12-28,94881.22710721177,94098.39671850324,566.2784995291959,94664.67521803244,60442.096905623286,-301.86093719683436,2274.692798098152,62414.9287665246,9.986893759506643,792.8172824680433
0+6+18,2025-12-29,95775.68657811495,96674.2912149615,167.38892386745738,96841.68013882896,60734.28804756567,880.8649445364315,565.8795368151891,62181.03252891729,898.60463684656,0.0
0+6+18,2025-12-30,97495.54469725292,97326.39062475518,35.635876631659045,97362.02650138683,62402.607365077565,358.53360558600787,130.720694658118,62891.861665321696,395.07015725533296,564.2242297530589
0+6+18,2025-12-31,100170.98826585204,99301.81426621668,165.9927404521452,99467.80700666882,64175.81034824633,-204.26131762342584,385.8613773644725,64357.41040798738,0.0,869.173999635343
