alpha,lambda,method,date,plan_cost,adjustment_cost,contract_cost,emergency_cost,total_cost,planned_grid_kwh,contract_grid_kwh,emergency_kwh,total_grid_kwh,emergency_day,charge_kwh,discharge_kwh,throughput_kwh
0.9,0.25,CVaR90-L25,2025-02-01,62987.261612232425,0.0,62987.261612232425,0.0,62987.261612232425,98462.51310676553,98462.51310676553,0.0,98462.51310676553,False,25460.932057613165,20623.354966666662,46084.28702427982
0.9,0.25,CVaR90-L25,2025-02-02,62936.14340325352,0.0,62936.14340325352,38.98574599999965,62975.12914925352,98374.68356852671,98374.68356852671,6.2234999999999445,98380.9070685267,True,25461.826851851853,20624.079749999997,46085.90660185185
0.9,0.25,CVaR90-L25,2025-02-03,62348.347681251136,0.0,62348.347681251136,13.200436999999827,62361.548118251136,97428.4803345402,97428.4803345402,6.112333333333254,97434.59266787354,True,25382.014753086416,20559.431950000002,45941.44670308642
0.9,0.25,CVaR90-L25,2025-02-04,62349.06752051498,0.0,62349.06752051498,215.36168659999987,62564.42920711498,97429.73591386907,97429.73591386907,71.99754999999993,97501.73346386907,True,25382.014753086416,20559.431950000002,45941.44670308642
0.9,0.25,CVaR90-L25,2025-02-05,62350.200957595305,0.0,62350.200957595305,42.90003865000071,62393.1009962453,97423.03846898605,97423.03846898605,8.784900000000107,97431.82336898605,True,25382.014753086416,20559.43195,45941.44670308642
0.9,0.25,CVaR90-L25,2025-02-06,62396.96170505912,0.0,62396.96170505912,29.109003333332886,62426.07070839245,97531.33664854869,97531.33664854869,4.323333333333267,97535.65998188203,True,25366.25514403292,20546.666666666668,45912.92181069958
0.9,0.25,CVaR90-L25,2025-02-07,62123.26973422308,0.0,62123.26973422308,0.0,62123.26973422308,97154.44790799299,97154.44790799299,0.0,97154.44790799299,False,25353.405864197528,20536.25875,45889.66461419753
0.9,0.25,CVaR90-L25,2025-02-08,61637.54295182876,0.0,61637.54295182876,0.0,61637.54295182876,96472.16257874208,96472.16257874208,0.0,96472.16257874208,False,25340.338788459547,20525.674418652234,45866.013207111784
0.9,0.25,CVaR90-L25,2025-02-09,61439.99492581709,0.0,61439.99492581709,77.95449999999964,61517.94942581709,96219.94770635647,96219.94770635647,31.02666666666653,96250.97437302314,True,25310.54072016461,20501.53798333333,45812.078703497944
0.9,0.25,CVaR90-L25,2025-02-10,61171.872431825854,0.0,61171.872431825854,38.450484024998374,61210.322915850855,95776.90319857863,95776.90319857863,6.140016666666384,95783.0432152453,True,25171.723641975306,20389.09615,45560.81979197531
0.9,0.25,CVaR90-L25,2025-02-11,61186.62516115753,0.0,61186.62516115753,0.0,61186.62516115753,95790.77472533999,95790.77472533999,0.0,95790.77472533999,False,25171.723641975306,20389.096149999998,45560.8197919753
0.9,0.25,CVaR90-L25,2025-02-12,61185.087226490854,0.0,61185.087226490854,17.44927750000155,61202.53650399086,95787.92195663427,95787.92195663427,3.078333333333603,95791.0002899676,True,25171.723641975306,20389.096149999998,45560.8197919753
0.9,0.25,CVaR90-L25,2025-02-13,60855.598516734884,0.0,60855.598516734884,109.39316581666637,60964.991682551554,95314.90220024466,95314.90220024466,20.396383333333233,95335.298583578,True,25248.35674897119,20451.168966666664,45699.52571563785
0.9,0.25,CVaR90-L25,2025-02-14,60818.10949002804,0.0,60818.10949002804,0.0,60818.10949002804,95235.54483934688,95235.54483934688,0.0,95235.54483934688,False,25241.454897119336,20445.578466666666,45687.033363786
0.9,0.25,CVaR90-L25,2025-02-15,60658.41877988914,0.0,60658.41877988914,0.0,60658.41877988914,95000.35889850784,95000.35889850784,0.0,95000.35889850784,False,25219.133395061726,20427.49805,45646.63144506172
0.9,0.25,CVaR90-L25,2025-02-16,59980.14582948751,0.0,59980.14582948751,223.22309248333352,60203.36892197085,94178.63622424002,94178.63622424002,33.50498333333337,94212.14120757335,True,24993.5883127572,20244.806533333332,45238.39484609054
0.9,0.25,CVaR90-L25,2025-02-17,59775.10231327068,0.0,59775.10231327068,312.22903309999776,60087.33134637068,93979.65088889586,93979.65088889586,48.43056666666632,94028.08145556253,True,25085.13648991773,20318.960556833365,45404.09704675109
0.9,0.25,CVaR90-L25,2025-02-18,59781.80114158084,0.0,59781.80114158084,58.194638450000326,59839.99578003084,93987.26447189652,93987.26447189652,9.294783333333385,93996.55925522985,True,25085.284022720352,20319.080058403484,45404.36408112384
0.9,0.25,CVaR90-L25,2025-02-19,59771.8886406486,0.0,59771.8886406486,442.911876675001,60214.8005173236,93970.46411310084,93970.46411310084,106.63409999999999,94077.09821310083,True,25079.513954577393,20314.40630320769,45393.92025778508
0.9,0.25,CVaR90-L25,2025-02-20,59722.06638086099,0.0,59722.06638086099,414.80396506666517,60136.87034592766,93923.52423033243,93923.52423033243,82.5520166666663,94006.0762469991,True,24958.96820987654,20216.764249999997,45175.73245987654
0.9,0.25,CVaR90-L25,2025-02-21,59328.55369100668,0.0,59328.55369100668,0.0,59328.55369100668,93540.98968906957,93540.98968906957,0.0,93540.98968906957,False,24973.692905736243,20228.691253646353,45202.38415938259
0.9,0.25,CVaR90-L25,2025-02-22,59331.18699730483,0.0,59331.18699730483,0.0,59331.18699730483,93480.44499345552,93480.44499345552,0.0,93480.44499345552,False,24976.754465020575,20231.171116666665,45207.92558168724
0.9,0.25,CVaR90-L25,2025-02-23,58841.385453973024,0.0,58841.385453973024,135.85737508333392,58977.242829056355,92935.123480757,92935.123480757,32.53835000000004,92967.661830757,True,24919.416913580244,20184.727699999996,45104.14461358024
0.9,0.25,CVaR90-L25,2025-02-24,57837.28925289113,0.0,57837.28925289113,415.43196461666867,58252.7212175078,91571.01629570629,91571.01629570629,73.75075000000038,91644.76704570629,True,24833.333333333332,20115.0,44948.33333333333
0.9,0.25,CVaR90-L25,2025-02-25,57853.61269904781,0.0,57853.61269904781,389.71065825000056,58243.323357297806,91585.0136957063,91585.0136957063,82.57251666666673,91667.58621237296,True,24833.333333333332,20115.0,44948.33333333333
0.9,0.25,CVaR90-L25,2025-02-26,57859.942787261476,0.0,57859.942787261476,161.7330274999997,58021.675814761475,91595.61428589805,91595.61428589805,38.52666666666664,91634.14095256472,True,24833.333333333332,20115.0,44948.33333333333
0.9,0.25,CVaR90-L25,2025-02-27,56931.98716095667,0.0,56931.98716095667,259.0934465499995,57191.080607506665,90245.83443333334,90245.83443333334,41.12363333333326,90286.95806666667,True,24833.333333333332,20115.0,44948.33333333333
0.9,0.25,CVaR90-L25,2025-02-28,56143.772177738516,0.0,56143.772177738516,0.0,56143.772177738516,89117.17387979032,89117.17387979032,0.0,89117.17387979032,False,24702.038436213992,20008.651133333333,44710.68956954732
0.9,0.25,CVaR90-L25,2025-03-01,54883.74869893704,0.0,54883.74869893704,0.0,54883.74869893704,87424.90466754834,87424.90466754834,0.0,87424.90466754834,False,24467.965185185185,19819.0518,44287.01698518518
0.9,0.25,CVaR90-L25,2025-03-02,54578.92197370653,0.0,54578.92197370653,3236.7706436416684,57815.6926173482,86934.10312512289,86934.10312512289,777.3846876703109,87711.4878127932,True,24467.965185185185,19819.0518,44287.01698518518
0.9,0.25,CVaR90-L25,2025-03-03,54147.18147227088,0.0,54147.18147227088,1266.1323212833322,55413.31379355421,86371.88429754386,86371.88429754386,243.93783333333306,86615.82213087719,True,24426.387880658433,19785.374183333333,44211.762063991766
0.9,0.25,CVaR90-L25,2025-03-04,54167.56950229888,0.0,54167.56950229888,642.1219537500021,54809.69145604888,86382.21330850507,86382.21330850507,173.72885000000042,86555.94215850507,True,24426.387880658433,19785.374183333333,44211.762063991766
0.9,0.25,CVaR90-L25,2025-03-05,54176.24723707282,0.0,54176.24723707282,674.2649821833336,54850.512219256154,86391.40670784311,86391.40670784311,119.3247,86510.73140784311,True,24426.387880658433,19785.374183333333,44211.762063991766
0.9,0.25,CVaR90-L25,2025-03-06,54068.42382955324,0.0,54068.42382955324,705.8802422916674,54774.30407184491,86252.09438790947,86252.09438790947,170.37360000000012,86422.46798790948,True,24426.387880658433,19785.374183333333,44211.762063991766
0.9,0.25,CVaR90-L25,2025-03-07,53873.34436055444,0.0,53873.34436055444,0.0,53873.34436055444,85980.69877750517,85980.69877750517,0.0,85980.69877750517,False,24476.801172839507,19826.20895,44303.01012283951
0.9,0.25,CVaR90-L25,2025-03-08,53236.77816776313,0.0,53236.77816776313,0.0,53236.77816776313,85258.647823412,85258.647823412,0.0,85258.647823412,False,24243.34734567901,19637.111350000003,43880.458695679015
0.9,0.25,CVaR90-L25,2025-03-09,52576.363849343325,0.0,52576.363849343325,756.5734793250011,53332.937328668326,84348.30618333332,84348.30618333332,131.4157833333336,84479.72196666665,True,23867.696666666663,19332.834300000002,43200.530966666665
0.9,0.25,CVaR90-L25,2025-03-10,51305.98183480255,0.0,51305.98183480255,1038.4605566499981,52344.44239145255,82482.99627231059,82482.99627231059,295.90011666666635,82778.89638897726,True,23610.357860082302,19124.389866666665,42734.74772674897
0.9,0.25,CVaR90-L25,2025-03-11,51317.28339233322,0.0,51317.28339233322,454.92759312500056,51772.21098545822,82508.37478226656,82508.37478226656,134.90150000000017,82643.27628226657,True,23610.357860082302,19124.389866666665,42734.74772674897
0.9,0.25,CVaR90-L25,2025-03-12,51333.3891363773,0.0,51333.3891363773,779.3049442083318,52112.69408058563,82530.3023177895,82530.3023177895,220.69791666666606,82751.00023445617,True,23609.776780715405,19123.91919237948,42733.69597309489
0.9,0.25,CVaR90-L25,2025-03-13,50178.193349904315,0.0,50178.193349904315,2482.7451291166676,52660.93847902098,80846.25522238946,80846.25522238946,635.0197500000004,81481.27497238947,True,23350.210268222807,18913.670317260472,42263.880585483275
0.9,0.25,CVaR90-L25,2025-03-14,50073.22237651537,0.0,50073.22237651537,0.0,50073.22237651537,80684.0617073985,80684.0617073985,0.0,80684.0617073985,False,23338.502034683093,18904.186648093306,42242.688682776396
0.9,0.25,CVaR90-L25,2025-03-15,50095.082661297456,0.0,50095.082661297456,19.356026666666803,50114.438687964124,80726.29994161523,80726.29994161523,9.053333333333399,80735.35327494856,True,23431.67258744856,18979.654795833332,42411.327383281896
0.9,0.25,CVaR90-L25,2025-03-16,49294.802776662604,0.0,49294.802776662604,278.7783418999983,49573.5811185626,79759.42049220609,79759.42049220609,72.95106666666634,79832.37155887275,True,23183.872916666667,18778.9370625,41962.80997916667
0.9,0.25,CVaR90-L25,2025-03-17,49042.48765361012,0.0,49042.48765361012,836.9033516500001,49879.39100526012,79412.79158716615,79412.79158716615,159.13188333333323,79571.92347049949,True,23183.872916666667,18778.9370625,41962.80997916667
0.9,0.25,CVaR90-L25,2025-03-18,49044.91671458977,0.0,49044.91671458977,193.56223450833374,49238.478949098106,79418.63984457993,79418.63984457993,69.14221666666685,79487.78206124659,True,23183.872916666667,18778.9370625,41962.80997916667
0.9,0.25,CVaR90-L25,2025-03-19,49046.088246355794,0.0,49046.088246355794,103.28084262500025,49149.36908898079,79421.44200670905,79421.44200670905,41.400116666666804,79462.84212337573,True,23183.872916666667,18778.9370625,41962.80997916667
0.9,0.25,CVaR90-L25,2025-03-20,48365.80324763886,0.0,48365.80324763886,906.6390211833339,49272.4422688222,78403.10603820364,78403.10603820364,177.28565000000026,78580.39168820364,True,23254.700783333334,18836.307634500004,42091.008417833335
0.9,0.25,CVaR90-L25,2025-03-21,48294.22662317951,0.0,48294.22662317951,0.0,48294.22662317951,78302.13615207345,78302.13615207345,0.0,78302.13615207345,False,23254.700783333334,18836.3076345,42091.008417833335
0.9,0.25,CVaR90-L25,2025-03-22,48098.12296490303,0.0,48098.12296490303,19.409476666666755,48117.532441569696,78037.96151639053,78037.96151639053,9.078333333333376,78047.03984972386,True,23262.94568333333,18842.986003500002,42105.93168683333
0.9,0.25,CVaR90-L25,2025-03-23,47372.021202924945,0.0,47372.021202924945,749.8322679666682,48121.85347089161,77089.3917995,77089.3917995,165.14936666666688,77254.54116616666,True,23263.577716666667,18843.4979505,42107.07566716667
0.9,0.25,CVaR90-L25,2025-03-24,47514.979598994396,0.0,47514.979598994396,349.80999805000226,47864.7895970444,77365.58557645256,77365.58557645256,137.97509988076104,77503.56067633332,True,23271.006366666665,18849.515157,42120.52152366667
0.9,0.25,CVaR90-L25,2025-03-25,47527.42223080773,0.0,47527.42223080773,603.5212915500013,48130.94352235773,77387.37247774497,77387.37247774497,163.4416166666668,77550.81409441163,True,23271.006366666665,18849.515157,42120.52152366667
0.9,0.25,CVaR90-L25,2025-03-26,47544.84299251106,0.0,47544.84299251106,398.06471614999975,47942.90770866106,77415.9867249986,77415.9867249986,118.74433333333343,77534.73105833193,True,23271.006366666665,18849.515157,42120.52152366667
0.9,0.25,CVaR90-L25,2025-03-27,46824.946332072126,0.0,46824.946332072126,761.8212153083314,47586.767547380456,76388.20875855372,76388.20875855372,243.34886666666648,76631.55762522039,True,23218.850466666663,18807.268878,42026.11934466666
0.9,0.25,CVaR90-L25,2025-03-28,46803.437534467026,0.0,46803.437534467026,0.0,46803.437534467026,76350.19679703758,76350.19679703758,0.0,76350.19679703758,False,23218.850466666663,18807.268878000003,42026.119344666666
0.9,0.25,CVaR90-L25,2025-03-29,46727.879805617195,0.0,46727.879805617195,0.0,46727.879805617195,76210.23535260503,76210.23535260503,0.0,76210.23535260503,False,23218.850466666663,18807.268878,42026.11934466666
0.9,0.25,CVaR90-L25,2025-03-30,46616.53018897136,0.0,46616.53018897136,728.5090454416652,47345.03923441302,76078.45089911213,76078.45089911213,268.25516666666636,76346.7060657788,True,23223.317346775126,18810.887050887854,42034.20439766298
0.9,0.25,CVaR90-L25,2025-03-31,46718.253802709485,0.0,46718.253802709485,181.84750430833378,46900.101307017816,76282.89889277195,76282.89889277195,72.40935000000025,76355.30824277195,True,23213.867516666665,18803.232688499997,42017.10020516666
0.9,0.25,CVaR90-L25,2025-04-01,46721.08049264633,0.0,46721.08049264633,971.2530486416673,47692.333541288,76290.64446251947,76290.64446251947,298.7367333333333,76589.38119585281,True,23213.867516666665,18803.232688499993,42017.10020516666
0.9,0.25,CVaR90-L25,2025-04-02,46750.91663194902,0.0,46750.91663194902,1128.5616823833325,47879.47831433235,76320.18959350543,76320.18959350543,315.27098333333294,76635.46057683877,True,23213.867516666665,18803.232688499997,42017.10020516666
0.9,0.25,CVaR90-L25,2025-04-03,45957.05627885865,0.0,45957.05627885865,881.3189394583343,46838.37521831698,75285.3096463113,75285.3096463113,280.6913166666668,75566.00096297797,True,23115.01526748971,18723.162366666667,41838.17763415638
0.9,0.25,CVaR90-L25,2025-04-04,44534.32756202614,0.0,44534.32756202614,0.0,44534.32756202614,73369.55172534683,73369.55172534683,0.0,73369.55172534683,False,22428.111524867214,18166.770335142442,40594.88186000966
0.9,0.25,CVaR90-L25,2025-04-05,43990.747324549215,0.0,43990.747324549215,0.0,43990.747324549215,72555.71963373767,72555.71963373767,0.0,72555.71963373767,False,22094.512242798355,17896.55491666666,39991.06715946502
0.9,0.25,CVaR90-L25,2025-04-06,43936.306354464155,0.0,43936.306354464155,762.4631872416651,44698.76954170582,72648.68730144032,72648.68730144032,201.01051666666638,72849.69781810699,True,21998.27255144033,17818.600766666663,39816.87331810699
0.9,0.25,CVaR90-L25,2025-04-07,43771.645410533434,0.0,43771.645410533434,365.4189696499995,44137.06438018343,72430.38826893004,72430.38826893004,129.63728333333313,72560.02555226337,True,21941.151152263374,17772.332433333333,39713.48358559671
0.9,0.25,CVaR90-L25,2025-04-08,43779.914862788435,0.0,43779.914862788435,501.7960317083315,44281.71089449677,72447.81195226336,72447.81195226336,150.09133333333273,72597.9032855967,True,21941.151152263374,17772.332433333333,39713.48358559671
0.9,0.25,CVaR90-L25,2025-04-09,43800.43047047721,0.0,43800.43047047721,624.7972518166669,44425.22772229387,72481.43081123687,72481.43081123687,210.6608000000001,72692.09161123687,True,21941.151152263374,17772.332433333333,39713.48358559671
0.9,0.25,CVaR90-L25,2025-04-10,43664.335425429155,0.0,43664.335425429155,987.4556517583321,44651.79107718749,72289.36307160699,72289.36307160699,260.0236666666664,72549.38673827365,True,21894.670884773663,17734.68341666666,39629.354301440326
0.9,0.25,CVaR90-L25,2025-04-11,42615.897324434874,0.0,42615.897324434874,0.0,42615.897324434874,70474.29231051421,70474.29231051421,0.0,70474.29231051421,False,21928.04777718088,17761.71869951651,39689.76647669739
0.9,0.25,CVaR90-L25,2025-04-12,42354.98232315045,0.0,42354.98232315045,0.0,42354.98232315045,70116.84066159089,70116.84066159089,0.0,70116.84066159089,False,21877.286069958845,17720.601716666668,39597.88778662551
0.9,0.25,CVaR90-L25,2025-04-13,42055.3664112557,0.0,42055.3664112557,742.1917410166672,42797.558152272366,69726.57893781005,69726.57893781005,197.49838333333344,69924.07732114338,True,21819.19259259259,17673.546000000002,39492.73859259259
0.9,0.25,CVaR90-L25,2025-04-14,41087.9276854328,0.0,41087.9276854328,943.4427907083337,42031.370476141135,68384.79583600663,68384.79583600663,249.6373500000002,68634.43318600663,True,21722.868065843613,17595.523133333332,39318.39119917694
0.9,0.25,CVaR90-L25,2025-04-15,41114.074282675596,0.0,41114.074282675596,753.4531049333352,41867.527387608934,68419.28486764772,68419.28486764772,169.37096666666707,68588.65583431438,True,21722.868065843613,17595.523133333332,39318.39119917694
0.9,0.25,CVaR90-L25,2025-04-16,41139.685664663455,0.0,41139.685664663455,952.5207391583308,42092.20640382179,68447.58117221633,68447.58117221633,313.366751384595,68760.94792360094,True,21722.868065843613,17595.52313333333,39318.39119917694
0.9,0.25,CVaR90-L25,2025-04-17,40644.83142066994,0.0,40644.83142066994,406.5471879833343,41051.37860865328,67659.14416170915,67659.14416170915,117.62450000000001,67776.76866170915,True,21655.07882716049,17540.613849999994,39195.692677160485
0.9,0.25,CVaR90-L25,2025-04-18,40591.81321256654,0.0,40591.81321256654,0.0,40591.81321256654,67616.0144371076,67616.0144371076,0.0,67616.0144371076,False,21655.07882716049,17540.613849999994,39195.692677160485
0.9,0.25,CVaR90-L25,2025-04-19,40402.112430085224,0.0,40402.112430085224,1.9633966666665823,40404.07582675189,67439.8146823597,67439.8146823597,0.9183333333332939,67440.73301569304,True,21647.805905349793,17534.72278333333,39182.52868868312
0.9,0.25,CVaR90-L25,2025-04-20,40328.68443445803,0.0,40328.68443445803,194.33364818333337,40523.01808264136,67347.8760193299,67347.8760193299,82.17571666666674,67430.05173599656,True,21633.032304526743,17522.756166666662,39155.7884711934
0.9,0.25,CVaR90-L25,2025-04-21,39853.42732242963,0.0,39853.42732242963,742.4608290333329,40595.88815146296,66770.59334579099,66770.59334579099,276.3622499999997,67046.95559579099,True,21569.495246913575,17471.291149999997,39040.78639691357
0.9,0.25,CVaR90-L25,2025-04-22,39888.80420180129,0.0,39888.80420180129,755.9219388416664,40644.72614064296,66823.62353307077,66823.62353307077,209.8035166666666,67033.42704973744,True,21569.495246913575,17471.291149999997,39040.78639691357
0.9,0.25,CVaR90-L25,2025-04-23,39900.23096610603,0.0,39900.23096610603,991.1948128499989,40891.42577895603,66843.47257694902,66843.47257694902,278.75586666666663,67122.22844361569,True,21568.183486665697,17470.228624199215,39038.41211086491
0.9,0.25,CVaR90-L25,2025-04-24,39861.82548064747,0.0,39861.82548064747,693.7742256166655,40555.59970626414,66791.14478083895,66791.14478083895,169.02098333333333,66960.16576417228,True,21574.545658436207,17475.381983333333,39049.92764176954
0.9,0.25,CVaR90-L25,2025-04-25,39691.60285764381,0.0,39691.60285764381,0.0,39691.60285764381,66570.82689053532,66570.82689053532,0.0,66570.82689053532,False,21554.4641563786,17459.115966666664,39013.58012304526
0.9,0.25,CVaR90-L25,2025-04-26,39118.04781157469,0.0,39118.04781157469,0.0,39118.04781157469,65846.67035931861,65846.67035931861,0.0,65846.67035931861,False,21568.233168724277,17470.268866666665,39038.50203539094
0.9,0.25,CVaR90-L25,2025-04-27,39040.03140744423,0.0,39040.03140744423,534.2169764416658,39574.2483838859,65730.3474849217,65730.3474849217,234.96429999999964,65965.31178492171,True,21571.5337661958,17472.9423506186,39044.4761168144
0.9,0.25,CVaR90-L25,2025-04-28,38927.29375266637,0.0,38927.29375266637,3343.5341297916684,42270.82788245804,65657.91023420388,65657.91023420388,978.2826666666672,66636.19290087055,True,21605.14917695473,17500.17083333333,39105.32001028806
0.9,0.25,CVaR90-L25,2025-04-29,39017.611766763075,0.0,39017.611766763075,208.92690335000017,39226.53867011308,65796.37459149939,65796.37459149939,56.54623333333319,65852.92082483272,True,21605.149176954732,17500.17083333333,39105.320010288066
0.9,0.25,CVaR90-L25,2025-04-30,39023.66803291875,0.0,39023.66803291875,1063.5476410250003,40087.21567394375,65805.61635672791,65805.61635672791,314.36305000000016,66119.97940672791,True,21605.149176954732,17500.17083333333,39105.320010288066
0.9,0.25,CVaR90-L25,2025-05-01,39023.53435747576,0.0,39023.53435747576,9587.842308725001,48611.376666200755,65802.18098156103,65802.18098156103,2087.9887166666667,67890.16969822769,True,21605.149176954732,17500.17083333333,39105.320010288066
0.9,0.25,CVaR90-L25,2025-05-02,38736.9105606284,0.0,38736.9105606284,0.0,38736.9105606284,65341.1673329218,65341.1673329218,0.0,65341.1673329218,False,21488.654032921808,17405.809766666665,38894.46379958847
0.9,0.25,CVaR90-L25,2025-05-03,38365.54618383019,0.0,38365.54618383019,48.51478333333345,38414.060967163525,64739.777698201695,64739.777698201695,22.69166666666672,64762.46936486836,True,21498.143127572013,17413.49593333333,38911.63906090535
0.9,0.25,CVaR90-L25,2025-05-04,37669.108941081126,0.0,37669.108941081126,8585.113949033333,46254.222890114455,63613.84777449797,63613.84777449797,1894.1877166666668,65508.035491164635,True,21516.88442386831,17428.67638333333,38945.56080720164
0.9,0.25,CVaR90-L25,2025-05-05,37589.1492613382,0.0,37589.1492613382,7055.322571883329,44644.47183322153,63286.99688172846,63286.99688172846,1601.5301942886554,64888.52707601712,True,21174.058816018547,17150.987640975025,38325.04645699357
0.9,0.25,CVaR90-L25,2025-05-06,37847.647938386086,0.0,37847.647938386086,6487.484205474998,44335.13214386108,63633.56343296733,63633.56343296733,1548.404147989403,65181.96758095673,True,21349.83591540809,17293.367091480548,38643.20300688864
0.9,0.25,CVaR90-L25,2025-05-07,38231.94097746056,0.0,38231.94097746056,6136.050438533333,44367.99141599389,64212.7671566438,64212.7671566438,1300.2547166666668,65513.02187331047,True,21516.47736625514,17428.346666666665,38944.82403292181
0.9,0.25,CVaR90-L25,2025-05-08,38332.83856684851,0.0,38332.83856684851,6489.412182975,44822.25074982351,64232.129101267674,64232.129101267674,1534.0385333333334,65766.167634601,True,21290.722887104836,17245.485538554916,38536.20842565975
0.9,0.25,CVaR90-L25,2025-05-09,38413.3923048262,0.0,38413.3923048262,0.0,38413.3923048262,64310.29296288373,64310.29296288373,0.0,64310.29296288373,False,21377.129137945485,17315.47460173584,38692.603739681326
0.9,0.25,CVaR90-L25,2025-05-10,38282.54280713256,0.0,38282.54280713256,10.565283333333204,38293.10809046589,64110.41021225176,64110.41021225176,4.941666666666606,64115.35187891842,True,21132.420642655707,17117.260720551123,38249.68136320683
0.9,0.25,CVaR90-L25,2025-05-11,37896.86296877901,0.0,37896.86296877901,5114.101032941663,43010.96400172067,63310.017959084435,63310.017959084435,1177.786197449344,64487.80415653378,True,20927.170386768892,16951.008013282808,37878.1784000517
0.9,0.25,CVaR90-L25,2025-05-12,37949.60466168284,0.0,37949.60466168284,4227.602816341658,42177.207478024495,63283.44276650193,63283.44276650193,1338.9904164198836,64622.43318292181,True,20622.704466255145,16704.390617666664,37327.09508392181
0.9,0.25,CVaR90-L25,2025-05-13,38086.04498992415,0.0,38086.04498992415,1654.6414201916698,39740.68641011582,63491.651486219744,63491.651486219744,436.06492193396406,63927.716408153705,True,20629.726851851854,16710.07875,37339.805601851855
0.9,0.25,CVaR90-L25,2025-05-14,38106.055469983694,0.0,38106.055469983694,1749.8654268249975,39855.92089680869,63536.1280952865,63536.1280952865,510.61879602891605,64046.746891315415,True,20630.25181987165,16710.503974096035,37340.755793967684
0.9,0.25,CVaR90-L25,2025-05-15,38091.64701545336,0.0,38091.64701545336,2193.665916691669,40285.312932145025,63505.977040519174,63505.977040519174,569.4530000000007,64075.430040519175,True,20559.513507897886,16653.20594139729,37212.719449295175
0.9,0.25,CVaR90-L25,2025-05-16,38094.98069456211,0.0,38094.98069456211,0.0,38094.98069456211,63512.373688153944,63512.373688153944,0.0,63512.373688153944,False,20527.996178489793,16627.676904576732,37155.673083066526
0.9,0.25,CVaR90-L25,2025-05-17,38084.21256410972,0.0,38084.21256410972,7.614843333333213,38091.82740744306,63491.842660628245,63491.842660628245,3.5616666666666106,63495.40432729491,True,20529.013784362138,16628.50116533333,37157.51494969547
0.9,0.25,CVaR90-L25,2025-05-18,38036.46810943166,0.0,38036.46810943166,3206.6502496916673,41243.11835912333,63394.58417147852,63394.58417147852,1230.3781443226937,64624.96231580121,True,20520.12234567901,16621.2991,37141.42144567901
0.9,0.25,CVaR90-L25,2025-05-19,38050.28952960367,0.0,38050.28952960367,1635.5070177041673,39685.796547307844,63414.05885209519,63414.05885209519,305.3746984906468,63719.43355058584,True,20484.148353909462,16592.16016666667,37076.30852057613
0.9,0.25,CVaR90-L25,2025-05-20,38084.26679906977,0.0,38084.26679906977,5184.97662290278,43269.24342197255,63449.75559822688,63449.75559822688,1297.4390088671332,64747.19460709402,True,20484.148353909462,16592.16016666667,37076.30852057613
0.9,0.25,CVaR90-L25,2025-05-21,38149.32948296984,0.0,38149.32948296984,2888.712958833333,41038.042441803176,63541.86090113454,63541.86090113454,812.500383339514,64354.36128447406,True,20429.249718652012,16547.69227210813,36976.94199076014
0.9,0.25,CVaR90-L25,2025-05-22,38105.43003425265,0.0,38105.43003425265,492.0419430000002,38597.471977252644,63391.79590655783,63391.79590655783,119.51073333333332,63511.30663989117,True,20238.249378758956,16392.981996794755,36631.23137555371
0.9,0.25,CVaR90-L25,2025-05-23,38104.17684097371,0.0,38104.17684097371,0.0,38104.17684097371,63379.92121320155,63379.92121320155,0.0,63379.92121320155,False,20233.023007572752,16388.74863613393,36621.771643706685
0.9,0.25,CVaR90-L25,2025-05-24,38051.33475755378,0.0,38051.33475755378,0.0,38051.33475755378,63263.1756122388,63263.1756122388,0.0,63263.1756122388,False,20161.63230361289,16330.922165926442,36492.55446953933
0.9,0.25,CVaR90-L25,2025-05-25,38018.61737910351,0.0,38018.61737910351,1291.6428802333348,39310.26025933684,63197.83533977841,63197.83533977841,292.27676666666684,63490.11210644508,True,20135.645987654316,16309.87325,36445.51923765431
0.9,0.25,CVaR90-L25,2025-05-26,38023.36059129429,0.0,38023.36059129429,4118.7109555499965,42142.07154684429,63196.6327896576,63196.6327896576,1290.4293135124365,64487.062103170036,True,20127.52541098877,16303.295582900904,36430.820993889676
0.9,0.25,CVaR90-L25,2025-05-27,38123.21940810738,0.0,38123.21940810738,1292.6338939000016,39415.85330200738,63399.75365940031,63399.75365940031,373.9055580184383,63773.659217418746,True,20140.129691989445,16313.505050511452,36453.6347425009
0.9,0.25,CVaR90-L25,2025-05-28,38255.67997167699,0.0,38255.67997167699,2651.859318591666,40907.53929026866,63577.415091213115,63577.415091213115,842.0958666666666,64419.510957879786,True,20176.647222222222,16343.084249999998,36519.73147222222
0.9,0.25,CVaR90-L25,2025-05-29,38302.827608224834,0.0,38302.827608224834,2094.9928267249957,40397.82043494983,63669.09251392918,63669.09251392918,560.9682659897735,64230.06077991895,True,20112.27497250553,16290.942727729474,36403.21770023501
0.9,0.25,CVaR90-L25,2025-05-30,37887.468339007064,0.0,37887.468339007064,0.0,37887.468339007064,62834.85573064865,62834.85573064865,0.0,62834.85573064865,False,19762.948168724273,16007.988016666666,35770.936185390936
0.9,0.25,CVaR90-L25,2025-05-31,37811.36187829562,0.0,37811.36187829562,193.83464333333325,38005.19652162895,62716.568374881615,62716.568374881615,90.66166666666663,62807.23004154828,True,19761.807222222218,16007.063849999999,35768.87107222222
0.9,0.25,CVaR90-L25,2025-06-01,37802.27492972788,0.0,37802.27492972788,51585.579032016656,89387.85396174453,62669.55885056626,62669.55885056626,13401.645617725262,76071.20446829151,True,19746.556034958187,15994.710388316133,35741.26642327432
0.9,0.25,CVaR90-L25,2025-06-02,39678.579571369315,0.0,39678.579571369315,36336.93746975,76015.51704111931,65914.4094660977,65914.4094660977,8881.115328370306,74795.524794468,True,20313.821549431043,16454.195455039146,36768.01700447019
0.9,0.25,CVaR90-L25,2025-06-03,43902.97601225499,0.0,43902.97601225499,13598.962659308329,57501.93867156332,71610.42988299797,71610.42988299797,3112.9762724383195,74723.40615543629,True,21068.910116331295,17065.817194228344,38134.72731055964
0.9,0.25,CVaR90-L25,2025-06-04,45576.708899016536,0.0,45576.708899016536,9267.137877566664,54843.8467765832,74006.87653798764,74006.87653798764,2934.289316666666,76941.1658546543,True,21699.608620987656,17576.682983000002,39276.29160398766
0.9,0.25,CVaR90-L25,2025-06-05,45175.57215240281,0.0,45175.57215240281,13984.680183958326,59160.25233636114,73702.12417311885,73702.12417311885,3731.4377833333324,77433.56195645218,True,21952.423482921808,17781.463021166666,39733.88650408847
0.9,0.25,CVaR90-L25,2025-06-06,45892.76114969402,0.0,45892.76114969402,0.0,45892.76114969402,74794.08607038774,74794.08607038774,0.0,74794.08607038774,False,21855.53521131687,17702.983521166665,39558.518732483535
0.9,0.25,CVaR90-L25,2025-06-07,45817.113821872175,0.0,45817.113821872175,61.887973333333434,45879.001795205506,74678.92944458827,74678.92944458827,28.946666666666715,74707.87611125494,True,21841.726461316874,17691.798433666663,39533.52489498354
0.9,0.25,CVaR90-L25,2025-06-08,45811.98798207051,0.0,45811.98798207051,4705.082520991666,50517.070503062176,74672.77653527612,74672.77653527612,1298.2900666666658,75971.06660194279,True,21841.726461316874,17691.798433666667,39533.52489498354
0.9,0.25,CVaR90-L25,2025-06-09,45815.16754312218,0.0,45815.16754312218,12380.781280498992,58195.94882362118,74694.89262566293,74694.89262566293,3100.751049666665,77795.6436753296,True,21841.726461316874,17691.798433666667,39533.52489498354
0.9,0.25,CVaR90-L25,2025-06-10,46436.18762524622,0.0,46436.18762524622,10302.458329483337,56738.64595472955,75582.13658830295,75582.13658830295,2743.410116666668,78325.54670496962,True,22196.519802151186,17979.181039742463,40175.700841893646
0.9,0.25,CVaR90-L25,2025-06-11,46891.951905797134,0.0,46891.951905797134,24098.772400566668,70990.7243063638,76197.9299164351,76197.9299164351,5648.673527798093,81846.60344423319,True,22258.173366872426,18029.120427166665,40287.29379403909
0.9,0.25,CVaR90-L25,2025-06-12,48552.771420358324,0.0,48552.771420358324,8776.570510591666,57329.34193094999,78283.75561696981,78283.75561696981,2232.153183333333,80515.90880030314,True,22333.333333333332,18090.0,40423.33333333333
0.9,0.25,CVaR90-L25,2025-06-13,49069.17140783654,0.0,49069.17140783654,0.0,49069.17140783654,79001.22949393059,79001.22949393059,0.0,79001.22949393059,False,22444.524793810742,18180.065082986705,40624.58987679744
0.9,0.25,CVaR90-L25,2025-06-14,49069.17514283641,0.0,49069.17514283641,0.0,49069.17514283641,79000.37541944493,79000.37541944493,0.0,79000.37541944493,False,22444.743456790122,18180.2422,40624.98565679012
0.9,0.25,CVaR90-L25,2025-06-15,49064.89827799209,0.0,49064.89827799209,3464.551832591668,52529.45011058376,78987.54573705891,78987.54573705891,952.7111772263407,79940.25691428526,True,22444.743456790122,18180.2422,40624.98565679012
0.9,0.25,CVaR90-L25,2025-06-16,49158.23065050376,0.0,49158.23065050376,4502.205106108337,53660.4357566121,79122.39338236823,79122.39338236823,1225.5202373284883,80347.91361969672,True,22444.743456790122,18180.2422,40624.98565679012
0.9,0.25,CVaR90-L25,2025-06-17,49291.6871264077,0.0,49291.6871264077,11688.186768224998,60979.87389463269,79323.71347769961,79323.71347769961,3024.2590852841913,82347.9725629838,True,22456.41989711934,18189.700116666667,40646.12001378601
0.9,0.25,CVaR90-L25,2025-06-18,49660.56852481393,0.0,49660.56852481393,2591.202129199999,52251.770654013926,79929.87869311795,79929.87869311795,826.9330499999994,80756.81174311794,True,22782.84446502058,18454.104016666664,41236.94848168724
0.9,0.25,CVaR90-L25,2025-06-19,49859.722250075545,0.0,49859.722250075545,3618.771099241665,53478.493349317214,80199.45055823699,80199.45055823699,731.4976499999993,80930.948208237,True,22827.980905012075,18490.664533059782,41318.64543807186
0.9,0.25,CVaR90-L25,2025-06-20,49920.02772440078,0.0,49920.02772440078,0.0,49920.02772440078,80276.60240649889,80276.60240649889,0.0,80276.60240649889,False,22795.29656868383,18464.1902206339,41259.48678931773
0.9,0.25,CVaR90-L25,2025-06-21,49919.400633039964,0.0,49919.400633039964,0.0,49919.400633039964,80275.49922708113,80275.49922708113,0.0,80275.49922708113,False,22795.04457012374,18463.98610180023,41259.030671923974
0.9,0.25,CVaR90-L25,2025-06-22,49917.13997098476,0.0,49917.13997098476,1831.6821721250078,51748.82214310977,80270.76685122978,80270.76685122978,512.7287625129914,80783.49561374278,True,22794.136116239104,18463.250254153674,41257.38637039278
0.9,0.25,CVaR90-L25,2025-06-23,50004.4353263808,0.0,50004.4353263808,828.399581758333,50832.834908139135,80417.52160965546,80417.52160965546,201.83693333333306,80619.3585429888,True,22851.56977366255,18509.771516666668,41361.34129032922
0.9,0.25,CVaR90-L25,2025-06-24,50035.79950016418,0.0,50035.79950016418,12167.808618516669,62203.60811868085,80456.31545489849,80456.31545489849,3068.706222879294,83525.02167777778,True,22879.764444444445,18532.6092,41412.373644444444
0.9,0.25,CVaR90-L25,2025-06-25,51013.62830780224,0.0,51013.62830780224,3341.185772391667,54354.81408019391,81818.95906460905,81818.95906460905,990.3368833333332,82809.29594794239,True,23440.960164609056,18987.17773333333,42428.13789794239
0.9,0.25,CVaR90-L25,2025-06-26,51074.906198175595,0.0,51074.906198175595,1666.110690541666,52741.01688871726,81918.88246934157,81918.88246934157,345.14376666666624,82264.02623600823,True,23478.307119341567,19017.428766666664,42495.73588600823
0.9,0.25,CVaR90-L25,2025-06-27,51154.74199941776,0.0,51154.74199941776,0.0,51154.74199941776,82022.58814588477,82022.58814588477,0.0,82022.58814588477,False,23520.790329218107,19051.840166666665,42572.630495884776
0.9,0.25,CVaR90-L25,2025-06-28,51147.44299141776,0.0,51147.44299141776,0.0,51147.44299141776,82005.88314588477,82005.88314588477,0.0,82005.88314588477,False,23520.790329218107,19051.840166666665,42572.630495884776
0.9,0.25,CVaR90-L25,2025-06-29,51147.44299141776,0.0,51147.44299141776,1432.9518807499994,52580.39487216776,82005.88314588477,82005.88314588477,502.1811166666665,82508.06426255143,True,23520.790329218107,19051.840166666665,42572.630495884776
0.9,0.25,CVaR90-L25,2025-06-30,51171.54333337801,0.0,51171.54333337801,2124.632232416666,53296.17556579468,82043.18438415638,82043.18438415638,618.5778499999999,82661.76223415638,True,23526.56193415638,19056.515166666664,42583.077100823044
0.9,0.25,CVaR90-L25,2025-07-01,51205.92969635916,0.0,51205.92969635916,22306.229346616667,73512.15904297584,82104.74125164609,82104.74125164609,6385.744566666666,88490.48581831275,True,23535.768868312756,19063.97278333333,42599.74165164609
0.9,0.25,CVaR90-L25,2025-07-02,51267.77410391304,0.0,51267.77410391304,18032.75310184166,69300.5272057547,82138.67136421573,82138.67136421573,5304.897708418006,87443.56907263373,True,22910.03318930041,18557.12688333333,41467.16007263374
0.9,0.25,CVaR90-L25,2025-07-03,52196.83857613102,0.0,52196.83857613102,15465.794110108334,67662.63268623935,83138.57369480426,83138.57369480426,4488.2746946998195,87626.84838950408,True,22573.726563786004,18284.718516666668,40858.44508045267
0.9,0.25,CVaR90-L25,2025-07-04,53214.58819231434,0.0,53214.58819231434,0.0,53214.58819231434,84794.04620005442,84794.04620005442,0.0,84794.04620005442,False,22778.759609053497,18450.795283333333,41229.554892386834
0.9,0.25,CVaR90-L25,2025-07-05,53204.837676625044,0.0,53204.837676625044,152.46790666666655,53357.30558329171,84814.66619629948,84814.66619629948,71.31333333333328,84885.97952963282,True,22764.62637860082,18439.34736666667,41203.97374526749
0.9,0.25,CVaR90-L25,2025-07-06,53169.698574323374,0.0,53169.698574323374,15469.426119933323,68639.1246942567,84748.74148271697,84748.74148271697,4071.6022149368046,88820.34369765378,True,22764.62637860082,18439.34736666667,41203.97374526749
0.9,0.25,CVaR90-L25,2025-07-07,54027.41228472702,0.0,54027.41228472702,5610.570794608333,59637.983079335354,86011.67508918575,86011.67508918575,1891.3956666666663,87903.07075585242,True,22820.001855852417,18484.20150324046,41304.20335909288
0.9,0.25,CVaR90-L25,2025-07-08,54181.422083441634,0.0,54181.422083441634,9172.460117124996,63353.88220056663,86236.20361517694,86236.20361517694,2492.8149333333326,88729.01854851027,True,22842.662407407406,18502.55655,41345.21895740741
0.9,0.25,CVaR90-L25,2025-07-09,54521.524314783324,0.0,54521.524314783324,5335.442427208329,59856.96674199165,86626.5746144492,86626.5746144492,1457.171100198911,88083.74571464812,True,22842.662407407406,18502.55655,41345.21895740741
0.9,0.25,CVaR90-L25,2025-07-10,54596.733002357236,0.0,54596.733002357236,4996.6403278083335,59593.37333016557,86768.9431050095,86768.9431050095,1436.1185555432257,88205.06166055273,True,22850.532610552727,18508.931414547707,41359.46402510043
0.9,0.25,CVaR90-L25,2025-07-11,54823.921066573974,0.0,54823.921066573974,0.0,54823.921066573974,87127.63774126791,87127.63774126791,0.0,87127.63774126791,False,22953.111309044907,18592.020160326378,41545.131469371285
0.9,0.25,CVaR90-L25,2025-07-12,54747.72506341405,0.0,54747.72506341405,0.0,54747.72506341405,87003.33296903226,87003.33296903226,0.0,87003.33296903226,False,22872.149383161144,18526.44100036053,41398.590383521674
0.9,0.25,CVaR90-L25,2025-07-13,54165.69617912953,0.0,54165.69617912953,4253.005167541665,58418.701346671194,86264.08268652878,86264.08268652878,979.5015274629765,87243.58421399175,True,22752.661213991767,18429.65558333333,41182.3167973251
0.9,0.25,CVaR90-L25,2025-07-14,54283.99213672477,0.0,54283.99213672477,4411.171040033329,58695.1631767581,86437.24326135294,86437.24326135294,1092.3281091124322,87529.57137046538,True,22752.57152263374,18429.58293333333,41182.15445596707
0.9,0.25,CVaR90-L25,2025-07-15,54456.33238559288,0.0,54456.33238559288,4074.2851745333346,58530.617560126215,86682.69780057705,86682.69780057705,1083.0840500000002,87765.78185057706,True,22811.16234567901,18477.041499999996,41288.203845679
0.9,0.25,CVaR90-L25,2025-07-16,54452.64678449154,0.0,54452.64678449154,4262.8706621833335,58715.51744667487,86610.8396357247,86610.8396357247,1175.4260542469408,87786.26568997164,True,22811.16234567901,18477.0415,41288.20384567901
0.9,0.25,CVaR90-L25,2025-07-17,54402.87961075007,0.0,54402.87961075007,4445.036164216668,58847.915774966736,86554.79240604007,86554.79240604007,1194.1119666666664,87748.90437270673,True,22754.68170781893,18431.29218333333,41185.97389115226
0.9,0.25,CVaR90-L25,2025-07-18,54546.45578163626,0.0,54546.45578163626,0.0,54546.45578163626,86754.9098744856,86754.9098744856,0.0,86754.9098744856,False,22754.68170781893,18431.29218333333,41185.97389115226
0.9,0.25,CVaR90-L25,2025-07-19,54365.4589580089,0.0,54365.4589580089,56.550100000000334,54422.0090580089,86544.58971660538,86544.58971660538,26.45000000000016,86571.03971660537,True,22583.726469341564,18292.818440166662,40876.54490950823
0.9,0.25,CVaR90-L25,2025-07-20,54243.151972758904,0.0,54243.151972758904,1477.0961552916674,55720.248128050574,86309.45908363845,86309.45908363845,360.19136666666657,86669.65045030511,True,22583.726469341564,18292.818440166662,40876.54490950823
0.9,0.25,CVaR90-L25,2025-07-21,54261.73875124557,0.0,54261.73875124557,2984.7583944666685,57246.49714571224,86331.32014949851,86331.32014949851,733.1404833333337,87064.46063283185,True,22583.726469341564,18292.818440166662,40876.54490950823
0.9,0.25,CVaR90-L25,2025-07-22,54309.328825168675,0.0,54309.328825168675,1963.3985262083343,56272.72735137701,86410.50687035543,86410.50687035543,570.9128268301355,86981.41969718556,True,22583.726469341564,18292.818440166662,40876.54490950823
0.9,0.25,CVaR90-L25,2025-07-23,54423.3649046825,0.0,54423.3649046825,2392.9678056166676,56816.33271029917,86572.26359978298,86572.26359978298,591.9319166666672,87164.19551644965,True,22595.199308847736,18302.111440166664,40897.3107490144
0.9,0.25,CVaR90-L25,2025-07-24,54502.283079628876,0.0,54502.283079628876,2618.516874466667,57120.79995409554,86635.05066196164,86635.05066196164,640.0139499999998,87275.06461196163,True,22595.199308847736,18302.111440166664,40897.3107490144
0.9,0.25,CVaR90-L25,2025-07-25,54558.36893540013,0.0,54558.36893540013,0.0,54558.36893540013,86693.49827620763,86693.49827620763,0.0,86693.49827620763,False,22577.925302674896,18288.119495166662,40866.04479784156
0.9,0.25,CVaR90-L25,2025-07-26,53997.78381543195,0.0,53997.78381543195,0.0,53997.78381543195,85950.10192237687,85950.10192237687,0.0,85950.10192237687,False,22702.702033233436,18389.18864691908,41091.890680152515
0.9,0.25,CVaR90-L25,2025-07-27,53731.91665480379,0.0,53731.91665480379,2246.772961241665,55978.689616045456,85561.8934735854,85561.8934735854,574.585316666666,86136.47879025206,True,22418.97356399177,18159.368586833334,40578.342150825105
0.9,0.25,CVaR90-L25,2025-07-28,53753.03188359759,0.0,53753.03188359759,5489.108161491666,59242.140045089254,85581.4024259359,85581.4024259359,1476.4594499999994,87057.8618759359,True,22430.75506399177,18168.911601833333,40599.666665825105
0.9,0.25,CVaR90-L25,2025-07-29,53807.05811862521,0.0,53807.05811862521,3378.253586825002,57185.311705450215,85596.06561340936,85596.06561340936,1007.3038365095717,86603.36944991893,True,22416.06749218107,18157.014668666663,40573.082160847734
0.9,0.25,CVaR90-L25,2025-07-30,53934.04436516969,0.0,53934.04436516969,2260.7238509916638,56194.768216161356,85794.58634149637,85794.58634149637,550.1296565151928,86344.71599801155,True,22407.754892181074,18150.281462666666,40558.03635484774
0.9,0.25,CVaR90-L25,2025-07-31,53944.88901062169,0.0,53944.88901062169,1389.9978151333362,55334.88682575503,85788.94642196703,85788.94642196703,329.40463333333395,86118.35105530037,True,22412.039480658437,18153.751979333334,40565.79145999177
0.9,0.25,CVaR90-L25,2025-08-01,53957.235307306604,0.0,53957.235307306604,0.0,53957.235307306604,85820.4103346018,85820.4103346018,0.0,85820.4103346018,False,22433.937386008234,18171.48928266667,40605.4266686749
0.9,0.25,CVaR90-L25,2025-08-02,53606.31988178635,0.0,53606.31988178635,66.78755666666693,53673.10743845302,85231.24399711081,85231.24399711081,31.238333333333458,85262.48233044414,True,22425.624786008233,18164.75607666667,40590.3808626749
0.9,0.25,CVaR90-L25,2025-08-03,53574.41186669035,0.0,53574.41186669035,1040.2049165583346,54614.61678324869,85182.3789191581,85182.3789191581,236.01406666666685,85418.39298582477,True,22425.624786008233,18164.75607666667,40590.3808626749
0.9,0.25,CVaR90-L25,2025-08-04,53016.43406867654,0.0,53016.43406867654,554.2703554666653,53570.70442414321,84320.18475032941,84320.18475032941,163.1745999999996,84483.35935032941,True,22114.289911463413,17912.57482828536,40026.86473974877
0.9,0.25,CVaR90-L25,2025-08-05,53032.984882909084,0.0,53032.984882909084,390.19449955833346,53423.17938246742,84335.91890376863,84335.91890376863,117.38918333333334,84453.30808710196,True,22112.225125825847,17910.902351918936,40023.12747774478
0.9,0.25,CVaR90-L25,2025-08-06,53046.87066691718,0.0,53046.87066691718,1527.826150025001,54574.69681694218,84352.87653641714,84352.87653641714,404.0924166666667,84756.96895308381,True,22101.53823649425,17902.245971560347,40003.784208054596
0.9,0.25,CVaR90-L25,2025-08-07,52602.97920428747,0.0,52602.97920428747,903.5707447166682,53506.54994900414,83777.05819852906,83777.05819852906,298.57490000000007,84075.63309852907,True,21882.414112875114,17724.755431428843,39607.16954430396
0.9,0.25,CVaR90-L25,2025-08-08,52558.19185994095,0.0,52558.19185994095,0.0,52558.19185994095,83676.03726403385,83676.03726403385,0.0,83676.03726403385,False,21903.674896394703,17741.976666079707,39645.651562474406
0.9,0.25,CVaR90-L25,2025-08-09,52128.914594231974,0.0,52128.914594231974,0.0,52128.914594231974,83142.12069021,83142.12069021,0.0,83142.12069021,False,21854.01407345679,17701.7513995,39555.76547295679
0.9,0.25,CVaR90-L25,2025-08-10,52029.48010134511,0.0,52029.48010134511,312.75130952500206,52342.23141087011,83010.37548742788,83010.37548742788,121.38861666666708,83131.76410409455,True,21853.035102674898,17700.958433166667,39553.99353584157
0.9,0.25,CVaR90-L25,2025-08-11,51900.314614445146,0.0,51900.314614445146,1044.6173214878615,52944.931935933004,82853.15345871558,82853.15345871558,288.085465234064,83141.23892394964,True,21843.458348971195,17693.201262666662,39536.65961163786
0.9,0.25,CVaR90-L25,2025-08-12,51917.132112156476,0.0,51917.132112156476,1099.8955797749998,53017.02769193148,82871.20827766511,82871.20827766511,259.37553333333324,83130.58381099845,True,21843.458348971195,17693.201262666662,39536.65961163786
0.9,0.25,CVaR90-L25,2025-08-13,51955.047534806436,0.0,51955.047534806436,1458.3291422461934,53413.37667705263,82918.03636912823,82918.03636912823,364.4419943278109,83282.47836345603,True,21843.458348971195,17693.201262666666,39536.659611637864
0.9,0.25,CVaR90-L25,2025-08-14,51933.53531031807,0.0,51933.53531031807,1952.0607452621407,53885.59605558021,82880.15698111731,82880.15698111731,438.03006454080634,83318.18704565812,True,21843.458348971195,17693.201262666666,39536.659611637864
0.9,0.25,CVaR90-L25,2025-08-15,51970.97009745093,0.0,51970.97009745093,0.0,51970.97009745093,82928.40570258438,82928.40570258438,0.0,82928.40570258438,False,21843.458348971195,17693.201262666666,39536.659611637864
0.9,0.25,CVaR90-L25,2025-08-16,51865.05838965734,0.0,51865.05838965734,0.0,51865.05838965734,82800.37028202794,82800.37028202794,0.0,82800.37028202794,False,21839.799105144033,17690.237275166666,39530.0363803107
0.9,0.25,CVaR90-L25,2025-08-17,51769.128091036284,0.0,51769.128091036284,1962.3831113916651,53731.51120242795,82659.90011792022,82659.90011792022,392.3351388760458,83052.23525679627,True,21838.274238477366,17689.002133166665,39527.27637164403
0.9,0.25,CVaR90-L25,2025-08-18,51727.27395112303,0.0,51727.27395112303,1788.4199529166667,53515.6939040397,82602.57965323594,82602.57965323594,402.28478855881906,83004.86444179475,True,21824.741831069958,17678.040883166665,39502.78271423662
0.9,0.25,CVaR90-L25,2025-08-19,51751.191317722274,0.0,51751.191317722274,1952.127913233336,53703.31923095561,82627.56385485921,82627.56385485921,385.56206666666696,83013.12592152588,True,21824.741831069958,17678.040883166665,39502.78271423662
0.9,0.25,CVaR90-L25,2025-08-20,51824.527796528084,0.0,51824.527796528084,4037.445352900004,55861.973149428086,82705.11006168566,82705.11006168566,911.8937679018438,83617.0038295875,True,21824.741831069958,17678.040883166665,39502.78271423662
0.9,0.25,CVaR90-L25,2025-08-21,51892.797924374834,0.0,51892.797924374834,1172.9922746499983,53065.790199024836,82777.40538148592,82777.40538148592,224.25318333333303,83001.65856481926,True,21824.741831069958,17678.040883166665,39502.78271423662
0.9,0.25,CVaR90-L25,2025-08-22,51812.64063375942,0.0,51812.64063375942,0.0,51812.64063375942,82671.23661979563,82671.23661979563,0.0,82671.23661979563,False,21824.741831069958,17678.040883166665,39502.78271423662
0.9,0.25,CVaR90-L25,2025-08-23,51759.93168337243,0.0,51759.93168337243,0.0,51759.93168337243,82619.30960748851,82619.30960748851,0.0,82619.30960748851,False,21826.266697736624,17679.276025166666,39505.542722903294
0.9,0.25,CVaR90-L25,2025-08-24,51591.356811571015,0.0,51591.356811571015,2221.3719151083305,53812.72872667934,82405.64172657506,82405.64172657506,433.8396780936582,82839.48140466872,True,21818.725463168725,17673.167625166665,39491.89308833539
0.9,0.25,CVaR90-L25,2025-08-25,51475.074897430444,0.0,51475.074897430444,3164.9732871249985,54640.048184555446,82130.93644489147,82130.93644489147,819.0516830915241,82949.988127983,True,21867.84574785416,17712.955055761868,39580.80080361603
0.9,0.25,CVaR90-L25,2025-08-26,51536.272394732805,0.0,51536.272394732805,1024.9838935583343,52561.25628829114,82218.54800694119,82218.54800694119,223.52125000000012,82442.06925694119,True,21870.858550411525,17715.395425833332,39586.25397624486
0.9,0.25,CVaR90-L25,2025-08-27,51591.261617674536,0.0,51591.261617674536,2016.4395918499997,53607.70120952454,82271.92241546776,82271.92241546776,472.5255666666666,82744.44798213443,True,21851.07026707819,17699.366916333332,39550.43718341152
0.9,0.25,CVaR90-L25,2025-08-28,51620.110354426644,0.0,51620.110354426644,4307.670247949998,55927.780602376646,82276.5530392034,82276.5530392034,1085.5413143680612,83362.09435357146,True,21849.100616872427,17697.771499666665,39546.87211653909
0.9,0.25,CVaR90-L25,2025-08-29,50972.85154367494,0.0,50972.85154367494,0.0,50972.85154367494,81232.43962041088,81232.43962041088,0.0,81232.43962041088,False,21970.42802530864,17796.0467005,39766.47472580864
0.9,0.25,CVaR90-L25,2025-08-30,50352.26505592826,0.0,50352.26505592826,0.0,50352.26505592826,80254.76208360013,80254.76208360013,0.0,80254.76208360013,False,21997.580714360978,17818.040378632395,39815.62109299337
0.9,0.25,CVaR90-L25,2025-08-31,49694.22688659512,0.0,49694.22688659512,2592.3823597333276,52286.609246328444,79061.56226490103,79061.56226490103,619.5157139055416,79681.07797880657,True,21898.474362139918,17737.76423333333,39636.238595473245
0.9,0.25,CVaR90-L25,2025-09-01,48889.44363660426,0.0,48889.44363660426,90.52283100000017,48979.96646760426,77885.77101245357,77885.77101245357,38.834333333333404,77924.6053457869,True,21772.99591481274,17636.126690998317,39409.122605811055
0.9,0.25,CVaR90-L25,2025-09-02,48909.25298290259,0.0,48909.25298290259,58.65303238333474,48967.906015285924,77928.75594439454,77928.75594439454,19.5088833333337,77948.26482772786,True,21760.117325102878,17625.69503333333,39385.812358436204
0.9,0.25,CVaR90-L25,2025-09-03,48903.88341498592,0.0,48903.88341498592,54.45579719166689,48958.33921217758,77916.20130448646,77916.20130448646,15.920016666666754,77932.12132115313,True,21762.661049382714,17627.755449999997,39390.416499382714
0.9,0.25,CVaR90-L25,2025-09-04,48842.92541976426,0.0,48842.92541976426,83.6414620750004,48926.56688183926,77831.03039858736,77831.03039858736,20.099750000000085,77851.13014858736,True,21762.661049382714,17627.755449999997,39390.416499382714
0.9,0.25,CVaR90-L25,2025-09-05,48748.51775701759,0.0,48748.51775701759,0.0,48748.51775701759,77675.57241096572,77675.57241096572,0.0,77675.57241096572,False,21757.96869068711,17623.95463945656,39381.92333014367
0.9,0.25,CVaR90-L25,2025-09-06,48684.01756622759,0.0,48684.01756622759,0.0,48684.01756622759,77540.88506244292,77540.88506244292,0.0,77540.88506244292,False,21753.92732510288,17620.68113333333,39374.60845843621
0.9,0.25,CVaR90-L25,2025-09-07,48524.61615445493,0.0,48524.61615445493,56.54257320000033,48581.15872765493,77339.93857777829,77339.93857777829,21.57358333333343,77361.51216111162,True,21855.358189300412,17702.84013333333,39558.19832263375
0.9,0.25,CVaR90-L25,2025-09-08,48488.12675007827,0.0,48488.12675007827,1101.252383250003,49589.37913332827,77284.30805596708,77284.30805596708,282.2241000000006,77566.53215596708,True,21855.35818930041,17702.84013333333,39558.19832263374
0.9,0.25,CVaR90-L25,2025-09-09,48528.762353062964,0.0,48528.762353062964,47.30829532500027,48576.07064838796,77342.88354135802,77342.88354135802,11.000650000000064,77353.88419135803,True,21880.099691358024,17722.880749999997,39602.98044135802
0.9,0.25,CVaR90-L25,2025-09-10,48525.54181239629,0.0,48525.54181239629,3970.745605725,52496.28741812129,77335.35187469135,77335.35187469135,949.1377855115829,78284.48966020293,True,21880.099691358024,17722.880749999997,39602.98044135802
0.9,0.25,CVaR90-L25,2025-09-11,48564.45924448975,0.0,48564.45924448975,195.44632566666547,48759.905570156414,77378.91420720164,77378.91420720164,43.471699999999714,77422.38590720163,True,21893.986090534978,17734.12873333333,39628.11482386831
0.9,0.25,CVaR90-L25,2025-09-12,48506.86189484142,0.0,48506.86189484142,0.0,48506.86189484142,77269.16800720165,77269.16800720165,0.0,77269.16800720165,False,21893.986090534978,17734.12873333333,39628.11482386831
0.9,0.25,CVaR90-L25,2025-09-13,48345.75072910821,0.0,48345.75072910821,0.0,48345.75072910821,77032.39656193415,77032.39656193415,0.0,77032.39656193415,False,21845.038045267487,17694.480816666666,39539.51886193415
0.9,0.25,CVaR90-L25,2025-09-14,48276.476685099755,0.0,48276.476685099755,957.2316973333327,49233.70838243309,76922.75905214867,76922.75905214867,250.41623333333334,77173.17528548201,True,21831.151646090533,17683.23283333333,39514.38447942387
0.9,0.25,CVaR90-L25,2025-09-15,48135.13170447142,0.0,48135.13170447142,2907.7009968083353,51042.83270127976,76716.3557127572,76716.3557127572,707.0016333333338,77423.35734609053,True,21831.151646090533,17683.23283333333,39514.38447942387
0.9,0.25,CVaR90-L25,2025-09-16,48194.66745285142,0.0,48194.66745285142,736.2942005500003,48930.96165340142,76802.6519127572,76802.6519127572,183.8608333333334,76986.51274609054,True,21831.151646090533,17683.232833333335,39514.38447942387
0.9,0.25,CVaR90-L25,2025-09-17,48206.91650931975,0.0,48206.91650931975,2005.8649157416644,50212.78142506142,76819.25661275719,76819.25661275719,432.95948333333297,77252.21609609053,True,21831.151646090533,17683.23283333333,39514.38447942387
0.9,0.25,CVaR90-L25,2025-09-18,48099.10483047142,0.0,48099.10483047142,1162.2875481083336,49261.39237857975,76657.91301582285,76657.91301582285,259.6712666666667,76917.58428248952,True,21831.151646090533,17683.23283333333,39514.38447942387
0.9,0.25,CVaR90-L25,2025-09-19,48001.52504990364,0.0,48001.52504990364,0.0,48001.52504990364,76527.58063714256,76527.58063714256,0.0,76527.58063714256,False,21842.749609053495,17692.62718333333,39535.37679238683
0.9,0.25,CVaR90-L25,2025-09-20,47844.52163007697,0.0,47844.52163007697,0.0,47844.52163007697,76287.69757667849,76287.69757667849,0.0,76287.69757667849,False,21842.749609053495,17692.62718333333,39535.37679238683
0.9,0.25,CVaR90-L25,2025-09-21,47747.46935799722,0.0,47747.46935799722,2091.44038615,49838.909744147226,75970.1554547252,75970.1554547252,580.4573166666665,76550.61277139187,True,21877.492469135803,17720.7689,39598.2613691358
0.9,0.25,CVaR90-L25,2025-09-22,47650.109455343576,0.0,47650.109455343576,2816.98548265,50467.09493799358,75861.28185279868,75861.28185279868,645.0385166666666,76506.32036946535,True,21908.712409465017,17746.057051666663,39654.769461131684
0.9,0.25,CVaR90-L25,2025-09-23,47671.889669908574,0.0,47671.889669908574,4784.566898291665,52456.45656820024,75894.6444027018,75894.6444027018,1175.348092813987,77069.99249551579,True,21908.712409465017,17746.05705166667,39654.769461131684
0.9,0.25,CVaR90-L25,2025-09-24,47805.303075481905,0.0,47805.303075481905,5443.364413308334,53248.66748879024,76106.5861156098,76106.5861156098,1259.4632666666669,77366.04938227647,True,21925.94057613169,17760.011866666668,39685.952442798356
0.9,0.25,CVaR90-L25,2025-09-25,47766.83955151358,0.0,47766.83955151358,3006.029780508333,50772.86933202191,75953.00710965888,75953.00710965888,694.6594833333332,76647.66659299222,True,21925.94057613169,17760.011866666668,39685.952442798356
0.9,0.25,CVaR90-L25,2025-09-26,47302.03471496099,0.0,47302.03471496099,0.0,47302.03471496099,75125.5616189267,75125.5616189267,0.0,75125.5616189267,False,21756.825123456787,17623.02835,39379.85347345679
0.9,0.25,CVaR90-L25,2025-09-27,47036.01423209981,0.0,47036.01423209981,0.0,47036.01423209981,74644.8719033502,74644.8719033502,0.0,74644.8719033502,False,21756.825123456787,17623.02835,39379.85347345679
0.9,0.25,CVaR90-L25,2025-09-28,46528.17209836088,0.0,46528.17209836088,7004.045999424999,53532.21809778588,73963.75676781627,73963.75676781627,1650.1618472589696,75613.91861507525,True,21614.744629629626,17507.94315,39122.687779629625
0.9,0.25,CVaR90-L25,2025-09-29,43179.1151512971,0.0,43179.1151512971,3888.1688841666637,47067.28403546376,69559.47794661034,69559.47794661034,976.0033949534443,70535.48134156378,True,21718.929341563784,17592.332766666663,39311.26210823045
0.9,0.25,CVaR90-L25,2025-09-30,43284.07667013617,0.0,43284.07667013617,12063.076510208333,55347.1531803445,69715.10705016353,69715.10705016353,2765.8541081748513,72480.96115833838,True,21700.643847736625,17577.521516666668,39278.16536440329
0.9,0.25,CVaR90-L25,2025-10-01,44045.5902320734,0.0,44045.5902320734,239.69023813333405,44285.28047020674,70825.56377084008,70825.56377084008,66.57660000000021,70892.14037084008,True,21793.543960905346,17652.770608333332,39446.314569238675
0.9,0.25,CVaR90-L25,2025-10-02,43547.07671301329,0.0,43547.07671301329,332.040479183333,43879.11719219662,70150.11461960802,70150.11461960802,117.74133333333316,70267.85595294136,True,21921.617201646095,17756.509933333335,39678.127134979426
0.9,0.25,CVaR90-L25,2025-10-03,43521.53532862688,0.0,43521.53532862688,0.0,43521.53532862688,70107.54778119849,70107.54778119849,0.0,70107.54778119849,False,21921.617201646095,17756.50993333333,39678.127134979426
0.9,0.25,CVaR90-L25,2025-10-04,43478.267302037595,0.0,43478.267302037595,0.0,43478.267302037595,70066.23713721849,70066.23713721849,0.0,70066.23713721849,False,21918.022458847743,17753.598191666664,39671.62065051441
0.9,0.25,CVaR90-L25,2025-10-05,43348.21719751479,0.0,43348.21719751479,626.756006483334,43974.97320399812,69902.5479993303,69902.5479993303,189.8500833333335,70092.39808266364,True,21921.617201646095,17756.50993333333,39678.127134979426
0.9,0.25,CVaR90-L25,2025-10-06,43322.74341914624,0.0,43322.74341914624,987.9874997083335,44310.73091885457,69872.4590987326,69872.4590987326,269.59418333333315,70142.05328206593,True,21921.617201646095,17756.509933333335,39678.127134979426
0.9,0.25,CVaR90-L25,2025-10-07,43382.285199364494,0.0,43382.285199364494,947.1904051083321,44329.47560447283,69976.47846201994,69976.47846201994,248.47458333333302,70224.95304535326,True,21921.617201646095,17756.50993333333,39678.127134979426
0.9,0.25,CVaR90-L25,2025-10-08,43413.43315525477,0.0,43413.43315525477,2473.7569090333345,45887.1900642881,70018.92150638,70018.92150638,670.1620903127754,70689.08359669277,True,21921.617201646095,17756.509933333335,39678.127134979426
0.9,0.25,CVaR90-L25,2025-10-09,43446.5448200268,0.0,43446.5448200268,2006.179402775002,45452.7242228018,70069.30402414232,70069.30402414232,497.1604166666671,70566.46444080898,True,21921.617201646095,17756.509933333335,39678.127134979426
0.9,0.25,CVaR90-L25,2025-10-10,43351.98249179583,0.0,43351.98249179583,0.0,43351.98249179583,69872.44064021371,69872.44064021371,0.0,69872.44064021371,False,21921.617201646095,17756.509933333335,39678.127134979426
0.9,0.25,CVaR90-L25,2025-10-11,43357.04081919753,0.0,43357.04081919753,0.0,43357.04081919753,69903.84703377531,69903.84703377531,0.0,69903.84703377531,False,21921.617201646095,17756.509933333335,39678.127134979426
0.9,0.25,CVaR90-L25,2025-10-12,43291.64765147234,0.0,43291.64765147234,2275.870286708333,45567.517938180674,69755.79753510366,69755.79753510366,583.7252999999998,70339.52283510366,True,21811.81063786008,17667.566616666663,39479.37725452674
0.9,0.25,CVaR90-L25,2025-10-13,43337.096933482404,0.0,43337.096933482404,1315.2228885999998,44652.319822082405,69822.93356185064,69822.93356185064,334.35128333333324,70157.28484518398,True,21811.81063786008,17667.566616666663,39479.37725452674
0.9,0.25,CVaR90-L25,2025-10-14,43403.25573032574,0.0,43403.25573032574,5367.323596049998,48770.57932637574,69912.3520178663,69912.3520178663,1242.309377195434,71154.66139506173,True,21811.81063786008,17667.566616666663,39479.37725452674
0.9,0.25,CVaR90-L25,2025-10-15,43582.42421514566,0.0,43582.42421514566,3522.745733974999,47105.16994912065,70145.19267668508,70145.19267668508,913.2700666666665,71058.46274335175,True,21811.81063786008,17667.566616666663,39479.37725452674
0.9,0.25,CVaR90-L25,2025-10-16,43572.570718742325,0.0,43572.570718742325,8859.871771099994,52432.44248984232,70147.68865815841,70147.68865815841,2123.296299068983,72270.9849572274,True,21811.810637860082,17667.566616666663,39479.37725452674
0.9,0.25,CVaR90-L25,2025-10-17,43997.15546225228,0.0,43997.15546225228,0.0,43997.15546225228,70779.19609232355,70779.19609232355,0.0,70779.19609232355,False,22024.972057613166,17840.227366666666,39865.19942427983
0.9,0.25,CVaR90-L25,2025-10-18,43826.94533346502,0.0,43826.94533346502,0.0,43826.94533346502,70559.81139853793,70559.81139853793,0.0,70559.81139853793,False,22024.972057613166,17840.227366666666,39865.19942427983
0.9,0.25,CVaR90-L25,2025-10-19,43680.63860053735,0.0,43680.63860053735,7831.779399608329,51512.41800014568,70390.61325989357,70390.61325989357,1888.4528084862054,72279.06606837978,True,22055.998693226906,17865.358941513794,39921.3576347407
0.9,0.25,CVaR90-L25,2025-10-20,43703.51275981302,0.0,43703.51275981302,8467.127288658334,52170.64004847135,70447.4712321723,70447.4712321723,1869.6679985666904,72317.13923073899,True,22160.62259259259,17950.1043,40110.72689259259
0.9,0.25,CVaR90-L25,2025-10-21,43842.00506701904,0.0,43842.00506701904,9954.18985319167,53796.194920210706,70583.24149582817,70583.24149582817,2823.8767333333335,73407.11822916151,True,22097.455128600825,17898.938654166668,39996.393782767496
0.9,0.25,CVaR90-L25,2025-10-22,44228.45669353308,0.0,44228.45669353308,10296.515815541665,54524.972509074745,71199.67863203993,71199.67863203993,2504.0523896194163,73703.73102165935,True,22173.83051440329,17960.802716666665,40134.63323106995
0.9,0.25,CVaR90-L25,2025-10-23,44712.030210078854,0.0,44712.030210078854,3128.067110816666,47840.09732089552,71833.5588891542,71833.5588891542,781.6458166666664,72615.20470582087,True,22097.2274691358,17898.75425,39995.9817191358
0.9,0.25,CVaR90-L25,2025-10-24,44661.886813399266,0.0,44661.886813399266,0.0,44661.886813399266,71773.57297207505,71773.57297207505,0.0,71773.57297207505,False,22076.618271604933,17882.0608,39958.67907160493
0.9,0.25,CVaR90-L25,2025-10-25,44511.04706753249,0.0,44511.04706753249,0.0,44511.04706753249,71643.58937580764,71643.58937580764,0.0,71643.58937580764,False,22060.844444444443,17869.284,39930.128444444446
0.9,0.25,CVaR90-L25,2025-10-26,44242.849892502956,0.0,44242.849892502956,3361.780431025001,47604.630323527956,71343.4393148082,71343.4393148082,929.1847833333334,72272.62409814153,True,22045.62462962963,17856.95595,39902.58057962963
0.9,0.25,CVaR90-L25,2025-10-27,44312.22289636403,0.0,44312.22289636403,6796.260522633332,51108.48341899736,71455.4205070193,71455.4205070193,1692.0909333333332,73147.51144035264,True,22064.95333333334,17872.612200000003,39937.56553333334
0.9,0.25,CVaR90-L25,2025-10-28,44334.84528322194,0.0,44334.84528322194,8342.907497375001,52677.752780596944,71450.06490795396,71450.06490795396,1992.7985,73442.86340795396,True,22070.201467290826,17876.86318850557,39947.06465579639
0.9,0.25,CVaR90-L25,2025-10-29,44431.04644185431,0.0,44431.04644185431,14956.944952449994,59387.99139430431,71562.8003449978,71562.8003449978,3957.80408202953,75520.60442702733,True,22102.944979423868,17903.38543333333,40006.3304127572
0.9,0.25,CVaR90-L25,2025-10-30,45529.01608171084,0.0,45529.01608171084,4145.182373449998,49674.19845516084,73055.78164337514,73055.78164337514,1032.9675333333328,74088.74917670847,True,22618.464683699298,18320.956393796434,40939.42107749573
0.9,0.25,CVaR90-L25,2025-10-31,45044.463611144805,0.0,45044.463611144805,0.0,45044.463611144805,72976.60329073567,72976.60329073567,0.0,72976.60329073567,False,23045.038806584358,18666.481433333334,41711.52023991769
0.9,0.25,CVaR90-L25,2025-11-01,45039.732140102686,0.0,45039.732140102686,0.0,45039.732140102686,73033.31572618886,73033.31572618886,0.0,73033.31572618886,False,23023.99506172839,18649.436,41673.43106172839
0.9,0.25,CVaR90-L25,2025-11-02,45033.48321019719,0.0,45033.48321019719,6656.086096366673,51689.56930656386,73017.1794029682,73017.1794029682,1686.5332493897113,74703.71265235792,True,23028.537498132184,18653.11537348707,41681.652871619255
0.9,0.25,CVaR90-L25,2025-11-03,45391.40465103855,0.0,45391.40465103855,7568.733820316662,52960.13847135521,73532.67199161672,73532.67199161672,2451.4001365051363,75984.07212812186,True,23215.37417640571,18804.453082888624,42019.82725929433
0.9,0.25,CVaR90-L25,2025-11-04,46080.74251850747,0.0,46080.74251850747,2907.051119908331,48987.7936384158,74800.22339048411,74800.22339048411,737.4858833333332,75537.70927381744,True,23160.44598765432,18759.96125,41920.40723765432
0.9,0.25,CVaR90-L25,2025-11-05,46157.1395939088,0.0,46157.1395939088,5791.715542216665,51948.855136125465,74889.53585362491,74889.53585362491,1421.325549999999,76310.8614036249,True,23170.054300411524,18767.74398333333,41937.79828374485
0.9,0.25,CVaR90-L25,2025-11-06,46324.73197484362,0.0,46324.73197484362,11339.460402541663,57664.19237738528,75004.99145106686,75004.99145106686,2713.0925166666657,77718.08396773353,True,23173.76010288066,18770.745683333334,41944.505786213995
0.9,0.25,CVaR90-L25,2025-11-07,46762.32200258308,0.0,46762.32200258308,0.0,46762.32200258308,75601.95036624672,75601.95036624672,0.0,75601.95036624672,False,23117.27290123457,18724.99105,41842.26395123457
0.9,0.25,CVaR90-L25,2025-11-08,46755.92214505475,0.0,46755.92214505475,0.0,46755.92214505475,75588.11778227745,75588.11778227745,0.0,75588.11778227745,False,23117.27290123457,18724.99105,41842.26395123457
0.9,0.25,CVaR90-L25,2025-11-09,46751.26047599808,0.0,46751.26047599808,7906.593451141674,54657.85392713976,75581.50390570148,75581.50390570148,1967.721069310347,77549.22497501182,True,23117.27290123457,18724.99105,41842.26395123457
0.9,0.25,CVaR90-L25,2025-11-10,47148.08184023584,0.0,47148.08184023584,12541.276563483325,59689.35840371917,76141.25572756784,76141.25572756784,3350.3290833435967,79491.58481091144,True,23326.462448559672,18894.434583333332,42220.89703189301
0.9,0.25,CVaR90-L25,2025-11-11,48533.48542996198,0.0,48533.48542996198,2888.0093974249967,51421.494827386974,78115.7254365,78115.7254365,715.0364333333325,78830.76186983332,True,23421.656683333335,18971.541913499997,42393.19859683333
0.9,0.25,CVaR90-L25,2025-11-12,48527.546146224995,0.0,48527.546146224995,3205.5717207083353,51733.11786693333,78052.52201666665,78052.52201666665,703.450866666667,78755.97288333332,True,23404.84605,18957.925300500003,42362.7713505
0.9,0.25,CVaR90-L25,2025-11-13,48652.742324477265,0.0,48652.742324477265,5674.584605316666,54327.32692979393,78169.30216954596,78169.30216954596,1559.8886079743313,79729.19077752029,True,23387.3701,18943.769781000003,42331.139881
0.9,0.25,CVaR90-L25,2025-11-14,48889.931951947234,0.0,48889.931951947234,0.0,48889.931951947234,78618.41337883333,78618.41337883333,0.0,78618.41337883333,False,23388.102783333332,18944.3632545,42332.466037833336
0.9,0.25,CVaR90-L25,2025-11-15,48878.82693870223,0.0,48878.82693870223,0.0,48878.82693870223,78597.27341216666,78597.27341216666,0.0,78597.27341216666,False,23388.102783333332,18944.3632545,42332.466037833336
0.9,0.25,CVaR90-L25,2025-11-16,48856.35203526223,0.0,48856.35203526223,9796.057911650001,58652.40994691223,78569.4725455,78569.4725455,2440.5276000000003,81010.0001455,True,23388.102783333332,18944.3632545,42332.466037833336
0.9,0.25,CVaR90-L25,2025-11-17,49243.03688633541,0.0,49243.03688633541,3970.7667021916604,53213.803588527066,78950.54893028927,78950.54893028927,945.5476342855223,79896.0965645748,True,23349.693,18913.25133,42262.94433
0.9,0.25,CVaR90-L25,2025-11-18,49383.182192905755,0.0,49383.182192905755,7804.227928291674,57187.41012119743,79126.89187675925,79126.89187675925,2195.4025345847513,81322.294411344,True,23323.197583333334,18891.7900425,42214.98762583334
0.9,0.25,CVaR90-L25,2025-11-19,49788.44432335591,0.0,49788.44432335591,7159.324622491662,56947.768945847565,79725.05138315061,79725.05138315061,1698.3194125160578,81423.37079566666,True,23266.262433333333,18845.672571,42111.93500433333
0.9,0.25,CVaR90-L25,2025-11-20,50235.53269226665,0.0,50235.53269226665,6503.611475100007,56739.144167366656,80214.53650830765,80214.53650830765,1715.847354528385,81930.38386283602,True,23314.711471066854,18884.91629156415,42199.627762631004
0.9,0.25,CVaR90-L25,2025-11-21,50360.4814050282,0.0,50360.4814050282,0.0,50360.4814050282,80490.45286451516,80490.45286451516,0.0,80490.45286451516,False,23406.102613168725,18958.943116666665,42365.04572983539
0.9,0.25,CVaR90-L25,2025-11-22,50347.3872065122,0.0,50347.3872065122,0.0,50347.3872065122,80459.52072794325,80459.52072794325,0.0,80459.52072794325,False,23406.102613168725,18958.943116666665,42365.04572983539
0.9,0.25,CVaR90-L25,2025-11-23,50311.77475665719,0.0,50311.77475665719,8899.199176191669,59210.973932848865,80411.32914225083,80411.32914225083,2146.8713875845574,82558.20052983539,True,23406.102613168725,18958.943116666665,42365.04572983539
0.9,0.25,CVaR90-L25,2025-11-24,50794.75704227477,0.0,50794.75704227477,3505.052477366666,54299.809519641436,81005.38369522516,81005.38369522516,892.9757666666667,81898.35946189183,True,23390.628456790124,18946.40905,42337.03750679012
0.9,0.25,CVaR90-L25,2025-11-25,50890.951030668075,0.0,50890.951030668075,5584.138145199999,56475.089175868074,81085.5334370255,81085.5334370255,1518.548119457337,82604.08155648284,True,23453.363600823046,18997.22451666666,42450.58811748971
0.9,0.25,CVaR90-L25,2025-11-26,51168.83491944688,0.0,51168.83491944688,6513.98057225833,57682.815491705216,81576.16895702746,81576.16895702746,1726.3035022031795,83302.47245923064,True,23484.28552917303,19022.27127863015,42506.55680780318
0.9,0.25,CVaR90-L25,2025-11-27,51594.69116919539,0.0,51594.69116919539,4721.218232033336,56315.909401228724,82104.52906354955,82104.52906354955,1162.2668631915212,83266.79592674106,True,23489.279263549557,19026.316203475144,42515.5954670247
0.9,0.25,CVaR90-L25,2025-11-28,51718.5579044684,0.0,51718.5579044684,0.0,51718.5579044684,82223.42600568474,82223.42600568474,0.0,82223.42600568474,False,23567.935936213995,19090.028108333332,42657.96404454733
0.9,0.25,CVaR90-L25,2025-11-29,51703.93782446771,0.0,51703.93782446771,0.0,51703.93782446771,82198.47630913946,82198.47630913946,0.0,82198.47630913946,False,23567.935936213995,19090.02810833333,42657.96404454732
0.9,0.25,CVaR90-L25,2025-11-30,51680.06324981278,0.0,51680.06324981278,13697.013164149996,65377.07641396278,82165.15538969668,82165.15538969668,3763.5068833333326,85928.66227303002,True,23567.935936213995,19090.028108333332,42657.96404454733
0.9,0.25,CVaR90-L25,2025-12-01,52479.93360511518,0.0,52479.93360511518,30333.75161971666,82813.68522483183,83369.0520752689,83369.0520752689,8052.243600451378,91421.29567572028,True,24030.702139917692,19464.86873333333,43495.570873251025
0.9,0.25,CVaR90-L25,2025-12-02,54130.94379832083,0.0,54130.94379832083,30027.852047975004,84158.79584629583,85874.18955403645,85874.18955403645,7854.28438238329,93728.47393641974,True,24748.678086419754,20046.429249999997,44795.10733641975
0.9,0.25,CVaR90-L25,2025-12-03,57892.23592026833,0.0,57892.23592026833,8643.781316133338,66536.01723640166,90863.68130818181,90863.68130818181,2782.72055848485,93646.40186666667,True,24833.333333333332,20115.0,44948.33333333333
0.9,0.25,CVaR90-L25,2025-12-04,58823.3616612851,0.0,58823.3616612851,7184.516106983337,66007.87776826843,92391.78290102881,92391.78290102881,1775.2033500000005,94166.98625102881,True,24909.101584362143,20176.372283333334,45085.47386769547
0.9,0.25,CVaR90-L25,2025-12-05,58964.737551134254,0.0,58964.737551134254,0.0,58964.737551134254,92579.967226092,92579.967226092,0.0,92579.967226092,False,24862.96425925926,20139.00105,45001.96530925926
0.9,0.25,CVaR90-L25,2025-12-06,58951.19130096093,0.0,58951.19130096093,0.0,58951.19130096093,92568.50131710107,92568.50131710107,0.0,92568.50131710107,False,24862.96425925926,20139.00105,45001.96530925926
0.9,0.25,CVaR90-L25,2025-12-07,58948.04464729259,0.0,58948.04464729259,6412.6547466833335,65360.69939397593,92567.99156511427,92567.99156511427,1650.5016833333334,94218.4932484476,True,24862.96425925926,20139.00105,45001.96530925926
0.9,0.25,CVaR90-L25,2025-12-08,58755.36812546137,0.0,58755.36812546137,7465.250443383335,66220.6185688447,92214.72561431749,92214.72561431749,2124.3501738241675,94339.07578814165,True,24931.478806584364,20194.497833333335,45125.9766399177
0.9,0.25,CVaR90-L25,2025-12-09,59001.10338920614,0.0,59001.10338920614,7181.21630419166,66182.3196933978,92640.69340472345,92640.69340472345,1644.1188387158693,94284.81224343933,True,24964.199211461888,20221.00136128413,45185.20057274602
0.9,0.25,CVaR90-L25,2025-12-10,59400.45312795365,0.0,59400.45312795365,7874.745118691666,67275.19824664532,93078.5739554103,93078.5739554103,2255.2076145485325,95333.78156995884,True,25038.931069958846,20281.534166666668,45320.46523662552
0.9,0.25,CVaR90-L25,2025-12-11,59749.686182205965,0.0,59749.686182205965,2447.502139125001,62197.18832133096,93568.54265774948,93568.54265774948,818.652316666667,94387.19497441615,True,25113.626893004115,20342.037783333333,45455.664676337445
0.9,0.25,CVaR90-L25,2025-12-12,59791.61344032141,0.0,59791.61344032141,0.0,59791.61344032141,93674.12950329648,93674.12950329648,0.0,93674.12950329648,False,25113.626893004115,20342.037783333333,45455.664676337445
0.9,0.25,CVaR90-L25,2025-12-13,59776.13153479317,0.0,59776.13153479317,0.0,59776.13153479317,93657.65995787438,93657.65995787438,0.0,93657.65995787438,False,25113.626893004115,20342.037783333333,45455.664676337445
0.9,0.25,CVaR90-L25,2025-12-14,59747.47400076852,0.0,59747.47400076852,5609.8065437916675,65357.280544560184,93632.65681185169,93632.65681185169,1556.112016666667,95188.76882851835,True,25113.626893004115,20342.037783333333,45455.664676337445
0.9,0.25,CVaR90-L25,2025-12-15,60000.29577593182,0.0,60000.29577593182,6869.084746274999,66869.38052220682,93979.36292486427,93979.36292486427,2049.203905117945,96028.56682998221,True,25141.411872427983,20364.543616666666,45505.955489094646
0.9,0.25,CVaR90-L25,2025-12-16,60232.19153906067,0.0,60232.19153906067,5650.643548333334,65882.835087394,94383.91638543188,94383.91638543188,1590.011423203022,95973.9278086349,True,25115.605102880658,20343.640133333334,45459.24523621399
0.9,0.25,CVaR90-L25,2025-12-17,60440.398588310054,0.0,60440.398588310054,2559.8707363583317,63000.269324668385,94725.6797347257,94725.6797347257,780.2115248036969,95505.8912595294,True,25094.46722222222,20326.51845,45420.98567222222
0.9,0.25,CVaR90-L25,2025-12-18,60512.32804637923,0.0,60512.32804637923,3162.821220733351,63675.14926711258,94834.57805974294,94834.57805974294,880.6014858664767,95715.17954560941,True,25103.969971441322,20334.21567686747,45438.18564830879
0.9,0.25,CVaR90-L25,2025-12-19,60615.808515284545,0.0,60615.808515284545,0.0,60615.808515284545,94945.07613370288,94945.07613370288,0.0,94945.07613370288,False,25123.65699534052,20350.162166225822,45473.81916156634
0.9,0.25,CVaR90-L25,2025-12-20,60606.112460346136,0.0,60606.112460346136,0.0,60606.112460346136,94940.56426955159,94940.56426955159,0.0,94940.56426955159,False,25113.802119341563,20342.179716666666,45455.98183600823
0.9,0.25,CVaR90-L25,2025-12-21,60607.10108216903,0.0,60607.10108216903,4349.174765924989,64956.27584809402,94945.13675121652,94945.13675121652,1301.4863700530627,96246.62312126959,True,25113.802119341563,20342.179716666666,45455.98183600823
0.9,0.25,CVaR90-L25,2025-12-22,60618.56689504889,0.0,60618.56689504889,3650.2764919249994,64268.84338697389,94972.8426621097,94972.8426621097,955.448712207497,95928.2913743172,True,25094.46722222222,20326.518450000003,45420.985672222225
0.9,0.25,CVaR90-L25,2025-12-23,60737.66173725804,0.0,60737.66173725804,1304.0583160666638,62041.7200533247,95136.73700801605,95136.73700801605,320.9585805074824,95457.69558852354,True,25114.52166265558,20342.762546751022,45457.2842094066
0.9,0.25,CVaR90-L25,2025-12-24,60786.047984580466,0.0,60786.047984580466,3027.473100733329,63813.5210853138,95223.72667954626,95223.72667954626,763.289906929248,95987.01658647551,True,25120.466399176952,20347.57778333333,45468.04418251028
0.9,0.25,CVaR90-L25,2025-12-25,60928.03341919051,0.0,60928.03341919051,2337.8338855249985,63265.86730471551,95395.27793679622,95395.27793679622,717.0608666666664,96112.33880346289,True,25157.830329218108,20377.842566666666,45535.672895884774
0.9,0.25,CVaR90-L25,2025-12-26,60958.04995159713,0.0,60958.04995159713,0.0,60958.04995159713,95440.77745122567,95440.77745122567,0.0,95440.77745122567,False,25157.830329218108,20377.842566666666,45535.672895884774
0.9,0.25,CVaR90-L25,2025-12-27,60945.634037341726,0.0,60945.634037341726,0.0,60945.634037341726,95422.67738198297,95422.67738198297,0.0,95422.67738198297,False,25157.830329218108,20377.842566666666,45535.672895884774
0.9,0.25,CVaR90-L25,2025-12-28,60945.466493810396,0.0,60945.466493810396,1656.0994683541676,62601.56596216456,95419.17917395328,95419.17917395328,424.43351949156386,95843.61269344484,True,25157.830329218108,20377.842566666666,45535.672895884774
0.9,0.25,CVaR90-L25,2025-12-29,60991.158697769584,0.0,60991.158697769584,1940.987894750004,62932.14659251959,95497.96200295603,95497.96200295603,556.5692317334749,96054.53123468951,True,25157.830329218108,20377.842566666666,45535.672895884774
0.9,0.25,CVaR90-L25,2025-12-30,61030.3983478719,0.0,61030.3983478719,1034.353207466666,62064.75155533857,95561.08348506643,95561.08348506643,223.64301666666654,95784.7265017331,True,25170.171275720164,20387.83873333333,45558.0100090535
0.9,0.25,CVaR90-L25,2025-12-31,61041.295301595535,0.0,61041.295301595535,2870.575277275001,63911.870578870534,95581.74964022587,95581.74964022587,778.6298410258667,96360.37948125173,True,25170.171275720164,20387.83873333333,45558.0100090535
0.9,0.5,CVaR90-L50,2025-02-01,63528.71325139864,0.0,63528.71325139864,0.0,63528.71325139864,99140.55861603793,99140.55861603793,0.0,99140.55861603793,False,25493.62339506173,20649.834949999997,46143.45834506173
0.9,0.5,CVaR90-L50,2025-02-02,63384.90819147991,0.0,63384.90819147991,38.11992183333346,63423.028113313245,98924.26975336109,98924.26975336109,7.448499999999967,98931.71825336109,True,25491.784156378602,20648.345166666666,46140.12932304527
0.9,0.5,CVaR90-L50,2025-02-03,62958.53438970962,0.0,62958.53438970962,11.32514388333316,62969.85953359295,98296.35403641037,98296.35403641037,5.21634999999992,98301.57038641037,True,25474.9487037037,20634.70845,46109.657153703694
0.9,0.5,CVaR90-L50,2025-02-04,62958.796192801165,0.0,62958.796192801165,173.60552660000042,63132.40171940117,98297.10149141212,98297.10149141212,69.18088333333333,98366.28237474545,True,25474.9487037037,20634.70845,46109.657153703694
0.9,0.5,CVaR90-L50,2025-02-05,62972.7443351137,0.0,62972.7443351137,37.48391390000062,63010.2282490137,98317.27678743737,98317.27678743737,6.233133333333399,98323.5099207707,True,25474.9487037037,20634.70845,46109.657153703694
0.9,0.5,CVaR90-L50,2025-02-06,62917.78960186268,0.0,62917.78960186268,15.003368333332702,62932.79297019601,98212.25789108031,98212.25789108031,2.2283333333332394,98214.48622441365,True,25455.3378600823,20618.823666666663,46074.16152674897
0.9,0.5,CVaR90-L50,2025-02-07,62804.926842534594,0.0,62804.926842534594,0.0,62804.926842534594,98138.0928727279,98138.0928727279,0.0,98138.0928727279,False,25455.3378600823,20618.823666666667,46074.16152674897
0.9,0.5,CVaR90-L50,2025-02-08,62303.35712944862,0.0,62303.35712944862,0.0,62303.35712944862,97350.19254085049,97350.19254085049,0.0,97350.19254085049,False,25374.950102880655,20553.709583333333,45928.659686213985
0.9,0.5,CVaR90-L50,2025-02-09,62136.49054614045,0.0,62136.49054614045,48.38760937500019,62184.87815551545,97150.91265352009,97150.91265352009,19.258750000000077,97170.17140352009,True,25377.383971193416,20555.68101666667,45933.06498786008
0.9,0.5,CVaR90-L50,2025-02-10,62029.598461123256,0.0,62029.598461123256,32.918202633333436,62062.51666375659,96964.70067208898,96964.70067208898,9.71365000000003,96974.41432208898,True,25281.110442142464,20477.699458135397,45758.80990027786
0.9,0.5,CVaR90-L50,2025-02-11,62040.233066222936,0.0,62040.233066222936,0.0,62040.233066222936,96977.71459667174,96977.71459667174,0.0,96977.71459667174,False,25282.85327799451,20479.111155175553,45761.96443317006
0.9,0.5,CVaR90-L50,2025-02-12,62037.74189372298,0.0,62037.74189372298,25.270210574999663,62063.01210429798,96974.13513548544,96974.13513548544,4.060449999999946,96978.19558548545,True,25282.445016032183,20478.78046298607,45761.22547901825
0.9,0.5,CVaR90-L50,2025-02-13,61764.595693992,0.0,61764.595693992,43.86352191666573,61808.45921590867,96533.31465444199,96533.31465444199,6.5031166666665285,96539.81777110865,True,25335.631213991768,20521.86128333333,45857.4924973251
0.9,0.5,CVaR90-L50,2025-02-14,61670.66823225566,0.0,61670.66823225566,0.0,61670.66823225566,96364.62902665259,96364.62902665259,0.0,96364.62902665259,False,25335.631213991768,20521.861283333335,45857.4924973251
0.9,0.5,CVaR90-L50,2025-02-15,61596.945850025564,0.0,61596.945850025564,0.0,61596.945850025564,96223.89710710425,96223.89710710425,0.0,96223.89710710425,False,25335.631213991768,20521.86128333333,45857.4924973251
0.9,0.5,CVaR90-L50,2025-02-16,61153.9753165415,0.0,61153.9753165415,144.8758893333323,61298.85120587483,95716.94685109991,95716.94685109991,21.44233333333318,95738.38918443325,True,25199.27637046923,20411.413860080076,45610.690230549306
0.9,0.5,CVaR90-L50,2025-02-17,60591.87428444468,0.0,60591.87428444468,242.54244455833248,60834.41672900302,95079.62328852568,95079.62328852568,35.96856666666656,95115.59185519234,True,25180.655437511745,20396.33090438451,45576.986341896256
0.9,0.5,CVaR90-L50,2025-02-18,60591.87428444468,0.0,60591.87428444468,51.891689750000175,60643.765974194685,95079.62328852568,95079.62328852568,8.288083333333361,95087.91137185901,True,25180.655437511745,20396.33090438451,45576.986341896256
0.9,0.5,CVaR90-L50,2025-02-19,60591.874284444675,0.0,60591.874284444675,410.66448653333464,61002.53877097801,95068.563998142,95068.563998142,90.11180000000024,95158.675798142,True,25180.655437511745,20396.33090438451,45576.986341896256
0.9,0.5,CVaR90-L50,2025-02-20,60367.10665918983,0.0,60367.10665918983,345.5784932999993,60712.68515248982,94860.66628605529,94860.66628605529,61.99419999999998,94922.66048605529,True,25038.742798353906,20281.381666666668,45320.12446502058
0.9,0.5,CVaR90-L50,2025-02-21,60037.5560348196,0.0,60037.5560348196,0.0,60037.5560348196,94652.43755671309,94652.43755671309,0.0,94652.43755671309,False,24993.5883127572,20244.806533333336,45238.39484609054
0.9,0.5,CVaR90-L50,2025-02-22,59895.719229476264,0.0,59895.719229476264,0.0,59895.719229476264,94466.84529679074,94466.84529679074,0.0,94466.84529679074,False,24993.5883127572,20244.806533333336,45238.39484609054
0.9,0.5,CVaR90-L50,2025-02-23,59345.31075293968,0.0,59345.31075293968,105.40693524166774,59450.71768818135,93722.04331753743,93722.04331753743,21.69836666666697,93743.7416842041,True,24919.416913580244,20184.727700000003,45104.14461358025
0.9,0.5,CVaR90-L50,2025-02-24,58387.041763866786,0.0,58387.041763866786,281.56556170833187,58668.60732557512,92296.69624124248,92296.69624124248,45.40571666666642,92342.10195790914,True,24853.057016460905,20130.976183333332,44984.03319979424
0.9,0.5,CVaR90-L50,2025-02-25,58422.79804573192,0.0,58422.79804573192,374.97521437500086,58797.77326010692,92325.16888241321,92325.16888241321,76.11776666666674,92401.28664907988,True,24853.057016460905,20130.976183333332,44984.03319979424
0.9,0.5,CVaR90-L50,2025-02-26,58426.25573458525,0.0,58426.25573458525,133.55276583333324,58559.80850041858,92328.98194907988,92328.98194907988,36.00999999999999,92364.99194907988,True,24853.057016460905,20130.976183333332,44984.03319979424
0.9,0.5,CVaR90-L50,2025-02-27,57755.56754368999,0.0,57755.56754368999,48.214741983333326,57803.782285673326,91293.84150440048,91293.84150440048,7.481400000000008,91301.32290440048,True,24833.333333333332,20115.0,44948.33333333333
0.9,0.5,CVaR90-L50,2025-02-28,57289.57041267982,0.0,57289.57041267982,0.0,57289.57041267982,90656.21000352391,90656.21000352391,0.0,90656.21000352391,False,24833.333333333332,20115.0,44948.33333333333
0.9,0.5,CVaR90-L50,2025-03-01,55959.529592597595,0.0,55959.529592597595,0.0,55959.529592597595,88768.58479356003,88768.58479356003,0.0,88768.58479356003,False,24666.196625514403,19979.619266666665,44645.81589218107
0.9,0.5,CVaR90-L50,2025-03-02,55787.96128207593,0.0,55787.96128207593,1681.957839116666,57469.91912119259,88501.04452917172,88501.04452917172,435.9401499999998,88936.98467917171,True,24666.196625514403,19979.619266666665,44645.81589218107
0.9,0.5,CVaR90-L50,2025-03-03,54831.54062721532,0.0,54831.54062721532,1430.895865874999,56262.43649309032,87342.69506540039,87342.69506540039,262.3702166666666,87605.06528206705,True,24647.736467559655,19964.66653872332,44612.40300628297
0.9,0.5,CVaR90-L50,2025-03-04,54819.27134544034,0.0,54819.27134544034,766.3989940750016,55585.670339515345,87316.8634180185,87316.8634180185,202.108166666667,87518.97158468518,True,24638.886668934916,19957.498201837283,44596.3848707722
0.9,0.5,CVaR90-L50,2025-03-05,54829.70925971815,0.0,54829.70925971815,822.000869416668,55651.710129134815,87339.46554689293,87339.46554689293,141.30280000000016,87480.76834689293,True,24634.360452674897,19953.831966666665,44588.19241934156
0.9,0.5,CVaR90-L50,2025-03-06,54825.54918086445,0.0,54825.54918086445,788.9173069333306,55614.466487797785,87331.70730339913,87331.70730339913,185.02631770594382,87516.73362110507,True,24634.360452674897,19953.83196666667,44588.19241934156
0.9,0.5,CVaR90-L50,2025-03-07,54776.53212633913,0.0,54776.53212633913,0.0,54776.53212633913,87274.26108899552,87274.26108899552,0.0,87274.26108899552,False,24655.53557613169,19970.983816666667,44626.51939279836
0.9,0.5,CVaR90-L50,2025-03-08,54181.183391059065,0.0,54181.183391059065,0.0,54181.183391059065,86553.85771597395,86553.85771597395,0.0,86553.85771597395,False,24456.193762074527,19809.51694728037,44265.7107093549
0.9,0.5,CVaR90-L50,2025-03-09,53363.507499178784,0.0,53363.507499178784,784.5382406666674,54148.04573984545,85414.52580411939,85414.52580411939,130.07073333333346,85544.59653745271,True,24429.66453745272,19788.02827533671,44217.692812789435
0.9,0.5,CVaR90-L50,2025-03-10,52203.08860808096,0.0,52203.08860808096,937.5468492083313,53140.63545728929,83659.17528455633,83659.17528455633,264.51716666666624,83923.692451223,True,23886.13473251029,19347.769133333328,43233.90386584362
0.9,0.5,CVaR90-L50,2025-03-11,52205.39350885929,0.0,52205.39350885929,406.36595469999634,52611.75946355929,83665.80965501405,83665.80965501405,126.10774551410361,83791.91740052815,True,23886.13473251029,19347.769133333328,43233.90386584362
0.9,0.5,CVaR90-L50,2025-03-12,52219.94301449434,0.0,52219.94301449434,852.9280246749959,53072.87103916934,83684.87068024576,83684.87068024576,244.96486749986605,83929.83554774562,True,23886.13473251029,19347.76913333333,43233.90386584362
0.9,0.5,CVaR90-L50,2025-03-13,51104.40654575164,0.0,51104.40654575164,1718.499529658332,52822.90607540997,82100.74231362401,82100.74231362401,446.9541024679721,82547.69641609199,True,23574.488806584362,19095.335933333336,42669.8247399177
0.9,0.5,CVaR90-L50,2025-03-14,51094.74886284911,0.0,51094.74886284911,0.0,51094.74886284911,82092.36590044858,82092.36590044858,0.0,82092.36590044858,False,23537.151872427985,19065.09301666667,42602.244889094654
0.9,0.5,CVaR90-L50,2025-03-15,50931.48262352166,0.0,50931.48262352166,19.356026666666803,50950.83865018833,81883.73881893673,81883.73881893673,9.053333333333399,81892.79215227006,True,23547.398621399178,19073.392883333334,42620.79150473251
0.9,0.5,CVaR90-L50,2025-03-16,50551.06753009246,0.0,50551.06753009246,147.77742795000032,50698.844958042464,81474.18023000084,81474.18023000084,51.06124999999997,81525.24148000084,True,23331.84475308642,18898.79425,42230.63900308642
0.9,0.5,CVaR90-L50,2025-03-17,50418.28858656186,0.0,50418.28858656186,925.8536455666676,51344.14223212853,81307.64415815931,81307.64415815931,172.25046666666674,81479.89462482597,True,23331.84475308642,18898.79425,42230.63900308642
0.9,0.5,CVaR90-L50,2025-03-18,50429.02364626258,0.0,50429.02364626258,206.3556078916673,50635.37925415425,81316.12254608006,81316.12254608006,74.8739333333333,81390.9964794134,True,23331.84475308642,18898.79425,42230.63900308642
0.9,0.5,CVaR90-L50,2025-03-19,50436.40248740994,0.0,50436.40248740994,86.12920676666693,50522.53169417661,81325.01114908632,81325.01114908632,33.64783333333355,81358.65898241966,True,23331.84475308642,18898.79425,42230.63900308642
0.9,0.5,CVaR90-L50,2025-03-20,49204.48525886572,0.0,49204.48525886572,820.942578425,50025.42783729072,79682.5302967228,79682.5302967228,163.14446666666686,79845.67476338947,True,23326.54528765432,18894.501683,42221.04697065432
0.9,0.5,CVaR90-L50,2025-03-21,49153.36289299415,0.0,49153.36289299415,0.0,49153.36289299415,79582.96354659302,79582.96354659302,0.0,79582.96354659302,False,23329.560170987654,18896.943738500002,42226.503909487656
0.9,0.5,CVaR90-L50,2025-03-22,49046.91436903011,0.0,49046.91436903011,23.98479666666673,49070.89916569678,79407.56232522146,79407.56232522146,11.218333333333362,79418.7806585548,True,23280.318833539095,18857.058255166667,42137.37708870576
0.9,0.5,CVaR90-L50,2025-03-23,49286.84955746849,0.0,49286.84955746849,671.2434592416686,49958.09301671016,79719.26438296783,79719.26438296783,147.09413333333362,79866.35851630116,True,23270.317983539095,18848.95756666667,42119.27555020577
0.9,0.5,CVaR90-L50,2025-03-24,48611.51783417557,0.0,48611.51783417557,251.9198839583346,48863.4377181339,78802.2595692706,78802.2595692706,105.08995000000039,78907.34951927059,True,23280.318833539095,18857.058255166667,42137.37708870576
0.9,0.5,CVaR90-L50,2025-03-25,48620.41276295724,0.0,48620.41276295724,512.022988466666,49132.43575142391,78809.7413294793,78809.7413294793,142.91573333333304,78952.65706281262,True,23280.318833539095,18857.058255166667,42137.37708870576
0.9,0.5,CVaR90-L50,2025-03-26,48621.29385603733,0.0,48621.29385603733,388.44258619166675,49009.736442229,78811.59646648212,78811.59646648212,113.01281666666671,78924.60928314879,True,23280.318833539095,18857.058255166667,42137.37708870576
0.9,0.5,CVaR90-L50,2025-03-27,48107.408500954945,0.0,48107.408500954945,630.4841044750003,48737.892605429945,78049.38467789305,78049.38467789305,199.55216666666672,78248.9368445597,True,23274.712866460904,18852.517421833334,42127.23028829424
0.9,0.5,CVaR90-L50,2025-03-28,48001.433067118196,0.0,48001.433067118196,0.0,48001.433067118196,77924.80358437824,77924.80358437824,0.0,77924.80358437824,False,23274.712866460904,18852.517421833334,42127.23028829424
0.9,0.5,CVaR90-L50,2025-03-29,48033.61961359614,0.0,48033.61961359614,0.0,48033.61961359614,77951.20568302891,77951.20568302891,0.0,77951.20568302891,False,23274.712866460904,18852.517421833334,42127.23028829424
0.9,0.5,CVaR90-L50,2025-03-30,47864.13892144153,0.0,47864.13892144153,525.7211158250001,48389.86003726653,77730.51924462758,77730.51924462758,216.10281666666685,77946.62206129424,True,23274.712866460904,18852.517421833334,42127.23028829424
0.9,0.5,CVaR90-L50,2025-03-31,47603.6479633482,0.0,47603.6479633482,109.64858923333288,47713.29655258153,77348.63646821081,77348.63646821081,49.353399999999965,77397.9898682108,True,23274.712866460904,18852.517421833334,42127.23028829424
0.9,0.5,CVaR90-L50,2025-04-01,47607.08756060153,0.0,47607.08756060153,813.1571681916669,48420.2447287932,77354.90579946741,77354.90579946741,254.8938833333333,77609.79968280075,True,23274.712866460904,18852.517421833334,42127.23028829424
0.9,0.5,CVaR90-L50,2025-04-02,47625.2245161032,0.0,47625.2245161032,884.9967526500002,48510.221268753194,77387.05461037907,77387.05461037907,272.5487166666667,77659.60332704574,True,23274.712866460904,18852.517421833334,42127.23028829424
0.9,0.5,CVaR90-L50,2025-04-03,47237.10548287174,0.0,47237.10548287174,818.6183256333306,48055.72380850507,76954.84595545381,76954.84595545381,285.51617787950636,77240.36213333331,True,23203.866666666665,18795.132,41998.99866666667
0.9,0.5,CVaR90-L50,2025-04-04,46294.62000617648,0.0,46294.62000617648,0.0,46294.62000617648,75865.44701493176,75865.44701493176,0.0,75865.44701493176,False,23203.866666666665,18795.131999999998,41998.99866666667
0.9,0.5,CVaR90-L50,2025-04-05,45187.12166600219,0.0,45187.12166600219,0.0,45187.12166600219,74364.87112576293,74364.87112576293,0.0,74364.87112576293,False,22711.789859096276,18396.54978586798,41108.33964496426
0.9,0.5,CVaR90-L50,2025-04-06,45361.91548731808,0.0,45361.91548731808,813.5734950749995,46175.48898239308,74626.45741365172,74626.45741365172,222.48721666666654,74848.94463031838,True,22955.240220966443,18593.74457898282,41548.98479994926
0.9,0.5,CVaR90-L50,2025-04-07,44846.76743994,0.0,44846.76743994,327.53204109999945,45174.29948104,73906.00764658768,73906.00764658768,115.37386666666657,74021.38151325434,True,22544.939663254343,18261.401127236022,40806.340790490365
0.9,0.5,CVaR90-L50,2025-04-08,44855.97382932242,0.0,44855.97382932242,474.06834744166446,45330.04217676409,73918.94675146455,73918.94675146455,137.67511666666599,74056.62186813122,True,22538.691684797886,18256.340264686296,40795.03194948418
0.9,0.5,CVaR90-L50,2025-04-09,44873.19971220191,0.0,44873.19971220191,699.5579712916657,45572.757683493575,73942.9952914392,73942.9952914392,232.48791666666648,74175.48320810587,True,22556.48800810588,18270.755286565764,40827.24329467164
0.9,0.5,CVaR90-L50,2025-04-10,44910.80503907302,0.0,44910.80503907302,1060.9034647749972,45971.708503848015,74004.27635954211,74004.27635954211,290.6498833333326,74294.92624287544,True,22581.10142620879,18290.69215522912,40871.79358143791
0.9,0.5,CVaR90-L50,2025-04-11,43827.74705260137,0.0,43827.74705260137,0.0,43827.74705260137,72143.02705309131,72143.02705309131,0.0,72143.02705309131,False,22116.446440329215,17914.321616666664,40030.768056995876
0.9,0.5,CVaR90-L50,2025-04-12,43512.24994622645,0.0,43512.24994622645,0.0,43512.24994622645,71697.48639958183,71697.48639958183,0.0,71697.48639958183,False,21970.308780190906,17795.950111954633,39766.25889214554
0.9,0.5,CVaR90-L50,2025-04-13,43409.5322853044,0.0,43409.5322853044,775.6999234416664,44185.23220874606,71669.77032241368,71669.77032241368,209.33531666666647,71879.10563908034,True,22045.906316872424,17857.184116666664,39903.09043353909
0.9,0.5,CVaR90-L50,2025-04-14,42314.59782483171,0.0,42314.59782483171,821.8850848333335,43136.48290966504,70162.43744771456,70162.43744771456,205.17558333333352,70367.61303104789,True,21979.288045267487,17803.223316666663,39782.51136193415
0.9,0.5,CVaR90-L50,2025-04-15,42331.136921505386,0.0,42331.136921505386,703.986120441667,43035.12304194705,70179.49207705751,70179.49207705751,159.02298483423328,70338.51506189174,True,21979.288045267487,17803.223316666663,39782.51136193415
0.9,0.5,CVaR90-L50,2025-04-16,42343.99125237859,0.0,42343.99125237859,916.052892983332,43260.04414536192,70176.90845124307,70176.90845124307,290.09109565859205,70466.99954690166,True,21979.288045267487,17803.223316666663,39782.51136193415
0.9,0.5,CVaR90-L50,2025-04-17,41204.017285368114,0.0,41204.017285368114,420.9575988666677,41624.97488423478,68524.37587014594,68524.37587014594,116.44910000000004,68640.82497014594,True,21681.325843621402,17561.87393333333,39243.19977695473
0.9,0.5,CVaR90-L50,2025-04-18,41196.04298877691,0.0,41196.04298877691,0.0,41196.04298877691,68515.58105725297,68515.58105725297,0.0,68515.58105725297,False,21681.325843621402,17561.87393333333,39243.19977695473
0.9,0.5,CVaR90-L50,2025-04-19,41124.260913288825,0.0,41124.260913288825,1.9633966666665823,41126.22430995549,68462.37691313922,68462.37691313922,0.9183333333332939,68463.29524647255,True,21653.431193415636,17539.279266666665,39192.7104600823
0.9,0.5,CVaR90-L50,2025-04-20,41015.98664713106,0.0,41015.98664713106,198.7485168583332,41214.73516398939,68320.18732662537,68320.18732662537,84.21195,68404.39927662537,True,21647.805905349793,17534.722783333327,39182.528688683116
0.9,0.5,CVaR90-L50,2025-04-21,40668.33716184611,0.0,40668.33716184611,648.28236405,41316.61952589611,67915.36220012968,67915.36220012968,250.05612380300443,68165.41832393268,True,21594.37030561495,17491.43994754811,39085.81025316306
0.9,0.5,CVaR90-L50,2025-04-22,40684.27399592184,0.0,40684.27399592184,638.9231953166664,41323.197191238505,67942.52764403832,67942.52764403832,182.25681666666662,68124.78446070498,True,21596.716147403306,17493.340079396683,39090.05622679999
0.9,0.5,CVaR90-L50,2025-04-23,40688.32345980049,0.0,40688.32345980049,942.376290258333,41630.699750058826,67948.7582262602,67948.7582262602,265.95701666666685,68214.71524292686,True,21596.869934583483,17493.464647012624,39090.33458159611
0.9,0.5,CVaR90-L50,2025-04-24,40697.6952907372,0.0,40697.6952907372,686.2191157500007,41383.9144064872,67966.95806395514,67966.95806395514,166.76570000000027,68133.72376395515,True,21605.14917695473,17500.17083333333,39105.32001028806
0.9,0.5,CVaR90-L50,2025-04-25,40592.07986461765,0.0,40592.07986461765,0.0,40592.07986461765,67843.45375082309,67843.45375082309,0.0,67843.45375082309,False,21573.882716049382,17474.845,39048.72771604938
0.9,0.5,CVaR90-L50,2025-04-26,40317.91045252359,0.0,40317.91045252359,0.0,40317.91045252359,67462.59866109487,67462.59866109487,0.0,67462.59866109487,False,21578.933127572014,17478.935833333333,39057.86896090535
0.9,0.5,CVaR90-L50,2025-04-27,40299.45995638964,0.0,40299.45995638964,524.2973877583327,40823.757344147976,67431.56769059811,67431.56769059811,234.81736666666632,67666.38505726478,True,21578.933127572014,17478.93583333333,39057.86896090534
0.9,0.5,CVaR90-L50,2025-04-28,40467.050156672965,0.0,40467.050156672965,1442.6910108500006,41909.74116752297,67773.25328089026,67773.25328089026,518.2832666666668,68291.53654755693,True,21786.567737235597,17647.11986716083,39433.68760439643
0.9,0.5,CVaR90-L50,2025-04-29,40474.8413058402,0.0,40474.8413058402,179.46509187499936,40654.3063977152,67786.99723634479,67786.99723634479,64.28249999999991,67851.27973634479,True,21782.88674101374,17644.13826022113,39427.02500123487
0.9,0.5,CVaR90-L50,2025-04-30,40476.95740414324,0.0,40476.95740414324,961.9100399500004,41438.867444093245,67793.06400178687,67793.06400178687,295.3477833333334,68088.4117851202,True,21790.179128703086,17650.0450942495,39440.22422295259
0.9,0.5,CVaR90-L50,2025-05-01,40491.93743762339,0.0,40491.93743762339,9413.808658641668,49905.74609626506,67812.86675836767,67812.86675836767,2061.6923333333334,69874.55909170101,True,21791.1176275211,17650.805278292086,39441.92290581319
0.9,0.5,CVaR90-L50,2025-05-02,40241.9837312038,0.0,40241.9837312038,0.0,40241.9837312038,67332.96038934596,67332.96038934596,0.0,67332.96038934596,False,21566.96502057613,17469.24166666667,39036.2066872428
0.9,0.5,CVaR90-L50,2025-05-03,40043.07076917526,0.0,40043.07076917526,52.39881666666665,40095.46958584193,67039.57873623581,67039.57873623581,24.508333333333326,67064.08706956914,True,21557.29539067842,17461.409266449522,39018.70465712794
0.9,0.5,CVaR90-L50,2025-05-04,38479.030627588654,0.0,38479.030627588654,7028.681706616669,45507.712334205324,64790.696568698964,64790.696568698964,1578.4602793470372,66369.156848046,True,21516.88442386831,17428.67638333333,38945.56080720164
0.9,0.5,CVaR90-L50,2025-05-05,39175.33906360154,0.0,39175.33906360154,4192.283301875938,43367.62236547748,65448.0984959428,65448.0984959428,1054.4848203123395,66502.58331625514,True,21516.477366255138,17428.346666666665,38944.8240329218
0.9,0.5,CVaR90-L50,2025-05-06,39121.371272056,0.0,39121.371272056,4141.941855233327,43263.31312728933,65451.58570124052,65451.58570124052,1062.703990702873,66514.28969194338,True,21516.477366255138,17428.346666666668,38944.82403292181
0.9,0.5,CVaR90-L50,2025-05-07,39121.34748655188,0.0,39121.34748655188,4416.208395825,43537.55588237688,65436.32204565428,65436.32204565428,987.6525333333335,66423.9745789876,True,21516.477366255138,17428.346666666665,38944.8240329218
0.9,0.5,CVaR90-L50,2025-05-08,39170.02419866233,0.0,39170.02419866233,5617.580016149999,44787.60421481233,65457.06126993474,65457.06126993474,1359.8444741723847,66816.90574410712,True,21500.015,17415.01215,38915.027149999994
0.9,0.5,CVaR90-L50,2025-05-09,39275.31657219805,0.0,39275.31657219805,0.0,39275.31657219805,65655.4100035018,65655.4100035018,0.0,65655.4100035018,False,21579.41812757201,17479.328683333333,39058.746810905344
0.9,0.5,CVaR90-L50,2025-05-10,39368.956721163515,0.0,39368.956721163515,12.931336666666573,39381.88805783018,65779.66048880984,65779.66048880984,6.048333333333289,65785.70882214318,True,21553.569691922195,17458.39145045698,39011.96114237918
0.9,0.5,CVaR90-L50,2025-05-11,38784.89948683267,0.0,38784.89948683267,3581.9674171083316,42366.866903941,64663.03995284629,64663.03995284629,883.2231166666662,65546.26306951295,True,21333.851959102038,17280.420086872655,38614.27204597469
0.9,0.5,CVaR90-L50,2025-05-12,38661.75297295274,0.0,38661.75297295274,3411.0569313416677,42072.80990429441,64381.067581724434,64381.067581724434,1126.9057290661724,65507.97331079061,True,20989.09358024691,17001.1658,37990.259380246905
0.9,0.5,CVaR90-L50,2025-05-13,38668.63674142616,0.0,38668.63674142616,1452.491458075001,40121.12819950117,64423.415684776526,64423.415684776526,381.68618333333353,64805.10186810986,True,20999.40241145829,17009.51595328121,38008.9183647395
0.9,0.5,CVaR90-L50,2025-05-14,38696.7051343468,0.0,38696.7051343468,1315.9120235166706,40012.61715786347,64455.385739450954,64455.385739450954,381.28822414137176,64836.67396359233,True,21000.111873164067,17010.09061726289,38010.20249042696
0.9,0.5,CVaR90-L50,2025-05-15,38735.55660127259,0.0,38735.55660127259,1812.347172155556,40547.903773428145,64530.8100581866,64530.8100581866,458.4081244311649,64989.21818261777,True,20927.57067987918,16951.332250702133,37878.90293058132
0.9,0.5,CVaR90-L50,2025-05-16,38767.8128487472,0.0,38767.8128487472,0.0,38767.8128487472,64571.92158007334,64571.92158007334,0.0,64571.92158007334,False,20912.00956278628,16938.727745856886,37850.73730864316
0.9,0.5,CVaR90-L50,2025-05-17,38771.21145849877,0.0,38771.21145849877,7.614843333333213,38778.82630183211,64579.93061193707,64579.93061193707,3.5616666666666106,64583.492278603735,True,20886.105458007092,16917.745420985746,37803.85087899284
0.9,0.5,CVaR90-L50,2025-05-18,38690.84079634983,0.0,38690.84079634983,2928.330501616665,41619.171297966495,64393.58855696299,64393.58855696299,1128.959316666666,65522.54787362966,True,20806.477617224555,16853.246869951887,37659.72448717644
0.9,0.5,CVaR90-L50,2025-05-19,38774.309565812175,0.0,38774.309565812175,1288.4465690999982,40062.756134912175,64533.83564748398,64533.83564748398,238.94558782625722,64772.78123531024,True,20816.92437429256,16861.708743176972,37678.63311746954
0.9,0.5,CVaR90-L50,2025-05-20,38791.22503438802,0.0,38791.22503438802,4386.5834931499985,43177.80852753802,64565.82478313012,64565.82478313012,1092.6090516550744,65658.43383478519,True,20815.262576857152,16860.36268725429,37675.62526411144
0.9,0.5,CVaR90-L50,2025-05-21,38825.46327282537,0.0,38825.46327282537,2304.0068592500006,41129.470132075374,64613.0515893073,64613.0515893073,671.34225,65284.393839307304,True,20781.323388604775,16832.871944769868,37614.19533337464
0.9,0.5,CVaR90-L50,2025-05-22,38827.8378004364,0.0,38827.8378004364,427.9654179166663,39255.80321835307,64604.03856374692,64604.03856374692,107.71997636770644,64711.75854011463,True,20780.74883230547,16832.40655416743,37613.15538647291
0.9,0.5,CVaR90-L50,2025-05-23,38834.055181564996,0.0,38834.055181564996,0.0,38834.055181564996,64606.23933096953,64606.23933096953,0.0,64606.23933096953,False,20751.962673168542,16809.08976526652,37561.05243843506
0.9,0.5,CVaR90-L50,2025-05-24,38807.96914948113,0.0,38807.96914948113,0.0,38807.96914948113,64559.71797343831,64559.71797343831,0.0,64559.71797343831,False,20731.86821252277,16792.81325214344,37524.68146466621
0.9,0.5,CVaR90-L50,2025-05-25,38786.03685238089,0.0,38786.03685238089,1181.796294141667,39967.83314652256,64511.864603933805,64511.864603933805,263.49496666666664,64775.35957060047,True,20721.813869988582,16784.66923469075,37506.48310467933
0.9,0.5,CVaR90-L50,2025-05-26,38819.551560612366,0.0,38819.551560612366,3097.225144983339,41916.77670559571,64548.37044488056,64548.37044488056,962.5184993442534,65510.88894422481,True,20741.713784336687,16800.788165312715,37542.501949649406
0.9,0.5,CVaR90-L50,2025-05-27,38883.15507416752,0.0,38883.15507416752,982.471216175004,39865.62629034252,64665.587286005095,64665.587286005095,302.26143084361394,64967.84871684871,True,20742.29243975436,16801.25687620103,37543.54931595539
0.9,0.5,CVaR90-L50,2025-05-28,38918.73658934177,0.0,38918.73658934177,2338.259627262501,41256.99621660427,64717.86505338752,64717.86505338752,710.2706776051539,65428.135730992675,True,20756.470591290145,16812.741178945016,37569.21177023516
0.9,0.5,CVaR90-L50,2025-05-29,38933.806682885705,0.0,38933.806682885705,1840.262234666664,40774.068917552366,64745.90191790124,64745.90191790124,506.94716407543353,65252.849081976674,True,20735.78666704637,16795.98720030756,37531.77386735393
0.9,0.5,CVaR90-L50,2025-05-30,38371.11473123895,0.0,38371.11473123895,0.0,38371.11473123895,63650.828028528806,63650.828028528806,0.0,63650.828028528806,False,19943.667421171565,16154.37061114897,36098.03803232053
0.9,0.5,CVaR90-L50,2025-05-31,38369.29937844862,0.0,38369.29937844862,193.83464333333325,38563.13402178195,63649.09020937068,63649.09020937068,90.66166666666663,63739.75187603735,True,19945.89541371495,16156.175285109113,36102.07069882406
0.9,0.5,CVaR90-L50,2025-06-01,38356.864107826674,0.0,38356.864107826674,48403.550260016666,86760.41436784333,63620.85797068926,63620.85797068926,12599.489339039115,76220.34730972839,True,19946.111502594693,16156.35031710171,36102.4618196964
0.9,0.5,CVaR90-L50,2025-06-02,42675.78626926534,0.0,42675.78626926534,25536.417264933323,68212.20353419866,70324.11822386531,70324.11822386531,6430.08755684986,76754.20578071517,True,21578.42477777778,17478.52407,39056.94884777778
0.9,0.5,CVaR90-L50,2025-06-03,45804.57753695274,0.0,45804.57753695274,7046.043469166666,52850.62100611941,74484.37136834697,74484.37136834697,1632.6594485254418,76117.03081687242,True,22297.119650205757,18060.666916666665,40357.786566872426
0.9,0.5,CVaR90-L50,2025-06-04,46608.01479122683,0.0,46608.01479122683,8215.787072874997,54823.80186410183,75459.59302695474,75459.59302695474,2649.003049999999,78108.59607695474,True,22324.610843621398,18082.93478333333,40407.54562695473
0.9,0.5,CVaR90-L50,2025-06-05,47515.28626013333,0.0,47515.28626013333,8597.439984066667,56112.7262442,76953.91343333333,76953.91343333333,2276.0694999999996,79229.98293333333,True,22333.333333333332,18090.0,40423.33333333333
0.9,0.5,CVaR90-L50,2025-06-06,48242.29266589999,0.0,48242.29266589999,0.0,48242.29266589999,78045.26675973767,78045.26675973767,0.0,78045.26675973767,False,22333.333333333332,18090.0,40423.33333333333
0.9,0.5,CVaR90-L50,2025-06-07,48223.73633109667,0.0,48223.73633109667,35.847133333333296,48259.583464430005,78022.97800102737,78022.97800102737,16.76666666666665,78039.74466769403,True,22333.333333333332,18090.0,40423.33333333333
0.9,0.5,CVaR90-L50,2025-06-08,48208.07460649333,0.0,48208.07460649333,3212.1045917666643,51420.17919825999,78002.73273106608,78002.73273106608,851.0317856005843,78853.76451666666,True,22333.333333333332,18090.0,40423.33333333333
0.9,0.5,CVaR90-L50,2025-06-09,48263.58336560833,0.0,48263.58336560833,8485.489345000004,56749.07271060833,78065.10613333332,78065.10613333332,2165.4708500000006,80230.57698333332,True,22333.333333333332,18090.0,40423.33333333333
0.9,0.5,CVaR90-L50,2025-06-10,49116.780441711664,0.0,49116.780441711664,4295.844529908338,53412.62497162,79161.33810481663,79161.33810481663,1241.318728516695,80402.65683333333,True,22333.333333333332,18090.0,40423.33333333333
0.9,0.5,CVaR90-L50,2025-06-11,49071.95659377833,0.0,49071.95659377833,14473.356660275003,63545.31325405334,79121.53630022424,79121.53630022424,3452.3116027263222,82573.84790295055,True,22333.333333333332,18090.0,40423.33333333333
0.9,0.5,CVaR90-L50,2025-06-12,50306.96049140096,0.0,50306.96049140096,5451.394026008336,55758.3545174093,80691.03077733403,80691.03077733403,1330.6686590517868,82021.69943638582,True,22644.53106995884,18342.070166666665,40986.6012366255
0.9,0.5,CVaR90-L50,2025-06-13,50463.787601460135,0.0,50463.787601460135,0.0,50463.787601460135,80914.39804402027,80914.39804402027,0.0,80914.39804402027,False,22830.026003808074,18492.32106308454,41322.34706689262
0.9,0.5,CVaR90-L50,2025-06-14,50462.09754099014,0.0,50462.09754099014,0.0,50462.09754099014,80912.03000003097,80912.03000003097,0.0,80912.03000003097,False,22830.026003808074,18492.32106308454,41322.34706689262
0.9,0.5,CVaR90-L50,2025-06-15,50457.99859709646,0.0,50457.99859709646,2294.426554066667,52752.42515116313,80906.04299642952,80906.04299642952,634.8024,81540.84539642952,True,22826.76833517096,18489.682351488475,41316.45068665943
0.9,0.5,CVaR90-L50,2025-06-16,50517.84235841337,0.0,50517.84235841337,3007.1626885500023,53525.00504696337,81001.30816938466,81001.30816938466,848.8449556400889,81850.15312502475,True,22888.620426347225,18539.78254534125,41428.402971688476
0.9,0.5,CVaR90-L50,2025-06-17,50577.67317252314,0.0,50577.67317252314,9738.349820116666,60316.0229926398,81080.61760647301,81080.61760647301,2516.7785264358454,83597.39613290885,True,22927.627328070626,18571.378135737206,41499.00546380783
0.9,0.5,CVaR90-L50,2025-06-18,51143.85147795681,0.0,51143.85147795681,1581.8421661333314,52725.69364409014,81928.24188864251,81928.24188864251,538.6051833333327,82466.84707197585,True,23298.48343621399,18871.77158333333,42170.25501954732
0.9,0.5,CVaR90-L50,2025-06-19,51186.08045064868,0.0,51186.08045064868,3146.5155664833374,54332.59601713202,81983.18664259644,81983.18664259644,630.9177866216687,82614.1044292181,True,23314.59866255144,18884.824916666665,42199.423579218106
0.9,0.5,CVaR90-L50,2025-06-20,51298.65780065144,0.0,51298.65780065144,0.0,51298.65780065144,82108.4976819676,82108.4976819676,0.0,82108.4976819676,False,23322.42769547325,18891.166433333332,42213.59412880658
0.9,0.5,CVaR90-L50,2025-06-21,51297.85702533144,0.0,51297.85702533144,0.0,51297.85702533144,82107.49944272253,82107.49944272253,0.0,82107.49944272253,False,23322.42769547325,18891.166433333332,42213.59412880658
0.9,0.5,CVaR90-L50,2025-06-22,51293.839658344776,0.0,51293.839658344776,1223.509319333334,52517.348977678106,82100.60274506747,82100.60274506747,382.37978333333353,82482.98252840081,True,23322.42769547325,18891.166433333332,42213.59412880658
0.9,0.5,CVaR90-L50,2025-06-23,51357.53733237476,0.0,51357.53733237476,485.72247724166544,51843.25980961643,82201.00497791935,82201.00497791935,137.35018333333295,82338.35516125268,True,23398.466777919348,18952.758090114672,42351.22486803402
0.9,0.5,CVaR90-L50,2025-06-24,51405.06279038593,0.0,51405.06279038593,8312.488512708333,59717.55130309426,82260.42071586451,82260.42071586451,2194.062516666667,84454.48323253119,True,23438.451666666668,18985.14585,42423.59751666667
0.9,0.5,CVaR90-L50,2025-06-25,51986.66166627224,0.0,51986.66166627224,2777.130758708334,54763.79242498057,83100.69659344328,83100.69659344328,841.6065333333332,83942.30312677662,True,23928.814362139918,19382.33963333333,43311.15399547324
0.9,0.5,CVaR90-L50,2025-06-26,52010.31943768471,0.0,52010.31943768471,998.856649291666,53009.176086976375,83157.75218216967,83157.75218216967,230.8938166666665,83388.64599883633,True,23928.814362139918,19382.339633333333,43311.15399547325
0.9,0.5,CVaR90-L50,2025-06-27,52035.381982721374,0.0,52035.381982721374,0.0,52035.381982721374,83214.30463643966,83214.30463643966,0.0,83214.30463643966,False,23928.814362139918,19382.339633333333,43311.15399547325
0.9,0.5,CVaR90-L50,2025-06-28,52032.21153672138,0.0,52032.21153672138,0.0,52032.21153672138,83208.53306193322,83208.53306193322,0.0,83208.53306193322,False,23928.814362139918,19382.339633333333,43311.15399547325
0.9,0.5,CVaR90-L50,2025-06-29,52032.21153672138,0.0,52032.21153672138,1223.1092605499973,53255.32079727137,83208.79337154682,83208.79337154682,462.5291499999994,83671.32252154683,True,23928.814362139918,19382.339633333333,43311.15399547325
0.9,0.5,CVaR90-L50,2025-06-30,52055.213443938046,0.0,52055.213443938046,1979.863685824999,54035.07712976304,83263.05037640885,83263.05037640885,583.6617333333331,83846.71210974218,True,23928.814362139918,19382.339633333333,43311.15399547325
0.9,0.5,CVaR90-L50,2025-07-01,52063.06064623137,0.0,52063.06064623137,21064.589617891666,73127.65026412305,83269.39495634717,83269.39495634717,6149.1389,89418.53385634717,True,23928.814362139918,19382.339633333333,43311.15399547325
0.9,0.5,CVaR90-L50,2025-07-02,52895.2399320517,0.0,52895.2399320517,15431.873616599994,68327.11354865169,84485.57471941627,84485.57471941627,4544.3998999999985,89029.97461941627,True,23871.531995884772,19335.940916666666,43207.47291255144
0.9,0.5,CVaR90-L50,2025-07-03,54579.67243937832,0.0,54579.67243937832,10863.822131108333,65443.494570486655,87117.25035921013,87117.25035921013,2706.666783333333,89823.91714254346,True,23575.555659210142,19096.200083960215,42671.75574317036
0.9,0.5,CVaR90-L50,2025-07-04,55524.19252140875,0.0,55524.19252140875,0.0,55524.19252140875,88157.96579756238,88157.96579756238,0.0,88157.96579756238,False,23871.531995884772,19335.940916666666,43207.47291255144
0.9,0.5,CVaR90-L50,2025-07-05,55520.40386307542,0.0,55520.40386307542,152.46790666666655,55672.87176974209,88153.56038089571,88153.56038089571,71.31333333333328,88224.87371422905,True,23871.531995884772,19335.940916666666,43207.47291255144
0.9,0.5,CVaR90-L50,2025-07-06,55520.40386307542,0.0,55520.40386307542,9882.4027124,65402.80657547542,88153.56038089571,88153.56038089571,2539.128,90692.6883808957,True,23871.531995884772,19335.940916666666,43207.47291255144
0.9,0.5,CVaR90-L50,2025-07-07,55219.12588782087,0.0,55219.12588782087,4580.5568933583345,59799.6827811792,87692.11948896355,87692.11948896355,1541.1221050392114,89233.24159400276,True,23540.251969816032,19067.60409555099,42607.85606536702
0.9,0.5,CVaR90-L50,2025-07-08,55219.48748723516,0.0,55219.48748723516,7456.094217241669,62675.58170447683,87697.87116918719,87697.87116918719,2027.8531906577673,89725.72435984496,True,23538.811776511626,19066.437538974416,42605.24931548604
0.9,0.5,CVaR90-L50,2025-07-09,55415.42225399442,0.0,55415.42225399442,4376.89816738333,59792.32042137775,87964.39818306602,87964.39818306602,1156.9596999999985,89121.35788306601,True,23452.58841628961,18996.596617194587,42449.1850334842
0.9,0.5,CVaR90-L50,2025-07-10,55492.304523274455,0.0,55492.304523274455,4341.725389658333,59834.02991293279,88120.88839543567,88120.88839543567,1188.215266666667,89309.10366210234,True,23476.430112102338,19015.908390802895,42492.33850290523
0.9,0.5,CVaR90-L50,2025-07-11,55491.94027038144,0.0,55491.94027038144,0.0,55491.94027038144,88040.79053468944,88040.79053468944,0.0,88040.79053468944,False,23475.717049539686,19015.330810127147,42491.04785966683
0.9,0.5,CVaR90-L50,2025-07-12,55491.69730728155,0.0,55491.69730728155,0.0,55491.69730728155,88037.40436460183,88037.40436460183,0.0,88037.40436460183,False,23478.253198807855,19017.385091034364,42495.638289842216
0.9,0.5,CVaR90-L50,2025-07-13,55320.918705480726,0.0,55320.918705480726,3750.256920608333,59071.17562608906,87894.79620620659,87894.79620620659,835.1783833333328,88729.97458953992,True,23229.56413681647,18815.946950821344,42045.51108763782
0.9,0.5,CVaR90-L50,2025-07-14,55356.41893410725,0.0,55356.41893410725,3953.3801729916677,59309.799107098916,87925.86801149315,87925.86801149315,988.8181237659837,88914.68613525914,True,23213.228968592462,18802.715464559893,42015.944433152355
0.9,0.5,CVaR90-L50,2025-07-15,55462.15650237589,0.0,55462.15650237589,3698.4673786916683,59160.62388106756,88049.84717030486,88049.84717030486,1003.6452838348807,89053.49245413973,True,23236.150133603587,18821.281608218902,42057.43174182249
0.9,0.5,CVaR90-L50,2025-07-16,55540.27130863829,0.0,55540.27130863829,3909.5583871166623,59449.82969575495,88193.86353247573,88193.86353247573,1069.5781646562752,89263.441697132,True,23307.731704429367,18879.262680587784,42186.994385017155
0.9,0.5,CVaR90-L50,2025-07-17,55533.21457414469,0.0,55533.21457414469,3935.436332924998,59468.650907069685,88139.42914262676,88139.42914262676,1085.1356666666657,89224.56480929343,True,23358.08104660782,18920.04564775233,42278.12669436015
0.9,0.5,CVaR90-L50,2025-07-18,55673.62746530383,0.0,55673.62746530383,0.0,55673.62746530383,88342.5862874844,88342.5862874844,0.0,88342.5862874844,False,23443.4352998657,18989.18259289122,42432.61789275692
0.9,0.5,CVaR90-L50,2025-07-19,56673.62808139973,0.0,56673.62808139973,48.09787333333358,56721.72595473306,89683.90632897554,89683.90632897554,22.496666666666783,89706.40299564222,True,23715.757860082304,19209.763866666668,42925.52172674897
0.9,0.5,CVaR90-L50,2025-07-20,56601.48687473312,0.0,56601.48687473312,1080.951872866668,57682.43874759979,89547.0023763124,89547.0023763124,243.88829306237403,89790.89066937478,True,23716.179156378596,19210.105116666666,42926.28427304526
0.9,0.5,CVaR90-L50,2025-07-21,56638.47978922806,0.0,56638.47978922806,1762.6168517166677,58401.09664094473,89574.06145453308,89574.06145453308,431.7688333333334,90005.83028786641,True,23715.757860082304,19209.763866666668,42925.52172674897
0.9,0.5,CVaR90-L50,2025-07-22,56685.26316379722,0.0,56685.26316379722,1648.6141870124989,58333.87735080972,89638.5985322478,89638.5985322478,465.91511651782224,90104.51364876561,True,23715.757860082304,19209.763866666668,42925.52172674897
0.9,0.5,CVaR90-L50,2025-07-23,56685.80574545677,0.0,56685.80574545677,1597.5786780000012,58283.384423456766,89635.8641481422,89635.8641481422,393.2482666666672,90029.11241480886,True,23716.179156378596,19210.105116666666,42926.28427304526
0.9,0.5,CVaR90-L50,2025-07-24,56679.206213399644,0.0,56679.206213399644,1897.5196971416683,58576.72591054131,89620.65516445428,89620.65516445428,459.96343333333334,90080.61859778762,True,23700.713156890648,19197.577657081427,42898.290813972075
0.9,0.5,CVaR90-L50,2025-07-25,56660.68375097802,0.0,56660.68375097802,0.0,56660.68375097802,89567.34460976094,89567.34460976094,0.0,89567.34460976094,False,23642.347530864197,19150.3015,42792.649030864195
0.9,0.5,CVaR90-L50,2025-07-26,55067.337652075854,0.0,55067.337652075854,0.0,55067.337652075854,87352.20299253243,87352.20299253243,0.0,87352.20299253243,False,22768.803588683128,18442.730906833334,41211.53449551646
0.9,0.5,CVaR90-L50,2025-07-27,55175.92727139549,0.0,55175.92727139549,2171.0389918749975,57346.96626327049,87513.10809667094,87513.10809667094,551.7544833333325,88064.86258000428,True,22672.848856172837,18365.0075735,41037.85642967284
0.9,0.5,CVaR90-L50,2025-07-28,55152.8318456985,0.0,55152.8318456985,4244.916765124997,59397.748610823495,87508.8787004625,87508.8787004625,1085.1110753497394,88593.98977581224,True,22680.54465617284,18371.2411715,41051.78582767284
0.9,0.5,CVaR90-L50,2025-07-29,55221.069337406865,0.0,55221.069337406865,2555.062398799997,57776.131736206866,87627.54265084091,87627.54265084091,740.8664735972507,88368.40912443817,True,22734.501106172836,18414.945896,41149.447002172834
0.9,0.5,CVaR90-L50,2025-07-30,55236.0940932251,0.0,55236.0940932251,1651.2444247083336,56887.33851793344,87645.70433990065,87645.70433990065,382.1462333333332,88027.85057323398,True,22733.122589506173,18413.8292975,41146.95188700617
0.9,0.5,CVaR90-L50,2025-07-31,55195.97834853202,0.0,55195.97834853202,1094.1357298416674,56290.11407837369,87589.01146260012,87589.01146260012,284.98719180141455,87873.99865440153,True,22733.122589506173,18413.8292975,41146.95188700617
0.9,0.5,CVaR90-L50,2025-08-01,55024.0837152402,0.0,55024.0837152402,0.0,55024.0837152402,87263.10084950713,87263.10084950713,0.0,87263.10084950713,False,22734.501106172836,18414.945896,41149.447002172834
0.9,0.5,CVaR90-L50,2025-08-02,55211.587290879936,0.0,55211.587290879936,58.55982000000021,55270.14711087994,87432.42004088635,87432.42004088635,27.3900000000001,87459.81004088635,True,22734.501106172836,18414.945896000005,41149.44700217284
0.9,0.5,CVaR90-L50,2025-08-03,55194.720742796606,0.0,55194.720742796606,974.7288878250016,56169.44963062161,87402.5218728395,87402.5218728395,227.41185000000007,87629.9337228395,True,22734.501106172836,18414.945896000005,41149.44700217284
0.9,0.5,CVaR90-L50,2025-08-04,54119.805386404,0.0,54119.805386404,484.4162126916662,54604.22159909566,85774.78073018815,85774.78073018815,148.11598333333313,85922.89671352149,True,22526.436143415634,18246.413276166666,40772.8494195823
0.9,0.5,CVaR90-L50,2025-08-05,54137.95546523066,0.0,54137.95546523066,363.25726710833453,54501.212732338994,85801.99334296287,85801.99334296287,109.30101666666701,85911.29435962954,True,22526.436143415634,18246.413276166662,40772.8494195823
0.9,0.5,CVaR90-L50,2025-08-06,54138.81148861596,0.0,54138.81148861596,1120.573680391668,55259.385169007626,85803.05180773637,85803.05180773637,295.27125000000024,86098.32305773637,True,22526.436143415634,18246.413276166662,40772.8494195823
0.9,0.5,CVaR90-L50,2025-08-07,53002.2284725843,0.0,53002.2284725843,959.0407461083352,53961.269218692636,84297.46553338575,84297.46553338575,301.24951666666664,84598.71505005241,True,21929.43289755452,17762.840647019162,39692.27354457368
0.9,0.5,CVaR90-L50,2025-08-08,53017.88743051039,0.0,53017.88743051039,0.0,53017.88743051039,84300.09419793729,84300.09419793729,0.0,84300.09419793729,False,21965.334819341562,17791.921203666665,39757.25602300823
0.9,0.5,CVaR90-L50,2025-08-09,52661.29673793889,0.0,52661.29673793889,0.0,52661.29673793889,83904.63671546624,83904.63671546624,0.0,83904.63671546624,False,21898.301914599277,17737.624550825414,39635.926465424694
0.9,0.5,CVaR90-L50,2025-08-10,52607.386719329166,0.0,52607.386719329166,338.48958114999607,52945.87630047916,83815.1072102102,83815.1072102102,128.41212250058334,83943.51933271078,True,21877.429060193263,17720.717538756544,39598.14659894981
0.9,0.5,CVaR90-L50,2025-08-11,52624.54011500144,0.0,52624.54011500144,1019.1669056666677,53643.7070206681,83847.83084295195,83847.83084295195,285.2357333333337,84133.06657628529,True,21881.385647029856,17723.92237409418,39605.30802112404
0.9,0.5,CVaR90-L50,2025-08-12,52636.09466876884,0.0,52636.09466876884,1124.2004275166664,53760.29509628551,83855.68483800317,83855.68483800317,244.76993333333326,84100.4547713365,True,21889.398975720163,17730.413170333333,39619.8121460535
0.9,0.5,CVaR90-L50,2025-08-13,52717.30259603978,0.0,52717.30259603978,1332.9130187083342,54050.215614748115,83950.87470738942,83950.87470738942,339.73056666666696,84290.60527405608,True,21889.398975720163,17730.413170333333,39619.8121460535
0.9,0.5,CVaR90-L50,2025-08-14,52646.52164246215,0.0,52646.52164246215,1528.414847350006,54174.93648981215,83871.10784749033,83871.10784749033,339.19230576403135,84210.30015325437,True,21888.388709373805,17729.594854592782,39617.98356396658
0.9,0.5,CVaR90-L50,2025-08-15,52660.666567035645,0.0,52660.666567035645,0.0,52660.666567035645,83894.15494810995,83894.15494810995,0.0,83894.15494810995,False,21884.433117884902,17726.39082548677,39610.82394337167
0.9,0.5,CVaR90-L50,2025-08-16,52619.91594806397,0.0,52619.91594806397,0.0,52619.91594806397,83834.92952544709,83834.92952544709,0.0,83834.92952544709,False,21888.811465432096,17729.937287,39618.7487524321
0.9,0.5,CVaR90-L50,2025-08-17,52534.200521523824,0.0,52534.200521523824,1759.772264950001,54293.97278647382,83740.59840512584,83740.59840512584,347.60603333333336,84088.20443845917,True,21904.893431935656,17742.963679867884,39647.85711180354
0.9,0.5,CVaR90-L50,2025-08-18,52532.432416928896,0.0,52532.432416928896,1591.004542975003,54123.4369599039,83713.93486235017,83713.93486235017,367.38581882048254,84081.32068117065,True,21918.733852263373,17754.17442033333,39672.9082725967
0.9,0.5,CVaR90-L50,2025-08-19,52553.11787845128,0.0,52553.11787845128,1888.7348247083328,54441.85270315962,83739.99804578052,83739.99804578052,366.74618693100115,84106.74423271153,True,21918.457937214065,17753.950929143393,39672.40886635746
0.9,0.5,CVaR90-L50,2025-08-20,52563.81326482094,0.0,52563.81326482094,3664.3190887875026,56228.132353608446,83749.02722618749,83749.02722618749,812.7591070841136,84561.78633327161,True,21918.733852263373,17754.17442033333,39672.9082725967
0.9,0.5,CVaR90-L50,2025-08-21,52585.8818942677,0.0,52585.8818942677,1129.0230542388858,53714.90494850659,83749.25146186666,83749.25146186666,212.85145314121428,83962.10291500787,True,21909.50490772217,17746.69897525496,39656.20388297713
0.9,0.5,CVaR90-L50,2025-08-22,52565.74156674949,0.0,52565.74156674949,0.0,52565.74156674949,83730.19710648549,83730.19710648549,0.0,83730.19710648549,False,21907.836093020425,17745.347235346548,39653.18332836697
0.9,0.5,CVaR90-L50,2025-08-23,52543.86567238638,0.0,52543.86567238638,0.0,52543.86567238638,83639.51345491727,83639.51345491727,0.0,83639.51345491727,False,21848.62475483732,17697.38605141823,39546.01080625555
0.9,0.5,CVaR90-L50,2025-08-24,52481.57243342021,0.0,52481.57243342021,1872.2045154749965,54353.7769488952,83517.08512644614,83517.08512644614,356.19755324166283,83873.2826796878,True,21836.64856279536,17687.68533586424,39524.3338986596
0.9,0.5,CVaR90-L50,2025-08-25,52471.62627505459,0.0,52471.62627505459,2687.357812066668,55158.98408712125,83547.8787008932,83547.8787008932,689.8795636848849,84237.75826457808,True,22189.43044158366,17973.438657682764,40162.86909926642
0.9,0.5,CVaR90-L50,2025-08-26,52565.85035936252,0.0,52565.85035936252,967.2977173500017,53533.148076712525,83658.489692915,83658.489692915,197.06602631831788,83855.55571923332,True,22202.434616418977,17983.97203929937,40186.40665571835
0.9,0.5,CVaR90-L50,2025-08-27,52589.372026012665,0.0,52589.372026012665,1742.7317820500034,54332.10380806267,83675.83244231288,83675.83244231288,409.5223557712242,84085.35479808411,True,22211.931658660993,17991.664643515403,40203.5963021764
0.9,0.5,CVaR90-L50,2025-08-28,52592.94341359541,0.0,52592.94341359541,3179.0029578166677,55771.94637141207,83621.1960941253,83621.1960941253,766.1468166666668,84387.34291079197,True,22127.12860023714,17922.974166192085,40050.10276642923
0.9,0.5,CVaR90-L50,2025-08-29,51935.65836430416,0.0,51935.65836430416,0.0,51935.65836430416,82590.87330847282,82590.87330847282,0.0,82590.87330847282,False,21831.234360662424,17683.29983213656,39514.53419279898
0.9,0.5,CVaR90-L50,2025-08-30,51488.64839758213,0.0,51488.64839758213,0.0,51488.64839758213,81836.70080359901,81836.70080359901,0.0,81836.70080359901,False,22031.39118943124,17845.42686343931,39876.81805287055
0.9,0.5,CVaR90-L50,2025-08-31,50801.44731859272,0.0,50801.44731859272,2186.456493650002,52987.90381224272,80715.78604849067,80715.78604849067,532.0281666666672,81247.81421515734,True,21849.356521103997,17697.97878209424,39547.33530319824
0.9,0.5,CVaR90-L50,2025-09-01,50023.33243105521,0.0,50023.33243105521,0.0,50023.33243105521,79565.72163631747,79565.72163631747,0.0,79565.72163631747,False,21994.82868312757,17815.811233333334,39810.6399164609
0.9,0.5,CVaR90-L50,2025-09-02,50023.33243105521,0.0,50023.33243105521,58.65303238333474,50081.98546343855,79565.67607161604,79565.67607161604,19.5088833333337,79585.18495494936,True,21994.82868312757,17815.811233333334,39810.6399164609
0.9,0.5,CVaR90-L50,2025-09-03,50030.16349368596,0.0,50030.16349368596,9.92630713333328,50040.089800819296,79574.98087905272,79574.98087905272,3.4780333333333147,79578.45891238605,True,21994.82868312757,17815.811233333334,39810.6399164609
0.9,0.5,CVaR90-L50,2025-09-04,50038.11397304117,0.0,50038.11397304117,116.00053335833347,50154.1145063995,79594.14491995884,79594.14491995884,26.436583333333374,79620.58150329217,True,21993.984024166726,17815.127059575047,39809.11108374177
0.9,0.5,CVaR90-L50,2025-09-05,50007.430415118295,0.0,50007.430415118295,0.0,50007.430415118295,79535.05675319252,79535.05675319252,0.0,79535.05675319252,False,21995.430003292182,17816.298302666666,39811.72830595885
0.9,0.5,CVaR90-L50,2025-09-06,49954.989542306546,0.0,49954.989542306546,0.0,49954.989542306546,79454.85109772689,79454.85109772689,0.0,79454.85109772689,False,21995.430003292182,17816.298302666666,39811.72830595885
0.9,0.5,CVaR90-L50,2025-09-07,50111.40174116871,0.0,50111.40174116871,12.446417849999882,50123.84815901871,79596.42091156544,79596.42091156544,6.052233333333277,79602.47314489877,True,21839.04923209876,17689.629878,39528.67911009876
0.9,0.5,CVaR90-L50,2025-09-08,50094.05743601745,0.0,50094.05743601745,496.12649046666627,50590.18392648412,79565.71428474857,79565.71428474857,140.7432833333332,79706.4575680819,True,21839.04923209876,17689.629878,39528.67911009876
0.9,0.5,CVaR90-L50,2025-09-09,50094.05743601745,0.0,50094.05743601745,12.65264439999956,50106.71008041745,79565.71428474857,79565.71428474857,2.9421333333332313,79568.6564180819,True,21839.04923209876,17689.629878,39528.67911009876
0.9,0.5,CVaR90-L50,2025-09-10,50096.43821031078,0.0,50096.43821031078,2593.1726850166633,52689.61089532744,79568.6564180819,79568.6564180819,642.1658166666659,80210.82223474856,True,21839.04923209876,17689.629878,39528.67911009876
0.9,0.5,CVaR90-L50,2025-09-11,50144.050278243216,0.0,50144.050278243216,64.16992876666637,50208.22020700988,79624.60854725982,79624.60854725982,17.07298333333324,79641.68153059315,True,21839.04923209876,17689.629878,39528.67911009876
0.9,0.5,CVaR90-L50,2025-09-12,50136.52889462651,0.0,50136.52889462651,0.0,50136.52889462651,79605.83531826694,79605.83531826694,0.0,79605.83531826694,False,21839.04923209876,17689.629878,39528.67911009876
0.9,0.5,CVaR90-L50,2025-09-13,50007.460658666154,0.0,50007.460658666154,0.0,50007.460658666154,79388.61930104665,79388.61930104665,0.0,79388.61930104665,False,21839.04923209876,17689.629878,39528.67911009876
0.9,0.5,CVaR90-L50,2025-09-14,49993.03955058451,0.0,49993.03955058451,537.2949027500006,50530.33445333451,79353.72854124483,79353.72854124483,147.74818333333354,79501.47672457815,True,21839.04923209876,17689.629878,39528.67911009876
0.9,0.5,CVaR90-L50,2025-09-15,49989.3698635783,0.0,49989.3698635783,2452.790369950004,52442.1602335283,79357.00764050186,79357.00764050186,605.0401469302335,79962.0477874321,True,21839.04923209876,17689.629878,39528.67911009876
0.9,0.5,CVaR90-L50,2025-09-16,50003.59947787758,0.0,50003.59947787758,588.7604920833334,50592.35996996091,79372.30767594978,79372.30767594978,143.68700000000004,79515.99467594978,True,21839.04923209876,17689.629878,39528.67911009876
0.9,0.5,CVaR90-L50,2025-09-17,50003.502970577574,0.0,50003.502970577574,1102.9132079416693,51106.41617851924,79370.10908563537,79370.10908563537,256.36791861139375,79626.47700424676,True,21839.04923209876,17689.629878000003,39528.67911009876
0.9,0.5,CVaR90-L50,2025-09-18,49972.985254759245,0.0,49972.985254759245,939.2571413833346,50912.24239614258,79293.78437861154,79293.78437861154,213.29225000000025,79507.07662861154,True,21839.04923209876,17689.629878000003,39528.67911009876
0.9,0.5,CVaR90-L50,2025-09-19,49912.55573117642,0.0,49912.55573117642,0.0,49912.55573117642,79220.2807025876,79220.2807025876,0.0,79220.2807025876,False,21839.04923209876,17689.629878000003,39528.67911009876
0.9,0.5,CVaR90-L50,2025-09-20,49911.90064805091,0.0,49911.90064805091,0.0,49911.90064805091,79156.47276572799,79156.47276572799,0.0,79156.47276572799,False,21839.04923209876,17689.629878,39528.67911009876
0.9,0.5,CVaR90-L50,2025-09-21,49307.256266524775,0.0,49307.256266524775,1752.4774543916653,51059.73372091644,78258.67811247453,78258.67811247453,475.14576446084277,78733.82387693538,True,21854.268465432095,17701.957457,39556.225922432095
0.9,0.5,CVaR90-L50,2025-09-22,49270.357236555225,0.0,49270.357236555225,2400.3634282416615,51670.720664796885,78239.04629014782,78239.04629014782,543.4022667430411,78782.44855689086,True,21854.268465432095,17701.957457,39556.225922432095
0.9,0.5,CVaR90-L50,2025-09-23,49271.761338494005,0.0,49271.761338494005,3364.548485400003,52636.30982389401,78231.56754285407,78231.56754285407,839.5114587490968,79071.07900160317,True,21852.270965432093,17700.339482000003,39552.6104474321
0.9,0.5,CVaR90-L50,2025-09-24,49454.15631469579,0.0,49454.15631469579,5166.795515466669,54620.95183016246,78491.06307747083,78491.06307747083,1172.701555961263,79663.76463343209,True,21852.270965432093,17700.339482000003,39552.6104474321
0.9,0.5,CVaR90-L50,2025-09-25,49716.86314810054,0.0,49716.86314810054,1560.412187283334,51277.27533538388,78757.70965160217,78757.70965160217,383.4925333333335,79141.20218493551,True,21854.268465432095,17701.957456999997,39556.22592243209
0.9,0.5,CVaR90-L50,2025-09-26,48670.04885291203,0.0,48670.04885291203,0.0,48670.04885291203,77143.31003529574,77143.31003529574,0.0,77143.31003529574,False,21958.339197530862,17786.25475,39744.59394753086
0.9,0.5,CVaR90-L50,2025-09-27,48362.11166474891,0.0,48362.11166474891,0.0,48362.11166474891,76560.44322841507,76560.44322841507,0.0,76560.44322841507,False,21958.339197530862,17786.25475,39744.59394753086
0.9,0.5,CVaR90-L50,2025-09-28,47314.03583768294,0.0,47314.03583768294,5719.566291316663,53033.6021289996,75141.52609964096,75141.52609964096,1342.5720833333326,76484.0981829743,True,21660.319444444445,17544.85875,39205.178194444445
0.9,0.5,CVaR90-L50,2025-09-29,44180.569142506254,0.0,44180.569142506254,2866.1701135916674,47046.73925609792,71125.8499332879,71125.8499332879,714.9969656440024,71840.84689893191,True,21718.929341563784,17592.332766666666,39311.262108230454
0.9,0.5,CVaR90-L50,2025-09-30,44223.952530932205,0.0,44223.952530932205,9722.676128115589,53946.6286590478,71153.33948010931,71153.33948010931,2227.485584744455,73380.82506485377,True,21718.92934156378,17592.332766666666,39311.26210823045
0.9,0.5,CVaR90-L50,2025-10-01,45462.196230445225,0.0,45462.196230445225,184.49047060000112,45646.686701045226,72864.51156085925,72864.51156085925,53.34766666666701,72917.85922752591,True,22094.778117283953,17896.770275,39991.54839228395
0.9,0.5,CVaR90-L50,2025-10-02,44420.55987953296,0.0,44420.55987953296,338.6232748833328,44759.18315441629,71382.02211160687,71382.02211160687,117.10681666666642,71499.12892827354,True,22094.778117283953,17896.770275,39991.54839228395
0.9,0.5,CVaR90-L50,2025-10-03,44400.392656734715,0.0,44400.392656734715,0.0,44400.392656734715,71351.9782244013,71351.9782244013,0.0,71351.9782244013,False,22094.778117283953,17896.770275,39991.54839228395
0.9,0.5,CVaR90-L50,2025-10-04,44358.988131921215,0.0,44358.988131921215,0.0,44358.988131921215,71298.33475235158,71298.33475235158,0.0,71298.33475235158,False,22094.778117283953,17896.770275000003,39991.548392283956
0.9,0.5,CVaR90-L50,2025-10-05,44321.308206485366,0.0,44321.308206485366,580.1940666166663,44901.50227310203,71261.60533136551,71261.60533136551,169.19133333333332,71430.79666469885,True,22094.778117283953,17896.770275,39991.54839228395
0.9,0.5,CVaR90-L50,2025-10-06,44298.26926710951,0.0,44298.26926710951,732.3377341125015,45030.60700122201,71228.52619955578,71228.52619955578,196.0460937920999,71424.57229334788,True,22094.778117283953,17896.770275,39991.54839228395
0.9,0.5,CVaR90-L50,2025-10-07,44304.91129892798,0.0,44304.91129892798,526.2809675666647,44831.19226649465,71237.50858813728,71237.50858813728,162.52059999999943,71400.02918813728,True,22094.778117283953,17896.770275,39991.54839228395
0.9,0.5,CVaR90-L50,2025-10-08,44309.47522159441,0.0,44309.47522159441,2096.9452066916656,46406.420428286074,71245.76874982308,71245.76874982308,576.4272166666664,71822.19596648974,True,22094.778117283953,17896.770275000003,39991.548392283956
0.9,0.5,CVaR90-L50,2025-10-09,44346.84205533417,0.0,44346.84205533417,1524.4595733333308,45871.301628667505,71306.97203533136,71306.97203533136,389.8301751283261,71696.80221045969,True,22099.398117283956,17900.512474999996,39999.91059228395
0.9,0.5,CVaR90-L50,2025-10-10,44439.117782140245,0.0,44439.117782140245,0.0,44439.117782140245,71418.41913740878,71418.41913740878,0.0,71418.41913740878,False,22099.398117283956,17900.512475,39999.91059228395
0.9,0.5,CVaR90-L50,2025-10-11,44424.50336121863,0.0,44424.50336121863,0.0,44424.50336121863,71397.42853368928,71397.42853368928,0.0,71397.42853368928,False,22099.398117283956,17900.512475,39999.91059228395
0.9,0.5,CVaR90-L50,2025-10-12,44308.119003744614,0.0,44308.119003744614,1515.7746482999992,45823.893652044615,71227.9876302428,71227.9876302428,394.1041999999998,71622.0918302428,True,22094.778117283953,17896.770274999995,39991.54839228395
0.9,0.5,CVaR90-L50,2025-10-13,44301.06099713176,0.0,44301.06099713176,962.6953275750002,45263.75632470676,71211.00915975179,71211.00915975179,237.22115000000008,71448.23030975179,True,22094.778117283953,17896.770274999995,39991.54839228395
0.9,0.5,CVaR90-L50,2025-10-14,44307.72904039048,0.0,44307.72904039048,3730.2316708666754,48037.960711257154,71225.73122673575,71225.73122673575,854.8201514192428,72080.551378155,True,22094.778117283953,17896.770274999995,39991.54839228395
0.9,0.5,CVaR90-L50,2025-10-15,44299.640540410706,0.0,44299.640540410706,2414.670734399999,46714.31127481071,71167.04540702427,71167.04540702427,664.4839333333331,71831.5293403576,True,22055.728312757205,17865.139933333332,39920.86824609054
0.9,0.5,CVaR90-L50,2025-10-16,44306.12961341438,0.0,44306.12961341438,6802.757995141661,51108.88760855604,71180.7225966439,71180.7225966439,1679.0358112760196,72859.75840791992,True,22055.7283127572,17865.139933333332,39920.86824609053
0.9,0.5,CVaR90-L50,2025-10-17,44759.130231955285,0.0,44759.130231955285,0.0,44759.130231955285,71785.50966083427,71785.50966083427,0.0,71785.50966083427,False,22145.22475308641,17937.632049999997,40082.85680308641
0.9,0.5,CVaR90-L50,2025-10-18,44471.54551748179,0.0,44471.54551748179,0.0,44471.54551748179,71365.57052304159,71365.57052304159,0.0,71365.57052304159,False,22143.499404886083,17936.23451795773,40079.733922843814
0.9,0.5,CVaR90-L50,2025-10-19,44445.131432826936,0.0,44445.131432826936,6051.859234308341,50496.99066713528,71314.55778992598,71314.55778992598,1493.4014412580516,72807.95923118404,True,22145.224753086415,17937.63205,40082.85680308641
0.9,0.5,CVaR90-L50,2025-10-20,44776.55850744649,0.0,44776.55850744649,7248.274309666668,52024.83281711316,71776.45122333171,71776.45122333171,1583.7276480422622,73360.17887137397,True,22362.006049382715,18113.224899999997,40475.23094938271
0.9,0.5,CVaR90-L50,2025-10-21,44733.464615138146,0.0,44733.464615138146,7701.6975432499985,52435.16215838814,71743.93751586202,71743.93751586202,2340.192984149582,74084.13050001161,True,22258.40211849402,18029.305715980154,40287.707834474175
0.9,0.5,CVaR90-L50,2025-10-22,45466.83088526901,0.0,45466.83088526901,7192.907292066664,52659.738177335676,72843.29903402488,72843.29903402488,1758.9530957994493,74602.25212982432,True,22330.14123688535,18087.414401877133,40417.55563876248
0.9,0.5,CVaR90-L50,2025-10-23,45646.3092903684,0.0,45646.3092903684,1510.5120890083435,47156.82137937674,73136.30873498468,73136.30873498468,441.08558386082694,73577.3943188455,True,22566.29763309362,18278.70108280584,40844.99871589946
0.9,0.5,CVaR90-L50,2025-10-24,45715.3682346743,0.0,45715.3682346743,0.0,45715.3682346743,73217.78906766613,73217.78906766613,0.0,73217.78906766613,False,22603.641056239543,18308.949255554035,40912.59031179358
0.9,0.5,CVaR90-L50,2025-10-25,45483.401419061396,0.0,45483.401419061396,0.0,45483.401419061396,73025.84738782956,73025.84738782956,0.0,73025.84738782956,False,22478.860808901623,18207.87725521032,40686.73806411194
0.9,0.5,CVaR90-L50,2025-10-26,45415.94157330642,0.0,45415.94157330642,2251.226401783334,47667.16797508976,72967.7982827569,72967.7982827569,651.5405166666667,73619.33879942357,True,22442.75771330618,18178.633747778003,40621.39146108418
0.9,0.5,CVaR90-L50,2025-10-27,45415.0041229529,0.0,45415.0041229529,5490.608023475002,50905.612146427906,72925.11889674382,72925.11889674382,1363.0458500000004,74288.16474674382,True,22541.24890115653,18258.411609936793,40799.66051109332
0.9,0.5,CVaR90-L50,2025-10-28,45449.97895322755,0.0,45449.97895322755,6260.270843533324,51710.24979676088,72931.02939270457,72931.02939270457,1543.196427009945,74474.22581971451,True,22562.768621399176,18275.84258333333,40838.61120473251
0.9,0.5,CVaR90-L50,2025-10-29,45836.580349028234,0.0,45836.580349028234,10762.693797991658,56599.274147019896,73400.74033899253,73400.74033899253,2921.8922171328336,76322.63255612536,True,22533.010300737507,18251.73834359738,40784.74864433489
0.9,0.5,CVaR90-L50,2025-10-30,47125.03251882027,0.0,47125.03251882027,2480.8584360416653,49605.890954861934,75348.11390298815,75348.11390298815,595.249533333333,75943.36343632148,True,23199.01170298816,18791.199479420407,41990.211182408566
0.9,0.5,CVaR90-L50,2025-10-31,46446.30624423097,0.0,46446.30624423097,0.0,46446.30624423097,74834.55878853539,74834.55878853539,0.0,74834.55878853539,False,23219.665041152264,18807.92868333333,42027.593724485596
0.9,0.5,CVaR90-L50,2025-11-01,45911.52373044333,0.0,45911.52373044333,0.0,45911.52373044333,74288.89709718432,74288.89709718432,0.0,74288.89709718432,False,23230.0,18816.3,42046.3
0.9,0.5,CVaR90-L50,2025-11-02,45902.0092479,0.0,45902.0092479,4787.626416725001,50689.635664625006,74269.35779054754,74269.35779054754,1244.289220679551,75513.64701122709,True,23230.0,18816.3,42046.3
0.9,0.5,CVaR90-L50,2025-11-03,46435.90395135771,0.0,46435.90395135771,4810.953212499997,51246.857163857705,74984.90048653337,74984.90048653337,1671.1471870890941,76656.04767362247,True,23277.093086419754,18854.4454,42131.538486419755
0.9,0.5,CVaR90-L50,2025-11-04,46585.001202966785,0.0,46585.001202966785,2394.329937374999,48979.33114034178,75480.6756217211,75480.6756217211,615.6698033669976,76096.34542508809,True,23255.536543209877,18836.984599999996,42092.52114320987
0.9,0.5,CVaR90-L50,2025-11-05,46697.13711098267,0.0,46697.13711098267,4295.581013841668,50992.71812482434,75611.00231241007,75611.00231241007,1077.7218616899227,76688.72417409999,True,23255.53654320988,18836.9846,42092.52114320988
0.9,0.5,CVaR90-L50,2025-11-06,46866.313597346074,0.0,46866.313597346074,9902.658726824997,56768.972324171074,75828.73739657758,75828.73739657758,2324.0713606240643,78152.80875720164,True,23353.08109053498,18915.995683333334,42269.07677386831
0.9,0.5,CVaR90-L50,2025-11-07,48009.05393143998,0.0,48009.05393143998,0.0,48009.05393143998,77257.82786597218,77257.82786597218,0.0,77257.82786597218,False,23292.468611888733,18866.899575629875,42159.36818751861
0.9,0.5,CVaR90-L50,2025-11-08,48001.132884647,0.0,48001.132884647,0.0,48001.132884647,77238.27916100279,77238.27916100279,0.0,77238.27916100279,False,23291.86583206404,18866.41132397187,42158.27715603591
0.9,0.5,CVaR90-L50,2025-11-09,47989.221619228316,0.0,47989.221619228316,5547.819723316666,53537.04134254498,77225.7877751081,77225.7877751081,1440.2842355878822,78666.07201069598,True,23283.439050714547,18859.585631078786,42143.02468179334
0.9,0.5,CVaR90-L50,2025-11-10,48474.29149733827,0.0,48474.29149733827,7506.07718016666,55980.36867750493,77875.66536211217,77875.66536211217,2197.0673898878363,80072.732752,True,23383.669133333333,18940.771997999997,42324.441131333326
0.9,0.5,CVaR90-L50,2025-11-11,49039.79211333283,0.0,49039.79211333283,2292.1631008666645,51331.955214199494,78734.04511363077,78734.04511363077,581.0770833333331,79315.1221969641,True,23350.130016666666,18913.605313499997,42263.73533016666
0.9,0.5,CVaR90-L50,2025-11-12,49213.53373457483,0.0,49213.53373457483,2209.8151022999987,51423.34883687482,78937.89367946416,78937.89367946416,486.3526166666662,79424.24629613083,True,23352.756533333333,18915.732791999995,42268.48932533333
0.9,0.5,CVaR90-L50,2025-11-13,49217.6677848011,0.0,49217.6677848011,4776.77653685833,53994.44432165943,78895.00746727522,78895.00746727522,1314.9809666666656,80209.9884339419,True,23350.130016666666,18913.605313499997,42263.73533016666
0.9,0.5,CVaR90-L50,2025-11-14,49807.83324731988,0.0,49807.83324731988,0.0,49807.83324731988,79713.89997345579,79713.89997345579,0.0,79713.89997345579,False,23301.115132716048,18873.903257500002,42175.01839021605
0.9,0.5,CVaR90-L50,2025-11-15,49799.73987187933,0.0,49799.73987187933,0.0,49799.73987187933,79697.49455842795,79697.49455842795,0.0,79697.49455842795,False,23301.115132716048,18873.903257500002,42175.01839021605
0.9,0.5,CVaR90-L50,2025-11-16,49788.76623954267,0.0,49788.76623954267,7361.738191841668,57150.50443138433,79680.72868287776,79680.72868287776,1888.3976592547615,81569.12634213251,True,23301.115132716048,18873.903257500002,42175.01839021605
0.9,0.5,CVaR90-L50,2025-11-17,50122.94149174087,0.0,50122.94149174087,2688.00096985833,52810.9424615992,80110.80551670954,80110.80551670954,657.0841166666661,80767.88963337621,True,23342.707711934156,18907.59324666667,42250.30095860083
0.9,0.5,CVaR90-L50,2025-11-18,50210.22997973852,0.0,50210.22997973852,5691.350804791665,55901.58078453018,80230.91700576857,80230.91700576857,1631.745574424638,81862.66258019321,True,23278.379249999998,18855.4871925,42133.8664425
0.9,0.5,CVaR90-L50,2025-11-19,50591.16717355263,0.0,50591.16717355263,4504.693353008335,55095.860526560966,80819.55418617305,80819.55418617305,1109.8937096011136,81929.44789577415,True,23392.206069958847,18947.686916666666,42339.89298662551
0.9,0.5,CVaR90-L50,2025-11-20,50928.68202976254,0.0,50928.68202976254,4345.5706181750065,55274.252647937545,81295.4839357484,81295.4839357484,1091.3854561731273,82386.86939192153,True,23409.221069958847,18961.469066666665,42370.69013662551
0.9,0.5,CVaR90-L50,2025-11-21,51312.60293237769,0.0,51312.60293237769,0.0,51312.60293237769,81820.44261046719,81820.44261046719,0.0,81820.44261046719,False,23571.05639917696,19092.555683333332,42663.61208251029
0.9,0.5,CVaR90-L50,2025-11-22,51309.84479667102,0.0,51309.84479667102,0.0,51309.84479667102,81815.1625284596,81815.1625284596,0.0,81815.1625284596,False,23571.05639917696,19092.555683333332,42663.61208251029
0.9,0.5,CVaR90-L50,2025-11-23,51301.73917461363,0.0,51301.73917461363,6202.514466125002,57504.25364073863,81803.13962061514,81803.13962061514,1505.9994204958266,83309.13904111096,True,23571.05639917696,19092.555683333332,42663.61208251029
0.9,0.5,CVaR90-L50,2025-11-24,51741.84294297619,0.0,51741.84294297619,2519.780830466665,54261.62377344286,82327.46812681889,82327.46812681889,665.0462666666665,82992.51439348556,True,23594.464588477367,19111.516316666668,42705.98090514404
0.9,0.5,CVaR90-L50,2025-11-25,51879.712177357644,0.0,51879.712177357644,3391.9238409583363,55271.63601831598,82531.27346332489,82531.27346332489,897.4496684108701,83428.72313173577,True,23622.6718566642,19134.364203898,42757.0360605622
0.9,0.5,CVaR90-L50,2025-11-26,51884.52412323562,0.0,51884.52412323562,4225.7737623999965,56110.29788563562,82509.69622742757,82509.69622742757,1197.147399479837,83706.84362690742,True,23613.474938271604,19126.914699999998,42740.389638271605
0.9,0.5,CVaR90-L50,2025-11-27,52185.96515041058,0.0,52185.96515041058,3296.122962850002,55482.08811326058,82985.86578723215,82985.86578723215,803.377599147843,83789.24338638,True,23715.43357702446,19209.501197389814,42924.93477441427
0.9,0.5,CVaR90-L50,2025-11-28,52269.85747599325,0.0,52269.85747599325,0.0,52269.85747599325,83078.46069982668,83078.46069982668,0.0,83078.46069982668,False,23824.5293498267,19297.868773359623,43122.39812318632
0.9,0.5,CVaR90-L50,2025-11-29,52263.611914799956,0.0,52263.611914799956,0.0,52263.611914799956,83071.56587904855,83071.56587904855,0.0,83071.56587904855,False,23823.421489656306,19296.97140662161,43120.39289627792
0.9,0.5,CVaR90-L50,2025-11-30,52245.50229677875,0.0,52245.50229677875,10952.38925610833,63197.891552887086,83039.38432464597,83039.38432464597,3038.878498213568,86078.26282285954,True,23818.097978017777,19292.6593621944,43110.75734021218
0.9,0.5,CVaR90-L50,2025-12-01,53417.7111820674,0.0,53417.7111820674,26101.715458145838,79519.42664021323,84650.46750956753,84650.46750956753,7032.698078398227,91683.16558796576,True,24553.95220164609,19888.701283333332,44442.653484979426
0.9,0.5,CVaR90-L50,2025-12-02,54910.50580266842,0.0,54910.50580266842,25940.56261741667,80851.0684200851,86904.8568897011,86904.8568897011,6894.320455918346,93799.17734561945,True,24783.098539094648,20074.309816666668,44857.40835576132
0.9,0.5,CVaR90-L50,2025-12-03,58232.89464938959,0.0,58232.89464938959,7776.2782158750015,66009.1728652646,91354.16766509568,91354.16766509568,2508.9248133955552,93863.09247849123,True,24833.333333333332,20115.0,44948.33333333333
0.9,0.5,CVaR90-L50,2025-12-04,59038.425726906746,0.0,59038.425726906746,6668.581536425001,65707.00726333175,92663.52475082304,92663.52475082304,1652.4644333333333,94315.98918415637,True,24970.74526748971,20226.303666666667,45197.04893415638
0.9,0.5,CVaR90-L50,2025-12-05,59807.96642979674,0.0,59807.96642979674,0.0,59807.96642979674,93671.02813415637,93671.02813415637,0.0,93671.02813415637,False,24970.74526748971,20226.303666666667,45197.04893415638
0.9,0.5,CVaR90-L50,2025-12-06,59806.95827877507,0.0,59806.95827877507,0.0,59806.95827877507,93669.9599174897,93669.9599174897,0.0,93669.9599174897,False,24970.74526748971,20226.303666666667,45197.04893415638
0.9,0.5,CVaR90-L50,2025-12-07,59806.61264344174,0.0,59806.61264344174,4861.851559016666,64668.4642024584,93669.13658415637,93669.13658415637,1240.9783499999999,94910.11493415637,True,24970.74526748971,20226.303666666667,45197.04893415638
0.9,0.5,CVaR90-L50,2025-12-08,59966.42222973183,0.0,59966.42222973183,4753.433921366667,64719.856151098495,93895.68319582348,93895.68319582348,1330.4027833333337,95226.08597915682,True,25072.24220164609,20308.516183333333,45380.758384979425
0.9,0.5,CVaR90-L50,2025-12-09,60101.49415547638,0.0,60101.49415547638,4747.595610049993,64849.08976552637,94137.67383759326,94137.67383759326,1067.003385772386,95204.67722336565,True,25073.32939207382,20309.396807579797,45382.72619965362
0.9,0.5,CVaR90-L50,2025-12-10,60307.47590224748,0.0,60307.47590224748,5430.242201591676,65737.71810383916,94308.69959150802,94308.69959150802,1581.771259463277,95890.4708509713,True,25217.184341563785,20425.919316666666,45643.10365823045
0.9,0.5,CVaR90-L50,2025-12-11,60575.66674203599,0.0,60575.66674203599,1363.110488791665,61938.777230827654,94768.80986269604,94768.80986269604,464.21653051381986,95233.02639320986,True,25166.228209876543,20384.64485,45550.87305987654
0.9,0.5,CVaR90-L50,2025-12-12,60589.054226585984,0.0,60589.054226585984,0.0,60589.054226585984,94800.52018914066,94800.52018914066,0.0,94800.52018914066,False,25166.228209876543,20384.64485,45550.87305987654
0.9,0.5,CVaR90-L50,2025-12-13,60580.46835692598,0.0,60580.46835692598,0.0,60580.46835692598,94793.69884143087,94793.69884143087,0.0,94793.69884143087,False,25166.228209876543,20384.644850000004,45550.87305987655
0.9,0.5,CVaR90-L50,2025-12-14,60579.93235095678,0.0,60579.93235095678,3768.161744033333,64348.09409499011,94793.2713229261,94793.2713229261,1041.4736166666667,95834.74493959277,True,25166.228209876543,20384.644850000004,45550.87305987655
0.9,0.5,CVaR90-L50,2025-12-15,60706.83239600605,0.0,60706.83239600605,5071.622013069451,65778.45440907551,94867.88346323042,94867.88346323042,1615.3014802515831,96483.184943482,True,25187.07855384177,20401.533628611836,45588.61218245361
0.9,0.5,CVaR90-L50,2025-12-16,60914.764436772806,0.0,60914.764436772806,3728.100949383332,64642.86538615614,95291.17520017861,95291.17520017861,1069.2128672504066,96360.38806742901,True,25165.482037037036,20384.04045,45549.52248703704
0.9,0.5,CVaR90-L50,2025-12-17,61067.648479211755,0.0,61067.648479211755,1807.2804847166653,62874.92896392842,95569.5440436246,95569.5440436246,558.3621863065622,96127.90622993116,True,25162.771106000633,20381.84459586051,45544.61570186114
0.9,0.5,CVaR90-L50,2025-12-18,61114.81079623421,0.0,61114.81079623421,2134.4363770333384,63249.24717326755,95647.92007758256,95647.92007758256,641.0214223832915,96288.94149996585,True,25163.70942725994,20382.604636080552,45546.31406334049
0.9,0.5,CVaR90-L50,2025-12-19,61175.39841340159,0.0,61175.39841340159,0.0,61175.39841340159,95709.68278676747,95709.68278676747,0.0,95709.68278676747,False,25175.092119341563,20391.824616666665,45566.91673600823
0.9,0.5,CVaR90-L50,2025-12-20,61172.686852497645,0.0,61172.686852497645,0.0,61172.686852497645,95707.24958145162,95707.24958145162,0.0,95707.24958145162,False,25175.092119341563,20391.82461666667,45566.916736008236
0.9,0.5,CVaR90-L50,2025-12-21,61162.19797842298,0.0,61162.19797842298,3745.6767442333357,64907.874722656314,95698.1434573978,95698.1434573978,1152.1854387296712,96850.32889612748,True,25175.092119341563,20391.824616666672,45566.916736008236
0.9,0.5,CVaR90-L50,2025-12-22,61182.64970407698,0.0,61182.64970407698,2768.267236100004,63950.91694017699,95728.84964744601,95728.84964744601,736.6462666666675,96465.49591411267,True,25136.532962962963,20360.5917,45497.12466296296
0.9,0.5,CVaR90-L50,2025-12-23,61308.27896440139,0.0,61308.27896440139,919.4919890250054,62227.77095342639,95893.94928549044,95893.94928549044,227.31614607487097,96121.2654315653,True,25162.678311070402,20381.769431967026,45544.447743037425
0.9,0.5,CVaR90-L50,2025-12-24,61323.724404237786,0.0,61323.724404237786,2153.16687836666,63476.89128260445,95911.55805309222,95911.55805309222,552.6883280195573,96464.24638111178,True,25164.18682194424,20382.991325774838,45547.17814771908
0.9,0.5,CVaR90-L50,2025-12-25,61345.080954826255,0.0,61345.080954826255,1824.6732627583388,63169.754217584596,95931.99169790384,95931.99169790384,579.1604626675478,96511.1521605714,True,25175.262823521713,20391.96288705259,45567.225710574305
0.9,0.5,CVaR90-L50,2025-12-26,61360.70614036129,0.0,61360.70614036129,0.0,61360.70614036129,95965.72498944815,95965.72498944815,0.0,95965.72498944815,False,25175.720837186473,20392.333878121044,45568.05471530752
0.9,0.5,CVaR90-L50,2025-12-27,61363.89444343593,0.0,61363.89444343593,0.0,61363.89444343593,95970.91951278943,95970.91951278943,0.0,95970.91951278943,False,25177.27596869206,20393.59353464057,45570.86950333264
0.9,0.5,CVaR90-L50,2025-12-28,61363.89444343593,0.0,61363.89444343593,1284.367941354165,62648.2623847901,95970.91951278943,95970.91951278943,311.86337802839887,96282.78289081783,True,25177.27596869206,20393.59353464057,45570.86950333264
0.9,0.5,CVaR90-L50,2025-12-29,61389.78712323998,0.0,61389.78712323998,1650.674984891668,63040.46210813164,96014.45913982653,96014.45913982653,482.4640087106095,96496.92314853714,True,25173.23291105686,20390.318657956057,45563.55156901292
0.9,0.5,CVaR90-L50,2025-12-30,61416.824448624226,0.0,61416.824448624226,874.2860835333383,62291.11053215757,96065.36624056842,96065.36624056842,200.06030339344898,96265.42654396186,True,25179.24326068173,20395.187041152203,45574.430301833934
0.9,0.5,CVaR90-L50,2025-12-31,61443.3237618392,0.0,61443.3237618392,2172.353179716665,63615.67694155587,96100.8608353516,96100.8608353516,610.5065499999997,96711.36738535161,True,25188.638927500935,20402.797531275763,45591.4364587767
0.9,0.75,CVaR90-L75,2025-02-01,63925.14938490439,0.0,63925.14938490439,0.0,63925.14938490439,99626.84629071623,99626.84629071623,0.0,99626.84629071623,False,25541.856934156378,20688.904116666665,46230.76105082304
0.9,0.75,CVaR90-L75,2025-02-02,63989.977324438645,0.0,63989.977324438645,38.11992183333346,64028.09724627198,99680.85290704781,99680.85290704781,7.448499999999967,99688.30140704781,True,25537.592714441937,20685.45009869797,46223.04281313991
0.9,0.75,CVaR90-L75,2025-02-03,63620.286768702135,0.0,63620.286768702135,9.845041237500793,63630.13180993964,99176.27971565104,99176.27971565104,4.511934572640143,99180.79165022368,True,25538.827860082303,20686.450566666666,46225.27842674897
0.9,0.75,CVaR90-L75,2025-02-04,63620.286768702135,0.0,63620.286768702135,155.82941163333373,63776.11618033547,99180.79798696013,99180.79798696013,54.53218333333348,99235.33017029346,True,25538.827860082303,20686.450566666666,46225.27842674897
0.9,0.75,CVaR90-L75,2025-02-05,63620.74904490297,0.0,63620.74904490297,75.79150387500029,63696.54054877797,99178.28303291349,99178.28303291349,12.067750000000046,99190.35078291349,True,25538.827860082303,20686.450566666666,46225.27842674897
0.9,0.75,CVaR90-L75,2025-02-06,63752.19131378969,0.0,63752.19131378969,15.003368333332702,63767.19468212302,99317.6546855933,99317.6546855933,2.2283333333332394,99319.88301892663,True,25553.252242798353,20698.134316666667,46251.38655946502
0.9,0.75,CVaR90-L75,2025-02-07,63389.70653718166,0.0,63389.70653718166,0.0,63389.70653718166,98876.35564988178,98876.35564988178,0.0,98876.35564988178,False,25550.139588477366,20695.61306666667,46245.75265514404
0.9,0.75,CVaR90-L75,2025-02-08,62746.05229410014,0.0,62746.05229410014,0.0,62746.05229410014,97884.20953524753,97884.20953524753,0.0,97884.20953524753,False,25400.527098765433,20574.42695,45974.95404876543
0.9,0.75,CVaR90-L75,2025-02-09,63055.01735835529,0.0,63055.01735835529,47.59800583333364,63102.61536418863,98397.25845086425,98397.25845086425,19.59833333333347,98416.85678419757,True,25424.441152263375,20593.797333333336,46018.23848559671
0.9,0.75,CVaR90-L75,2025-02-10,62534.65361335574,0.0,62534.65361335574,0.0,62534.65361335574,97629.2678419049,97629.2678419049,0.0,97629.2678419049,False,25344.111355605964,20528.730198040834,45872.841553646795
0.9,0.75,CVaR90-L75,2025-02-11,62534.65361335573,0.0,62534.65361335573,0.0,62534.65361335573,97629.3283790148,97629.3283790148,0.0,97629.3283790148,False,25344.111355605964,20528.730198040834,45872.841553646795
0.9,0.75,CVaR90-L75,2025-02-12,62534.151412613115,0.0,62534.151412613115,0.0,62534.151412613115,97625.21687729543,97625.21687729543,0.0,97625.21687729543,False,25347.97485431057,20531.859631991563,45879.834486302134
0.9,0.75,CVaR90-L75,2025-02-13,62191.67026525773,0.0,62191.67026525773,43.86352191666573,62235.5337871744,97047.15887383738,97047.15887383738,6.5031166666665285,97053.66199050404,True,25357.051810699584,20539.211966666666,45896.26377736625
0.9,0.75,CVaR90-L75,2025-02-14,62155.25574639921,0.0,62155.25574639921,0.0,62155.25574639921,96984.99278350294,96984.99278350294,0.0,96984.99278350294,False,25357.051810699584,20539.211966666666,45896.26377736625
0.9,0.75,CVaR90-L75,2025-02-15,62174.7018951236,0.0,62174.7018951236,0.0,62174.7018951236,96972.48937765871,96972.48937765871,0.0,96972.48937765871,False,25343.300141602875,20528.07311469833,45871.3732563012
0.9,0.75,CVaR90-L75,2025-02-16,62206.92914682759,0.0,62206.92914682759,119.72813433333297,62326.65728116092,97083.28557031369,97083.28557031369,17.70733333333328,97100.99290364703,True,25389.786059878676,20565.726708501727,45955.5127683804
0.9,0.75,CVaR90-L75,2025-02-17,61667.58916799129,0.0,61667.58916799129,102.59248287499982,61770.18165086629,96503.17210705602,96503.17210705602,15.260133333333329,96518.43224038935,True,25477.79296296296,20637.012300000002,46114.80526296297
0.9,0.75,CVaR90-L75,2025-02-18,61667.58916799129,0.0,61667.58916799129,0.0,61667.58916799129,96503.17210705602,96503.17210705602,0.0,96503.17210705602,False,25477.79296296296,20637.012300000002,46114.80526296297
0.9,0.75,CVaR90-L75,2025-02-19,61667.58916799129,0.0,61667.58916799129,209.40651944166774,61876.99568743296,96498.85804756342,96498.85804756342,37.60378333333347,96536.46183089676,True,25477.79296296296,20637.012300000002,46114.80526296297
0.9,0.75,CVaR90-L75,2025-02-20,61361.87352518798,0.0,61361.87352518798,248.13596249999947,61610.009487687974,96165.69506703335,96165.69506703335,40.87833333333333,96206.57340036667,True,25314.845946502053,20505.02521666667,45819.87116316872
0.9,0.75,CVaR90-L75,2025-02-21,61080.34718395343,0.0,61080.34718395343,0.0,61080.34718395343,95837.99298155679,95837.99298155679,0.0,95837.99298155679,False,25298.053209876543,20491.423099999996,45789.47630987654
0.9,0.75,CVaR90-L75,2025-02-22,61180.55205622774,0.0,61180.55205622774,0.0,61180.55205622774,95935.89773450882,95935.89773450882,0.0,95935.89773450882,False,25309.244156436696,20500.487766713723,45809.73192315042
0.9,0.75,CVaR90-L75,2025-02-23,60698.52112608391,0.0,60698.52112608391,44.036722491667895,60742.55784857558,95360.23443621575,95360.23443621575,12.595916666666994,95372.83035288242,True,25062.055432098765,20300.264900000002,45362.32033209877
0.9,0.75,CVaR90-L75,2025-02-24,59615.12170861617,0.0,59615.12170861617,62.05017085833319,59677.1718794745,93842.37063277622,93842.37063277622,10.720333333333315,93853.09096610955,True,24969.563065843617,20225.346083333337,45194.90914917695
0.9,0.75,CVaR90-L75,2025-02-25,59637.467086156175,0.0,59637.467086156175,216.58102219999975,59854.048108356175,93870.93902912628,93870.93902912628,35.01986918151738,93905.9588983078,True,24969.563065843617,20225.346083333337,45194.90914917695
0.9,0.75,CVaR90-L75,2025-02-26,59637.46708615617,0.0,59637.46708615617,3.3618983333333783,59640.828984489504,93873.50196592571,93873.50196592571,1.6016666666666879,93875.10363259238,True,24969.563065843617,20225.346083333337,45194.90914917695
0.9,0.75,CVaR90-L75,2025-02-27,58885.67539109028,0.0,58885.67539109028,48.214741983333326,58933.89013307361,92834.65772174622,92834.65772174622,7.481400000000008,92842.13912174622,True,24875.909897119338,20149.48701666667,45025.39691378601
0.9,0.75,CVaR90-L75,2025-02-28,58643.74164145962,0.0,58643.74164145962,0.0,58643.74164145962,92509.96365086426,92509.96365086426,0.0,92509.96365086426,False,24870.789999999997,20145.3399,45016.1299
0.9,0.75,CVaR90-L75,2025-03-01,56742.00675962055,0.0,56742.00675962055,0.0,56742.00675962055,89824.77961049441,89824.77961049441,0.0,89824.77961049441,False,24729.055679012345,20030.5351,44759.590779012346
0.9,0.75,CVaR90-L75,2025-03-02,56813.94404152555,0.0,56813.94404152555,974.147533533334,57788.09157505888,89833.0315087118,89833.0315087118,270.03417197217624,90103.06568068398,True,24729.055679012345,20030.535099999997,44759.590779012346
0.9,0.75,CVaR90-L75,2025-03-03,55416.426948403016,0.0,55416.426948403016,1187.7793312333338,56604.206279636346,88157.43386429005,88157.43386429005,220.7540333333335,88378.18789762339,True,24693.213868312756,20001.503233333333,44694.71710164609
0.9,0.75,CVaR90-L75,2025-03-04,55417.75479785874,0.0,55417.75479785874,604.8094967333323,56022.56429459207,88155.11752246646,88155.11752246646,153.97249800948362,88309.09002047595,True,24693.213868312756,20001.503233333333,44694.71710164609
0.9,0.75,CVaR90-L75,2025-03-05,55417.736754827085,0.0,55417.736754827085,704.3696844583341,56122.10643928542,88155.000601521,88155.000601521,109.9063000000001,88264.906901521,True,24693.213868312756,20001.503233333337,44694.71710164609
0.9,0.75,CVaR90-L75,2025-03-06,55419.14090277584,0.0,55419.14090277584,749.6693949416667,56168.81029771751,88147.62452005617,88147.62452005617,174.61288333333334,88322.2374033895,True,24693.213868312756,20001.503233333337,44694.71710164609
0.9,0.75,CVaR90-L75,2025-03-07,55082.2389230944,0.0,55082.2389230944,0.0,55082.2389230944,87671.37103696432,87671.37103696432,0.0,87671.37103696432,False,24693.213868312756,20001.503233333337,44694.71710164609
0.9,0.75,CVaR90-L75,2025-03-08,54655.05095367538,0.0,54655.05095367538,0.0,54655.05095367538,87181.63983444955,87181.63983444955,0.0,87181.63983444955,False,24582.496389031177,19911.822075115255,44494.31846414643
0.9,0.75,CVaR90-L75,2025-03-09,54664.32720176055,0.0,54664.32720176055,685.6335779750004,55349.96077973555,86986.8693696069,86986.8693696069,109.64788333333343,87096.51725294023,True,24643.30327160494,19961.07565,44604.37892160493
0.9,0.75,CVaR90-L75,2025-03-10,53218.739677047604,0.0,53218.739677047604,841.3191578583312,54060.05883490593,85115.39193629999,85115.39193629999,225.19646666666648,85340.58840296665,True,24545.490163064587,19881.847032082318,44427.3371951469
0.9,0.75,CVaR90-L75,2025-03-11,53219.52136044944,0.0,53219.52136044944,334.733258491666,53554.25461894111,85125.72332557704,85125.72332557704,99.55914999999993,85225.28247557704,True,24540.27578296444,19877.623384201193,44417.89916716563
0.9,0.75,CVaR90-L75,2025-03-12,53221.679332724074,0.0,53221.679332724074,757.0010917749926,53978.68042449906,85129.8786267426,85129.8786267426,204.82534903233716,85334.70397577494,True,24540.86910907356,19878.10397834958,44418.97308742314
0.9,0.75,CVaR90-L75,2025-03-13,51911.523477998344,0.0,51911.523477998344,1458.9143174750016,53370.43779547334,83156.16297771825,83156.16297771825,373.28855024556447,83529.45152796381,True,23894.474588477366,19354.524416666667,43248.99900514403
0.9,0.75,CVaR90-L75,2025-03-14,51851.71358054806,0.0,51851.71358054806,0.0,51851.71358054806,83081.0238067774,83081.0238067774,0.0,83081.0238067774,False,23894.474588477366,19354.524416666674,43248.99900514404
0.9,0.75,CVaR90-L75,2025-03-15,51775.73903217146,0.0,51775.73903217146,14.117926666666708,51789.85695883813,83027.77871358572,83027.77871358572,6.603333333333353,83034.38204691905,True,23895.300905349795,19355.193733333334,43250.49463868313
0.9,0.75,CVaR90-L75,2025-03-16,51566.22322011487,0.0,51566.22322011487,69.83263628333384,51636.055856398205,82785.12695381051,82785.12695381051,31.64063333333354,82816.76758714384,True,23884.227839506173,19346.22455,43230.45238950617
0.9,0.75,CVaR90-L75,2025-03-17,51624.00692759327,0.0,51624.00692759327,781.8352260333347,52405.8421536266,82849.87580609269,82849.87580609269,151.03186666666682,83000.90767275936,True,23884.227839506173,19346.22455,43230.45238950617
0.9,0.75,CVaR90-L75,2025-03-18,51623.3536465184,0.0,51623.3536465184,173.51627524166736,51796.869921760066,82837.28871672602,82837.28871672602,66.0443333333335,82903.33305005936,True,23884.227839506173,19346.22455,43230.45238950617
0.9,0.75,CVaR90-L75,2025-03-19,51623.3536465184,0.0,51623.3536465184,95.29781176666673,51718.651458285065,82837.36884596673,82837.36884596673,38.00450000000012,82875.37334596673,True,23884.227839506173,19346.22455,43230.45238950617
0.9,0.75,CVaR90-L75,2025-03-20,51300.85773141774,0.0,51300.85773141774,502.6375888000035,51803.49532021774,82308.03363432712,82308.03363432712,109.38244954488346,82417.416083872,True,23894.474588477366,19354.524416666667,43248.99900514403
0.9,0.75,CVaR90-L75,2025-03-21,51381.91015473411,0.0,51381.91015473411,0.0,51381.91015473411,82408.94659411805,82408.94659411805,0.0,82408.94659411805,False,23894.474588477366,19354.524416666667,43248.99900514403
0.9,0.75,CVaR90-L75,2025-03-22,51381.91015473411,0.0,51381.91015473411,19.409476666666755,51401.31963140078,82400.73620995943,82400.73620995943,9.078333333333376,82409.81454329277,True,23894.474588477366,19354.524416666667,43248.99900514403
0.9,0.75,CVaR90-L75,2025-03-23,51083.16746025237,0.0,51083.16746025237,396.6090805500022,51479.77654080237,82002.05132816799,82002.05132816799,90.59456666666699,82092.64589483466,True,23894.474588477366,19354.52441666667,43248.99900514404
0.9,0.75,CVaR90-L75,2025-03-24,50058.832748055196,0.0,50058.832748055196,202.5040067166672,50261.336754771866,80659.78725687804,80659.78725687804,95.12143333333358,80754.90869021138,True,23894.474588477366,19354.524416666667,43248.99900514403
0.9,0.75,CVaR90-L75,2025-03-25,50059.15472316798,0.0,50059.15472316798,410.01295877499945,50469.16768194298,80663.72108602553,80663.72108602553,110.48116666666647,80774.2022526922,True,23894.474588477366,19354.524416666667,43248.99900514403
0.9,0.75,CVaR90-L75,2025-03-26,50059.33641112823,0.0,50059.33641112823,213.2574086499992,50272.59381977823,80663.7520248804,80663.7520248804,68.0854999999998,80731.83752488041,True,23894.474588477366,19354.524416666667,43248.99900514403
0.9,0.75,CVaR90-L75,2025-03-27,49373.66509575843,0.0,49373.66509575843,439.0621088416675,49812.727204600094,79817.87850662778,79817.87850662778,151.98365000000013,79969.86215662777,True,23894.228689506173,19354.325238499998,43248.55392800617
0.9,0.75,CVaR90-L75,2025-03-28,49652.779664037604,0.0,49652.779664037604,0.0,49652.779664037604,80153.78931855164,80153.78931855164,0.0,80153.78931855164,False,23894.474588477366,19354.524416666667,43248.99900514403
0.9,0.75,CVaR90-L75,2025-03-29,49943.41095332486,0.0,49943.41095332486,0.0,49943.41095332486,80489.77154193562,80489.77154193562,0.0,80489.77154193562,False,23894.474588477366,19354.52441666667,43248.99900514404
0.9,0.75,CVaR90-L75,2025-03-30,49773.897681067436,0.0,49773.897681067436,354.29068395,50128.188365017435,80234.32591249293,80234.32591249293,146.62725000000012,80380.95316249294,True,23894.474588477366,19354.52441666667,43248.99900514404
0.9,0.75,CVaR90-L75,2025-03-31,49841.51521843252,0.0,49841.51521843252,79.23771675000236,49920.75293518252,80244.3937972713,80244.3937972713,37.2163630270918,80281.6101602984,True,23894.474588477366,19354.524416666667,43248.99900514403
0.9,0.75,CVaR90-L75,2025-04-01,49841.56035928513,0.0,49841.56035928513,699.8683982583331,50541.428757543465,80246.87605991859,80246.87605991859,213.35608333333312,80460.23214325192,True,23894.474588477366,19354.524416666667,43248.99900514403
0.9,0.75,CVaR90-L75,2025-04-02,49841.6160401845,0.0,49841.6160401845,831.9601563583326,50673.57619654283,80247.86865781521,80247.86865781521,251.86533333333318,80499.73399114855,True,23894.474588477366,19354.524416666667,43248.99900514403
0.9,0.75,CVaR90-L75,2025-04-03,48474.36523576237,0.0,48474.36523576237,659.2999226416669,49133.66515840404,78463.46504038866,78463.46504038866,223.39319999999987,78686.85824038867,True,23196.762916666667,18789.377962500002,41986.14087916667
0.9,0.75,CVaR90-L75,2025-04-04,46596.04451113925,0.0,46596.04451113925,0.0,46596.04451113925,76187.61576772499,76187.61576772499,0.0,76187.61576772499,False,23203.866666666665,18795.131999999998,41998.99866666667
0.9,0.75,CVaR90-L75,2025-04-05,46411.10832961946,0.0,46411.10832961946,0.0,46411.10832961946,75969.95004830643,75969.95004830643,0.0,75969.95004830643,False,23196.762916666667,18789.377962500002,41986.14087916667
0.9,0.75,CVaR90-L75,2025-04-06,46172.55692819007,0.0,46172.55692819007,604.8147966666662,46777.37172485673,75698.58693272555,75698.58693272555,144.21478333333323,75842.80171605888,True,23196.762916666667,18789.377962500002,41986.14087916667
0.9,0.75,CVaR90-L75,2025-04-07,45567.55208951664,0.0,45567.55208951664,219.91889285833332,45787.47098237497,74914.21463783624,74914.21463783624,84.00803333333329,74998.22267116957,True,23049.795864197527,18670.334649999997,41720.130514197524
0.9,0.75,CVaR90-L75,2025-04-08,45568.145088487974,0.0,45568.145088487974,375.9406255583324,45944.085714046305,74917.23888064729,74917.23888064729,108.7644166666663,75026.00329731396,True,23049.795864197527,18670.334649999997,41720.130514197524
0.9,0.75,CVaR90-L75,2025-04-09,45568.757311871246,0.0,45568.757311871246,466.74112395000043,46035.498435821246,74918.0397708464,74918.0397708464,147.56011666666677,75065.59988751306,True,23049.795864197527,18670.334649999997,41720.130514197524
0.9,0.75,CVaR90-L75,2025-04-10,45532.32218269215,0.0,45532.32218269215,834.1118131833307,46366.43399587548,74911.56742897222,74911.56742897222,215.28784999999937,75126.85527897222,True,23089.080710465325,18702.155375476912,41791.23608594223
0.9,0.75,CVaR90-L75,2025-04-11,45025.51431208543,0.0,45025.51431208543,0.0,45025.51431208543,73990.27603461416,73990.27603461416,0.0,73990.27603461416,False,22649.646598458872,18346.213744751687,40995.86034321056
0.9,0.75,CVaR90-L75,2025-04-12,44761.07273087952,0.0,44761.07273087952,0.0,44761.07273087952,73684.59976433334,73684.59976433334,0.0,73684.59976433334,False,22558.494924370498,18272.380888740103,40830.8758131106
0.9,0.75,CVaR90-L75,2025-04-13,44562.87229406512,0.0,44562.87229406512,684.7605476208366,45247.632841685954,73391.59862073243,73391.59862073243,185.73835817765143,73577.33697891008,True,22599.9542647288,18305.962954430328,40905.91721915913
0.9,0.75,CVaR90-L75,2025-04-14,42679.418990671475,0.0,42679.418990671475,699.5926140083338,43379.01160467981,70618.53617345457,70618.53617345457,175.99225000000024,70794.52842345457,True,22015.87783950617,17832.86105,39848.738889506174
0.9,0.75,CVaR90-L75,2025-04-15,42678.98754087026,0.0,42678.98754087026,611.3447677750024,43290.33230864526,70612.70971070023,70612.70971070023,139.65976569878455,70752.36947639902,True,22015.87783950617,17832.86105,39848.738889506174
0.9,0.75,CVaR90-L75,2025-04-16,42696.39587703216,0.0,42696.39587703216,880.143362024999,43576.53923905716,70633.26077022853,70633.26077022853,283.37286836161195,70916.63363859014,True,22015.87783950617,17832.86105,39848.738889506174
0.9,0.75,CVaR90-L75,2025-04-17,41478.63842121561,0.0,41478.63842121561,360.5584196166728,41839.19684083229,68869.2482232572,68869.2482232572,95.8635932095483,68965.11181646674,True,21687.87965020576,17567.18251666666,39255.06216687242
0.9,0.75,CVaR90-L75,2025-04-18,41463.29819446521,0.0,41463.29819446521,0.0,41463.29819446521,68851.65359151685,68851.65359151685,0.0,68851.65359151685,False,21687.87965020576,17567.182516666664,39255.06216687242
0.9,0.75,CVaR90-L75,2025-04-19,41446.77039886874,0.0,41446.77039886874,1.9633966666665823,41448.73379553541,68876.71362732675,68876.71362732675,0.9183333333332939,68877.63196066009,True,21653.431193415636,17539.279266666665,39192.7104600823
0.9,0.75,CVaR90-L75,2025-04-20,41446.54913226532,0.0,41446.54913226532,155.98026009999944,41602.529392365315,68892.40138667729,68892.40138667729,64.5818499999998,68956.98323667729,True,21653.431193415636,17539.279266666665,39192.7104600823
0.9,0.75,CVaR90-L75,2025-04-21,41109.87002641644,0.0,41109.87002641644,652.244041866668,41762.11406828311,68522.80444421395,68522.80444421395,242.75628591199836,68765.56073012594,True,21702.234864633367,17578.81024035303,39281.04510498639
0.9,0.75,CVaR90-L75,2025-04-22,41111.756392066454,0.0,41111.756392066454,664.8807068166649,41776.63709888312,68523.73042941409,68523.73042941409,188.01437448506226,68711.74480389916,True,21702.649504987778,17579.146099040103,39281.79560402788
0.9,0.75,CVaR90-L75,2025-04-23,41112.06501195232,0.0,41112.06501195232,912.0494195416667,42024.11443149399,68525.28935801392,68525.28935801392,272.5565968019089,68797.84595481583,True,21701.809819519935,17578.46595381115,39280.27577333109
0.9,0.75,CVaR90-L75,2025-04-24,41147.47301946684,0.0,41147.47301946684,686.2191157500007,41833.692135216836,68594.6492437771,68594.6492437771,166.76570000000027,68761.4149437771,True,21703.859362139916,17580.126083333333,39283.98544547325
0.9,0.75,CVaR90-L75,2025-04-25,41197.06672473565,0.0,41197.06672473565,0.0,41197.06672473565,68693.62330494283,68693.62330494283,0.0,68693.62330494283,False,21597.112993197108,17493.66152448966,39090.77451768677
0.9,0.75,CVaR90-L75,2025-04-26,41218.77321718712,0.0,41218.77321718712,0.0,41218.77321718712,68813.31848075558,68813.31848075558,0.0,68813.31848075558,False,21720.968958667745,17593.98485652087,39314.953815188615
0.9,0.75,CVaR90-L75,2025-04-27,41213.412324109915,0.0,41213.412324109915,476.26422141666717,41689.676545526585,68808.43354290654,68808.43354290654,212.48648333333347,69020.92002623987,True,21721.832407407404,17594.68425,39316.5166574074
0.9,0.75,CVaR90-L75,2025-04-28,40877.462500312235,0.0,40877.462500312235,1226.8323658083423,42104.294866120574,68372.13895918951,68372.13895918951,425.07240821707455,68797.21136740659,True,21820.010205761315,17674.208266666665,39494.21847242798
0.9,0.75,CVaR90-L75,2025-04-29,40877.518954062034,0.0,40877.518954062034,103.39657161666591,40980.9155256787,68367.5284600704,68367.5284600704,42.155716666666535,68409.68417673706,True,21820.010205761315,17674.20826666666,39494.21847242798
0.9,0.75,CVaR90-L75,2025-04-30,40877.518954062034,0.0,40877.518954062034,918.2554833250041,41795.77443738704,68367.59365279146,68367.59365279146,281.1296054656676,68648.72325825713,True,21820.010205761315,17674.20826666666,39494.21847242798
0.9,0.75,CVaR90-L75,2025-05-01,40883.21275842396,0.0,40883.21275842396,9159.056871091667,50042.26962951562,68370.41449505917,68370.41449505917,1999.301246501307,70369.71574156047,True,21808.072865129772,17664.539020755117,39472.61188588489
0.9,0.75,CVaR90-L75,2025-05-02,42305.94482661229,0.0,42305.94482661229,0.0,42305.94482661229,69740.90452697263,69740.90452697263,0.0,69740.90452697263,False,21630.548148148147,17520.744,39151.292148148146
0.9,0.75,CVaR90-L75,2025-05-03,41305.039032729415,0.0,41305.039032729415,45.97768999999999,41351.016722729415,68303.65644620016,68303.65644620016,21.504999999999995,68325.16144620016,True,21604.81709876543,17499.901849999995,39104.718948765425
0.9,0.75,CVaR90-L75,2025-05-04,40078.25898100588,0.0,40078.25898100588,3658.7896680333333,43737.048649039214,66482.35278152394,66482.35278152394,965.0591414828658,67447.4119230068,True,21636.892242822392,17525.882716686137,39162.77495950853
0.9,0.75,CVaR90-L75,2025-05-05,39668.986711774516,0.0,39668.986711774516,3666.4124875583375,43335.39919933285,66120.01789124403,66120.01789124403,882.2010641622345,67002.21895540626,True,21535.370209549485,17443.649869735083,38979.02007928457
0.9,0.75,CVaR90-L75,2025-05-06,39571.575565893305,0.0,39571.575565893305,3378.1031183916675,42949.67868428497,66047.71994773518,66047.71994773518,905.829174380857,66953.54912211603,True,21529.57440329218,17438.955266666664,38968.52966995884
0.9,0.75,CVaR90-L75,2025-05-07,39630.98046593496,0.0,39630.98046593496,3769.805806399996,43400.78627233495,66174.72995088804,66174.72995088804,839.1351092642525,67013.8650601523,True,21527.762860082305,17437.487916666665,38965.25077674897
0.9,0.75,CVaR90-L75,2025-05-08,39745.485628323535,0.0,39745.485628323535,4672.143345608332,44417.62897393187,66199.31417250776,66199.31417250776,1163.6595463299827,67362.97371883775,True,21510.686970928313,17423.656446451936,38934.34341738025
0.9,0.75,CVaR90-L75,2025-05-09,39942.47169115456,0.0,39942.47169115456,0.0,39942.47169115456,66551.47437103203,66551.47437103203,0.0,66551.47437103203,False,21654.587490164013,17540.21586703285,39194.80335719686
0.9,0.75,CVaR90-L75,2025-05-10,39781.83722811888,0.0,39781.83722811888,21.73989666666658,39803.577124785545,66303.26624000217,66303.26624000217,10.168333333333294,66313.4345733355,True,21521.980308211863,17432.80404965161,38954.78435786348
0.9,0.75,CVaR90-L75,2025-05-11,39209.8999608339,0.0,39209.8999608339,3032.113331933334,42242.01329276723,65289.262044828836,65289.262044828836,752.6149117658946,66041.87695659473,True,21662.96233109682,17546.999488188427,39209.96181928525
0.9,0.75,CVaR90-L75,2025-05-12,39089.098568198606,0.0,39089.098568198606,3090.0948291722207,42179.19339737083,65004.62969307962,65004.62969307962,1045.5248732298664,66050.15456630949,True,21170.116796359987,17147.79460505159,38317.91140141158
0.9,0.75,CVaR90-L75,2025-05-13,39109.41747031487,0.0,39109.41747031487,1331.881834750001,40441.299305064866,65045.70035835965,65045.70035835965,366.2648666666668,65411.96522502632,True,21036.702170543627,17039.72875814034,38076.43092868397
0.9,0.75,CVaR90-L75,2025-05-14,39121.251204275715,0.0,39121.251204275715,1110.6868787583353,40231.93808303405,65063.445654072566,65063.445654072566,323.44256666666706,65386.88822073923,True,21049.22767451775,17049.87441635938,38099.10209087713
0.9,0.75,CVaR90-L75,2025-05-15,39406.63982807002,0.0,39406.63982807002,1327.1155254750008,40733.75535354502,65526.0962840334,65526.0962840334,324.7872500000003,65850.8835340334,True,21170.12895194374,17147.80445107443,38317.93340301817
0.9,0.75,CVaR90-L75,2025-05-16,39396.77419118263,0.0,39396.77419118263,0.0,39396.77419118263,65506.983178704555,65506.983178704555,0.0,65506.983178704555,False,21109.836245059607,17098.96735849828,38208.803603557884
0.9,0.75,CVaR90-L75,2025-05-17,39387.211904939875,0.0,39387.211904939875,7.614843333333213,39394.82674827321,65499.399672267944,65499.399672267944,3.5616666666666106,65502.96133893461,True,21103.221052589717,17093.609052597676,38196.83010518739
0.9,0.75,CVaR90-L75,2025-05-18,39323.48823167047,0.0,39323.48823167047,2153.175880474998,41476.66411214547,65388.818726981044,65388.818726981044,861.6898499999991,66250.50857698104,True,21080.29962235863,17075.04269411049,38155.34231646912
0.9,0.75,CVaR90-L75,2025-05-19,39198.770415189014,0.0,39198.770415189014,1051.9848055749994,40250.75522076401,65217.21924152393,65217.21924152393,188.40129999999988,65405.62054152393,True,21003.40628712802,17012.759092573688,38016.165379701706
0.9,0.75,CVaR90-L75,2025-05-20,39202.822725189464,0.0,39202.822725189464,3677.059323974998,42879.88204916446,65223.81092450475,65223.81092450475,905.8788864578217,66129.68981096258,True,21006.246713879584,17015.05983824246,38021.30655212204
0.9,0.75,CVaR90-L75,2025-05-21,39266.95543985572,0.0,39266.95543985572,1953.192461441664,41220.14790129739,65237.95187178219,65237.95187178219,558.5710360449727,65796.52290782717,True,20861.32295585465,16897.671594242267,37758.99455009692
0.9,0.75,CVaR90-L75,2025-05-22,39268.24271141579,0.0,39268.24271141579,213.68755040833562,39481.93026182413,65244.578649378556,65244.578649378556,58.67891929384646,65303.2575686724,True,20860.047207371346,16896.638237970794,37756.68544534214
0.9,0.75,CVaR90-L75,2025-05-23,39268.18560765426,0.0,39268.18560765426,0.0,39268.18560765426,65245.11086805114,65245.11086805114,0.0,65245.11086805114,False,20859.273538082816,16896.011565847075,37755.28510392989
0.9,0.75,CVaR90-L75,2025-05-24,39270.87674356978,0.0,39270.87674356978,0.0,39270.87674356978,65252.02412781517,65252.02412781517,0.0,65252.02412781517,False,20859.359489249502,16896.081186292096,37755.4406755416
0.9,0.75,CVaR90-L75,2025-05-25,39273.17772465808,0.0,39273.17772465808,976.7120310041687,40249.889755662254,65253.558403742994,65253.558403742994,213.63873155014187,65467.197135293136,True,20861.909559644242,16898.146743311838,37760.05630295608
0.9,0.75,CVaR90-L75,2025-05-26,39274.12837067734,0.0,39274.12837067734,2763.0246331083354,42037.15300378567,65252.398745702005,65252.398745702005,828.9384166666672,66081.33716236867,True,20861.43566705878,16897.762890317616,37759.198557376396
0.9,0.75,CVaR90-L75,2025-05-27,39314.088926515695,0.0,39314.088926515695,764.7826919333335,40078.871618449026,65347.194567419014,65347.194567419014,239.86863333333332,65587.06320075235,True,20915.608913055927,16941.6432195753,37857.25213263123
0.9,0.75,CVaR90-L75,2025-05-28,39314.088926515695,0.0,39314.088926515695,1753.1990913333357,41067.28801784903,65351.35089681616,65351.35089681616,544.4274229708473,65895.77831978702,True,20915.608913055927,16941.6432195753,37857.25213263123
0.9,0.75,CVaR90-L75,2025-05-29,39314.409863770416,0.0,39314.409863770416,1425.0521061250022,40739.46196989542,65352.600264438726,65352.600264438726,416.54303380766686,65769.14329824639,True,20907.53080994536,16935.099956055747,37842.63076600111
0.9,0.75,CVaR90-L75,2025-05-30,38959.13889793821,0.0,38959.13889793821,0.0,38959.13889793821,64551.113235529534,64551.113235529534,0.0,64551.113235529534,False,20122.730239945417,16299.411494355785,36422.1417343012
0.9,0.75,CVaR90-L75,2025-05-31,38959.13889793821,0.0,38959.13889793821,193.83464333333325,39152.973541271545,64551.113235529534,64551.113235529534,90.66166666666663,64641.7749021962,True,20122.730239945417,16299.411494355785,36422.1417343012
0.9,0.75,CVaR90-L75,2025-06-01,38960.64708428357,0.0,38960.64708428357,45424.67931892325,84385.32640320683,64549.30740349645,64549.30740349645,11893.741883160475,76443.04928665693,True,20122.691933712777,16299.380466307348,36422.07240002012
0.9,0.75,CVaR90-L75,2025-06-02,47232.019606084126,0.0,47232.019606084126,12179.234869766662,59411.25447585079,76914.3178859038,76914.3178859038,3056.770108641929,79971.08799454573,True,21861.024409985257,17707.429772088057,39568.454182073314
0.9,0.75,CVaR90-L75,2025-06-03,49384.352846099995,0.0,49384.352846099995,3111.6055659000003,52495.95841199999,79727.21528726156,79727.21528726156,711.2305666666663,80438.44585392822,True,22333.333333333332,18090.0,40423.33333333333
0.9,0.75,CVaR90-L75,2025-06-04,49309.31562073333,0.0,49309.31562073333,4530.59341495833,53839.90903569166,79348.87161929227,79348.87161929227,1576.5447333333327,80925.4163526256,True,22333.333333333332,18090.0,40423.33333333333
0.9,0.75,CVaR90-L75,2025-06-05,49265.12534033547,0.0,49265.12534033547,6863.673364691667,56128.79870502714,79362.1654837884,79362.1654837884,1843.462741052682,81205.62822484109,True,22333.333333333332,18089.999999999996,40423.33333333333
0.9,0.75,CVaR90-L75,2025-06-06,48910.493349076656,0.0,48910.493349076656,0.0,48910.493349076656,78933.25655018893,78933.25655018893,0.0,78933.25655018893,False,22333.333333333332,18090.0,40423.33333333333
0.9,0.75,CVaR90-L75,2025-06-07,48910.493349076656,0.0,48910.493349076656,0.0,48910.493349076656,78929.15140838473,78929.15140838473,0.0,78929.15140838473,False,22333.333333333332,18090.0,40423.33333333333
0.9,0.75,CVaR90-L75,2025-06-08,48860.07577622999,0.0,48860.07577622999,2130.097615541665,50990.173391771656,78841.30351306949,78841.30351306949,616.7383682922614,79458.04188136176,True,22333.333333333332,18090.0,40423.33333333333
0.9,0.75,CVaR90-L75,2025-06-09,49149.12658223881,0.0,49149.12658223881,6650.418161641661,55799.54474388047,79238.760872874,79238.760872874,1691.6859499999991,80930.446822874,True,22333.333333333332,18090.0,40423.33333333333
0.9,0.75,CVaR90-L75,2025-06-10,49933.388796258325,0.0,49933.388796258325,2835.6342142000017,52769.023010458324,80261.97583949237,80261.97583949237,824.4236355701524,81086.39947506253,True,22333.333333333332,18090.0,40423.33333333333
0.9,0.75,CVaR90-L75,2025-06-11,50083.94070713605,0.0,50083.94070713605,11772.083139708333,61856.02384684438,80504.35792986577,80504.35792986577,2734.4149051801123,83238.77283504588,True,22333.333333333332,18090.0,40423.33333333333
0.9,0.75,CVaR90-L75,2025-06-12,51758.48616623387,0.0,51758.48616623387,3832.843607824995,55591.32977405887,82761.54955023219,82761.54955023219,909.3915665590531,83670.94111679123,True,23684.108075597796,19184.127541234215,42868.23561683201
0.9,0.75,CVaR90-L75,2025-06-13,51635.93124080629,0.0,51635.93124080629,0.0,51635.93124080629,82655.71720788776,82655.71720788776,0.0,82655.71720788776,False,23831.02440125326,19303.129765015135,43134.154166268396
0.9,0.75,CVaR90-L75,2025-06-14,51635.93124080628,0.0,51635.93124080628,0.0,51635.93124080628,82655.71720788776,82655.71720788776,0.0,82655.71720788776,False,23831.02440125326,19303.129765015135,43134.154166268396
0.9,0.75,CVaR90-L75,2025-06-15,51635.93124080628,0.0,51635.93124080628,1085.956876125008,52721.88811693129,82652.64283020601,82652.64283020601,297.53076095751885,82950.17359116353,True,23831.02440125326,19303.129765015135,43134.154166268396
0.9,0.75,CVaR90-L75,2025-06-16,51635.970123946536,0.0,51635.970123946536,1959.8814095333364,53595.85153347987,82654.47705832441,82654.47705832441,579.4580166666672,83233.93507499108,True,23825.22094748496,19298.42896746281,43123.64991494777
0.9,0.75,CVaR90-L75,2025-06-17,51636.391641504204,0.0,51636.391641504204,8165.069657991671,59801.46129949587,82664.44045582961,82664.44045582961,2115.87118269294,84780.31163852254,True,23774.179342354393,19257.08526730706,43031.26460966145
0.9,0.75,CVaR90-L75,2025-06-18,52510.14354828375,0.0,52510.14354828375,1016.9290535416666,53527.07260182541,83755.95886610914,83755.95886610914,384.5683000000001,84140.52716610914,True,23856.909452555225,19324.09665656973,43181.00610912495
0.9,0.75,CVaR90-L75,2025-06-19,52510.191191669226,0.0,52510.191191669226,1908.2230477749995,54418.414239444224,83782.3695169795,83782.3695169795,365.01011666666653,84147.37963364617,True,23856.259314929688,19323.570045093045,43179.82936002273
0.9,0.75,CVaR90-L75,2025-06-20,52510.33396013893,0.0,52510.33396013893,0.0,52510.33396013893,83781.71531840987,83781.71531840987,0.0,83781.71531840987,False,23856.466255746775,19323.737667154885,43180.20392290166
0.9,0.75,CVaR90-L75,2025-06-21,52510.33396013893,0.0,52510.33396013893,0.0,52510.33396013893,83781.62962532134,83781.62962532134,0.0,83781.62962532134,False,23856.466255746775,19323.737667154885,43180.20392290166
0.9,0.75,CVaR90-L75,2025-06-22,52510.33396013894,0.0,52510.33396013894,666.6000874250022,53176.93404756394,83781.8599680179,83781.8599680179,237.17915000000073,84019.0391180179,True,23856.466255746775,19323.737667154885,43180.20392290166
0.9,0.75,CVaR90-L75,2025-06-23,52510.48971664933,0.0,52510.48971664933,259.6284648250011,52770.11818147433,83792.6095920635,83792.6095920635,68.21779137244727,83860.82738343594,True,23854.340815524127,19322.01606057454,43176.35687609867
0.9,0.75,CVaR90-L75,2025-06-24,52511.02022133475,0.0,52511.02022133475,6548.590910466664,59059.611131801415,83790.9219750952,83790.9219750952,1757.9099072594606,85548.83188235466,True,23853.359362650936,19321.22108374726,43174.58044639819
0.9,0.75,CVaR90-L75,2025-06-25,53136.166097528745,0.0,53136.166097528745,2021.477223633336,55157.64332116208,84707.16638205912,84707.16638205912,615.0563459090614,85322.22272796818,True,24073.275823045267,19499.353416666665,43572.62923971193
0.9,0.75,CVaR90-L75,2025-06-26,53136.115455471336,0.0,53136.115455471336,780.5963965166668,53916.711851988,84703.18639507805,84703.18639507805,154.08103333333327,84857.26742841139,True,24073.275823045267,19499.35341666666,43572.629239711925
0.9,0.75,CVaR90-L75,2025-06-27,53136.1155416755,0.0,53136.1155416755,0.0,53136.1155416755,84710.14778729333,84710.14778729333,0.0,84710.14778729333,False,24073.275823045267,19499.353416666665,43572.62923971193
0.9,0.75,CVaR90-L75,2025-06-28,53136.1155416755,0.0,53136.1155416755,0.0,53136.1155416755,84710.21429292005,84710.21429292005,0.0,84710.21429292005,False,24073.275823045267,19499.353416666665,43572.62923971193
0.9,0.75,CVaR90-L75,2025-06-29,53136.1155416755,0.0,53136.1155416755,1010.2299911166656,54146.34553279216,84710.35518234482,84710.35518234482,376.658833333333,85087.01401567816,True,24073.275823045267,19499.353416666665,43572.62923971193
0.9,0.75,CVaR90-L75,2025-06-30,53136.191638447286,0.0,53136.191638447286,1573.0620708916636,54709.25370933895,84717.46471993529,84717.46471993529,469.62368333333245,85187.08840326863,True,24073.275823045267,19499.353416666665,43572.62923971193
0.9,0.75,CVaR90-L75,2025-07-01,53137.25056598236,0.0,53137.25056598236,19255.92751645,72393.17808243237,84719.26144574258,84719.26144574258,5593.3047891190545,90312.56623486163,True,24072.614759009914,19498.817954798033,43571.432713807946
0.9,0.75,CVaR90-L75,2025-07-02,56797.293237349775,0.0,56797.293237349775,5817.169144149996,62614.46238149977,89729.06481301213,89729.06481301213,1809.0252725331472,91538.09008554528,True,24120.392821999383,19537.518185819503,43657.91100781888
0.9,0.75,CVaR90-L75,2025-07-03,55901.73916903029,0.0,55901.73916903029,8926.278066108332,64828.01723513862,88568.5455559028,88568.5455559028,2361.169470794473,90929.71502669727,True,23975.13491769547,19419.85928333333,43394.99420102881
0.9,0.75,CVaR90-L75,2025-07-04,56502.90846930866,0.0,56502.90846930866,0.0,56502.90846930866,89351.40762001087,89351.40762001087,0.0,89351.40762001087,False,23975.13491769547,19419.85928333333,43394.99420102881
0.9,0.75,CVaR90-L75,2025-07-05,56502.90846930866,0.0,56502.90846930866,0.0,56502.90846930866,89350.66256672575,89350.66256672575,0.0,89350.66256672575,False,23975.13491769547,19419.85928333333,43394.99420102881
0.9,0.75,CVaR90-L75,2025-07-06,56502.90846930866,0.0,56502.90846930866,8473.19949281666,64976.10796212532,89347.36231411024,89347.36231411024,2169.1926893542777,91516.55500346453,True,23975.13491769547,19419.85928333333,43394.99420102881
0.9,0.75,CVaR90-L75,2025-07-07,58082.65215821703,0.0,58082.65215821703,1980.4449255499999,60063.09708376703,91376.50068504477,91376.50068504477,780.4878666666663,92156.98855171143,True,24196.217798353908,19598.936416666664,43795.15421502057
0.9,0.75,CVaR90-L75,2025-07-08,58082.652158217024,0.0,58082.652158217024,3500.0442586833324,61582.696416900355,91478.71898076285,91478.71898076285,956.9564666666661,92435.67544742952,True,24196.217798353908,19598.936416666664,43795.15421502057
0.9,0.75,CVaR90-L75,2025-07-09,57912.76103104289,0.0,57912.76103104289,2652.185218941666,60564.94624998456,91299.04359988304,91299.04359988304,657.058716666666,91956.1023165497,True,24196.217798353908,19598.936416666667,43795.15421502058
0.9,0.75,CVaR90-L75,2025-07-10,57913.38176067375,0.0,57913.38176067375,2354.3717728249994,60267.75353349875,91293.2491590136,91293.2491590136,657.9479387394625,91951.19709775307,True,24174.556379074842,19581.390667050626,43755.94704612547
0.9,0.75,CVaR90-L75,2025-07-11,57913.78938166669,0.0,57913.78938166669,0.0,57913.78938166669,91306.53870036785,91306.53870036785,0.0,91306.53870036785,False,24150.21652355765,19561.675384081696,43711.89190763935
0.9,0.75,CVaR90-L75,2025-07-12,57913.5842556761,0.0,57913.5842556761,0.0,57913.5842556761,91304.63724454807,91304.63724454807,0.0,91304.63724454807,False,24150.21652355765,19561.675384081696,43711.89190763935
0.9,0.75,CVaR90-L75,2025-07-13,57911.84116302192,0.0,57911.84116302192,2358.3762089583342,60270.21737198025,91310.2232781373,91310.2232781373,511.36384999999973,91821.5871281373,True,24185.405880143153,19590.17876291595,43775.584643059105
0.9,0.75,CVaR90-L75,2025-07-14,57913.17084763982,0.0,57913.17084763982,2281.078446074999,60194.24929371482,91272.17562514596,91272.17562514596,543.3919666666662,91815.56759181262,True,24133.20672839506,19547.89745,43681.104178395064
0.9,0.75,CVaR90-L75,2025-07-15,57913.17084763982,0.0,57913.17084763982,1894.7920888583335,59807.96293649815,91274.27970013101,91274.27970013101,526.8965602125031,91801.17626034352,True,24133.20672839506,19547.89745,43681.104178395064
0.9,0.75,CVaR90-L75,2025-07-16,57913.71512281148,0.0,57913.71512281148,2734.183398174999,60647.898520986484,91295.94613577118,91295.94613577118,715.2700719294993,92011.21620770068,True,24133.20672839506,19547.897449999997,43681.10417839506
0.9,0.75,CVaR90-L75,2025-07-17,57912.47774988922,0.0,57912.47774988922,2147.2133429750047,60059.691092864225,91296.29595010664,91296.29595010664,617.2430619091808,91913.53901201581,True,24131.77187242798,19546.735216666664,43678.507089094644
0.9,0.75,CVaR90-L75,2025-07-18,57913.97777349733,0.0,57913.97777349733,0.0,57913.97777349733,91251.28380232953,91251.28380232953,0.0,91251.28380232953,False,24079.425989956406,19504.33505186469,43583.7610418211
0.9,0.75,CVaR90-L75,2025-07-19,57606.04661931045,0.0,57606.04661931045,27.020756666666884,57633.067375977116,90780.82933503306,90780.82933503306,12.638333333333435,90793.4676683664,True,23757.147259981703,19243.28928058518,43000.43654056688
0.9,0.75,CVaR90-L75,2025-07-20,57604.76097156015,0.0,57604.76097156015,718.2745606166668,58323.035532176815,90834.8569039842,90834.8569039842,165.347873965085,91000.20477794929,True,23782.700721426474,19263.987584355447,43046.68830578192
0.9,0.75,CVaR90-L75,2025-07-21,57605.478283400575,0.0,57605.478283400575,1451.911171858335,59057.38945525891,90829.87651646521,90829.87651646521,369.020585324805,91198.89710179002,True,23772.200123364615,19255.482099925342,43027.68222328996
0.9,0.75,CVaR90-L75,2025-07-22,57604.79779710247,0.0,57604.79779710247,1186.799662241664,58791.59745934413,90822.70514897347,90822.70514897347,375.599793055592,91198.30494202906,True,23781.725365395316,19263.197545970208,43044.922911365524
0.9,0.75,CVaR90-L75,2025-07-23,57604.781655850195,0.0,57604.781655850195,1400.9607167250033,59005.7423725752,90822.53528135583,90822.53528135583,355.31520111052214,91177.85048246635,True,23782.152880287555,19263.54383303292,43045.696713320474
0.9,0.75,CVaR90-L75,2025-07-24,57605.16812204712,0.0,57605.16812204712,1575.2715566833338,59180.43967873046,90847.94952618805,90847.94952618805,398.2176333333333,91246.16715952138,True,23771.91699203333,19255.252763547,43027.169755580326
0.9,0.75,CVaR90-L75,2025-07-25,57606.55583618177,0.0,57606.55583618177,0.0,57606.55583618177,90868.3938640916,90868.3938640916,0.0,90868.3938640916,False,23716.179156378596,19210.105116666666,42926.28427304526
0.9,0.75,CVaR90-L75,2025-07-26,55547.49060806789,0.0,55547.49060806789,0.0,55547.49060806789,88017.8685381073,88017.8685381073,0.0,88017.8685381073,False,22859.227498167547,18515.974273515712,41375.20177168326
0.9,0.75,CVaR90-L75,2025-07-27,55754.52213253885,0.0,55754.52213253885,2016.7062753666687,57771.22840790552,88385.82994320829,88385.82994320829,501.1653548426242,88886.99529805091,True,22900.63401011238,18549.51354819103,41450.147558303404
0.9,0.75,CVaR90-L75,2025-07-28,55729.38303252806,0.0,55729.38303252806,3894.948098224996,59624.33113075305,88339.0786466886,88339.0786466886,989.2302255490705,89328.30887223767,True,22889.70991155283,18540.66502835779,41430.37493991062
0.9,0.75,CVaR90-L75,2025-07-29,55697.53390773182,0.0,55697.53390773182,2095.6709037333367,57793.204811465155,88228.67127002229,88228.67127002229,642.3494197718078,88871.0206897941,True,22930.022098614798,18573.317899877984,41503.33999849278
0.9,0.75,CVaR90-L75,2025-07-30,55737.70658224264,0.0,55737.70658224264,1256.9053741083344,56994.61195635097,88275.07283885012,88275.07283885012,307.2091353246384,88582.28197417475,True,22921.301795621606,18566.254454453498,41487.556250075104
0.9,0.75,CVaR90-L75,2025-07-31,55748.75023204746,0.0,55748.75023204746,971.386326516667,56720.136558564125,88287.22159817406,88287.22159817406,252.72138333333334,88539.9429815074,True,22918.91265405742,18564.31924978651,41483.23190384393
0.9,0.75,CVaR90-L75,2025-08-01,56007.63679247581,0.0,56007.63679247581,0.0,56007.63679247581,88530.76764067501,88530.76764067501,0.0,88530.76764067501,False,22960.212383019207,18597.772030245556,41557.98441326476
0.9,0.75,CVaR90-L75,2025-08-02,55813.34029589535,0.0,55813.34029589535,58.55982000000021,55871.900115895354,88167.3099087202,88167.3099087202,27.3900000000001,88194.6999087202,True,22949.715071604936,18589.269207999998,41538.984279604934
0.9,0.75,CVaR90-L75,2025-08-03,56004.43545173973,0.0,56004.43545173973,708.6309373916674,56713.066389131396,88430.67543970761,88430.67543970761,171.42916666666667,88602.10460637428,True,22948.336554938272,18588.1526095,41536.48916443827
0.9,0.75,CVaR90-L75,2025-08-04,54933.531653238046,0.0,54933.531653238046,472.713161216666,55406.24481445471,86883.90782076953,86883.90782076953,136.27208859377436,87020.1799093633,True,22948.336554938272,18588.152609499997,41536.48916443827
0.9,0.75,CVaR90-L75,2025-08-05,54996.8908414666,0.0,54996.8908414666,339.4611837250008,55336.3520251916,86972.33964854911,86972.33964854911,97.09831666666685,87069.43796521578,True,22948.336554938272,18588.152609499997,41536.48916443827
0.9,0.75,CVaR90-L75,2025-08-06,55000.62301082495,0.0,55000.62301082495,875.302852758335,55875.92586358329,86979.31787817556,86979.31787817556,219.85206128871653,87199.16993946428,True,22948.336554938272,18588.152609499994,41536.489164438266
0.9,0.75,CVaR90-L75,2025-08-07,53633.40918430024,0.0,53633.40918430024,829.6636436666678,54463.072827966906,85237.04140736343,85237.04140736343,262.27345,85499.31485736342,True,22219.939149875874,17998.15071139946,40218.08986127534
0.9,0.75,CVaR90-L75,2025-08-08,53630.48377442442,0.0,53630.48377442442,0.0,53630.48377442442,85228.25628772532,85228.25628772532,0.0,85228.25628772532,False,22256.74878687232,18027.966517366578,40284.715304238896
0.9,0.75,CVaR90-L75,2025-08-09,53085.16461033968,0.0,53085.16461033968,0.0,53085.16461033968,84501.86585785962,84501.86585785962,0.0,84501.86585785962,False,22017.370699320312,17834.070266449457,39851.44096576977
0.9,0.75,CVaR90-L75,2025-08-10,53084.672556631966,0.0,53084.672556631966,242.59603136666533,53327.26858799863,84479.85487812938,84479.85487812938,93.843883333333,84573.69876146271,True,22017.33166558415,17834.038649123162,39851.37031470731
0.9,0.75,CVaR90-L75,2025-08-11,53063.7648412017,0.0,53063.7648412017,735.9238174833307,53799.68865868503,84482.43723822714,84482.43723822714,219.57073942798274,84702.00797765513,True,22095.989793613728,17897.75173282712,39993.74152644085
0.9,0.75,CVaR90-L75,2025-08-12,53080.985451140696,0.0,53080.985451140696,1041.5116504874986,54122.49710162819,84513.3256502403,84513.3256502403,217.37788803572766,84730.70353827602,True,22097.805316476202,17899.222306345724,39997.02762282193
0.9,0.75,CVaR90-L75,2025-08-13,53099.33440994572,0.0,53099.33440994572,1206.1627854458334,54305.49719539155,84539.03898152844,84539.03898152844,311.95338758004516,84850.99236910848,True,22105.851546346596,17905.739752540743,40011.59129888734
0.9,0.75,CVaR90-L75,2025-08-14,53083.55684078191,0.0,53083.55684078191,1406.7945796833415,54490.35142046525,84513.1699881664,84513.1699881664,311.48276041460423,84824.652748581,True,22097.158622050556,17898.69848386095,39995.857105911506
0.9,0.75,CVaR90-L75,2025-08-15,53076.84870857527,0.0,53076.84870857527,0.0,53076.84870857527,84495.14250970416,84495.14250970416,0.0,84495.14250970416,False,22081.94246315273,17886.37339515371,39968.315858306436
0.9,0.75,CVaR90-L75,2025-08-16,53090.56889732492,0.0,53090.56889732492,0.0,53090.56889732492,84526.60889331496,84526.60889331496,0.0,84526.60889331496,False,22123.76003463684,17920.245628055844,40044.00566269268
0.9,0.75,CVaR90-L75,2025-08-17,53147.01335128316,0.0,53147.01335128316,1733.1282998916688,54880.14165117483,84629.02535841323,84629.02535841323,329.0716500000002,84958.09700841323,True,22358.43585012921,18110.333038604665,40468.76888873387
0.9,0.75,CVaR90-L75,2025-08-18,53244.376498907695,0.0,53244.376498907695,1549.2281590333305,54793.604657941025,84731.45225426315,84731.45225426315,349.7219333333327,85081.17418759648,True,22392.71195186483,18138.09668101051,40530.80863287534
0.9,0.75,CVaR90-L75,2025-08-19,53244.740316216805,0.0,53244.740316216805,1765.0595200083353,55009.79983622514,84734.83009109367,84734.83009109367,344.5282166666667,85079.35830776034,True,22404.67488176262,18147.78665422772,40552.46153599034
0.9,0.75,CVaR90-L75,2025-08-20,53245.93933343313,0.0,53245.93933343313,3010.781135224996,56256.72046865813,84737.80136570329,84737.80136570329,658.9642574402883,85396.76562314357,True,22406.34579255736,18149.140091971465,40555.485884528825
0.9,0.75,CVaR90-L75,2025-08-21,53367.108841654226,0.0,53367.108841654226,1100.2412139166668,54467.350055570896,84816.64270921258,84816.64270921258,203.9866833333333,85020.62939254592,True,22383.998041795992,18131.038413854752,40515.03645565074
0.9,0.75,CVaR90-L75,2025-08-22,53353.057505967736,0.0,53353.057505967736,0.0,53353.057505967736,84819.21181054332,84819.21181054332,0.0,84819.21181054332,False,22369.85483136629,18119.582413406693,40489.437244772984
0.9,0.75,CVaR90-L75,2025-08-23,53264.22967639096,0.0,53264.22967639096,0.0,53264.22967639096,84698.05081638123,84698.05081638123,0.0,84698.05081638123,False,22333.333333333332,18089.999999999996,40423.33333333333
0.9,0.75,CVaR90-L75,2025-08-24,53144.28682106134,0.0,53144.28682106134,1804.5106262333363,54948.79744729467,84508.97408831716,84508.97408831716,338.40721666666724,84847.38130498384,True,22333.333333333332,18089.999999999996,40423.33333333333
0.9,0.75,CVaR90-L75,2025-08-25,53064.49917739802,0.0,53064.49917739802,2065.512262537501,55130.01143993552,84287.13976150966,84287.13976150966,542.7460590416702,84829.88582055134,True,22296.58467721669,18060.233588545525,40356.81826576222
0.9,0.75,CVaR90-L75,2025-08-26,53088.141717922044,0.0,53088.141717922044,692.0467904083398,53780.188508330386,84322.31663450979,84322.31663450979,142.86964872238116,84465.18628323216,True,22303.694728173807,18065.992729820784,40369.68745799459
0.9,0.75,CVaR90-L75,2025-08-27,53122.08134666819,0.0,53122.08134666819,1519.7420544166666,54641.823401084854,84356.23677861832,84356.23677861832,367.73936666666674,84723.97614528498,True,22314.13259074522,18074.44739850363,40388.57998924885
0.9,0.75,CVaR90-L75,2025-08-28,53038.75912768053,0.0,53038.75912768053,2808.373755475005,55847.13288315554,84209.32632084977,84209.32632084977,688.2756367143236,84897.6019575641,True,22263.58304781227,18033.502268727938,40297.08531654021
0.9,0.75,CVaR90-L75,2025-08-29,52581.88636093309,0.0,52581.88636093309,0.0,52581.88636093309,83449.136744665,83449.136744665,0.0,83449.136744665,False,21905.22200919693,17743.229827449508,39648.45183664643
0.9,0.75,CVaR90-L75,2025-08-30,51855.06427195391,0.0,51855.06427195391,0.0,51855.06427195391,82352.7587461694,82352.7587461694,0.0,82352.7587461694,False,22004.666478258703,17823.77984738955,39828.446325648256
0.9,0.75,CVaR90-L75,2025-08-31,51413.67700449402,0.0,51413.67700449402,1939.690359683336,53353.36736417736,81525.17057451517,81525.17057451517,465.8907833333341,81991.0613578485,True,21998.670435862674,17818.92305304877,39817.59348891144
0.9,0.75,CVaR90-L75,2025-09-01,50484.247541746125,0.0,50484.247541746125,0.0,50484.247541746125,80150.13143650742,80150.13143650742,0.0,80150.13143650742,False,21825.810396432542,17678.90642111036,39504.7168175429
0.9,0.75,CVaR90-L75,2025-09-02,50484.247541746125,0.0,50484.247541746125,69.32576113333415,50553.57330287946,80149.92732063142,80149.92732063142,22.07013333333356,80171.99745396475,True,21825.810396432542,17678.90642111036,39504.7168175429
0.9,0.75,CVaR90-L75,2025-09-03,50490.739506752565,0.0,50490.739506752565,21.092201600000323,50511.83170835256,80158.2090620774,80158.2090620774,7.390400000000113,80165.5994620774,True,21824.192802850383,17677.596170308814,39501.7889731592
0.9,0.75,CVaR90-L75,2025-09-04,50692.70756292468,0.0,50692.70756292468,116.00053335833347,50808.708096283015,80464.45165230587,80464.45165230587,26.436583333333374,80490.8882356392,True,21852.54032697933,17700.557664853262,39553.09799183259
0.9,0.75,CVaR90-L75,2025-09-05,50691.41226316338,0.0,50691.41226316338,0.0,50691.41226316338,80465.77608877626,80465.77608877626,0.0,80465.77608877626,False,21870.358248235498,17714.990181070752,39585.34842930625
0.9,0.75,CVaR90-L75,2025-09-06,50691.31132565795,0.0,50691.31132565795,0.0,50691.31132565795,80469.76767638742,80469.76767638742,0.0,80469.76767638742,False,21866.17,17711.597700000002,39577.7677
0.9,0.75,CVaR90-L75,2025-09-07,50582.78680393758,0.0,50582.78680393758,12.446417849999882,50595.23322178758,80256.77329288871,80256.77329288871,6.052233333333277,80262.82552622205,True,21839.04923209876,17689.629878,39528.67911009876
0.9,0.75,CVaR90-L75,2025-09-08,50582.786803937575,0.0,50582.786803937575,496.12649046666627,51078.91329440424,80253.48944991147,80253.48944991147,140.7432833333332,80394.2327332448,True,21839.04923209876,17689.629878,39528.67911009876
0.9,0.75,CVaR90-L75,2025-09-09,50582.78680393758,0.0,50582.78680393758,0.0,50582.78680393758,80250.78863782706,80250.78863782706,0.0,80250.78863782706,False,21839.04923209876,17689.629878,39528.67911009876
0.9,0.75,CVaR90-L75,2025-09-10,50582.78680393758,0.0,50582.78680393758,2234.941217400001,52817.728021337585,80250.7856785343,80250.7856785343,558.1429886039712,80808.92866713827,True,21839.04923209876,17689.629878,39528.67911009876
0.9,0.75,CVaR90-L75,2025-09-11,50557.525338764244,0.0,50557.525338764244,64.16992876666637,50621.69526753091,80217.98727342294,80217.98727342294,17.07298333333324,80235.06025675627,True,21839.04923209876,17689.629878,39528.67911009876
0.9,0.75,CVaR90-L75,2025-09-12,50557.525338764244,0.0,50557.525338764244,0.0,50557.525338764244,80213.80946543853,80213.80946543853,0.0,80213.80946543853,False,21839.04923209876,17689.629878,39528.67911009876
0.9,0.75,CVaR90-L75,2025-09-13,50553.99838449701,0.0,50553.99838449701,0.0,50553.99838449701,80149.8504792483,80149.8504792483,0.0,80149.8504792483,False,21839.04923209876,17689.629878,39528.67911009876
0.9,0.75,CVaR90-L75,2025-09-14,50554.24286590489,0.0,50554.24286590489,375.80443225000175,50930.04729815489,80090.85043449851,80090.85043449851,93.67100027519427,80184.5214347737,True,21839.04923209876,17689.629878,39528.67911009876
0.9,0.75,CVaR90-L75,2025-09-15,50581.93999180425,0.0,50581.93999180425,2318.3382175499987,52900.27820935425,80140.3674321135,80140.3674321135,572.8823491637395,80713.24978127725,True,21839.04923209876,17689.629878,39528.67911009876
0.9,0.75,CVaR90-L75,2025-09-16,50514.74827355892,0.0,50514.74827355892,536.2680881749992,51051.01636173392,80013.73888210185,80013.73888210185,128.93800259941034,80142.67688470126,True,21839.04923209876,17689.629878,39528.67911009876
0.9,0.75,CVaR90-L75,2025-09-17,50514.78647005322,0.0,50514.78647005322,992.7851909750001,51507.571661028225,80020.01494612155,80020.01494612155,228.14898333333335,80248.16392945488,True,21839.04923209876,17689.629878,39528.67911009876
0.9,0.75,CVaR90-L75,2025-09-18,50511.35543604687,0.0,50511.35543604687,952.577032183334,51463.9324682302,79989.18062433641,79989.18062433641,216.13595000000015,80205.31657433641,True,21839.04923209876,17689.629878,39528.67911009876
0.9,0.75,CVaR90-L75,2025-09-19,50506.94313145972,0.0,50506.94313145972,0.0,50506.94313145972,79953.65321190614,79953.65321190614,0.0,79953.65321190614,False,21839.04923209876,17689.629878,39528.67911009876
0.9,0.75,CVaR90-L75,2025-09-20,50708.33402338532,0.0,50708.33402338532,0.0,50708.33402338532,80275.85313556733,80275.85313556733,0.0,80275.85313556733,False,21839.04923209876,17689.629878,39528.67911009876
0.9,0.75,CVaR90-L75,2025-09-21,50067.61336227942,0.0,50067.61336227942,1228.787271683334,51296.40063396276,79311.9675870174,79311.9675870174,320.8038531656929,79632.77144018309,True,21823.764782098762,17677.2494735,39501.01425559876
0.9,0.75,CVaR90-L75,2025-09-22,49980.98252011177,0.0,49980.98252011177,2130.204480075,52111.18700018677,79189.84143197993,79189.84143197993,480.0470441833989,79669.88847616334,True,21854.268465432095,17701.957456999997,39556.22592243209
0.9,0.75,CVaR90-L75,2025-09-23,49973.511493643935,0.0,49973.511493643935,2530.8373227750053,52504.34881641894,79175.17710792615,79175.17710792615,591.1814495310946,79766.35855745725,True,21854.268465432095,17701.957457,39556.225922432095
0.9,0.75,CVaR90-L75,2025-09-24,50201.59997736507,0.0,50201.59997736507,4698.060874916668,54899.66085228174,79484.96465653495,79484.96465653495,1062.0527289386132,80547.01738547356,True,21842.52918020723,17692.448635967856,39534.97781617509
0.9,0.75,CVaR90-L75,2025-09-25,50992.33797518817,0.0,50992.33797518817,897.9203716333337,51890.25834682151,80535.95474368002,80535.95474368002,222.55626666666672,80758.51101034669,True,22033.188959162195,17846.88305692138,39880.07201608358
0.9,0.75,CVaR90-L75,2025-09-26,49316.70923777828,0.0,49316.70923777828,0.0,49316.70923777828,78054.57178993998,78054.57178993998,0.0,78054.57178993998,False,21958.339197530862,17786.25475,39744.59394753086
0.9,0.75,CVaR90-L75,2025-09-27,49315.74757898527,0.0,49315.74757898527,0.0,49315.74757898527,78005.01320449478,78005.01320449478,0.0,78005.01320449478,False,21958.339197530862,17786.25475,39744.59394753086
0.9,0.75,CVaR90-L75,2025-09-28,49514.73354362718,0.0,49514.73354362718,3068.4929572000074,52583.22650082719,78183.90425646404,78183.90425646404,717.6771131536867,78901.58136961772,True,21702.328004115225,17578.885683333334,39281.21368744856
0.9,0.75,CVaR90-L75,2025-09-29,48098.01290422979,0.0,48098.01290422979,2028.949745241667,50126.96264947146,75852.12923082194,75852.12923082194,507.3353166666668,76359.4645474886,True,21793.543960905346,17652.770608333332,39446.314569238675
0.9,0.75,CVaR90-L75,2025-09-30,48030.572060078994,0.0,48030.572060078994,7449.275001791664,55479.847061870656,75710.39494247302,75710.39494247302,1711.4968578614107,77421.89180033443,True,21746.105419250474,17614.345389592883,39360.45080884336
0.9,0.75,CVaR90-L75,2025-10-01,49120.28486346851,0.0,49120.28486346851,88.35051309166728,49208.635376560174,77247.96504057734,77247.96504057734,21.863800000000197,77269.82884057735,True,22094.778117283953,17896.770274999995,39991.54839228395
0.9,0.75,CVaR90-L75,2025-10-02,44770.32294570035,0.0,44770.32294570035,322.62474615416386,45092.94769185451,71866.34370471598,71866.34370471598,112.431670695452,71978.77537541144,True,22094.778117283953,17896.770275,39991.54839228395
0.9,0.75,CVaR90-L75,2025-10-03,44764.74781762171,0.0,44764.74781762171,0.0,44764.74781762171,71858.20063340187,71858.20063340187,0.0,71858.20063340187,False,22094.778117283953,17896.770275,39991.54839228395
0.9,0.75,CVaR90-L75,2025-10-04,44754.95731140167,0.0,44754.95731140167,0.0,44754.95731140167,71845.81383698771,71845.81383698771,0.0,71845.81383698771,False,22094.778117283953,17896.770274999995,39991.54839228395
0.9,0.75,CVaR90-L75,2025-10-05,44750.17163107561,0.0,44750.17163107561,512.7211183499949,45262.892749425606,71855.613411014,71855.613411014,144.29865880908767,71999.91206982308,True,22094.778117283953,17896.770275000003,39991.548392283956
0.9,0.75,CVaR90-L75,2025-10-06,44800.12461447468,0.0,44800.12461447468,622.4896803916706,45422.61429486635,71935.01715872146,71935.01715872146,164.19880458488933,72099.21596330634,True,22094.778117283953,17896.770275,39991.54839228395
0.9,0.75,CVaR90-L75,2025-10-07,44802.71235799338,0.0,44802.71235799338,457.6812649277779,45260.39362292116,71942.36796158805,71942.36796158805,137.46965996667967,72079.83762155473,True,22094.778117283953,17896.770274999995,39991.54839228395
0.9,0.75,CVaR90-L75,2025-10-08,44799.71972744819,0.0,44799.71972744819,1723.8517547583374,46523.57148220653,71939.33714414082,71939.33714414082,471.24061522765544,72410.57775936848,True,22094.778117283953,17896.770274999995,39991.54839228395
0.9,0.75,CVaR90-L75,2025-10-09,44803.17242426381,0.0,44803.17242426381,1155.5515341583382,45958.723958422146,71944.90246407883,71944.90246407883,295.9365461803444,72240.83901025917,True,22094.778117283953,17896.770275,39991.54839228395
0.9,0.75,CVaR90-L75,2025-10-10,44803.13582826141,0.0,44803.13582826141,0.0,44803.13582826141,71937.97442978654,71937.97442978654,0.0,71937.97442978654,False,22094.778117283953,17896.770275,39991.54839228395
0.9,0.75,CVaR90-L75,2025-10-11,44802.83035948376,0.0,44802.83035948376,0.0,44802.83035948376,71936.29667179371,71936.29667179371,0.0,71936.29667179371,False,22094.778117283953,17896.770274999995,39991.54839228395
0.9,0.75,CVaR90-L75,2025-10-12,44639.313443944746,0.0,44639.313443944746,1502.6957546083327,46142.00919855308,71680.6162373759,71680.6162373759,386.4075666666665,72067.02380404256,True,22094.778117283953,17896.770274999995,39991.54839228395
0.9,0.75,CVaR90-L75,2025-10-13,44572.6304177232,0.0,44572.6304177232,977.1152507333454,45549.74566845655,71600.85632385622,71600.85632385622,240.96189940061925,71841.81822325684,True,22094.778117283953,17896.770274999995,39991.54839228395
0.9,0.75,CVaR90-L75,2025-10-14,44590.73025585324,0.0,44590.73025585324,3619.2017405583347,48209.93199641157,71624.14504543226,71624.14504543226,824.9435303828445,72449.08857581511,True,22094.778117283953,17896.770274999995,39991.54839228395
0.9,0.75,CVaR90-L75,2025-10-15,44644.72116793743,0.0,44644.72116793743,2209.181942533326,46853.903110470754,71629.92024694313,71629.92024694313,609.7972145206716,72239.7174614638,True,22094.778117283953,17896.770274999995,39991.54839228395
0.9,0.75,CVaR90-L75,2025-10-16,44630.49782165375,0.0,44630.49782165375,6374.926275749995,51005.424097403746,71601.55558222163,71601.55558222163,1581.7773965821648,73183.3329788038,True,22094.778117283953,17896.770274999995,39991.54839228395
0.9,0.75,CVaR90-L75,2025-10-17,45338.82192885058,0.0,45338.82192885058,0.0,45338.82192885058,72514.59720007148,72514.59720007148,0.0,72514.59720007148,False,22175.807807934856,17962.404324427232,40138.21213236209
0.9,0.75,CVaR90-L75,2025-10-18,45368.55606234824,0.0,45368.55606234824,0.0,45368.55606234824,72494.01423535145,72494.01423535145,0.0,72494.01423535145,False,22172.3862654321,17959.632875,40132.019140432094
0.9,0.75,CVaR90-L75,2025-10-19,45284.162847217034,0.0,45284.162847217034,4714.119816904165,49998.2826641212,72377.12602149029,72377.12602149029,1166.3823815218288,73543.50840301212,True,22177.0062654321,17963.375074999996,40140.3813404321
0.9,0.75,CVaR90-L75,2025-10-20,45415.11728493354,0.0,45415.11728493354,6592.769000200004,52007.88628513354,72653.06168077842,72653.06168077842,1444.2259846414008,74097.28766541982,True,22358.411306584363,18110.313158333334,40468.7244649177
0.9,0.75,CVaR90-L75,2025-10-21,45542.08926796686,0.0,45542.08926796686,7135.357169169443,52677.44643713631,72734.11339763997,72734.11339763997,2203.8812311583115,74937.99462879829,True,22357.822139917695,18109.835933333332,40467.65807325103
0.9,0.75,CVaR90-L75,2025-10-22,46061.52156196476,0.0,46061.52156196476,6460.704520866664,52522.22608283142,73622.90824134753,73622.90824134753,1543.2342333333331,75166.14247468086,True,22426.091296296298,18165.133950000003,40591.2252462963
0.9,0.75,CVaR90-L75,2025-10-23,46290.878755822836,0.0,46290.878755822836,1258.1896371999997,47549.06839302283,74067.12102435439,74067.12102435439,376.5930166666667,74443.71404102106,True,22892.676095939038,18543.06763771062,41435.74373364966
0.9,0.75,CVaR90-L75,2025-10-24,46288.1993393886,0.0,46288.1993393886,0.0,46288.1993393886,74020.8438664216,74020.8438664216,0.0,74020.8438664216,False,22920.895679610814,18565.925500484762,41486.821180095576
0.9,0.75,CVaR90-L75,2025-10-25,46134.35224926285,0.0,46134.35224926285,0.0,46134.35224926285,73962.16712576861,73962.16712576861,0.0,73962.16712576861,False,22917.22595825279,18562.95302618476,41480.17898443755
0.9,0.75,CVaR90-L75,2025-10-26,46134.16012198332,0.0,46134.16012198332,1740.687196175001,47874.84731815832,73914.3315615902,73914.3315615902,511.82326666666677,74426.15482825687,True,22918.4083922508,18563.910797723147,41482.31918997395
0.9,0.75,CVaR90-L75,2025-10-27,45919.128020029195,0.0,45919.128020029195,5181.713402350002,51100.8414223792,73625.74694392204,73625.74694392204,1297.4740250604386,74923.22096898248,True,22852.98685109488,18510.91934938685,41363.90620048173
0.9,0.75,CVaR90-L75,2025-10-28,46175.483949675945,0.0,46175.483949675945,4873.815618999997,51049.29956867594,73944.19212238697,73944.19212238697,1194.7245258493977,75138.91664823637,True,22741.843257011264,18420.893038179125,41162.73629519039
0.9,0.75,CVaR90-L75,2025-10-29,46406.21724191816,0.0,46406.21724191816,9333.350682866674,55739.56792478483,74260.69839855278,74260.69839855278,2492.2144802226376,76752.91287877542,True,22715.683375069373,18399.703533806198,41115.386908875575
0.9,0.75,CVaR90-L75,2025-10-30,48101.49031045632,0.0,48101.49031045632,1798.9282986416642,49900.418609097986,76406.27951380922,76406.27951380922,429.1740666666662,76835.45358047588,True,23233.158683127574,18818.858533333332,42052.01721646091
0.9,0.75,CVaR90-L75,2025-10-31,48236.47287643766,0.0,48236.47287643766,0.0,48236.47287643766,76675.30667053029,76675.30667053029,0.0,76675.30667053029,False,23233.158683127574,18818.858533333332,42052.01721646091
0.9,0.75,CVaR90-L75,2025-11-01,46350.7785179365,0.0,46350.7785179365,0.0,46350.7785179365,74906.87710688196,74906.87710688196,0.0,74906.87710688196,False,23243.49364197531,18827.22985,42070.72349197531
0.9,0.75,CVaR90-L75,2025-11-02,46350.359140389584,0.0,46350.359140389584,3905.990872416664,50256.35001280625,74905.0008529544,74905.0008529544,1020.9228867842398,75925.92373973865,True,23243.49364197531,18827.229849999996,42070.72349197531
0.9,0.75,CVaR90-L75,2025-11-03,46874.62192046043,0.0,46874.62192046043,3958.638550383327,50833.26047084376,75652.1004794619,75652.1004794619,1353.7079456008246,77005.80842506271,True,23432.214588477367,18980.093816666667,42412.30840514404
0.9,0.75,CVaR90-L75,2025-11-04,47258.59275049835,0.0,47258.59275049835,1639.1569149333313,48897.74966543168,76325.49302967309,76325.49302967309,456.9676833333333,76782.46071300643,True,23354.438022819762,18917.09479848401,42271.53282130377
0.9,0.75,CVaR90-L75,2025-11-05,47067.823809758054,0.0,47067.823809758054,3772.848590033338,50840.672399791394,76106.31274920855,76106.31274920855,942.6274855887701,77048.94023479732,True,23277.093086419758,18854.4454,42131.538486419755
0.9,0.75,CVaR90-L75,2025-11-06,47141.42662937274,0.0,47141.42662937274,8796.305814316675,55937.73244368941,76208.10578220671,76208.10578220671,2075.3802013996683,78283.48598360637,True,23353.081090534975,18915.995683333334,42269.076773868306
0.9,0.75,CVaR90-L75,2025-11-07,48299.07578055622,0.0,48299.07578055622,0.0,48299.07578055622,77646.70098109514,77646.70098109514,0.0,77646.70098109514,False,23302.560858451234,18875.074295345505,42177.63515379674
0.9,0.75,CVaR90-L75,2025-11-08,48298.63670884759,0.0,48298.63670884759,0.0,48298.63670884759,77634.82449412187,77634.82449412187,0.0,77634.82449412187,False,23302.560858451234,18875.0742953455,42177.635153796735
0.9,0.75,CVaR90-L75,2025-11-09,48298.33518150741,0.0,48298.33518150741,5091.612900141666,53389.948081649076,77632.44684505758,77632.44684505758,1314.5272834656325,78946.97412852322,True,23304.95766249744,18877.015706622926,42181.973369120366
0.9,0.75,CVaR90-L75,2025-11-10,49131.552637455956,0.0,49131.552637455956,5900.174847416673,55031.72748487263,78729.01972432557,78729.01972432557,1741.377870919546,80470.39759524511,True,23325.980333333333,18894.044069999996,42220.02440333333
0.9,0.75,CVaR90-L75,2025-11-11,49670.566434252054,0.0,49670.566434252054,1176.9432083083298,50847.509642560384,79533.12157020533,79533.12157020533,324.9178539967607,79858.03942420208,True,23325.280816666665,18893.4774615,42218.758278166664
0.9,0.75,CVaR90-L75,2025-11-12,49671.34628904463,0.0,49671.34628904463,1773.987403574992,51445.33369261962,79538.90787058644,79538.90787058644,398.39740847996893,79937.30527906641,True,23325.280816666665,18893.4774615,42218.758278166664
0.9,0.75,CVaR90-L75,2025-11-13,49656.51709115392,0.0,49656.51709115392,3905.0728205166924,53561.58991167061,79507.45854587434,79507.45854587434,1056.3028551339246,80563.76140100826,True,23306.053633333333,18877.903442999996,42183.95707633333
0.9,0.75,CVaR90-L75,2025-11-14,50275.4967153607,0.0,50275.4967153607,0.0,50275.4967153607,80334.65554361793,80334.65554361793,0.0,80334.65554361793,False,23355.897414197527,18918.2769055,42274.17431969753
0.9,0.75,CVaR90-L75,2025-11-15,50275.24401129772,0.0,50275.24401129772,0.0,50275.24401129772,80329.11823047395,80329.11823047395,0.0,80329.11823047395,False,23355.897414197527,18918.2769055,42274.17431969753
0.9,0.75,CVaR90-L75,2025-11-16,50274.803136123955,0.0,50274.803136123955,6029.846124358334,56304.64926048229,80328.47577698762,80328.47577698762,1546.6664931020032,81875.14227008962,True,23355.897414197527,18918.2769055,42274.17431969753
0.9,0.75,CVaR90-L75,2025-11-17,51004.071987573916,0.0,51004.071987573916,1472.6887352499962,52476.760722823914,81167.3780514597,81167.3780514597,385.575273974295,81552.95332543399,True,23379.785844444443,18937.626534000003,42317.412378444445
0.9,0.75,CVaR90-L75,2025-11-18,50883.54231598338,0.0,50883.54231598338,4716.1244329833335,55599.666748966716,81051.62492974507,81051.62492974507,1387.9379500000002,82439.56287974508,True,23407.54911111111,18960.11478,42367.66389111111
0.9,0.75,CVaR90-L75,2025-11-19,51297.207065086666,0.0,51297.207065086666,3373.9579058666695,54671.16497095334,81772.1277358435,81772.1277358435,872.0429620829782,82644.17069792649,True,23622.18216049383,19133.96755,42756.14971049383
0.9,0.75,CVaR90-L75,2025-11-20,51393.04592663476,0.0,51393.04592663476,3288.8396054166647,54681.88553205143,81926.99692501579,81926.99692501579,812.541558781071,82739.53848379686,True,23607.670905349794,19122.21343333333,42729.88433868313
0.9,0.75,CVaR90-L75,2025-11-21,51576.07104228431,0.0,51576.07104228431,0.0,51576.07104228431,82154.44018694136,82154.44018694136,0.0,82154.44018694136,False,23651.105679012348,19157.395599999996,42808.501279012344
0.9,0.75,CVaR90-L75,2025-11-22,51575.987271180325,0.0,51575.987271180325,0.0,51575.987271180325,82151.60799858588,82151.60799858588,0.0,82151.60799858588,False,23651.105679012348,19157.395599999996,42808.501279012344
0.9,0.75,CVaR90-L75,2025-11-23,51575.57594409432,0.0,51575.57594409432,5622.821529224999,57198.39747331932,82145.8524895562,82145.8524895562,1386.545216476114,83532.39770603231,True,23651.105679012348,19157.395599999996,42808.501279012344
0.9,0.75,CVaR90-L75,2025-11-24,52151.08155463442,0.0,52151.08155463442,2319.2224046000038,54470.30395923442,82927.07300856398,82927.07300856398,613.0831936405319,83540.15620220451,True,24023.535476109675,19459.063735648837,43482.59921175851
0.9,0.75,CVaR90-L75,2025-11-25,52277.581192919824,0.0,52277.581192919824,3049.6614023583334,55327.242595278156,83102.63958639062,83102.63958639062,789.7875845340252,83892.42717092465,True,24009.468770709944,19447.669704275053,43457.138474985
0.9,0.75,CVaR90-L75,2025-11-26,52617.02596337306,0.0,52617.02596337306,3001.4760893999937,55618.50205277305,83565.99809121026,83565.99809121026,866.0980322331588,84432.09612344342,True,24160.010531043037,19569.60853014486,43729.6190611879
0.9,0.75,CVaR90-L75,2025-11-27,52589.37924294531,0.0,52589.37924294531,2848.881517691669,55438.26076063698,83562.02142901006,83562.02142901006,693.9269000000006,84255.94832901006,True,24001.306182393735,19441.058007738924,43442.36419013266
0.9,0.75,CVaR90-L75,2025-11-28,52595.29240596643,0.0,52595.29240596643,0.0,52595.29240596643,83482.59360817017,83482.59360817017,0.0,83482.59360817017,False,24120.014345533218,19537.211619881906,43657.22596541513
0.9,0.75,CVaR90-L75,2025-11-29,52594.79338281731,0.0,52594.79338281731,0.0,52594.79338281731,83481.87357241419,83481.87357241419,0.0,83481.87357241419,False,24119.883797486476,19537.105875964047,43656.989673450524
0.9,0.75,CVaR90-L75,2025-11-30,52588.35419329001,0.0,52588.35419329001,9849.633407941677,62437.98760123169,83470.42107294,83470.42107294,2820.257191433942,86290.67826437393,True,24122.684437421587,19539.37439431149,43662.05883173308
0.9,0.75,CVaR90-L75,2025-12-01,54261.93525378055,0.0,54261.93525378055,22663.493318949993,76925.42857273054,85890.77968429476,85890.77968429476,6117.314813294532,92008.09449758929,True,24760.15905349794,20055.728833333334,44815.887886831275
0.9,0.75,CVaR90-L75,2025-12-02,58487.24403456112,0.0,58487.24403456112,10956.922476124997,69444.16651068612,91672.80926188601,91672.80926188601,3039.6302109176186,94712.43947280363,True,24833.333333333332,20115.0,44948.33333333333
0.9,0.75,CVaR90-L75,2025-12-03,60482.642406889645,0.0,60482.642406889645,4120.788898970832,64603.431305860475,94425.53437960774,94425.53437960774,1424.0379667336483,95849.57234634139,True,24982.954176954736,20236.19288333333,45219.147060288065
0.9,0.75,CVaR90-L75,2025-12-04,61057.386444850985,0.0,61057.386444850985,3823.945598866668,64881.33204371765,95378.06038795975,95378.06038795975,969.2715193604263,96347.33190732017,True,25131.709341563786,20356.68456666667,45488.39390823046
0.9,0.75,CVaR90-L75,2025-12-05,61244.21324721372,0.0,61244.21324721372,0.0,61244.21324721372,95384.62076029266,95384.62076029266,0.0,95384.62076029266,False,25121.638353909464,20348.52706666667,45470.16542057613
0.9,0.75,CVaR90-L75,2025-12-06,61242.407045150394,0.0,61242.407045150394,0.0,61242.407045150394,95381.0258262904,95381.0258262904,0.0,95381.0258262904,False,25121.638353909464,20348.52706666667,45470.16542057613
0.9,0.75,CVaR90-L75,2025-12-07,61242.40704515039,0.0,61242.40704515039,2902.1436195749984,64144.550664725386,95378.41202278397,95378.41202278397,782.1182477921527,96160.53027057613,True,25121.638353909464,20348.52706666667,45470.16542057613
0.9,0.75,CVaR90-L75,2025-12-08,60773.10042667217,0.0,60773.10042667217,3527.2675908833335,64300.368017555506,94791.38697866019,94791.38697866019,1051.4527193920444,95842.83969805224,True,25182.47563449542,20397.80526394129,45580.28089843671
0.9,0.75,CVaR90-L75,2025-12-09,60949.941784865834,0.0,60949.941784865834,3593.4860488500003,64543.42783371583,95192.41132698441,95192.41132698441,820.9776333863032,96013.3889603707,True,25207.304629564234,20417.916749947028,45625.22137951126
0.9,0.75,CVaR90-L75,2025-12-10,61052.991358966035,0.0,61052.991358966035,3933.6326094333344,64986.62396839937,95297.19956763493,95297.19956763493,1151.7890339258518,96448.98860156078,True,25257.684320987653,20458.724299999998,45716.408620987655
0.9,0.75,CVaR90-L75,2025-12-11,61887.03504434897,0.0,61887.03504434897,1029.460058225001,62916.49510257397,96398.59432527944,96398.59432527944,357.9026833333335,96756.49700861277,True,25370.999835390943,20550.509866666667,45921.50970205761
0.9,0.75,CVaR90-L75,2025-12-12,61923.71003083771,0.0,61923.71003083771,0.0,61923.71003083771,96460.79750494091,96460.79750494091,0.0,96460.79750494091,False,25370.999835390943,20550.509866666667,45921.50970205761
0.9,0.75,CVaR90-L75,2025-12-13,61923.71003083771,0.0,61923.71003083771,0.0,61923.71003083771,96460.79750494091,96460.79750494091,0.0,96460.79750494091,False,25370.999835390943,20550.509866666667,45921.50970205761
0.9,0.75,CVaR90-L75,2025-12-14,61923.71003083771,0.0,61923.71003083771,2161.380115025,64085.09014586271,96460.79750494091,96460.79750494091,650.6437333333333,97111.44123827424,True,25370.999835390943,20550.509866666667,45921.50970205761
0.9,0.75,CVaR90-L75,2025-12-15,61704.42069867552,0.0,61704.42069867552,3973.920689759096,65678.34138843462,96167.03065305286,96167.03065305286,1277.529249413883,97444.55990246675,True,25367.614954044388,20547.768112775957,45915.383066820345
0.9,0.75,CVaR90-L75,2025-12-16,61570.820431102075,0.0,61570.820431102075,2751.5654459750017,64322.385877077075,96168.00156488681,96168.00156488681,798.8880500000004,96966.88961488681,True,25292.80919145548,20487.175445078945,45779.98463653443
0.9,0.75,CVaR90-L75,2025-12-17,61571.807939193386,0.0,61571.807939193386,1439.1812287666644,63010.98916796005,96166.69497368569,96166.69497368569,459.09954443090544,96625.7945181166,True,25240.136872088544,20444.51086639172,45684.647738480264
0.9,0.75,CVaR90-L75,2025-12-18,61573.25942499942,0.0,61573.25942499942,1466.0606418666669,63039.32006686609,96175.15557489495,96175.15557489495,470.56473333333327,96645.72030822828,True,25236.20862646606,20441.32898743751,45677.53761390357
0.9,0.75,CVaR90-L75,2025-12-19,61572.503107809214,0.0,61572.503107809214,0.0,61572.503107809214,96177.39241987036,96177.39241987036,0.0,96177.39241987036,False,25234.032059666253,20439.565968329665,45673.59802799592
0.9,0.75,CVaR90-L75,2025-12-20,61572.503107809214,0.0,61572.503107809214,0.0,61572.503107809214,96177.35652202838,96177.35652202838,0.0,96177.35652202838,False,25234.032059666253,20439.565968329665,45673.59802799592
0.9,0.75,CVaR90-L75,2025-12-21,61572.09374191219,0.0,61572.09374191219,3269.1110985416635,64841.20484045385,96185.22955988713,96185.22955988713,1035.5892622783533,97220.81882216549,True,25253.374892377487,20455.23366282577,45708.60855520326
0.9,0.75,CVaR90-L75,2025-12-22,61629.63877128553,0.0,61629.63877128553,2055.0173422500047,63684.65611353553,96362.90522507367,96362.90522507367,567.1962428804752,96930.10146795414,True,25215.68616930729,20424.705797138908,45640.3919664462
0.9,0.75,CVaR90-L75,2025-12-23,61609.307457891664,0.0,61609.307457891664,778.0352746166675,62387.34273250833,96341.30203416216,96341.30203416216,189.04875000000015,96530.35078416216,True,25234.099020889236,20439.620206920285,45673.71922780952
0.9,0.75,CVaR90-L75,2025-12-24,61606.9844729144,0.0,61606.9844729144,1843.4087114666672,63450.39318438107,96338.92768556744,96338.92768556744,477.61468582064197,96816.54237138809,True,25234.427744749402,20439.886473247017,45674.31421799642
0.9,0.75,CVaR90-L75,2025-12-25,61612.61576300215,0.0,61612.61576300215,1651.79899776666,63264.41476076881,96350.09014498796,96350.09014498796,516.6311418286521,96866.72128681661,True,25238.156453003638,20442.90672693295,45681.06317993659
0.9,0.75,CVaR90-L75,2025-12-26,61610.27286200244,0.0,61610.27286200244,0.0,61610.27286200244,96348.85300344432,96348.85300344432,0.0,96348.85300344432,False,25236.375340703464,20441.464025969806,45677.83936667327
0.9,0.75,CVaR90-L75,2025-12-27,61609.03109215301,0.0,61609.03109215301,0.0,61609.03109215301,96342.68121593131,96342.68121593131,0.0,96342.68121593131,False,25235.8133551407,20441.00881766397,45676.82217280467
0.9,0.75,CVaR90-L75,2025-12-28,61609.031092153,0.0,61609.031092153,1132.5456375749977,62741.576729728,96342.97068567367,96342.97068567367,279.08598053602987,96622.0566662097,True,25235.8133551407,20441.00881766397,45676.82217280467
0.9,0.75,CVaR90-L75,2025-12-29,61630.83513514382,0.0,61630.83513514382,1359.7734645750006,62990.60859971882,96370.56105555907,96370.56105555907,400.4242666666669,96770.98532222574,True,25239.711869109713,20444.16661397887,45683.878483088585
0.9,0.75,CVaR90-L75,2025-12-30,61635.21618616913,0.0,61635.21618616913,812.4949708916749,62447.7111570608,96375.05523927555,96375.05523927555,186.01083268159425,96561.06607195715,True,25236.74142694815,20441.760555828005,45678.50198277616
0.9,0.75,CVaR90-L75,2025-12-31,61645.12322117486,0.0,61645.12322117486,2038.57668230833,63683.69990348319,96390.59562139501,96390.59562139501,582.3501076544155,96972.94572904943,True,25235.892440686745,20441.072876956263,45676.96531764301
0.9,1.0,CVaR90-L100,2025-02-01,64139.093122065984,0.0,64139.093122065984,0.0,64139.093122065984,99886.25085528381,99886.25085528381,0.0,99886.25085528381,False,25568.787653454903,20710.71799929847,46279.505652753374
0.9,1.0,CVaR90-L100,2025-02-02,64188.603646521035,0.0,64188.603646521035,30.426383166667154,64219.0300296877,99914.84722619483,99914.84722619483,6.219696507480194,99921.06692270232,True,25570.691224510265,20712.25989185331,46282.951116363576
0.9,1.0,CVaR90-L100,2025-02-03,64022.12454540191,0.0,64022.12454540191,0.0,64022.12454540191,99621.92615896356,99621.92615896356,0.0,99621.92615896356,False,25564.181255144034,20706.986816666667,46271.1680718107
0.9,1.0,CVaR90-L100,2025-02-04,64022.12454540191,0.0,64022.12454540191,147.03110330000004,64169.15564870191,99621.92615896356,99621.92615896356,50.340516666666645,99672.26667563022,True,25564.181255144034,20706.986816666667,46271.1680718107
0.9,1.0,CVaR90-L100,2025-02-05,64022.12454540191,0.0,64022.12454540191,75.79150387500029,64097.91604927691,99621.92615896356,99621.92615896356,12.067750000000046,99633.99390896356,True,25564.181255144034,20706.986816666667,46271.1680718107
0.9,1.0,CVaR90-L100,2025-02-06,63836.71554139333,0.0,63836.71554139333,15.003368333332702,63851.71890972666,99373.43906768289,99373.43906768289,2.2283333333332394,99375.66740101622,True,25555.83557613169,20700.22681666667,46256.062392798354
0.9,1.0,CVaR90-L100,2025-02-07,63754.05705385664,0.0,63754.05705385664,0.0,63754.05705385664,99290.61343414124,99290.61343414124,0.0,99290.61343414124,False,25555.83557613169,20700.226816666665,46256.062392798354
0.9,1.0,CVaR90-L100,2025-02-08,63146.193618716876,0.0,63146.193618716876,0.0,63146.193618716876,98265.4827816783,98265.4827816783,0.0,98265.4827816783,False,25443.2141563786,20609.003466666665,46052.21762304526
0.9,1.0,CVaR90-L100,2025-02-09,63235.331923175254,0.0,63235.331923175254,38.219312500000086,63273.55123567525,98457.3820831766,98457.3820831766,15.211666666666702,98472.59374984328,True,25435.496574637746,20602.752225456574,46038.24880009432
0.9,1.0,CVaR90-L100,2025-02-10,62863.60777888101,0.0,62863.60777888101,0.0,62863.60777888101,97931.34524415026,97931.34524415026,0.0,97931.34524415026,False,25395.730041152263,20570.541333333334,45966.2713744856
0.9,1.0,CVaR90-L100,2025-02-11,62863.60777888101,0.0,62863.60777888101,0.0,62863.60777888101,97931.38533878015,97931.38533878015,0.0,97931.38533878015,False,25395.730041152263,20570.54133333333,45966.271374485594
0.9,1.0,CVaR90-L100,2025-02-12,62863.60777888101,0.0,62863.60777888101,0.0,62863.60777888101,97931.04273573414,97931.04273573414,0.0,97931.04273573414,False,25395.730041152263,20570.541333333334,45966.2713744856
0.9,1.0,CVaR90-L100,2025-02-13,62354.24418991931,0.0,62354.24418991931,31.6866610000002,62385.93085091931,97246.52367495728,97246.52367495728,4.697800000000029,97251.22147495727,True,25398.310557834666,20572.63155184608,45970.94210968075
0.9,1.0,CVaR90-L100,2025-02-14,62484.686438030454,0.0,62484.686438030454,0.0,62484.686438030454,97360.36989477927,97360.36989477927,0.0,97360.36989477927,False,25404.190041152262,20577.393933333333,45981.58397448559
0.9,1.0,CVaR90-L100,2025-02-15,62472.610756657574,0.0,62472.610756657574,0.0,62472.610756657574,97301.9232113594,97301.9232113594,0.0,97301.9232113594,False,25406.960102880657,20579.637683333334,45986.59778621399
0.9,1.0,CVaR90-L100,2025-02-16,62268.015728562954,0.0,62268.015728562954,120.2996137416661,62388.31534230462,96979.42626434815,96979.42626434815,17.813734265810126,96997.23999861396,True,25477.79296296296,20637.0123,46114.80526296296
0.9,1.0,CVaR90-L100,2025-02-17,61775.79921410129,0.0,61775.79921410129,102.59248287499982,61878.39169697629,96501.6831633689,96501.6831633689,15.260133333333329,96516.94329670223,True,25477.79296296296,20637.012300000002,46114.80526296297
0.9,1.0,CVaR90-L100,2025-02-18,61775.79921410129,0.0,61775.79921410129,0.0,61775.79921410129,96500.81429138429,96500.81429138429,0.0,96500.81429138429,False,25477.79296296296,20637.012300000002,46114.80526296297
0.9,1.0,CVaR90-L100,2025-02-19,61775.79921410129,0.0,61775.79921410129,199.80796992500137,61975.60718402629,96497.80644539674,96497.80644539674,33.119083333333606,96530.92552873008,True,25477.79296296296,20637.012300000002,46114.80526296297
0.9,1.0,CVaR90-L100,2025-02-20,61660.22897476075,0.0,61660.22897476075,248.13596249999947,61908.36493726075,96475.4711946969,96475.4711946969,40.87833333333333,96516.34952803023,True,25325.428765432098,20513.597299999998,45839.026065432095
0.9,1.0,CVaR90-L100,2025-02-21,61346.5254026617,0.0,61346.5254026617,0.0,61346.5254026617,96133.47174720456,96133.47174720456,0.0,96133.47174720456,False,25313.83222222222,20504.2041,45818.03632222222
0.9,1.0,CVaR90-L100,2025-02-22,61486.736882884776,0.0,61486.736882884776,0.0,61486.736882884776,96319.48891097022,96319.48891097022,0.0,96319.48891097022,False,25313.83222222222,20504.2041,45818.03632222222
0.9,1.0,CVaR90-L100,2025-02-23,60930.01269321038,0.0,60930.01269321038,44.036722491667895,60974.04941570205,95645.62621965968,95645.62621965968,12.595916666666994,95658.22213632635,True,25062.055432098765,20300.264900000002,45362.32033209877
0.9,1.0,CVaR90-L100,2025-02-24,59774.49584129543,0.0,59774.49584129543,59.08042133333316,59833.57626262876,94063.58263137258,94063.58263137258,16.747299999999996,94080.32993137259,True,24969.563065843617,20225.34608333333,45194.90914917695
0.9,1.0,CVaR90-L100,2025-02-25,59774.49584129543,0.0,59774.49584129543,216.28662437500074,59990.78246567043,94065.03825103198,94065.03825103198,36.13550000000009,94101.17375103198,True,24969.563065843617,20225.34608333333,45194.90914917695
0.9,1.0,CVaR90-L100,2025-02-26,59774.49584129543,0.0,59774.49584129543,64.29615166666629,59838.7919929621,94064.66553255498,94064.66553255498,19.29833333333329,94083.96386588832,True,24969.563065843617,20225.34608333333,45194.90914917695
0.9,1.0,CVaR90-L100,2025-02-27,59021.58200659369,0.0,59021.58200659369,148.2067811749978,59169.78878776869,93046.95102185868,93046.95102185868,23.423407271202336,93070.37442912988,True,24875.909897119338,20149.487016666666,45025.396913786004
0.9,1.0,CVaR90-L100,2025-02-28,58674.95571986833,0.0,58674.95571986833,0.0,58674.95571986833,92528.39634927415,92528.39634927415,0.0,92528.39634927415,False,24870.789999999997,20145.3399,45016.1299
0.9,1.0,CVaR90-L100,2025-03-01,57020.56801926772,0.0,57020.56801926772,0.0,57020.56801926772,90173.32554165322,90173.32554165322,0.0,90173.32554165322,False,24741.199320987653,20040.371450000002,44781.57077098766
0.9,1.0,CVaR90-L100,2025-03-02,56986.928937548095,0.0,56986.928937548095,872.5557579916684,57859.484695539766,90068.87151368972,90068.87151368972,234.89976666666706,90303.77128035639,True,24729.055679012345,20030.5351,44759.590779012346
0.9,1.0,CVaR90-L100,2025-03-03,55576.97832377236,0.0,55576.97832377236,1349.0556882624978,56926.034012034856,88360.81757909448,88360.81757909448,243.57828068429626,88604.39585977877,True,24696.531790123456,20004.190749999998,44700.722540123454
0.9,1.0,CVaR90-L100,2025-03-04,55453.45954749851,0.0,55453.45954749851,651.424578274998,56104.88412577351,88145.29558145566,88145.29558145566,169.6697799803444,88314.96536143601,True,24693.213868312756,20001.503233333333,44694.71710164609
0.9,1.0,CVaR90-L100,2025-03-05,55453.45954749851,0.0,55453.45954749851,745.7232201250013,56199.18276762351,88145.29558145566,88145.29558145566,125.81063333333339,88271.10621478899,True,24693.213868312756,20001.503233333333,44694.71710164609
0.9,1.0,CVaR90-L100,2025-03-06,55453.4595474985,0.0,55453.4595474985,835.5770335166671,56289.03658101517,88136.91689258137,88136.91689258137,195.5977333333335,88332.5146259147,True,24693.213868312756,20001.503233333333,44694.71710164609
0.9,1.0,CVaR90-L100,2025-03-07,55588.571160252555,0.0,55588.571160252555,0.0,55588.571160252555,88206.4003161815,88206.4003161815,0.0,88206.4003161815,False,24705.357510288064,20011.339583333334,44716.6970936214
0.9,1.0,CVaR90-L100,2025-03-08,55048.70813361015,0.0,55048.70813361015,0.0,55048.70813361015,87474.29561833432,87474.29561833432,0.0,87474.29561833432,False,24643.30327160494,19961.075650000002,44604.37892160494
0.9,1.0,CVaR90-L100,2025-03-09,54700.512320656344,0.0,54700.512320656344,685.6335779750004,55386.145898631345,86988.27547027635,86988.27547027635,109.64788333333343,87097.92335360969,True,24643.30327160494,19961.07565,44604.37892160493
0.9,1.0,CVaR90-L100,2025-03-10,53448.51022356009,0.0,53448.51022356009,791.5782469583289,54240.08847051842,85411.08991368226,85411.08991368226,219.2407252395647,85630.33063892182,True,24553.113415637858,19888.021866666666,44441.13528230452
0.9,1.0,CVaR90-L100,2025-03-11,53448.51022356009,0.0,53448.51022356009,355.96238680833284,53804.47261036843,85410.26281876219,85410.26281876219,110.49688333333336,85520.75970209553,True,24553.113415637858,19888.021866666666,44441.13528230452
0.9,1.0,CVaR90-L100,2025-03-12,53448.51022356009,0.0,53448.51022356009,655.1861153249979,54103.69633888509,85411.43971568771,85411.43971568771,188.75932797972484,85600.19904366744,True,24553.113415637858,19888.021866666666,44441.13528230452
0.9,1.0,CVaR90-L100,2025-03-13,52284.736840610174,0.0,52284.736840610174,1393.624165966667,53678.361006576844,83556.79562667281,83556.79562667281,347.26979519761215,83904.06542187043,True,23894.474588477366,19354.524416666667,43248.99900514403
0.9,1.0,CVaR90-L100,2025-03-14,52280.892175099914,0.0,52280.892175099914,0.0,52280.892175099914,83505.55064655602,83505.55064655602,0.0,83505.55064655602,False,23905.175331781247,19363.192018742815,43268.36735052406
0.9,1.0,CVaR90-L100,2025-03-15,52373.99824619187,0.0,52373.99824619187,14.117926666666708,52388.116172858536,83660.87633817826,83660.87633817826,6.603333333333353,83667.4796715116,True,23895.300905349795,19355.193733333337,43250.49463868313
0.9,1.0,CVaR90-L100,2025-03-16,52028.09968716942,0.0,52028.09968716942,78.18922119166652,52106.288908361086,83277.02262514937,83277.02262514937,35.828483333333224,83312.8511084827,True,23894.474588477366,19354.52441666667,43248.99900514404
0.9,1.0,CVaR90-L100,2025-03-17,52002.348401539115,0.0,52002.348401539115,518.4174284833338,52520.76583002245,83078.19697411424,83078.19697411424,111.89381666666668,83190.0907907809,True,23894.474588477366,19354.524416666667,43248.99900514403
0.9,1.0,CVaR90-L100,2025-03-18,52002.348401539115,0.0,52002.348401539115,174.702561183331,52177.050962722446,83076.33055361401,83076.33055361401,74.8040353328015,83151.1345889468,True,23894.474588477366,19354.524416666667,43248.99900514403
0.9,1.0,CVaR90-L100,2025-03-19,52002.348401539115,0.0,52002.348401539115,118.87676547500031,52121.22516701411,83074.35783686483,83074.35783686483,49.09908333333351,83123.45692019816,True,23894.474588477366,19354.524416666667,43248.99900514403
0.9,1.0,CVaR90-L100,2025-03-20,51354.3062598691,0.0,51354.3062598691,520.0569387333347,51874.36319860244,82261.01031325443,82261.01031325443,124.48380000000043,82385.49411325443,True,23894.474588477366,19354.524416666667,43248.99900514403
0.9,1.0,CVaR90-L100,2025-03-21,51626.653801324166,0.0,51626.653801324166,0.0,51626.653801324166,82567.13065655407,82567.13065655407,0.0,82567.13065655407,False,23894.474588477366,19354.524416666667,43248.99900514403
0.9,1.0,CVaR90-L100,2025-03-22,51626.653801324166,0.0,51626.653801324166,23.98479666666673,51650.63859799083,82566.94662479842,82566.94662479842,11.218333333333362,82578.16495813176,True,23894.474588477366,19354.524416666667,43248.99900514403
0.9,1.0,CVaR90-L100,2025-03-23,51443.318039947684,0.0,51443.318039947684,335.2745764666687,51778.59261641435,82434.95087677758,82434.95087677758,77.01943333333361,82511.97031011092,True,23894.474588477366,19354.524416666667,43248.99900514403
0.9,1.0,CVaR90-L100,2025-03-24,50563.16232553091,0.0,50563.16232553091,224.3158482083339,50787.47817373924,81204.53793782825,81204.53793782825,105.4261833333336,81309.96412116158,True,23894.474588477366,19354.524416666667,43248.99900514403
0.9,1.0,CVaR90-L100,2025-03-25,50563.16232553091,0.0,50563.16232553091,459.8702967499986,51023.03262228091,81204.59919609278,81204.59919609278,133.37244999999962,81337.97164609277,True,23894.474588477366,19354.524416666667,43248.99900514403
0.9,1.0,CVaR90-L100,2025-03-26,50563.16232553091,0.0,50563.16232553091,290.90782651667104,50854.07015204758,81203.83199681452,81203.83199681452,100.3694569351735,81304.2014537497,True,23894.474588477366,19354.524416666667,43248.99900514403
0.9,1.0,CVaR90-L100,2025-03-27,50335.55752573816,0.0,50335.55752573816,375.9867501166678,50711.54427585482,80936.09516783243,80936.09516783243,127.43206669511892,81063.52723452756,True,23894.474588477366,19354.524416666667,43248.99900514403
0.9,1.0,CVaR90-L100,2025-03-28,50699.6888345621,0.0,50699.6888345621,0.0,50699.6888345621,81464.22728834783,81464.22728834783,0.0,81464.22728834783,False,23894.474588477366,19354.524416666667,43248.99900514403
0.9,1.0,CVaR90-L100,2025-03-29,50489.55246775744,0.0,50489.55246775744,0.0,50489.55246775744,81018.89612764286,81018.89612764286,0.0,81018.89612764286,False,23894.474588477366,19354.524416666667,43248.99900514403
0.9,1.0,CVaR90-L100,2025-03-30,50602.165870651,0.0,50602.165870651,503.4567104083297,51105.62258105933,81179.64048914785,81179.64048914785,216.54151333246784,81396.18200248032,True,23894.474588477366,19354.524416666667,43248.99900514403
0.9,1.0,CVaR90-L100,2025-03-31,49997.18070092411,0.0,49997.18070092411,111.79619126666697,50108.976892190774,80408.21337638852,80408.21337638852,52.590000000000146,80460.80337638852,True,23894.474588477366,19354.524416666667,43248.99900514403
0.9,1.0,CVaR90-L100,2025-04-01,49997.1807009241,0.0,49997.1807009241,674.3679247500012,50671.548625674106,80410.38072708179,80410.38072708179,241.85041312064902,80652.23114020244,True,23894.474588477366,19354.524416666667,43248.99900514403
0.9,1.0,CVaR90-L100,2025-04-02,49997.18070092411,0.0,49997.18070092411,688.6590642416661,50685.83976516577,80409.36171306687,80409.36171306687,246.27881666666656,80655.64052973354,True,23894.474588477366,19354.524416666667,43248.99900514403
0.9,1.0,CVaR90-L100,2025-04-03,48612.08025101391,0.0,48612.08025101391,657.535513795836,49269.61576480975,78630.90901237393,78630.90901237393,211.49373703941797,78842.40274941335,True,23196.762916666667,18789.377962500002,41986.14087916667
0.9,1.0,CVaR90-L100,2025-04-04,46942.37121294608,0.0,46942.37121294608,0.0,46942.37121294608,76530.42576946945,76530.42576946945,0.0,76530.42576946945,False,23196.762916666667,18789.377962500002,41986.14087916667
0.9,1.0,CVaR90-L100,2025-04-05,46608.99926138876,0.0,46608.99926138876,0.0,46608.99926138876,76135.78194230697,76135.78194230697,0.0,76135.78194230697,False,23196.762916666667,18789.3779625,41986.14087916666
0.9,1.0,CVaR90-L100,2025-04-06,46336.42601035435,0.0,46336.42601035435,607.2933579749996,46943.71936832935,75834.05105838548,75834.05105838548,145.35359999999991,75979.40465838548,True,23196.762916666667,18789.377962500002,41986.14087916667
0.9,1.0,CVaR90-L100,2025-04-07,45899.65112769865,0.0,45899.65112769865,262.44077534166763,46162.09190304032,75287.46270740757,75287.46270740757,103.10011155204563,75390.56281895962,True,23154.38537452188,18755.05215336272,41909.4375278846
0.9,1.0,CVaR90-L100,2025-04-08,45899.65112769866,0.0,45899.65112769866,402.77491411666546,46302.42604181532,75286.95043298809,75286.95043298809,121.15079999999955,75408.10123298809,True,23154.38537452188,18755.05215336272,41909.4375278846
0.9,1.0,CVaR90-L100,2025-04-09,45899.65112769866,0.0,45899.65112769866,412.32048604999954,46311.971613748654,75287.47475102823,75287.47475102823,148.62596581745834,75436.10071684569,True,23154.38537452188,18755.05215336272,41909.4375278846
0.9,1.0,CVaR90-L100,2025-04-10,45851.977643195365,0.0,45851.977643195365,804.6253137166648,46656.60295691203,75249.83660057426,75249.83660057426,213.04598333333274,75462.88258390759,True,23196.762916666667,18789.377962499995,41986.14087916666
0.9,1.0,CVaR90-L100,2025-04-11,45362.0309596845,0.0,45362.0309596845,0.0,45362.0309596845,74485.01440974593,74485.01440974593,0.0,74485.01440974593,False,22794.167968999678,18463.27605488974,41257.44402388942
0.9,1.0,CVaR90-L100,2025-04-12,44854.8104945975,0.0,44854.8104945975,0.0,44854.8104945975,73791.61975853838,73791.61975853838,0.0,73791.61975853838,False,22709.117924698337,18394.385519005657,41103.503443703994
0.9,1.0,CVaR90-L100,2025-04-13,44980.59474230278,0.0,44980.59474230278,419.61179312500076,45400.20653542778,73926.17128490805,73926.17128490805,151.6275833333333,74077.79886824139,True,22710.450989919518,18395.465301834807,41105.91629175433
0.9,1.0,CVaR90-L100,2025-04-14,42772.332538921786,0.0,42772.332538921786,850.2994628666663,43622.63200178845,70700.1446565993,70700.1446565993,208.76456666666684,70908.90922326596,True,22030.83378600823,17844.975366666666,39875.80915267489
0.9,1.0,CVaR90-L100,2025-04-15,42772.33253892178,0.0,42772.33253892178,743.6806943416681,43516.013233263446,70699.71607276307,70699.71607276307,162.23151666666706,70861.94758942974,True,22030.83378600823,17844.975366666666,39875.80915267489
0.9,1.0,CVaR90-L100,2025-04-16,42772.332538921786,0.0,42772.332538921786,822.3942645249999,43594.726803446785,70699.58667409903,70699.58667409903,266.91655000000003,70966.50322409903,True,22030.83378600823,17844.975366666666,39875.80915267489
0.9,1.0,CVaR90-L100,2025-04-17,41683.92559667415,0.0,41683.92559667415,448.70634630833604,42132.63194298249,69149.09424182345,69149.09424182345,126.0584503081999,69275.15269213165,True,21701.087160493826,17577.880599999997,39278.96776049382
0.9,1.0,CVaR90-L100,2025-04-18,41681.4051036247,0.0,41681.4051036247,0.0,41681.4051036247,69119.03818894582,69119.03818894582,0.0,69119.03818894582,False,21701.087160493826,17577.8806,39278.967760493826
0.9,1.0,CVaR90-L100,2025-04-19,42071.501871286106,0.0,42071.501871286106,1.9633966666665823,42073.46526795277,69721.57346776195,69721.57346776195,0.9183333333332939,69722.49180109528,True,21723.612901234563,17596.12645,39319.73935123456
0.9,1.0,CVaR90-L100,2025-04-20,42218.56436084953,0.0,42218.56436084953,175.4885033833328,42394.052864232865,69933.95226236564,69933.95226236564,73.51731666666649,70007.4695790323,True,21709.86416135365,17584.989970696457,39294.85413205011
0.9,1.0,CVaR90-L100,2025-04-21,41593.08868496602,0.0,41593.08868496602,702.9103952416674,42295.999080207686,69213.39785402754,69213.39785402754,244.28696666666667,69457.68482069421,True,21703.859362139916,17580.12608333333,39283.98544547324
0.9,1.0,CVaR90-L100,2025-04-22,41593.08868496602,0.0,41593.08868496602,630.7926605083326,42223.88134547435,69217.69628729623,69217.69628729623,180.1180499999998,69397.81433729624,True,21703.859362139916,17580.12608333333,39283.98544547324
0.9,1.0,CVaR90-L100,2025-04-23,41593.08868496602,0.0,41593.08868496602,904.4854353999988,42497.574120366015,69211.66218741534,69211.66218741534,275.70456666666655,69487.366754082,True,21703.859362139916,17580.12608333333,39283.98544547324
0.9,1.0,CVaR90-L100,2025-04-24,41380.63134153909,0.0,41380.63134153909,822.0124783666649,42202.64381990575,68914.92238726022,68914.92238726022,189.43676666666659,69104.35915392688,True,21720.932407407403,17593.95525,39314.8876574074
0.9,1.0,CVaR90-L100,2025-04-25,41789.728809027554,0.0,41789.728809027554,0.0,41789.728809027554,69563.50067555303,69563.50067555303,0.0,69563.50067555303,False,21698.16611711452,17575.514554862766,39273.68067197729
0.9,1.0,CVaR90-L100,2025-04-26,41431.03081079594,0.0,41431.03081079594,0.0,41431.03081079594,69111.86081936077,69111.86081936077,0.0,69111.86081936077,False,21744.908368577308,17613.375778547623,39358.28414712493
0.9,1.0,CVaR90-L100,2025-04-27,41445.62725064824,0.0,41445.62725064824,477.9057514083337,41923.533002056574,69118.16660228095,69118.16660228095,213.36253295558618,69331.52913523653,True,21759.465546238756,17625.167092453397,39384.63263869216
0.9,1.0,CVaR90-L100,2025-04-28,41048.11672566996,0.0,41048.11672566996,1109.0480749333337,42157.1648006033,68610.72256465642,68610.72256465642,396.5581666666669,69007.28073132309,True,21820.010205761315,17674.20826666667,39494.21847242798
0.9,1.0,CVaR90-L100,2025-04-29,41048.116725669955,0.0,41048.116725669955,122.91851814999927,41171.035243819955,68606.39046024988,68606.39046024988,37.89646666666658,68644.28692691655,True,21820.010205761315,17674.20826666667,39494.21847242798
0.9,1.0,CVaR90-L100,2025-04-30,41048.116725669955,0.0,41048.116725669955,880.3342810250042,41928.45100669496,68607.19200545936,68607.19200545936,274.2456687880109,68881.43767424737,True,21820.010205761315,17674.20826666667,39494.21847242798
0.9,1.0,CVaR90-L100,2025-05-01,41048.0992404094,0.0,41048.0992404094,8928.1215141875,49976.2207545969,68601.91312983114,68601.91312983114,1949.08542098399,70550.99855081513,True,21820.010205761315,17674.20826666667,39494.21847242798
0.9,1.0,CVaR90-L100,2025-05-02,42381.50235683449,0.0,42381.50235683449,0.0,42381.50235683449,69845.79869790876,69845.79869790876,0.0,69845.79869790876,False,21630.548148148144,17520.744,39151.292148148146
0.9,1.0,CVaR90-L100,2025-05-03,41655.262994916295,0.0,41655.262994916295,45.97768999999999,41701.240684916294,68688.76876167706,68688.76876167706,21.504999999999995,68710.27376167706,True,21621.638082379046,17513.52684672703,39135.164929106075
0.9,1.0,CVaR90-L100,2025-05-04,40590.8875194901,0.0,40590.8875194901,2963.0809288333276,43553.96844832342,67135.71540720864,67135.71540720864,809.3058497443998,67945.02125695304,True,21668.110308641975,17551.169349999996,39219.27965864197
0.9,1.0,CVaR90-L100,2025-05-05,40282.18232220247,0.0,40282.18232220247,2862.0355405166674,43144.21786271914,66759.50504599288,66759.50504599288,759.8052065560173,67519.3102525489,True,21635.03894686242,17524.38154695856,39159.42049382098
0.9,1.0,CVaR90-L100,2025-05-06,40435.258275494176,0.0,40435.258275494176,2745.948885825001,43181.20716131918,67009.14972009804,67009.14972009804,806.3006093248096,67815.45032942285,True,21668.110308641975,17551.169349999996,39219.27965864197
0.9,1.0,CVaR90-L100,2025-05-07,40094.55970551006,0.0,40094.55970551006,3112.3826270416675,43206.94233255173,66663.73917308592,66663.73917308592,724.6326195611146,67388.37179264704,True,21604.81709876543,17499.90185,39104.718948765425
0.9,1.0,CVaR90-L100,2025-05-08,40275.820055764474,0.0,40275.820055764474,4021.923085108334,44297.74314087281,66884.8366817189,66884.8366817189,1031.5714449597754,67916.40812667867,True,21591.244285507593,17488.90787126115,39080.152156768745
0.9,1.0,CVaR90-L100,2025-05-09,40627.31582148362,0.0,40627.31582148362,0.0,40627.31582148362,67432.30875731062,67432.30875731062,0.0,67432.30875731062,False,21729.78211934156,17601.123516666667,39330.905636008225
0.9,1.0,CVaR90-L100,2025-05-10,40225.66758403774,0.0,40225.66758403774,21.73989666666658,40247.40748070441,66950.6008579599,66950.6008579599,10.168333333333294,66960.76919129324,True,21683.772946824214,17563.856086927615,39247.62903375183
0.9,1.0,CVaR90-L100,2025-05-11,39838.48629390901,0.0,39838.48629390901,2553.9293007083315,42392.41559461734,66235.61896122634,66235.61896122634,600.2945163937463,66835.91347762008,True,21767.676358024684,17631.81785,39399.494208024684
0.9,1.0,CVaR90-L100,2025-05-12,39621.91965453573,0.0,39621.91965453573,2558.8583057916676,42180.7779603274,65850.77413561451,65850.77413561451,881.1240378253774,66731.89817343988,True,21518.267044149998,17429.796305761498,38948.06334991149
0.9,1.0,CVaR90-L100,2025-05-13,39703.382975382876,0.0,39703.382975382876,1049.0367394000014,40752.419714782875,65999.04099429052,65999.04099429052,271.11130000000026,66270.15229429053,True,21463.813265567846,17385.688745109957,38849.5020106778
0.9,1.0,CVaR90-L100,2025-05-14,39703.38297538288,0.0,39703.38297538288,952.8478342333349,40656.230809616216,65999.27217949428,65999.27217949428,290.1615000000003,66289.43367949428,True,21463.813265567846,17385.688745109957,38849.5020106778
0.9,1.0,CVaR90-L100,2025-05-15,39617.026676784604,0.0,39617.026676784604,1247.2319956916622,40864.258672476266,65867.83872079414,65867.83872079414,299.0400834810865,66166.87880427523,True,21278.076525944154,17235.241986014764,38513.31851195892
0.9,1.0,CVaR90-L100,2025-05-16,39643.04832071968,0.0,39643.04832071968,0.0,39643.04832071968,65909.73193401343,65909.73193401343,0.0,65909.73193401343,False,21178.535733176115,17154.613943872653,38333.14967704877
0.9,1.0,CVaR90-L100,2025-05-17,39727.69082460258,0.0,39727.69082460258,0.0,39727.69082460258,66039.02707964115,66039.02707964115,0.0,66039.02707964115,False,21215.199608627507,17184.311682988282,38399.51129161579
0.9,1.0,CVaR90-L100,2025-05-18,39694.57701600505,0.0,39694.57701600505,2162.597800774998,41857.174816780054,65904.29721160675,65904.29721160675,866.4131833333327,66770.71039494009,True,21225.840427519754,17192.930746291,38418.771173810754
0.9,1.0,CVaR90-L100,2025-05-19,39649.01938971921,0.0,39649.01938971921,1038.1297467000009,40687.14913641921,65913.50309010543,65913.50309010543,183.1110500000001,66096.61414010543,True,21193.144695009043,17166.44720295732,38359.59189796636
0.9,1.0,CVaR90-L100,2025-05-20,39649.01938971921,0.0,39649.01938971921,3426.0972114583346,43075.11660117754,65914.23356349669,65914.23356349669,836.5485333333335,66750.78209683002,True,21193.144695009043,17166.44720295732,38359.59189796636
0.9,1.0,CVaR90-L100,2025-05-21,39651.71271727113,0.0,39651.71271727113,1788.2957825666685,41440.0084998378,65904.59791638357,65904.59791638357,507.8610333333338,66412.4589497169,True,21053.194743884687,17053.087742546595,38106.282486431286
0.9,1.0,CVaR90-L100,2025-05-22,39651.74892259357,0.0,39651.74892259357,179.00769501666744,39830.75661761024,65894.56421388272,65894.56421388272,48.2228333333336,65942.78704721606,True,21071.238059425945,17067.702828135014,38138.94088756096
0.9,1.0,CVaR90-L100,2025-05-23,39651.74892259357,0.0,39651.74892259357,0.0,39651.74892259357,65894.68838004782,65894.68838004782,0.0,65894.68838004782,False,21071.238059425945,17067.702828135014,38138.94088756096
0.9,1.0,CVaR90-L100,2025-05-24,39651.74892259357,0.0,39651.74892259357,0.0,39651.74892259357,65894.63530558597,65894.63530558597,0.0,65894.63530558597,False,21071.238059425945,17067.702828135014,38138.94088756096
0.9,1.0,CVaR90-L100,2025-05-25,39651.74892259357,0.0,39651.74892259357,970.8678006583332,40622.61672325191,65895.3688549638,65895.3688549638,214.17687127318197,66109.54572623699,True,21071.238059425945,17067.702828135014,38138.94088756096
0.9,1.0,CVaR90-L100,2025-05-26,39651.74892259357,0.0,39651.74892259357,2319.6278530166746,41971.376775610246,65895.97800344382,65895.97800344382,714.9064491485577,66610.88445259238,True,21071.238059425945,17067.702828135014,38138.94088756096
0.9,1.0,CVaR90-L100,2025-05-27,39554.85096322867,0.0,39554.85096322867,692.6115287833345,40247.46249201201,65744.79061652446,65744.79061652446,206.28666547318556,65951.07728199766,True,21006.03371086757,17014.887305802727,38020.9210166703
0.9,1.0,CVaR90-L100,2025-05-28,39554.85096322867,0.0,39554.85096322867,1549.9760992416636,41104.82706247034,65744.62990036063,65744.62990036063,460.57700249843964,66205.20690285906,True,21006.03371086757,17014.887305802727,38020.9210166703
0.9,1.0,CVaR90-L100,2025-05-29,39554.85096322867,0.0,39554.85096322867,1116.3492143499898,40671.20017757866,65743.64776193464,65743.64776193464,299.0439084977791,66042.69167043242,True,21006.03371086757,17014.88730580273,38020.9210166703
0.9,1.0,CVaR90-L100,2025-05-30,39115.13133030174,0.0,39115.13133030174,0.0,39115.13133030174,64798.07710338244,64798.07710338244,0.0,64798.07710338244,False,20187.263504032588,16351.683438266395,36538.94694229898
0.9,1.0,CVaR90-L100,2025-05-31,39115.13133030174,0.0,39115.13133030174,193.90234666666652,39309.03367696841,64798.07710338244,64798.07710338244,90.69333333333327,64888.77043671578,True,20187.263504032588,16351.683438266395,36538.94694229898
0.9,1.0,CVaR90-L100,2025-06-01,39115.13133030174,0.0,39115.13133030174,44486.130620949974,83601.26195125171,64799.672096825074,64799.672096825074,11663.657947196178,76463.33004402125,True,20187.263504032588,16351.683438266395,36538.94694229898
0.9,1.0,CVaR90-L100,2025-06-02,47299.22794778583,0.0,47299.22794778583,11951.94665195833,59251.17459974416,77004.75204017767,77004.75204017767,2991.3016446656648,79996.05368484334,True,21880.639770432485,17723.31821405031,39603.9579844828
0.9,1.0,CVaR90-L100,2025-06-03,49513.478686504226,0.0,49513.478686504226,2921.9647345000003,52435.44342100422,79969.40222576888,79969.40222576888,632.9193470821748,80602.32157285105,True,22333.333333333332,18090.0,40423.33333333333
0.9,1.0,CVaR90-L100,2025-06-04,49971.81311395687,0.0,49971.81311395687,3667.9592753749976,53639.77238933187,80390.17310377164,80390.17310377164,1239.6850177066754,81629.85812147832,True,22333.333333333332,18090.0,40423.33333333333
0.9,1.0,CVaR90-L100,2025-06-05,50002.68925141166,0.0,50002.68925141166,5192.489163224996,55195.178414636655,80494.32579474857,80494.32579474857,1382.7691621949998,81877.09495694356,True,22333.333333333332,18090.0,40423.33333333333
0.9,1.0,CVaR90-L100,2025-06-06,50196.16005646666,0.0,50196.16005646666,0.0,50196.16005646666,80599.60237381671,80599.60237381671,0.0,80599.60237381671,False,22333.333333333332,18090.0,40423.33333333333
0.9,1.0,CVaR90-L100,2025-06-07,50196.160056466666,0.0,50196.160056466666,0.0,50196.160056466666,80599.99763754013,80599.99763754013,0.0,80599.99763754013,False,22333.333333333332,18090.0,40423.33333333333
0.9,1.0,CVaR90-L100,2025-06-08,50196.16005646666,0.0,50196.16005646666,1316.7478700750055,51512.907926541666,80606.81863616477,80606.81863616477,432.7314007502697,81039.55003691504,True,22333.333333333332,18090.0,40423.33333333333
0.9,1.0,CVaR90-L100,2025-06-09,50196.16005646666,0.0,50196.16005646666,4275.08757251667,54471.24762898333,80596.57328993912,80596.57328993912,1153.3301257813946,81749.9034157205,True,22333.333333333332,18090.0,40423.33333333333
0.9,1.0,CVaR90-L100,2025-06-10,50755.85154343666,0.0,50755.85154343666,2414.5233139000056,53170.37485733667,81312.35047264025,81312.35047264025,699.1722351034454,82011.52270774369,True,22333.333333333332,18090.0,40423.33333333333
0.9,1.0,CVaR90-L100,2025-06-11,50410.662124661714,0.0,50410.662124661714,11141.85521154167,61552.51733620338,80909.05083674924,80909.05083674924,2582.7245524563004,83491.77538920555,True,22333.333333333332,18090.0,40423.33333333333
0.9,1.0,CVaR90-L100,2025-06-12,52052.20669142519,0.0,52052.20669142519,3736.5255470583315,55788.73223848352,83136.39706276057,83136.39706276057,911.5387124724568,84047.93577523303,True,23702.04372478558,19198.65541707632,42900.6991418619
0.9,1.0,CVaR90-L100,2025-06-13,52184.9146345153,0.0,52184.9146345153,0.0,52184.9146345153,83311.05754317934,83311.05754317934,0.0,83311.05754317934,False,23985.029992233343,19427.874293709006,43412.90428594235
0.9,1.0,CVaR90-L100,2025-06-14,52184.914634515306,0.0,52184.914634515306,0.0,52184.914634515306,83309.41191097787,83309.41191097787,0.0,83309.41191097787,False,23985.029992233343,19427.874293709006,43412.90428594235
0.9,1.0,CVaR90-L100,2025-06-15,52184.9146345153,0.0,52184.9146345153,661.006814558335,52845.921449073634,83309.90509115701,83309.90509115701,172.3958450978442,83482.30093625485,True,23985.029992233343,19427.874293709006,43412.90428594235
0.9,1.0,CVaR90-L100,2025-06-16,52184.9146345153,0.0,52184.9146345153,1699.425803391666,53884.34043790696,83309.03738206676,83309.03738206676,541.1071712083567,83850.14455327511,True,23985.029992233343,19427.874293709006,43412.90428594235
0.9,1.0,CVaR90-L100,2025-06-17,52186.36691477871,0.0,52186.36691477871,7292.536850758335,59478.90376553704,83338.1939537312,83338.1939537312,1898.4323759724125,85236.6263297036,True,23987.017544997292,19429.4842114478,43416.5017564451
0.9,1.0,CVaR90-L100,2025-06-18,52693.190648938464,0.0,52693.190648938464,1116.7627210166654,53809.95336995513,83835.74148806676,83835.74148806676,441.1121666666662,84276.85365473344,True,23955.342842358496,19403.82770231038,43359.17054466887
0.9,1.0,CVaR90-L100,2025-06-19,52693.19064893847,0.0,52693.19064893847,1931.4672532749985,54624.65790221347,83835.2177701782,83835.2177701782,379.4790999999995,84214.6968701782,True,23955.342842358496,19403.82770231038,43359.17054466887
0.9,1.0,CVaR90-L100,2025-06-20,52669.44778469182,0.0,52669.44778469182,0.0,52669.44778469182,83807.09952245958,83807.09952245958,0.0,83807.09952245958,False,23922.79277300669,19377.46214613542,43300.25491914211
0.9,1.0,CVaR90-L100,2025-06-21,52669.44778469182,0.0,52669.44778469182,0.0,52669.44778469182,83807.24776886032,83807.24776886032,0.0,83807.24776886032,False,23922.79277300669,19377.46214613542,43300.25491914211
0.9,1.0,CVaR90-L100,2025-06-22,52669.44778469183,0.0,52669.44778469183,723.3465911000017,53392.79437579183,83807.24417206761,83807.24417206761,262.2447000000004,84069.48887206761,True,23922.79277300669,19377.46214613542,43300.25491914211
0.9,1.0,CVaR90-L100,2025-06-23,52669.44778469183,0.0,52669.44778469183,124.41523364999692,52793.86301834183,83807.30307940711,83807.30307940711,45.40541324584714,83852.70849265295,True,23922.79277300669,19377.46214613542,43300.25491914211
0.9,1.0,CVaR90-L100,2025-06-24,52669.44778469183,0.0,52669.44778469183,6423.943949516666,59093.3917342085,83807.88303863432,83807.88303863432,1797.5516811618693,85605.43471979619,True,23922.79277300669,19377.46214613542,43300.25491914211
0.9,1.0,CVaR90-L100,2025-06-25,53563.20504435522,0.0,53563.20504435522,1384.3959008333331,54947.600945188555,85186.38055323811,85186.38055323811,433.64621935851596,85620.02677259663,True,24190.691532750083,19594.46014152757,43785.15167427765
0.9,1.0,CVaR90-L100,2025-06-26,53563.20504435522,0.0,53563.20504435522,846.005762325001,54409.210806680225,85183.28720753474,85183.28720753474,184.90418333333366,85368.19139086807,True,24190.691532750083,19594.46014152757,43785.15167427765
0.9,1.0,CVaR90-L100,2025-06-27,53563.20504435523,0.0,53563.20504435523,0.0,53563.20504435523,85186.49031506915,85186.49031506915,0.0,85186.49031506915,False,24190.691532750083,19594.46014152757,43785.15167427765
0.9,1.0,CVaR90-L100,2025-06-28,53563.20504435523,0.0,53563.20504435523,0.0,53563.20504435523,85193.59515306696,85193.59515306696,0.0,85193.59515306696,False,24190.691532750083,19594.46014152757,43785.15167427765
0.9,1.0,CVaR90-L100,2025-06-29,53563.20504435523,0.0,53563.20504435523,1100.6431554249987,54663.84819978023,85185.15719853721,85185.15719853721,420.44898333333293,85605.60618187055,True,24190.691532750083,19594.46014152757,43785.15167427765
0.9,1.0,CVaR90-L100,2025-06-30,53563.20504435523,0.0,53563.20504435523,1578.518787533331,55141.72383188856,85190.04688029978,85190.04688029978,475.71544999999935,85665.76233029978,True,24190.691532750083,19594.46014152757,43785.15167427765
0.9,1.0,CVaR90-L100,2025-07-01,53563.20963915053,0.0,53563.20963915053,18794.889121325003,72358.09876047554,85220.9230840562,85220.9230840562,5514.965507995052,90735.88859205124,True,24190.589676898606,19594.37763828787,43784.96731518648
0.9,1.0,CVaR90-L100,2025-07-02,57410.94527542015,0.0,57410.94527542015,5220.578863016661,62631.52413843681,90600.68879678001,90600.68879678001,1561.250786747169,92161.93958352719,True,24303.70004425536,19685.99703584684,43989.6970801022
0.9,1.0,CVaR90-L100,2025-07-03,57362.195330596645,0.0,57362.195330596645,6831.609896908334,64193.80522750498,90132.72480027509,90132.72480027509,1971.8892500000002,92104.6140502751,True,24171.29364197531,19578.74785,43750.04149197531
0.9,1.0,CVaR90-L100,2025-07-04,57215.01803069441,0.0,57215.01803069441,0.0,57215.01803069441,90168.89052236611,90168.89052236611,0.0,90168.89052236611,False,24007.36878950547,19445.968719499433,43453.33750900491
0.9,1.0,CVaR90-L100,2025-07-05,57215.01803069441,0.0,57215.01803069441,0.0,57215.01803069441,90167.78774608194,90167.78774608194,0.0,90167.78774608194,False,24007.36878950547,19445.968719499433,43453.33750900491
0.9,1.0,CVaR90-L100,2025-07-06,57215.01803069441,0.0,57215.01803069441,7768.10975356667,64983.12778426108,90170.64143522378,90170.64143522378,1909.1697717182053,92079.81120694199,True,24007.36878950547,19445.968719499433,43453.33750900491
0.9,1.0,CVaR90-L100,2025-07-07,58135.52065782572,0.0,58135.52065782572,2162.1507280666665,60297.67138589239,91191.0920123925,91191.0920123925,878.6679166666663,92069.75992905918,True,24196.217798353908,19598.936416666664,43795.15421502057
0.9,1.0,CVaR90-L100,2025-07-08,58135.52065782572,0.0,58135.52065782572,3640.8491753916637,61776.36983321738,91207.72988116276,91207.72988116276,1091.0234173813274,92298.75329854408,True,24196.217798353908,19598.936416666664,43795.15421502057
0.9,1.0,CVaR90-L100,2025-07-09,58230.10551435037,0.0,58230.10551435037,2424.1983880416697,60654.303902392036,91430.27758803047,91430.27758803047,632.6298925540376,92062.9074805845,True,24196.217798353908,19598.936416666667,43795.15421502058
0.9,1.0,CVaR90-L100,2025-07-10,58230.10551435036,0.0,58230.10551435036,2233.3911806083393,60463.4966949587,91462.13942646478,91462.13942646478,662.6870933824025,92124.82651984718,True,24196.217798353908,19598.936416666667,43795.15421502058
0.9,1.0,CVaR90-L100,2025-07-11,58230.105514350376,0.0,58230.105514350376,0.0,58230.105514350376,91488.49646789423,91488.49646789423,0.0,91488.49646789423,False,24196.217798353908,19598.936416666667,43795.15421502058
0.9,1.0,CVaR90-L100,2025-07-12,58230.105514350376,0.0,58230.105514350376,0.0,58230.105514350376,91489.1780266723,91489.1780266723,0.0,91489.1780266723,False,24196.217798353908,19598.936416666667,43795.15421502058
0.9,1.0,CVaR90-L100,2025-07-13,58230.10551435037,0.0,58230.10551435037,2128.858648350003,60358.96416270037,91401.03134271025,91401.03134271025,482.7308720375688,91883.76221474783,True,24196.217798353908,19598.936416666667,43795.15421502058
0.9,1.0,CVaR90-L100,2025-07-14,58230.10551435036,0.0,58230.10551435036,1911.123777408336,60141.2292917587,91395.28427143468,91395.28427143468,492.8909851054476,91888.17525654013,True,24196.217798353908,19598.936416666667,43795.15421502058
0.9,1.0,CVaR90-L100,2025-07-15,58230.10551435037,0.0,58230.10551435037,1647.1039662083354,59877.209480558704,91386.47366823508,91386.47366823508,498.10277094698915,91884.57643918207,True,24196.217798353908,19598.936416666667,43795.15421502058
0.9,1.0,CVaR90-L100,2025-07-16,58230.10551435037,0.0,58230.10551435037,2401.335772291666,60631.44128664203,91388.1002731151,91388.1002731151,679.8325246849748,92067.93279780007,True,24196.217798353908,19598.936416666667,43795.15421502058
0.9,1.0,CVaR90-L100,2025-07-17,58230.10551435036,0.0,58230.10551435036,1882.7515765833389,60112.8570909337,91419.60825785476,91419.60825785476,567.4848133411136,91987.09307119588,True,24196.217798353908,19598.936416666667,43795.15421502058
0.9,1.0,CVaR90-L100,2025-07-18,58230.10551435037,0.0,58230.10551435037,0.0,58230.10551435037,91420.21715469866,91420.21715469866,0.0,91420.21715469866,False,24196.217798353908,19598.936416666667,43795.15421502058
0.9,1.0,CVaR90-L100,2025-07-19,57701.266019165196,0.0,57701.266019165196,64.95600333333331,57766.22202249853,90838.36469924427,90838.36469924427,30.38166666666666,90868.74636591093,True,23809.097921810702,19285.369316666667,43094.46723847737
0.9,1.0,CVaR90-L100,2025-07-20,57701.266019165196,0.0,57701.266019165196,649.814209200001,58351.080228365194,90828.50558578386,90828.50558578386,150.93145000000015,90979.43703578386,True,23809.097921810702,19285.369316666667,43094.46723847737
0.9,1.0,CVaR90-L100,2025-07-21,57701.266019165196,0.0,57701.266019165196,1390.1297335500014,59091.395752715194,90830.4106532223,90830.4106532223,357.53665000000024,91187.94730322229,True,23809.097921810702,19285.369316666667,43094.46723847737
0.9,1.0,CVaR90-L100,2025-07-22,57701.2660191652,0.0,57701.2660191652,1176.3909212833348,58877.656940448534,90834.38172281321,90834.38172281321,367.7020432127102,91202.08376602593,True,23809.097921810702,19285.369316666667,43094.46723847737
0.9,1.0,CVaR90-L100,2025-07-23,57701.266019165196,0.0,57701.266019165196,1348.9893385916675,59050.25535775686,90834.0390753197,90834.0390753197,347.2815317214626,91181.32060704115,True,23809.097921810702,19285.369316666667,43094.46723847737
0.9,1.0,CVaR90-L100,2025-07-24,57701.266019165196,0.0,57701.266019165196,1624.8016484499988,59326.06766761519,90831.60100608329,90831.60100608329,400.7658392402742,91232.36684532357,True,23809.097921810702,19285.369316666667,43094.46723847737
0.9,1.0,CVaR90-L100,2025-07-25,57701.266019165196,0.0,57701.266019165196,0.0,57701.266019165196,90831.06808816838,90831.06808816838,0.0,90831.06808816838,False,23809.097921810702,19285.369316666667,43094.46723847737
0.9,1.0,CVaR90-L100,2025-07-26,55816.86930099604,0.0,55816.86930099604,0.0,55816.86930099604,88312.34614448596,88312.34614448596,0.0,88312.34614448596,False,22939.89604938271,18581.315799999997,41521.21184938271
0.9,1.0,CVaR90-L100,2025-07-27,55907.11383760082,0.0,55907.11383760082,1781.147521541666,57688.26135914248,88573.96840554794,88573.96840554794,459.3486123258257,89033.31701787376,True,22940.289232716044,18581.634278499998,41521.92351121604
0.9,1.0,CVaR90-L100,2025-07-28,55915.18465187437,0.0,55915.18465187437,3693.0294998333284,59608.214151707696,88587.72868490564,88587.72868490564,933.3402282111246,89521.06891311676,True,22937.7554536106,18579.581917424584,41517.33737103519
0.9,1.0,CVaR90-L100,2025-07-29,56068.39685125061,0.0,56068.39685125061,2227.232716016665,58295.62956726728,88706.65097166192,88706.65097166192,642.8618580495978,89349.51282971152,True,22940.289232716044,18581.6342785,41521.923511216046
0.9,1.0,CVaR90-L100,2025-07-30,56069.6824691681,0.0,56069.6824691681,1260.307316125002,57329.9897852931,88677.19208845394,88677.19208845394,304.83128333333366,88982.02337178728,True,22940.289232716044,18581.6342785,41521.923511216046
0.9,1.0,CVaR90-L100,2025-07-31,56069.68246916811,0.0,56069.68246916811,994.3398324666681,57064.02230163478,88680.93300076714,88680.93300076714,283.73576004471187,88964.66876081185,True,22940.289232716044,18581.6342785,41521.923511216046
0.9,1.0,CVaR90-L100,2025-08-01,56146.43457682245,0.0,56146.43457682245,0.0,56146.43457682245,88555.32749999572,88555.32749999572,0.0,88555.32749999572,False,22970.93266604938,18606.4554595,41577.388125549376
0.9,1.0,CVaR90-L100,2025-08-02,56032.42656543401,0.0,56032.42656543401,66.78755666666693,56099.21412210068,88298.24888639731,88298.24888639731,31.238333333333458,88329.48721973064,True,22944.492346869156,18585.03880096402,41529.53114783317
0.9,1.0,CVaR90-L100,2025-08-03,56145.4042379637,0.0,56145.4042379637,657.458017308334,56802.86225527203,88458.09984864588,88458.09984864588,161.42386300004944,88619.52371164593,True,22974.92196466014,18609.68679137472,41584.60875603486
0.9,1.0,CVaR90-L100,2025-08-04,55431.72107280433,0.0,55431.72107280433,347.22599504167204,55778.947067846,87597.52295061103,87597.52295061103,118.89257124236019,87716.4155218534,True,22939.89604938271,18581.3158,41521.211849382715
0.9,1.0,CVaR90-L100,2025-08-05,55431.72107280433,0.0,55431.72107280433,233.72737869167017,55665.448451496,87596.8785116826,87596.8785116826,69.27430642927868,87666.15281811188,True,22939.89604938271,18581.3158,41521.211849382715
0.9,1.0,CVaR90-L100,2025-08-06,55431.72107280433,0.0,55431.72107280433,845.6988197750038,56277.41989257933,87596.151118958,87596.151118958,215.54976481308188,87811.70088377109,True,22939.89604938271,18581.3158,41521.211849382715
0.9,1.0,CVaR90-L100,2025-08-07,53801.75252345772,0.0,53801.75252345772,746.8568195416681,54548.609342999385,85496.63210295851,85496.63210295851,224.5869333333335,85721.21903629185,True,22368.885175730084,18118.79699234137,40487.68216807145
0.9,1.0,CVaR90-L100,2025-08-08,53801.75252345771,0.0,53801.75252345771,0.0,53801.75252345771,85496.63265995556,85496.63265995556,0.0,85496.63265995556,False,22368.885175730084,18118.79699234137,40487.68216807145
0.9,1.0,CVaR90-L100,2025-08-09,53362.17880098552,0.0,53362.17880098552,0.0,53362.17880098552,84916.12238675883,84916.12238675883,0.0,84916.12238675883,False,22293.77386672721,18057.956832049043,40351.73069877626
0.9,1.0,CVaR90-L100,2025-08-10,53362.17880098552,0.0,53362.17880098552,227.36690678333224,53589.545707768855,84915.57117513914,84915.57117513914,89.18596666666645,85004.7571418058,True,22293.77386672721,18057.956832049043,40351.73069877626
0.9,1.0,CVaR90-L100,2025-08-11,53616.75215550278,0.0,53616.75215550278,490.32454642499783,54107.07670192778,85309.19727166367,85309.19727166367,154.56794139054693,85463.76521305421,True,22361.223987254903,18112.591429676475,40473.81541693138
0.9,1.0,CVaR90-L100,2025-08-12,53616.752155502785,0.0,53616.752155502785,849.9806281416662,54466.73278364445,85309.88860967028,85309.88860967028,180.9988833333332,85490.88749300361,True,22361.223987254903,18112.59142967647,40473.81541693138
0.9,1.0,CVaR90-L100,2025-08-13,53616.75215550278,0.0,53616.75215550278,1120.3601664333328,54737.11232193611,85309.94765850189,85309.94765850189,294.93634999999995,85604.88400850189,True,22361.223987254903,18112.59142967647,40473.81541693138
0.9,1.0,CVaR90-L100,2025-08-14,53616.75215550278,0.0,53616.75215550278,1297.2178459250038,54913.970001427784,85308.80227399769,85308.80227399769,292.7341899797434,85601.53646397743,True,22361.223987254903,18112.591429676475,40473.81541693138
0.9,1.0,CVaR90-L100,2025-08-15,53611.790995854186,0.0,53611.790995854186,0.0,53611.790995854186,85310.56972072482,85310.56972072482,0.0,85310.56972072482,False,22333.333333333332,18090.0,40423.33333333333
0.9,1.0,CVaR90-L100,2025-08-16,53561.294903253154,0.0,53561.294903253154,0.0,53561.294903253154,85138.45863638681,85138.45863638681,0.0,85138.45863638681,False,22373.251821405924,18122.3339753388,40495.58579674472
0.9,1.0,CVaR90-L100,2025-08-17,53634.0369637776,0.0,53634.0369637776,1543.622305766659,55177.65926954426,85236.2561835556,85236.2561835556,290.15808940810666,85526.41427296371,True,22333.333333333332,18090.0,40423.33333333333
0.9,1.0,CVaR90-L100,2025-08-18,53786.66758080716,0.0,53786.66758080716,1486.369875574999,55273.03745638216,85351.86979832972,85351.86979832972,355.23431028165237,85707.10410861137,True,22333.564445538912,18090.187200886518,40423.75164642543
0.9,1.0,CVaR90-L100,2025-08-19,53786.66758080716,0.0,53786.66758080716,1852.0150800833362,55638.682660890496,85351.71475051649,85351.71475051649,375.40726028165295,85727.12201079815,True,22333.564445538912,18090.187200886518,40423.75164642543
0.9,1.0,CVaR90-L100,2025-08-20,53797.294583248426,0.0,53797.294583248426,2579.8452736916624,56377.13985694009,85387.09792711801,85387.09792711801,592.2464334187437,85979.34436053675,True,22333.333333333332,18090.0,40423.33333333333
0.9,1.0,CVaR90-L100,2025-08-21,53731.762575361296,0.0,53731.762575361296,1075.7617013388867,54807.524276700184,85180.79174764629,85180.79174764629,206.42009388099132,85387.21184152729,True,22354.642733333334,18107.260614,40461.90334733333
0.9,1.0,CVaR90-L100,2025-08-22,53731.76257536128,0.0,53731.76257536128,0.0,53731.76257536128,85180.08458577469,85180.08458577469,0.0,85180.08458577469,False,22354.642733333334,18107.260614,40461.90334733333
0.9,1.0,CVaR90-L100,2025-08-23,53800.6108490411,0.0,53800.6108490411,0.0,53800.6108490411,85277.41339656708,85277.41339656708,0.0,85277.41339656708,False,22333.333333333332,18090.0,40423.33333333333
0.9,1.0,CVaR90-L100,2025-08-24,53819.30336904041,0.0,53819.30336904041,1688.3852662250013,55507.68863526541,85273.36542240111,85273.36542240111,316.0241666666669,85589.38958906778,True,22333.333333333332,18090.0,40423.33333333333
0.9,1.0,CVaR90-L100,2025-08-25,53461.070490886465,0.0,53461.070490886465,1612.5534296666606,55073.623920553124,84683.54295877453,84683.54295877453,447.4111088568342,85130.95406763136,True,22368.035649999998,18118.1088765,40486.14452649999
0.9,1.0,CVaR90-L100,2025-08-26,53461.07049088647,0.0,53461.07049088647,409.90835689166767,53870.97884777814,84683.75097489935,84683.75097489935,87.62625000000014,84771.37722489935,True,22368.035649999998,18118.1088765,40486.14452649999
0.9,1.0,CVaR90-L100,2025-08-27,53461.07049088647,0.0,53461.07049088647,1404.8166838500003,54865.887174736476,84683.90157593007,84683.90157593007,341.23791666666676,85025.13949259673,True,22368.035649999998,18118.1088765,40486.14452649999
0.9,1.0,CVaR90-L100,2025-08-28,53561.01421518141,0.0,53561.01421518141,2307.0240844166674,55868.038299598076,84774.32673566137,84774.32673566137,580.3060333333335,85354.63276899469,True,22366.51078333333,18116.8737345,40483.38451783333
0.9,1.0,CVaR90-L100,2025-08-29,52685.49463415773,0.0,52685.49463415773,0.0,52685.49463415773,83563.86821373476,83563.86821373476,0.0,83563.86821373476,False,21973.888186541786,17798.849431098843,39772.737617640625
0.9,1.0,CVaR90-L100,2025-08-30,52026.45932819418,0.0,52026.45932819418,0.0,52026.45932819418,82602.18847096202,82602.18847096202,0.0,82602.18847096202,False,22077.73797716049,17882.9677615,39960.70573866049
0.9,1.0,CVaR90-L100,2025-08-31,51828.800605774806,0.0,51828.800605774806,1984.9009956750015,53813.70160144981,81943.60450346506,81943.60450346506,498.1252673628535,82441.72977082791,True,22191.454259259255,17975.07795,40166.532209259254
0.9,1.0,CVaR90-L100,2025-09-01,51288.78408508154,0.0,51288.78408508154,0.0,51288.78408508154,80947.32717074372,80947.32717074372,0.0,80947.32717074372,False,21882.15526748971,17724.54576666667,39606.70103415638
0.9,1.0,CVaR90-L100,2025-09-02,51288.78408508154,0.0,51288.78408508154,21.885946566666533,51310.67003164821,80941.51292336274,80941.51292336274,7.668516666666619,80949.18144002941,True,21882.15526748971,17724.54576666667,39606.70103415638
0.9,1.0,CVaR90-L100,2025-09-03,51288.784085081534,0.0,51288.784085081534,0.0,51288.784085081534,80942.37241488072,80942.37241488072,0.0,80942.37241488072,False,21882.15526748971,17724.54576666667,39606.70103415638
0.9,1.0,CVaR90-L100,2025-09-04,50831.56152487156,0.0,50831.56152487156,47.97554172500024,50879.53706659656,80675.37648580346,80675.37648580346,10.902216666666732,80686.27870247012,True,21882.15526748971,17724.54576666667,39606.70103415638
0.9,1.0,CVaR90-L100,2025-09-05,50831.56152487156,0.0,50831.56152487156,0.0,50831.56152487156,80675.40195298486,80675.40195298486,0.0,80675.40195298486,False,21882.15526748971,17724.54576666667,39606.70103415638
0.9,1.0,CVaR90-L100,2025-09-06,50831.56152487156,0.0,50831.56152487156,0.0,50831.56152487156,80675.65651118282,80675.65651118282,0.0,80675.65651118282,False,21882.15526748971,17724.54576666667,39606.70103415638
0.9,1.0,CVaR90-L100,2025-09-07,50688.59068706508,0.0,50688.59068706508,12.446417849999882,50701.03710491508,80328.83931108634,80328.83931108634,6.052233333333277,80334.89154441968,True,21839.04923209876,17689.629878,39528.67911009876
0.9,1.0,CVaR90-L100,2025-09-08,50682.27228269425,0.0,50682.27228269425,484.3637194333329,51166.63600212758,80302.39780950051,80302.39780950051,140.43614999999986,80442.83395950051,True,21839.04923209876,17689.629878,39528.67911009876
0.9,1.0,CVaR90-L100,2025-09-09,50682.27228269425,0.0,50682.27228269425,0.0,50682.27228269425,80302.33903637665,80302.33903637665,0.0,80302.33903637665,False,21839.04923209876,17689.629878,39528.67911009876
0.9,1.0,CVaR90-L100,2025-09-10,50682.27228269425,0.0,50682.27228269425,2213.240634549998,52895.51291724425,80302.7000196137,80302.7000196137,558.7162218219637,80861.41624143565,True,21839.04923209876,17689.629878,39528.67911009876
0.9,1.0,CVaR90-L100,2025-09-11,50788.74915922197,0.0,50788.74915922197,36.30598376666628,50825.05514298863,80473.32336312349,80473.32336312349,11.124233333333223,80484.44759645683,True,21839.04923209876,17689.629878,39528.67911009876
0.9,1.0,CVaR90-L100,2025-09-12,50788.749159221974,0.0,50788.749159221974,0.0,50788.749159221974,80473.5929922027,80473.5929922027,0.0,80473.5929922027,False,21839.04923209876,17689.629878,39528.67911009876
0.9,1.0,CVaR90-L100,2025-09-13,50758.23537148257,0.0,50758.23537148257,0.0,50758.23537148257,80388.6715982672,80388.6715982672,0.0,80388.6715982672,False,21839.04923209876,17689.629878,39528.67911009876
0.9,1.0,CVaR90-L100,2025-09-14,50758.23537148257,0.0,50758.23537148257,212.73138877500395,50970.96676025758,80350.72396334803,80350.72396334803,53.620964376480885,80404.34492772451,True,21839.04923209876,17689.629878,39528.67911009876
0.9,1.0,CVaR90-L100,2025-09-15,50663.39798792757,0.0,50663.39798792757,2089.518200041673,52752.91618796925,80140.2264359289,80140.2264359289,522.1164506075976,80662.3428865365,True,21839.04923209876,17689.629878,39528.67911009876
0.9,1.0,CVaR90-L100,2025-09-16,50635.03792640734,0.0,50635.03792640734,410.88116770833244,51045.91909411568,80091.64584278339,80091.64584278339,101.92177716161385,80193.567619945,True,21839.04923209876,17689.629878,39528.67911009876
0.9,1.0,CVaR90-L100,2025-09-17,50635.03792640734,0.0,50635.03792640734,870.6314383333325,51505.66936474067,80091.26157080213,80091.26157080213,202.0700438282805,80293.33161463041,True,21839.04923209876,17689.629878,39528.67911009876
0.9,1.0,CVaR90-L100,2025-09-18,50629.052898544905,0.0,50629.052898544905,830.4232795416665,51459.476178086574,80028.32743068092,80028.32743068092,190.0570104949473,80218.38444117586,True,21839.04923209876,17689.629878,39528.67911009876
0.9,1.0,CVaR90-L100,2025-09-19,51241.10037727227,0.0,51241.10037727227,0.0,51241.10037727227,80887.78543394708,80887.78543394708,0.0,80887.78543394708,False,21839.04923209876,17689.629878,39528.67911009876
0.9,1.0,CVaR90-L100,2025-09-20,51106.611264662286,0.0,51106.611264662286,0.0,51106.611264662286,80713.61477150912,80713.61477150912,0.0,80713.61477150912,False,21836.494318109544,17687.560397668734,39524.05471577828
0.9,1.0,CVaR90-L100,2025-09-21,50474.237904872076,0.0,50474.237904872076,1008.0097004999988,51482.247605372075,79805.56631864638,79805.56631864638,282.3632443411974,80087.92956298757,True,21780.94894876543,17642.568648499997,39423.517597265425
0.9,1.0,CVaR90-L100,2025-09-22,50534.450945150405,0.0,50534.450945150405,1594.4601691583298,52128.911114308736,79878.50059082643,79878.50059082643,356.01279729548094,80234.51338812191,True,21811.452632098764,17667.276632,39478.729264098765
0.9,1.0,CVaR90-L100,2025-09-23,50565.87143098524,0.0,50565.87143098524,1942.5882718269445,52508.45970281218,79907.39718456191,79907.39718456191,460.1892261861115,80367.58641074802,True,21811.452632098764,17667.276632,39478.729264098765
0.9,1.0,CVaR90-L100,2025-09-24,50676.51212892551,0.0,50676.51212892551,3967.73497925833,54644.247108183845,80055.51546556629,80055.51546556629,915.6554304849553,80971.17089605125,True,21811.452632098764,17667.276632,39478.729264098765
0.9,1.0,CVaR90-L100,2025-09-25,51129.64257150099,0.0,51129.64257150099,834.9925405000035,51964.63511200099,80727.60320832249,80727.60320832249,214.03045726741942,80941.6336655899,True,22077.009949814747,17882.378059349947,39959.38800916469
0.9,1.0,CVaR90-L100,2025-09-26,50250.20364834726,0.0,50250.20364834726,0.0,50250.20364834726,79432.05129911503,79432.05129911503,0.0,79432.05129911503,False,21977.867530864198,17802.072699999997,39779.940230864195
0.9,1.0,CVaR90-L100,2025-09-27,50928.24626492725,0.0,50928.24626492725,0.0,50928.24626492725,80345.83599907746,80345.83599907746,0.0,80345.83599907746,False,22007.763081564757,17826.288096067452,39834.05117763221
0.9,1.0,CVaR90-L100,2025-09-28,50515.67860949625,0.0,50515.67860949625,2148.3744317666697,52664.05304126292,79770.49981968284,79770.49981968284,499.0230617276976,80269.52288141054,True,21958.043600823046,17786.015316666664,39744.05891748971
0.9,1.0,CVaR90-L100,2025-09-29,48921.49578170516,0.0,48921.49578170516,1432.4981965166648,50353.99397822183,77193.43022914765,77193.43022914765,364.24104127716384,77557.6712704248,True,21897.257267702935,17736.778386839378,39634.03565454231
0.9,1.0,CVaR90-L100,2025-09-30,48433.264782975515,0.0,48433.264782975515,6252.648465058333,54685.913248033845,76367.12665785394,76367.12665785394,1458.8011333333334,77825.92779118726,True,21809.441385636565,17665.647522365616,39475.08890800218
0.9,1.0,CVaR90-L100,2025-10-01,49640.595949226365,0.0,49640.595949226365,10.587088983333611,49651.183038209696,78074.46325216451,78074.46325216451,4.770033333333458,78079.23328549784,True,22094.778117283953,17896.770275,39991.54839228395
0.9,1.0,CVaR90-L100,2025-10-02,44939.5151035007,0.0,44939.5151035007,316.72004222500004,45256.2351457257,72086.74506301369,72086.74506301369,110.71460000000002,72197.4596630137,True,22094.778117283953,17896.770274999995,39991.54839228395
0.9,1.0,CVaR90-L100,2025-10-03,44939.5151035007,0.0,44939.5151035007,0.0,44939.5151035007,72086.66370672401,72086.66370672401,0.0,72086.66370672401,False,22094.778117283953,17896.770274999995,39991.54839228395
0.9,1.0,CVaR90-L100,2025-10-04,44939.51510350069,0.0,44939.51510350069,0.0,44939.51510350069,72087.34198423286,72087.34198423286,0.0,72087.34198423286,False,22094.778117283953,17896.770274999995,39991.54839228395
0.9,1.0,CVaR90-L100,2025-10-05,44931.33691751519,0.0,44931.33691751519,468.63127548333546,45399.96819299852,72098.55851425698,72098.55851425698,131.92271666666772,72230.48123092364,True,22094.778117283953,17896.770274999995,39991.54839228395
0.9,1.0,CVaR90-L100,2025-10-06,44992.98244422329,0.0,44992.98244422329,566.142624175,45559.125068398294,72171.68801619773,72171.68801619773,149.55526666666668,72321.2432828644,True,22094.778117283953,17896.770274999995,39991.54839228395
0.9,1.0,CVaR90-L100,2025-10-07,44992.98244422329,0.0,44992.98244422329,365.38541211666507,45358.36785633996,72171.77682467175,72171.77682467175,110.87433333333286,72282.65115800507,True,22094.778117283953,17896.770274999995,39991.54839228395
0.9,1.0,CVaR90-L100,2025-10-08,44992.9824442233,0.0,44992.9824442233,1562.5553970249991,46555.5378412483,72174.99574684267,72174.99574684267,435.4981999999998,72610.49394684267,True,22094.778117283953,17896.770274999995,39991.54839228395
0.9,1.0,CVaR90-L100,2025-10-09,44876.86389453026,0.0,44876.86389453026,1010.3249421500005,45887.18883668026,72022.16094464417,72022.16094464417,264.4739000000002,72286.63484464417,True,22094.778117283953,17896.770275000003,39991.548392283956
0.9,1.0,CVaR90-L100,2025-10-10,44876.86389453026,0.0,44876.86389453026,0.0,44876.86389453026,72022.119380451,72022.119380451,0.0,72022.119380451,False,22094.778117283953,17896.770275000003,39991.548392283956
0.9,1.0,CVaR90-L100,2025-10-11,44876.86389453026,0.0,44876.86389453026,0.0,44876.86389453026,72022.13523245245,72022.13523245245,0.0,72022.13523245245,False,22094.778117283953,17896.770275000003,39991.548392283956
0.9,1.0,CVaR90-L100,2025-10-12,44927.69247457868,0.0,44927.69247457868,1229.9389192861113,46157.631393864795,71983.68099309842,71983.68099309842,319.15407021292344,72302.83506331134,True,22094.778117283953,17896.770274999995,39991.54839228395
0.9,1.0,CVaR90-L100,2025-10-13,44923.64752795802,0.0,44923.64752795802,832.9383681083326,45756.58589606635,71957.84342766265,71957.84342766265,212.90316421000898,72170.74659187265,True,22094.778117283953,17896.770274999995,39991.54839228395
0.9,1.0,CVaR90-L100,2025-10-14,44923.64752795802,0.0,44923.64752795802,3341.752144591661,48265.39967254968,71958.24755217301,71958.24755217301,756.1421375371078,72714.38968971012,True,22094.778117283953,17896.770274999995,39991.54839228395
0.9,1.0,CVaR90-L100,2025-10-15,44970.13619483484,0.0,44970.13619483484,1887.776621183331,46857.91281601817,72056.1259096298,72056.1259096298,518.6440514443568,72574.76996107415,True,22094.778117283953,17896.770275,39991.54839228395
0.9,1.0,CVaR90-L100,2025-10-16,44985.25979731067,0.0,44985.25979731067,5856.909525166659,50842.169322477326,72056.5403112798,72056.5403112798,1460.444054310687,73516.98436559048,True,22094.778117283953,17896.770274999995,39991.54839228395
0.9,1.0,CVaR90-L100,2025-10-17,45705.152291046004,0.0,45705.152291046004,0.0,45705.152291046004,72995.8958867884,72995.8958867884,0.0,72995.8958867884,False,22215.030812757203,17994.174958333337,40209.205771090536
0.9,1.0,CVaR90-L100,2025-10-18,45630.491917168314,0.0,45630.491917168314,0.0,45630.491917168314,72805.28044345611,72805.28044345611,0.0,72805.28044345611,False,22215.0308127572,17994.17495833333,40209.20577109053
0.9,1.0,CVaR90-L100,2025-10-19,45630.49191716831,0.0,45630.49191716831,4465.789824400004,50096.28174156831,72807.60432750294,72807.60432750294,1120.5432059163163,73928.14753341925,True,22215.030812757203,17994.17495833333,40209.205771090536
0.9,1.0,CVaR90-L100,2025-10-20,45823.76226832979,0.0,45823.76226832979,5811.2930781166815,51635.05534644647,73156.66550883197,73156.66550883197,1260.8622207542405,74417.5277295862,True,22358.411306584363,18110.313158333334,40468.7244649177
0.9,1.0,CVaR90-L100,2025-10-21,46463.93307512138,0.0,46463.93307512138,5655.608969591673,52119.54204471305,73972.4546978577,73972.4546978577,1851.3657958688595,75823.82049372655,True,22569.243633688086,18281.08734328735,40850.330976975434
0.9,1.0,CVaR90-L100,2025-10-22,46134.17956603289,0.0,46134.17956603289,6313.3730502,52447.55261623289,73679.20951086978,73679.20951086978,1516.4558258508507,75195.66533672063,True,22448.31281893004,18183.133383333334,40631.446202263374
0.9,1.0,CVaR90-L100,2025-10-23,46774.47586460739,0.0,46774.47586460739,1210.2588775249997,47984.73474213239,74678.36697160805,74678.36697160805,364.42113333333333,75042.78810494138,True,23102.87000430649,18713.324703488255,41816.19470779474
0.9,1.0,CVaR90-L100,2025-10-24,47201.24936435747,0.0,47201.24936435747,0.0,47201.24936435747,75203.38264596826,75203.38264596826,0.0,75203.38264596826,False,23242.196954732513,18826.179533333332,42068.37648806584
0.9,1.0,CVaR90-L100,2025-10-25,46714.22552719683,0.0,46714.22552719683,0.0,46714.22552719683,74726.60221741778,74726.60221741778,0.0,74726.60221741778,False,23148.856477340254,18750.573746645605,41899.43022398586
0.9,1.0,CVaR90-L100,2025-10-26,46714.22530542643,0.0,46714.22530542643,1446.0122297277765,48160.23753515421,74663.39030989581,74663.39030989581,450.27090274483896,75113.66121264065,True,23148.856477340254,18750.573746645605,41899.43022398586
0.9,1.0,CVaR90-L100,2025-10-27,46968.73330085928,0.0,46968.73330085928,3990.316428166663,50959.049729025945,74968.14021908326,74968.14021908326,1022.8289507407401,75990.969169824,True,23265.512798353913,18845.065366666666,42110.578165020575
0.9,1.0,CVaR90-L100,2025-10-28,47284.50324825439,0.0,47284.50324825439,3312.9415053583316,50597.44475361272,75309.27916727154,75309.27916727154,824.1416140200201,76133.42078129156,True,23122.153621399175,18728.944433333334,41851.09805473251
0.9,1.0,CVaR90-L100,2025-10-29,46941.78316200186,0.0,46941.78316200186,8307.389194041669,55249.172356043535,74919.68102774436,74919.68102774436,2276.5845578959497,77196.26558564031,True,22984.957062628455,18617.81522072905,41602.77228335751
0.9,1.0,CVaR90-L100,2025-10-30,48701.82166419683,0.0,48701.82166419683,1241.4480661333323,49943.26973033016,77095.44175622339,77095.44175622339,308.2861333333331,77403.72788955671,True,23233.15868312757,18818.858533333332,42052.0172164609
0.9,1.0,CVaR90-L100,2025-10-31,48438.203568907564,0.0,48438.203568907564,0.0,48438.203568907564,76972.49532045046,76972.49532045046,0.0,76972.49532045046,False,23244.714883548833,18828.21905567455,42072.93393922338
0.9,1.0,CVaR90-L100,2025-11-01,46555.77855792482,0.0,46555.77855792482,0.0,46555.77855792482,75179.22571052628,75179.22571052628,0.0,75179.22571052628,False,23284.262762497103,18860.25283762265,42144.515600119754
0.9,1.0,CVaR90-L100,2025-11-02,46555.77855792483,0.0,46555.77855792483,3544.6015903916723,50100.3801483165,75180.9701189994,75180.9701189994,949.0962047290454,76130.06632372845,True,23284.262762497103,18860.25283762265,42144.515600119754
0.9,1.0,CVaR90-L100,2025-11-03,47050.156133419616,0.0,47050.156133419616,3557.655098358331,50607.811231777945,75874.48275994588,75874.48275994588,1245.6870807654054,77120.16984071129,True,23479.14987654321,19018.1114,42497.26127654321
0.9,1.0,CVaR90-L100,2025-11-04,47479.757996243294,0.0,47479.757996243294,1620.870973108334,49100.62896935163,76639.0578217672,76639.0578217672,442.3752091459079,77081.4330309131,True,23432.966233333333,18980.702648999995,42413.668882333324
0.9,1.0,CVaR90-L100,2025-11-05,47392.721633115674,0.0,47392.721633115674,3280.9345870250027,50673.65622014068,76454.16227801336,76454.16227801336,860.0841712990624,77314.24644931243,True,23393.93949379636,18949.09098997505,42343.03048377141
0.9,1.0,CVaR90-L100,2025-11-06,47531.40535270677,0.0,47531.40535270677,8224.464633408334,55755.86998611511,76649.39290786895,76649.39290786895,1945.0865339336856,78594.47944180264,True,23424.55198996452,18973.88711187126,42398.43910183578
0.9,1.0,CVaR90-L100,2025-11-07,48852.565903520226,0.0,48852.565903520226,0.0,48852.565903520226,78235.07224362149,78235.07224362149,0.0,78235.07224362149,False,23325.980333333333,18894.04407,42220.02440333333
0.9,1.0,CVaR90-L100,2025-11-08,48852.565903520226,0.0,48852.565903520226,0.0,48852.565903520226,78230.1383219181,78230.1383219181,0.0,78230.1383219181,False,23325.980333333333,18894.04407,42220.02440333333
0.9,1.0,CVaR90-L100,2025-11-09,48852.56590352023,0.0,48852.56590352023,4124.910767108336,52977.476670628566,78232.07922876805,78232.07922876805,1058.7335292198254,79290.81275798788,True,23325.980333333333,18894.04407,42220.02440333333
0.9,1.0,CVaR90-L100,2025-11-10,49337.145323891935,0.0,49337.145323891935,5309.035333441664,54646.1806573336,78863.83267406271,78863.83267406271,1639.5013952054155,80503.33406926812,True,23325.980333333333,18894.044069999996,42220.02440333333
0.9,1.0,CVaR90-L100,2025-11-11,50203.03669619721,0.0,50203.03669619721,1035.1420069333344,51238.17870313054,80174.17609285933,80174.17609285933,307.6049740504065,80481.78106690974,True,23296.06392157129,18869.811776472743,42165.87569804404
0.9,1.0,CVaR90-L100,2025-11-12,49882.44690864757,0.0,49882.44690864757,1437.781169841665,51320.228078489235,79764.10744519564,79764.10744519564,326.9700666666663,80091.0775118623,True,23288.278216666666,18863.5053555,42151.78357216666
0.9,1.0,CVaR90-L100,2025-11-13,49964.49058727514,0.0,49964.49058727514,3530.6770359833213,53495.167623258465,79881.23356389727,79881.23356389727,1020.6788247604303,80901.9123886577,True,23301.625566666666,18874.316709,42175.94227566666
0.9,1.0,CVaR90-L100,2025-11-14,50465.40620163468,0.0,50465.40620163468,0.0,50465.40620163468,80517.19659722474,80517.19659722474,0.0,80517.19659722474,False,23362.648072633743,18923.74493883333,42286.39301146707
0.9,1.0,CVaR90-L100,2025-11-15,50465.40620163468,0.0,50465.40620163468,0.0,50465.40620163468,80517.58603631482,80517.58603631482,0.0,80517.58603631482,False,23362.648072633743,18923.74493883333,42286.39301146707
0.9,1.0,CVaR90-L100,2025-11-16,50465.40620163468,0.0,50465.40620163468,5446.273131375005,55911.679333009684,80517.66406894424,80517.66406894424,1403.3698600894447,81921.03392903369,True,23362.648072633743,18923.74493883333,42286.39301146707
0.9,1.0,CVaR90-L100,2025-11-17,51235.29558257977,0.0,51235.29558257977,1212.535612191664,52447.83119477143,81381.69156861855,81381.69156861855,355.93867508816453,81737.63024370672,True,23377.159327777776,18935.4990555,42312.658383277776
0.9,1.0,CVaR90-L100,2025-11-18,51124.86766292206,0.0,51124.86766292206,4481.461121158335,55606.32878408039,81285.65600253874,81285.65600253874,1351.4985252495253,82637.15452778827,True,23382.814703027303,18940.079909452113,42322.89461247942
0.9,1.0,CVaR90-L100,2025-11-19,51519.60040970061,0.0,51519.60040970061,2884.8775315416697,54404.47794124228,82019.51345005879,82019.51345005879,763.5766691705944,82783.09011922938,True,23622.18216049383,19133.96755,42756.14971049383
0.9,1.0,CVaR90-L100,2025-11-20,51822.52551343953,0.0,51822.52551343953,2435.640089916668,54258.165603356196,82406.05616442853,82406.05616442853,610.5695455752423,83016.62571000378,True,23622.18216049383,19133.96755,42756.14971049383
0.9,1.0,CVaR90-L100,2025-11-21,51877.70726085401,0.0,51877.70726085401,0.0,51877.70726085401,82477.84443364103,82477.84443364103,0.0,82477.84443364103,False,23779.200123456794,19261.1521,43040.35222345679
0.9,1.0,CVaR90-L100,2025-11-22,51877.70726085401,0.0,51877.70726085401,0.0,51877.70726085401,82477.84443364103,82477.84443364103,0.0,82477.84443364103,False,23779.200123456794,19261.1521,43040.35222345679
0.9,1.0,CVaR90-L100,2025-11-23,51877.70726085401,0.0,51877.70726085401,5178.256362391656,57055.96362324567,82476.44736344735,82476.44736344735,1291.4491744112165,83767.89653785857,True,23779.200123456794,19261.1521,43040.35222345679
0.9,1.0,CVaR90-L100,2025-11-24,52442.12253989633,0.0,52442.12253989633,2054.4632057500003,54496.58574564633,83292.47093494417,83292.47093494417,564.4022351953645,83856.87317013953,True,24208.673221003923,19609.025309013174,43817.69853001709
0.9,1.0,CVaR90-L100,2025-11-25,52552.04187269671,0.0,52552.04187269671,2645.953233783333,55197.99510648004,83444.37384538009,83444.37384538009,720.3920699725574,84164.76591535265,True,24231.10583501672,19627.195726363538,43858.301561380256
0.9,1.0,CVaR90-L100,2025-11-26,52682.14393941061,0.0,52682.14393941061,2901.0124007083327,55583.15634011895,83642.95127528756,83642.95127528756,845.3629402483349,84488.3142155359,True,24275.049103075522,19662.78977349117,43937.83887656669
0.9,1.0,CVaR90-L100,2025-11-27,52887.287012773915,0.0,52887.287012773915,2601.94102149584,55489.228034269756,83963.58444277542,83963.58444277542,635.6230658239502,84599.20750859937,True,24272.31257175141,19660.573183118642,43932.88575487005
0.9,1.0,CVaR90-L100,2025-11-28,53124.490398025126,0.0,53124.490398025126,0.0,53124.490398025126,84207.06725197966,84207.06725197966,0.0,84207.06725197966,False,24348.572379599424,19722.343627475537,44070.916007074964
0.9,1.0,CVaR90-L100,2025-11-29,53124.490398025126,0.0,53124.490398025126,0.0,53124.490398025126,84207.07339982575,84207.07339982575,0.0,84207.07339982575,False,24348.572379599424,19722.343627475537,44070.916007074964
0.9,1.0,CVaR90-L100,2025-11-30,53124.490398025126,0.0,53124.490398025126,8369.323802208322,61493.81420023345,84206.90017833954,84206.90017833954,2400.035586143823,86606.93576448337,True,24348.572379599424,19722.343627475537,44070.916007074964
0.9,1.0,CVaR90-L100,2025-12-01,54435.66181201772,0.0,54435.66181201772,22047.703969283328,76483.36578130105,86122.3854663076,86122.3854663076,5948.750668849663,92071.13613515727,True,24760.15905349794,20055.728833333334,44815.887886831275
0.9,1.0,CVaR90-L100,2025-12-02,58546.00747022221,0.0,58546.00747022221,10754.380215225003,69300.38768544722,91755.14851186147,91755.14851186147,2977.110422806826,94732.2589346683,True,24833.333333333332,20115.0,44948.33333333333
0.9,1.0,CVaR90-L100,2025-12-03,60549.65844934886,0.0,60549.65844934886,3933.377394383335,64483.0358437322,94526.26909683051,94526.26909683051,1349.779643074202,95876.04873990471,True,24982.954176954736,20236.19288333333,45219.147060288065
0.9,1.0,CVaR90-L100,2025-12-04,61219.212320389976,0.0,61219.212320389976,3434.1437742000007,64653.35609458997,95655.81256592418,95655.81256592418,841.0669597092503,96496.87952563343,True,25131.709341563786,20356.684566666667,45488.39390823046
0.9,1.0,CVaR90-L100,2025-12-05,61786.953115409946,0.0,61786.953115409946,0.0,61786.953115409946,96297.90169597621,96297.90169597621,0.0,96297.90169597621,False,25131.709341563786,20356.684566666667,45488.39390823046
0.9,1.0,CVaR90-L100,2025-12-06,61768.747315430075,0.0,61768.747315430075,0.0,61768.747315430075,96274.23884951515,96274.23884951515,0.0,96274.23884951515,False,25131.709341563786,20356.684566666667,45488.39390823046
0.9,1.0,CVaR90-L100,2025-12-07,61768.74731543007,0.0,61768.74731543007,2269.611380866666,64038.35869629673,96273.5841417318,96273.5841417318,597.6848909292028,96871.269032661,True,25131.709341563786,20356.684566666667,45488.39390823046
0.9,1.0,CVaR90-L100,2025-12-08,61797.97071033504,0.0,61797.97071033504,2866.929626874998,64664.900337210034,96147.09485521175,96147.09485521175,828.5959387382637,96975.69079395001,True,25205.980967078187,20416.84458333333,45622.82555041152
0.9,1.0,CVaR90-L100,2025-12-09,61192.487431882655,0.0,61192.487431882655,3160.039963399997,64352.527395282654,95396.96311514862,95396.96311514862,745.6881785535301,96142.65129370216,True,25294.31320987654,20488.3937,45782.70690987654
0.9,1.0,CVaR90-L100,2025-12-10,61542.47450016282,0.0,61542.47450016282,3401.545874041666,64944.02037420448,95874.26474664312,95874.26474664312,987.0150782385022,96861.27982488163,True,25363.754259259258,20544.64095,45908.39520925926
0.9,1.0,CVaR90-L100,2025-12-11,62021.720043394496,0.0,62021.720043394496,1052.5881982250012,63074.308241619496,96495.18343826794,96495.18343826794,368.496016666667,96863.67945493461,True,25370.999835390943,20550.509866666667,45921.50970205761
0.9,1.0,CVaR90-L100,2025-12-12,62021.720043394496,0.0,62021.720043394496,0.0,62021.720043394496,96496.21349742581,96496.21349742581,0.0,96496.21349742581,False,25370.999835390943,20550.509866666667,45921.50970205761
0.9,1.0,CVaR90-L100,2025-12-13,62021.720043394496,0.0,62021.720043394496,0.0,62021.720043394496,96496.21349742581,96496.21349742581,0.0,96496.21349742581,False,25370.999835390943,20550.509866666667,45921.50970205761
0.9,1.0,CVaR90-L100,2025-12-14,62021.720043394496,0.0,62021.720043394496,2159.931012574994,64181.65105596949,96496.17430466606,96496.17430466606,664.513928656615,97160.68823332267,True,25370.999835390943,20550.509866666667,45921.50970205761
0.9,1.0,CVaR90-L100,2025-12-15,62089.97442591094,0.0,62089.97442591094,3402.2199261583387,65492.19435206928,96626.0148528386,96626.0148528386,1129.662277571153,97755.67713040976,True,25407.810720164605,20580.326683333333,45988.13740349794
0.9,1.0,CVaR90-L100,2025-12-16,62215.728063354785,0.0,62215.728063354785,2060.5043360916675,64276.23239944645,96840.6530873943,96840.6530873943,675.4057014064074,97516.0587888007,True,25399.192898537458,20573.346247815345,45972.53914635281
0.9,1.0,CVaR90-L100,2025-12-17,62146.020896135604,0.0,62146.020896135604,1114.1566930124995,63260.1775891481,96918.21678164761,96918.21678164761,368.285355907541,97286.50213755516,True,25361.33737879482,20542.68327682381,45904.02065561863
0.9,1.0,CVaR90-L100,2025-12-18,62146.0208961356,0.0,62146.0208961356,1221.045412695837,63367.06630883143,96918.20452944751,96918.20452944751,411.30318240332497,97329.50771185083,True,25361.33737879482,20542.68327682381,45904.02065561863
0.9,1.0,CVaR90-L100,2025-12-19,62148.508586648095,0.0,62148.508586648095,0.0,62148.508586648095,96923.0161031689,96923.0161031689,0.0,96923.0161031689,False,25361.33737879482,20542.68327682381,45904.02065561863
0.9,1.0,CVaR90-L100,2025-12-20,62148.508586648095,0.0,62148.508586648095,0.0,62148.508586648095,96923.13928046936,96923.13928046936,0.0,96923.13928046936,False,25361.33737879482,20542.68327682381,45904.02065561863
0.9,1.0,CVaR90-L100,2025-12-21,62148.508586648095,0.0,62148.508586648095,2502.5180923749995,64651.026679023096,96923.01203312809,96923.01203312809,814.696162232875,97737.70819536097,True,25361.33737879482,20542.68327682381,45904.02065561863
0.9,1.0,CVaR90-L100,2025-12-22,61934.81541379592,0.0,61934.81541379592,1943.57939895,63878.39481274592,96716.58536595841,96716.58536595841,557.4841246013833,97274.06949055979,True,25304.70222293122,20496.80880057429,45801.51102350551
0.9,1.0,CVaR90-L100,2025-12-23,61920.50960723199,0.0,61920.50960723199,713.6777325000006,62634.18733973199,96719.02232128414,96719.02232128414,178.58073333333337,96897.60305461747,True,25266.20176266827,20465.623427761297,45731.82519042956
0.9,1.0,CVaR90-L100,2025-12-24,61920.509607231994,0.0,61920.509607231994,1579.8067334000036,63500.316340631995,96720.06427175816,96720.06427175816,414.352607439407,97134.41687919757,True,25266.20176266827,20465.623427761297,45731.82519042956
0.9,1.0,CVaR90-L100,2025-12-25,61855.461187923356,0.0,61855.461187923356,1547.1170152999987,63402.578203223355,96625.4419092428,96625.4419092428,511.1270160914395,97136.56892533424,True,25246.989238683127,20450.061283333333,45697.05052201646
0.9,1.0,CVaR90-L100,2025-12-26,61855.461187923356,0.0,61855.461187923356,0.0,61855.461187923356,96625.41219689704,96625.41219689704,0.0,96625.41219689704,False,25246.989238683127,20450.061283333333,45697.05052201646
0.9,1.0,CVaR90-L100,2025-12-27,61855.46118792335,0.0,61855.46118792335,0.0,61855.46118792335,96622.75502746407,96622.75502746407,0.0,96622.75502746407,False,25246.989238683127,20450.061283333333,45697.05052201646
0.9,1.0,CVaR90-L100,2025-12-28,61855.461187923356,0.0,61855.461187923356,979.7329107099968,62835.19409863335,96622.74541074803,96622.74541074803,247.16714586085186,96869.91255660888,True,25246.989238683127,20450.061283333333,45697.05052201646
0.9,1.0,CVaR90-L100,2025-12-29,61855.461187923356,0.0,61855.461187923356,1335.693383373335,63191.15457129669,96622.87637026468,96622.87637026468,403.80798951546035,97026.68435978015,True,25246.989238683127,20450.061283333333,45697.05052201646
0.9,1.0,CVaR90-L100,2025-12-30,61855.46118792335,0.0,61855.46118792335,719.4470375766659,62574.90822550002,96622.88598698073,96622.88598698073,166.96910523114832,96789.85509221189,True,25246.989238683127,20450.061283333333,45697.05052201646
0.9,1.0,CVaR90-L100,2025-12-31,61855.46118792335,0.0,61855.46118792335,1883.5741087883318,63739.03529671168,96622.88598698073,96622.88598698073,542.9769132144414,97165.86290019518,True,25246.989238683127,20450.061283333333,45697.05052201646
0.95,0.25,CVaR95-L25,2025-02-01,63088.76493678951,0.0,63088.76493678951,0.0,63088.76493678951,98550.75027430388,98550.75027430388,0.0,98550.75027430388,False,25493.62339506173,20649.834949999997,46143.45834506173
0.95,0.25,CVaR95-L25,2025-02-02,62942.388729221566,0.0,62942.388729221566,43.535180166666144,62985.923909388235,98365.93071740928,98365.93071740928,8.311833333333198,98374.24255074261,True,25491.33841563786,20647.984116666667,46139.322532304526
0.95,0.25,CVaR95-L25,2025-02-03,62632.62108416605,0.0,62632.62108416605,28.704066616666392,62661.325150782715,97895.03033393701,97895.03033393701,13.42381666666654,97908.45415060368,True,25468.4732510288,20629.463333333333,46097.936584362134
0.95,0.25,CVaR95-L25,2025-02-04,62636.230692896046,0.0,62636.230692896046,225.6572815999998,62861.88797449604,97903.70484349382,97903.70484349382,76.9025499999999,97980.60739349382,True,25468.4732510288,20629.463333333333,46097.936584362134
0.95,0.25,CVaR95-L25,2025-02-05,62640.48401398573,0.0,62640.48401398573,52.610947750000705,62693.09496173573,97906.45904598529,97906.45904598529,10.331100000000106,97916.79014598529,True,25468.4732510288,20629.463333333333,46097.936584362134
0.95,0.25,CVaR95-L25,2025-02-06,62638.04903701009,0.0,62638.04903701009,47.21703041666648,62685.26606742675,97936.92483855785,97936.92483855785,10.614583333333258,97947.53942189118,True,25479.341216618126,20638.26638546068,46117.6076020788
0.95,0.25,CVaR95-L25,2025-02-07,62484.147926252976,0.0,62484.147926252976,0.0,62484.147926252976,97768.05938439879,97768.05938439879,0.0,97768.05938439879,False,25506.47427983539,20660.244166666664,46166.718446502055
0.95,0.25,CVaR95-L25,2025-02-08,61651.60595540492,0.0,61651.60595540492,0.0,61651.60595540492,96496.17555103292,96496.17555103292,0.0,96496.17555103292,False,25365.328827160494,20545.91635,45911.2451771605
0.95,0.25,CVaR95-L25,2025-02-09,61452.432041752254,0.0,61452.432041752254,102.82196874999974,61555.254010502256,96221.64116509064,96221.64116509064,40.924166666666565,96262.5653317573,True,25326.951193415636,20514.830466666666,45841.7816600823
0.95,0.25,CVaR95-L25,2025-02-10,61160.54310456086,0.0,61160.54310456086,48.18094122499829,61208.72404578586,95751.01697037613,95751.01697037613,8.671283333333008,95759.68825370946,True,25171.723641975306,20389.09615,45560.81979197531
0.95,0.25,CVaR95-L25,2025-02-11,61162.201210919964,0.0,61162.201210919964,0.0,61162.201210919964,95741.83757697055,95741.83757697055,0.0,95741.83757697055,False,25171.723641975306,20389.096149999998,45560.8197919753
0.95,0.25,CVaR95-L25,2025-02-12,61162.17769291996,0.0,61162.17769291996,85.22194289166802,61247.39963581163,95741.80570942682,95741.80570942682,14.072616666666931,95755.87832609349,True,25171.723641975306,20389.096149999998,45560.8197919753
0.95,0.25,CVaR95-L25,2025-02-13,60853.693543358226,0.0,60853.693543358226,101.80412693333298,60955.49767029156,95257.68293601797,95257.68293601797,26.188783333333163,95283.8717193513,True,25248.35674897119,20451.168966666664,45699.52571563785
0.95,0.25,CVaR95-L25,2025-02-14,60821.7636013597,0.0,60821.7636013597,0.0,60821.7636013597,95223.40405648272,95223.40405648272,0.0,95223.40405648272,False,25241.454897119336,20445.578466666666,45687.033363786
0.95,0.25,CVaR95-L25,2025-02-15,60596.4388680737,0.0,60596.4388680737,0.0,60596.4388680737,94906.28572632786,94906.28572632786,0.0,94906.28572632786,False,25194.807037037033,20407.793700000002,45602.600737037035
0.95,0.25,CVaR95-L25,2025-02-16,60281.710608988105,0.0,60281.710608988105,183.01133778333372,60464.72194677144,94534.4341205529,94534.4341205529,27.159283333333406,94561.59340388623,True,24985.221748971187,20238.029616666667,45223.25136563786
0.95,0.25,CVaR95-L25,2025-02-17,59806.37312905397,0.0,59806.37312905397,312.22903309999776,60118.60216215397,94018.15857229734,94018.15857229734,48.43056666666632,94066.589138964,True,25113.04542522871,20341.566794435254,45454.61221966396
0.95,0.25,CVaR95-L25,2025-02-18,59813.49204075326,0.0,59813.49204075326,58.194638450000326,59871.68667920326,94026.2323230551,94026.2323230551,9.294783333333385,94035.52710638843,True,25113.750541505095,20342.137938619126,45455.888480124224
0.95,0.25,CVaR95-L25,2025-02-19,59807.33916451844,0.0,59807.33916451844,442.911876675001,60250.25104119344,94011.09063710514,94011.09063710514,106.63409999999999,94117.72473710513,True,25112.970684003776,20341.50625404306,45454.476938046835
0.95,0.25,CVaR95-L25,2025-02-20,59498.15895602448,0.0,59498.15895602448,445.68557339999825,59943.84452942448,93679.12724777317,93679.12724777317,87.4753499999996,93766.60259777316,True,24930.606460905346,20193.79123333333,45124.39769423868
0.95,0.25,CVaR95-L25,2025-02-21,59378.80041466608,0.0,59378.80041466608,0.0,59378.80041466608,93573.28981456038,93573.28981456038,0.0,93573.28981456038,False,24930.606460905346,20193.791233333333,45124.39769423868
0.95,0.25,CVaR95-L25,2025-02-22,59335.178540338035,0.0,59335.178540338035,0.0,59335.178540338035,93509.2569185337,93509.2569185337,0.0,93509.2569185337,False,24925.88989711934,20189.970816666668,45115.86071378601
0.95,0.25,CVaR95-L25,2025-02-23,59308.18555244211,0.0,59308.18555244211,151.6111573916671,59459.796709833776,93628.61653786007,93628.61653786007,39.25396666666677,93667.87050452674,True,24886.08563786008,20157.729366666666,45043.81500452675
0.95,0.25,CVaR95-L25,2025-02-24,57769.35181641333,0.0,57769.35181641333,417.4122946750008,58186.76411108833,91455.07611692257,91455.07611692257,81.32021666666685,91536.39633358923,True,24833.333333333332,20115.0,44948.33333333333
0.95,0.25,CVaR95-L25,2025-02-25,57783.884484243325,0.0,57783.884484243325,480.75107062500115,58264.63555486833,91469.4577787813,91469.4577787813,99.43223333333356,91568.89001211464,True,24833.333333333332,20115.0,44948.33333333333
0.95,0.25,CVaR95-L25,2025-02-26,57790.49306968833,0.0,57790.49306968833,263.0469039749995,58053.53997366333,91475.78408023901,91475.78408023901,54.84831666666662,91530.63239690568,True,24833.333333333332,20115.0,44948.33333333333
0.95,0.25,CVaR95-L25,2025-02-27,57442.334586458324,0.0,57442.334586458324,370.0961433083335,57812.43072976666,90975.79596666666,90975.79596666666,64.81431666666674,91040.61028333333,True,24833.333333333332,20115.0,44948.33333333333
0.95,0.25,CVaR95-L25,2025-02-28,57145.16499694,0.0,57145.16499694,0.0,57145.16499694,90543.09089999998,90543.09089999998,0.0,90543.09089999998,False,24833.333333333332,20115.0,44948.33333333333
0.95,0.25,CVaR95-L25,2025-03-01,55250.31034267333,0.0,55250.31034267333,0.0,55250.31034267333,87775.78524562705,87775.78524562705,0.0,87775.78524562705,False,24467.965185185185,19819.0518,44287.01698518518
0.95,0.25,CVaR95-L25,2025-03-02,55199.928204568336,0.0,55199.928204568336,3285.5606465750006,58485.48885114334,87658.20980335036,87658.20980335036,822.2455666666667,88480.45537001702,True,24467.965185185185,19819.051799999997,44287.01698518518
0.95,0.25,CVaR95-L25,2025-03-03,54226.027976966376,0.0,54226.027976966376,1506.5323385833312,55732.56031554971,86458.05709818762,86458.05709818762,287.1191466033175,86745.17624479094,True,24568.923950617285,19900.8284,44469.75235061729
0.95,0.25,CVaR95-L25,2025-03-04,54278.58137720013,0.0,54278.58137720013,768.300400825002,55046.88177802513,86519.5480002684,86519.5480002684,202.05333333333374,86721.60133360173,True,24583.09341563786,19912.305666666667,44495.39908230453
0.95,0.25,CVaR95-L25,2025-03-05,54295.06658454537,0.0,54295.06658454537,762.0605500166686,55057.12713456204,86529.29590258055,86529.29590258055,143.9026578483374,86673.19856042888,True,24583.09341563786,19912.305666666667,44495.39908230453
0.95,0.25,CVaR95-L25,2025-03-06,54217.961613259075,0.0,54217.961613259075,720.8471313083337,54938.80874456741,86430.80595397475,86430.80595397475,181.93605000000002,86612.74200397475,True,24587.573482627366,19915.934520928167,44503.50800355553
0.95,0.25,CVaR95-L25,2025-03-07,54050.17559307999,0.0,54050.17559307999,0.0,54050.17559307999,86156.79229507563,86156.79229507563,0.0,86156.79229507563,False,24626.61148148148,19947.555300000004,44574.16678148149
0.95,0.25,CVaR95-L25,2025-03-08,53155.5995502274,0.0,53155.5995502274,0.0,53155.5995502274,85168.65200481699,85168.65200481699,0.0,85168.65200481699,False,24214.958055209045,19614.11602471933,43829.074079928374
0.95,0.25,CVaR95-L25,2025-03-09,52708.01873245186,0.0,52708.01873245186,758.8441903000007,53466.86292275186,84564.64998314888,84564.64998314888,124.14840000000015,84688.79838314888,True,24118.996866482208,19536.38746185059,43655.3843283328
0.95,0.25,CVaR95-L25,2025-03-10,52214.32475530999,0.0,52214.32475530999,1004.3376831333306,53218.66243844332,83773.70554999998,83773.70554999998,276.537883333333,84050.24343333332,True,24000.0,19440.0,43440.0
0.95,0.25,CVaR95-L25,2025-03-11,52237.67720067666,0.0,52237.67720067666,456.4320554166668,52694.10925609333,83809.08775,83809.08775,134.66194999999993,83943.7497,True,24000.0,19440.0,43440.0
0.95,0.25,CVaR95-L25,2025-03-12,52248.77422769833,0.0,52248.77422769833,906.1033937916657,53154.87762149,83825.88083333333,83825.88083333333,254.12908333333291,84080.00991666666,True,24000.0,19440.0,43440.0
0.95,0.25,CVaR95-L25,2025-03-13,50035.47654884847,0.0,50035.47654884847,2826.002479791674,52861.47902864014,80734.34012976947,80734.34012976947,724.0177124453719,81458.35784221484,True,23473.589175548186,19013.60723219403,42487.196407742216
0.95,0.25,CVaR95-L25,2025-03-14,49938.875593781195,0.0,49938.875593781195,0.0,49938.875593781195,80596.5886076047,80596.5886076047,0.0,80596.5886076047,False,23412.893703292182,18964.44389966667,42377.337602958854
0.95,0.25,CVaR95-L25,2025-03-15,49990.35624620279,0.0,49990.35624620279,19.356026666666803,50009.71227286946,80667.2339323108,80667.2339323108,9.053333333333399,80676.28726564413,True,23417.448333333334,18968.13315,42385.581483333335
0.95,0.25,CVaR95-L25,2025-03-16,49445.048896841574,0.0,49445.048896841574,270.3079520249996,49715.35684886658,79961.47545036976,79961.47545036976,85.20944999999972,80046.68490036976,True,23229.502674897118,18815.89716666667,42045.39984156379
0.95,0.25,CVaR95-L25,2025-03-17,49344.35983425461,0.0,49344.35983425461,959.4242101000011,50303.78404435461,79847.2830333328,79847.2830333328,198.67081666666672,80045.95384999947,True,23171.267149999472,18768.72639149957,41939.99354149905
0.95,0.25,CVaR95-L25,2025-03-18,49350.93879703628,0.0,49350.93879703628,202.3815155500007,49553.32031258628,79857.1851833328,79857.1851833328,76.52256666666688,79933.70774999946,True,23171.267149999472,18768.72639149957,41939.99354149905
0.95,0.25,CVaR95-L25,2025-03-19,49357.48030006487,0.0,49357.48030006487,203.10110475833417,49560.5814048232,79866.21913680481,79866.21913680481,81.14043333333359,79947.35957013814,True,23167.996152263375,18766.076883333335,41934.07303559671
0.95,0.25,CVaR95-L25,2025-03-20,48387.864096355726,0.0,48387.864096355726,909.003998433334,49296.86809478906,78568.00277980146,78568.00277980146,178.1915333333336,78746.1943131348,True,23337.37999382716,18903.277794999998,42240.65778882716
0.95,0.25,CVaR95-L25,2025-03-21,48249.41780450511,0.0,48249.41780450511,0.0,48249.41780450511,78410.17958872531,78410.17958872531,0.0,78410.17958872531,False,23324.444126706778,18892.799742632495,42217.243869339276
0.95,0.25,CVaR95-L25,2025-03-22,47951.36200673368,0.0,47951.36200673368,19.409476666666755,47970.77148340035,78004.25307629186,78004.25307629186,9.078333333333376,78013.3314096252,True,23215.50165534979,18804.556340833333,42020.057996183124
0.95,0.25,CVaR95-L25,2025-03-23,47543.9410556052,0.0,47543.9410556052,698.7091784166666,48242.65023402187,77429.22957084447,77429.22957084447,157.72519999999997,77586.95477084447,True,23206.763766666667,18797.478651,42004.24241766667
0.95,0.25,CVaR95-L25,2025-03-24,47116.41604281119,0.0,47116.41604281119,340.0909966666676,47456.50703947786,76863.71011782002,76863.71011782002,146.0695666666669,77009.7796844867,True,23185.40540534979,18780.178378333334,41965.58378368312
0.95,0.25,CVaR95-L25,2025-03-25,47136.83680685582,0.0,47136.83680685582,698.881146541667,47835.717953397485,76891.81026918604,76891.81026918604,208.1008166666664,77099.91108585271,True,23185.40540534979,18780.17837833333,41965.58378368312
0.95,0.25,CVaR95-L25,2025-03-26,47154.04150937663,0.0,47154.04150937663,481.8311939583324,47635.87270333496,76933.77701947012,76933.77701947012,153.780483333333,77087.55750280345,True,23185.40540534979,18780.17837833333,41965.58378368312
0.95,0.25,CVaR95-L25,2025-03-27,46855.196108862656,0.0,46855.196108862656,884.0798765916659,47739.27598545432,76403.716788625,76403.716788625,280.2376333333333,76683.95442195833,True,23195.74618362499,18788.554408736243,41984.300592361236
0.95,0.25,CVaR95-L25,2025-03-28,46815.7460152922,0.0,46815.7460152922,0.0,46815.7460152922,76335.37159775087,76335.37159775087,0.0,76335.37159775087,False,23181.650466666666,18777.136877999998,41958.78734466666
0.95,0.25,CVaR95-L25,2025-03-29,46782.69566531081,0.0,46782.69566531081,0.0,46782.69566531081,76334.49457410279,76334.49457410279,0.0,76334.49457410279,False,23188.759538144703,18782.895225897206,41971.65476404191
0.95,0.25,CVaR95-L25,2025-03-30,46708.75750841941,0.0,46708.75750841941,800.7403828666666,47509.497891286075,76230.7482675753,76230.7482675753,295.67115,76526.4194175753,True,23211.74671666667,18801.514840499996,42013.26155716667
0.95,0.25,CVaR95-L25,2025-03-31,46568.89520727174,0.0,46568.89520727174,280.1831553916668,46849.0783626634,76066.38306452529,76066.38306452529,116.0172500000001,76182.4003145253,True,23211.74671666667,18801.5148405,42013.26155716667
0.95,0.25,CVaR95-L25,2025-04-01,46581.29890760715,0.0,46581.29890760715,1065.648759808333,47646.94766741549,76088.85491174532,76088.85491174532,326.9335166666665,76415.788428412,True,23211.74671666667,18801.5148405,42013.26155716667
0.95,0.25,CVaR95-L25,2025-04-02,46598.954750231846,0.0,46598.954750231846,1546.7403293166678,48145.69507954851,76121.15600575341,76121.15600575341,414.2765500000002,76535.4325557534,True,23211.74671666667,18801.514840499993,42013.26155716666
0.95,0.25,CVaR95-L25,2025-04-03,47005.672237776664,0.0,47005.672237776664,879.3387134750021,47885.010951251665,76487.14576666665,76487.14576666665,294.9285333333337,76782.0743,True,23320.17433928191,18889.34121481835,42209.51555410026
0.95,0.25,CVaR95-L25,2025-04-04,44981.337883233224,0.0,44981.337883233224,0.0,44981.337883233224,74009.45639725134,74009.45639725134,0.0,74009.45639725134,False,22978.855637860084,18612.873066666667,41591.72870452675
0.95,0.25,CVaR95-L25,2025-04-05,43968.52570204606,0.0,43968.52570204606,0.0,43968.52570204606,72621.69023786623,72621.69023786623,0.0,72621.69023786623,False,22114.697942386832,17912.905333333332,40027.60327572016
0.95,0.25,CVaR95-L25,2025-04-06,43771.50941973631,0.0,43771.50941973631,876.4642184083326,44647.97363814464,72310.102002981,72310.102002981,229.50628333333316,72539.60828631434,True,22022.683312757195,17838.373483333333,39861.05679609053
0.95,0.25,CVaR95-L25,2025-04-07,43902.67968016134,0.0,43902.67968016134,389.72193519166666,44292.401615353,72576.75564306582,72576.75564306582,137.4670166666666,72714.22265973248,True,21847.4383127572,17696.425033333333,39543.86334609053
0.95,0.25,CVaR95-L25,2025-04-08,43908.44637208134,0.0,43908.44637208134,569.5606557583321,44478.00702783967,72587.62161758059,72587.62161758059,161.64963333333287,72749.27125091392,True,21847.4383127572,17696.425033333333,39543.86334609053
0.95,0.25,CVaR95-L25,2025-04-09,43936.705552122265,0.0,43936.705552122265,669.7826178499993,44606.48816997226,72635.12201169861,72635.12201169861,226.4980999999999,72861.6201116986,True,21847.4383127572,17696.425033333333,39543.86334609053
0.95,0.25,CVaR95-L25,2025-04-10,43845.6919706367,0.0,43845.6919706367,1009.4518951833321,44855.14386582003,72507.90710613786,72507.90710613786,270.8856499999996,72778.79275613786,True,21829.219588477365,17681.667866666667,39510.88745514403
0.95,0.25,CVaR95-L25,2025-04-11,43097.94008527049,0.0,43097.94008527049,0.0,43097.94008527049,71183.81635612833,71183.81635612833,0.0,71183.81635612833,False,21896.160864197525,17735.8903,39632.051164197524
0.95,0.25,CVaR95-L25,2025-04-12,43306.27451641811,0.0,43306.27451641811,0.0,43306.27451641811,71561.14225138622,71561.14225138622,0.0,71561.14225138622,False,21845.44940329218,17694.814016666667,39540.26341995885
0.95,0.25,CVaR95-L25,2025-04-13,43191.337119148004,0.0,43191.337119148004,667.9462026583342,43859.28332180634,71415.62928742607,71415.62928742607,205.9595833333334,71621.5888707594,True,21806.50353909465,17663.26786666667,39469.77140576132
0.95,0.25,CVaR95-L25,2025-04-14,41748.37614490373,0.0,41748.37614490373,906.7549880000001,42655.13113290373,69287.78364927918,69287.78364927918,236.9770500000002,69524.76069927918,True,21979.288045267484,17803.223316666663,39782.51136193414
0.95,0.25,CVaR95-L25,2025-04-15,41791.23509179539,0.0,41791.23509179539,889.9934371500011,42681.22852894539,69333.72267507933,69333.72267507933,200.06375000000037,69533.78642507934,True,21979.288045267484,17803.223316666663,39782.51136193414
0.95,0.25,CVaR95-L25,2025-04-16,41829.01735569372,0.0,41829.01735569372,1028.7120028499992,42857.72935854372,69371.50554446616,69371.50554446616,337.93518333333304,69709.44072779949,True,21979.288045267484,17803.223316666663,39782.51136193414
0.95,0.25,CVaR95-L25,2025-04-17,40644.83142066994,0.0,40644.83142066994,406.5471879833343,41051.37860865328,67659.14416170915,67659.14416170915,117.62450000000001,67776.76866170915,True,21655.07882716049,17540.613849999994,39195.692677160485
0.95,0.25,CVaR95-L25,2025-04-18,40596.13857523126,0.0,40596.13857523126,0.0,40596.13857523126,67623.62683180088,67623.62683180088,0.0,67623.62683180088,False,21655.07882716049,17540.613849999994,39195.692677160485
0.95,0.25,CVaR95-L25,2025-04-19,40606.563475387826,0.0,40606.563475387826,1.9633966666665823,40608.52687205449,67682.14895157167,67682.14895157167,0.9183333333332939,67683.067284905,True,21647.805905349793,17534.72278333333,39182.52868868312
0.95,0.25,CVaR95-L25,2025-04-20,40550.471049549844,0.0,40550.471049549844,230.4065481999998,40780.877597749844,67576.9548005137,67576.9548005137,99.23559999999998,67676.1904005137,True,21647.805905349793,17534.72278333333,39182.52868868312
0.95,0.25,CVaR95-L25,2025-04-21,39870.12600024927,0.0,39870.12600024927,713.6291412916669,40583.75514154094,66748.74345956177,66748.74345956177,273.0915166666665,67021.83497622843,True,21542.88543209876,17449.737199999996,38992.622632098755
0.95,0.25,CVaR95-L25,2025-04-22,39868.43600264379,0.0,39868.43600264379,813.665523558333,40682.101526202125,66753.24812798333,66753.24812798333,224.2978666666666,66977.54599464999,True,21542.88543209876,17449.737199999996,38992.622632098755
0.95,0.25,CVaR95-L25,2025-04-23,39923.607506690314,0.0,39923.607506690314,990.7678895416658,40914.37539623198,66832.43639758175,66832.43639758175,277.5041166666666,67109.94051424842,True,21551.727942386824,17456.89963333333,39008.62757572015
0.95,0.25,CVaR95-L25,2025-04-24,39891.381978178884,0.0,39891.381978178884,716.9972641916675,40608.37924237055,66790.24504506332,66790.24504506332,181.73230000000035,66971.97734506332,True,21551.727942386824,17456.89963333333,39008.62757572015
0.95,0.25,CVaR95-L25,2025-04-25,39790.66867995685,0.0,39790.66867995685,0.0,39790.66867995685,66656.02488948483,66656.02488948483,0.0,66656.02488948483,False,21542.88543209876,17449.737199999996,38992.622632098755
0.95,0.25,CVaR95-L25,2025-04-26,39471.968582540285,0.0,39471.968582540285,0.0,39471.968582540285,66402.07674630257,66402.07674630257,0.0,66402.07674630257,False,21518.085868648086,17429.649553604948,38947.735422253034
0.95,0.25,CVaR95-L25,2025-04-27,39428.780143104916,0.0,39428.780143104916,534.2169764416658,39962.997119546584,66341.19996644295,66341.19996644295,234.96429999999964,66576.16426644294,True,21518.26299898724,17429.793029179666,38948.0560281669
0.95,0.25,CVaR95-L25,2025-04-28,39266.04351929641,0.0,39266.04351929641,2226.122379216663,41492.16589851307,66133.3983534598,66133.3983534598,748.0161355864113,66881.4144890462,True,21585.572530864192,17484.313749999998,39069.886280864186
0.95,0.25,CVaR95-L25,2025-04-29,39321.53226138497,0.0,39321.53226138497,174.222449816666,39495.75471120164,66216.38935412513,66216.38935412513,53.00809999999973,66269.39745412514,True,21590.968206695263,17488.684247423163,39079.652454118426
0.95,0.25,CVaR95-L25,2025-04-30,39329.69046449686,0.0,39329.69046449686,1116.8102237999992,40446.50068829686,66227.84588352416,66227.84588352416,327.48075000000006,66555.32663352416,True,21590.968206695263,17488.684247423163,39079.652454118426
0.95,0.25,CVaR95-L25,2025-05-01,39297.434207058395,0.0,39297.434207058395,9619.672954191665,48917.10716125006,66180.1321408755,66180.1321408755,2106.2696499999997,68286.4017908755,True,21573.92014051909,17474.875313820463,39048.79545433955
0.95,0.25,CVaR95-L25,2025-05-02,38594.75776418054,0.0,38594.75776418054,0.0,38594.75776418054,65027.25876640144,65027.25876640144,0.0,65027.25876640144,False,21456.47802469135,17379.7472,38836.225224691356
0.95,0.25,CVaR95-L25,2025-05-03,38348.64808750032,0.0,38348.64808750032,48.51478333333345,38397.16287083365,64565.91060571832,64565.91060571832,22.69166666666672,64588.60227238499,True,21426.138333333332,17355.17205,38781.31038333333
0.95,0.25,CVaR95-L25,2025-05-04,37550.51005887318,0.0,37550.51005887318,7420.201311183334,44970.71137005652,63119.24380456109,63119.24380456109,1730.6862499999997,64849.93005456109,True,21322.43220164609,17271.17008333333,38593.602284979424
0.95,0.25,CVaR95-L25,2025-05-05,37662.141299882525,0.0,37662.141299882525,6785.856098524995,44447.99739840752,63259.12560018303,63259.12560018303,1563.2865840758575,64822.412184258894,True,21160.310617283947,17139.851599999998,38300.16221728394
0.95,0.25,CVaR95-L25,2025-05-06,37918.61815522109,0.0,37918.61815522109,5989.58504399999,43908.20319922108,63605.275148581335,63605.275148581335,1478.7111100771867,65083.98625865852,True,21303.101440329214,17255.512166666664,38558.613606995874
0.95,0.25,CVaR95-L25,2025-05-07,38229.79854358679,0.0,38229.79854358679,5784.9927949,44014.791338486786,64129.82209024568,64129.82209024568,1251.4510833333334,65381.273173579015,True,21383.033308244703,17320.25697967821,38703.290287922915
0.95,0.25,CVaR95-L25,2025-05-08,38332.83856684851,0.0,38332.83856684851,6489.412182975,44822.25074982351,64232.129101267674,64232.129101267674,1534.0385333333334,65766.167634601,True,21290.722887104836,17245.485538554916,38536.20842565975
0.95,0.25,CVaR95-L25,2025-05-09,38413.3923048262,0.0,38413.3923048262,0.0,38413.3923048262,64310.29296288373,64310.29296288373,0.0,64310.29296288373,False,21377.129137945485,17315.47460173584,38692.603739681326
0.95,0.25,CVaR95-L25,2025-05-10,38282.54280713256,0.0,38282.54280713256,10.565283333333204,38293.10809046589,64110.41021225176,64110.41021225176,4.941666666666606,64115.35187891842,True,21132.420642655707,17117.260720551123,38249.68136320683
0.95,0.25,CVaR95-L25,2025-05-11,37896.86296877901,0.0,37896.86296877901,5114.101032941663,43010.96400172067,63310.017959084435,63310.017959084435,1177.786197449344,64487.80415653378,True,20927.170386768892,16951.008013282808,37878.1784000517
0.95,0.25,CVaR95-L25,2025-05-12,37996.883271573584,0.0,37996.883271573584,4227.3039173416655,42224.18718891525,63444.167888102704,63444.167888102704,1295.5938371714508,64739.761725274155,True,20734.518224111016,16794.95976152992,37529.47798564094
0.95,0.25,CVaR95-L25,2025-05-13,38073.5115463066,0.0,38073.5115463066,1929.0422777750023,40002.5538240816,63549.83889499761,63549.83889499761,487.45173808847557,64037.290633086086,True,20757.011803261314,16813.179560641664,37570.19136390298
0.95,0.25,CVaR95-L25,2025-05-14,38185.734923112905,0.0,38185.734923112905,1769.7121097583333,39955.44703287124,63719.92487292884,63719.92487292884,511.39568808002167,64231.32056100886,True,20796.482868562583,16845.151123535692,37641.63399209827
0.95,0.25,CVaR95-L25,2025-05-15,38144.67702851375,0.0,38144.67702851375,2265.143431008336,40409.82045952209,63658.548443675274,63658.548443675274,591.8666666666674,64250.41511034194,True,20775.387181069957,16828.063616666666,37603.45079773662
0.95,0.25,CVaR95-L25,2025-05-16,38217.3928115219,0.0,38217.3928115219,0.0,38217.3928115219,63762.226752035625,63762.226752035625,0.0,63762.226752035625,False,20758.65749951274,16814.512574605324,37573.17007411807
0.95,0.25,CVaR95-L25,2025-05-17,38153.63937384696,0.0,38153.63937384696,21.66862999999998,38175.30800384696,63659.265217096494,63659.265217096494,10.134999999999991,63669.400217096496,True,20745.912186208807,16804.188870829134,37550.101057037944
0.95,0.25,CVaR95-L25,2025-05-18,38076.9199307637,0.0,38076.9199307637,3265.787227324998,41342.7071580887,63520.056429717035,63520.056429717035,1252.4892999999995,64772.545729717036,True,20698.21877663678,16765.557209075792,37463.77598571257
0.95,0.25,CVaR95-L25,2025-05-19,38099.79505658725,0.0,38099.79505658725,1663.3411837333317,39763.136240320586,63555.115137377565,63555.115137377565,312.4251833333327,63867.5403207109,True,20678.78662687688,16749.817167770278,37428.60379464716
0.95,0.25,CVaR95-L25,2025-05-20,38182.18854786025,0.0,38182.18854786025,5083.268151591665,43265.45669945191,63679.47307843287,63679.47307843287,1270.7798833457095,64950.252961778584,True,20723.560811890355,16786.08425763119,37509.645069521546
0.95,0.25,CVaR95-L25,2025-05-21,38123.447950179456,0.0,38123.447950179456,2977.3100561833307,41100.75800636278,63563.566159595015,63563.566159595015,826.51298216562,64390.07914176064,True,20556.192124068453,16650.515620495447,37206.7077445639
0.95,0.25,CVaR95-L25,2025-05-22,38181.26118318116,0.0,38181.26118318116,567.2674826583352,38748.52866583949,63591.5610306329,63591.5610306329,138.79612594405992,63730.35715657697,True,20501.394841619614,16606.129821711886,37107.5246633315
0.95,0.25,CVaR95-L25,2025-05-23,38182.84674565457,0.0,38182.84674565457,0.0,38182.84674565457,63587.40056155887,63587.40056155887,0.0,63587.40056155887,False,20503.2072087477,16607.597839085636,37110.80504783333
0.95,0.25,CVaR95-L25,2025-05-24,38155.887651314006,0.0,38155.887651314006,0.0,38155.887651314006,63526.70877566513,63526.70877566513,0.0,63526.70877566513,False,20478.312501028806,16587.433125833333,37065.74562686214
0.95,0.25,CVaR95-L25,2025-05-25,38143.619139154354,0.0,38143.619139154354,1308.7915883583348,39452.41072751269,63491.38079906914,63491.38079906914,296.4348333333335,63787.815632402475,True,20491.529156195596,16598.138616518438,37089.667772714034
0.95,0.25,CVaR95-L25,2025-05-26,38150.662633798645,0.0,38150.662633798645,4179.494232383332,42330.15686618198,63492.55113561251,63492.55113561251,1307.3179166666664,64799.86905227918,True,20481.299042303624,16589.85222426594,37071.15126656956
0.95,0.25,CVaR95-L25,2025-05-27,38261.00728970785,0.0,38261.00728970785,1283.542044291667,39544.549333999516,63674.76036348033,63674.76036348033,372.24622637017404,64047.006589850505,True,20430.00455230343,16548.303687365784,36978.30823966922
0.95,0.25,CVaR95-L25,2025-05-28,38269.11591338356,0.0,38269.11591338356,2832.6749186416655,41101.790832025225,63674.282685715516,63674.282685715516,886.7063802248481,64560.98906594036,True,20436.460722271495,16553.53318503991,36989.99390731141
0.95,0.25,CVaR95-L25,2025-05-29,38365.56083735966,0.0,38365.56083735966,2246.421069741658,40611.98190710132,63831.91044765589,63831.91044765589,585.7921468274501,64417.702594483344,True,20344.761476274994,16479.256795782745,36824.01827205774
0.95,0.25,CVaR95-L25,2025-05-30,37887.468339007064,0.0,37887.468339007064,0.0,37887.468339007064,62834.85573064865,62834.85573064865,0.0,62834.85573064865,False,19762.948168724273,16007.988016666666,35770.936185390936
0.95,0.25,CVaR95-L25,2025-05-31,37811.36187829562,0.0,37811.36187829562,193.83464333333325,38005.19652162895,62716.568374881615,62716.568374881615,90.66166666666663,62807.23004154828,True,19761.807222222218,16007.063849999999,35768.87107222222
0.95,0.25,CVaR95-L25,2025-06-01,37802.27492972788,0.0,37802.27492972788,51585.579032016656,89387.85396174453,62669.55885056626,62669.55885056626,13401.645617725262,76071.20446829151,True,19746.556034958187,15994.710388316133,35741.26642327432
0.95,0.25,CVaR95-L25,2025-06-02,43212.744600189064,0.0,43212.744600189064,23101.082514441667,66313.82711463072,71133.91125078188,71133.91125078188,5773.2445,76907.15575078188,True,21638.39667078189,17527.101303333333,39165.49797411522
0.95,0.25,CVaR95-L25,2025-06-03,44534.95651329222,0.0,44534.95651329222,10463.9297813,54998.88629459222,72719.72372222223,72719.72372222223,2373.7123666666666,75093.4360888889,True,21545.672222222223,17451.9945,38997.666722222224
0.95,0.25,CVaR95-L25,2025-06-04,45047.130027571424,0.0,45047.130027571424,11166.428910258328,56213.55893782975,73388.50923352175,73388.50923352175,3403.420249999999,76791.92948352174,True,21570.525658436214,17472.125783333333,39042.65144176954
0.95,0.25,CVaR95-L25,2025-06-05,45275.27577104027,0.0,45275.27577104027,14515.244937308325,59790.5207083486,73729.42541104645,73729.42541104645,3923.021016666665,77652.44642771312,True,21596.46798024691,17493.139063999995,39089.607044246906
0.95,0.25,CVaR95-L25,2025-06-06,46071.986601402976,0.0,46071.986601402976,0.0,46071.986601402976,75016.9239631031,75016.9239631031,0.0,75016.9239631031,False,21773.563494650203,17636.586430666666,39410.14992531687
0.95,0.25,CVaR95-L25,2025-06-07,45925.28283340805,0.0,45925.28283340805,35.847133333333296,45961.129966741384,74861.10981085931,74861.10981085931,16.76666666666665,74877.87647752598,True,21773.563494650203,17636.586430666666,39410.14992531687
0.95,0.25,CVaR95-L25,2025-06-08,45904.599277743604,0.0,45904.599277743604,5086.668848583331,50991.26812632693,74833.95422912051,74833.95422912051,1362.4331833333322,76196.38741245384,True,21773.563494650203,17636.586430666666,39410.14992531687
0.95,0.25,CVaR95-L25,2025-06-09,46080.919651188065,0.0,46080.919651188065,12983.864771266666,59064.78442245473,75039.8121993175,75039.8121993175,3260.359866228753,78300.17206554626,True,21848.348391769545,17697.16219733333,39545.51058910288
0.95,0.25,CVaR95-L25,2025-06-10,46664.03594933565,0.0,46664.03594933565,10307.174502907532,56971.210452243184,75795.21840852968,75795.21840852968,2839.6784630246743,78634.89687155435,True,22023.696107818923,17839.193847333332,39862.889955152255
0.95,0.25,CVaR95-L25,2025-06-11,46990.27649426108,0.0,46990.27649426108,23291.43266132501,70281.70915558608,76302.3493179153,76302.3493179153,5498.678353327555,81801.02767124286,True,22031.828269699214,17845.780898456367,39877.609168155584
0.95,0.25,CVaR95-L25,2025-06-12,49758.83271053828,0.0,49758.83271053828,6321.315879750001,56080.14859028828,79870.37714854121,79870.37714854121,1643.7637666666665,81514.14091520788,True,22698.841148541214,18386.061330318385,41084.9024788596
0.95,0.25,CVaR95-L25,2025-06-13,49915.68425325273,0.0,49915.68425325273,0.0,49915.68425325273,80062.2521547515,80062.2521547515,0.0,80062.2521547515,False,22773.788744855963,18446.76888333333,41220.55762818929
0.95,0.25,CVaR95-L25,2025-06-14,49914.474927832736,0.0,49914.474927832736,0.0,49914.474927832736,80060.13350475152,80060.13350475152,0.0,80060.13350475152,False,22773.788744855963,18446.76888333333,41220.55762818929
0.95,0.25,CVaR95-L25,2025-06-15,49909.37409402273,0.0,49909.37409402273,2990.7648750833346,52900.13896910606,80048.12437981513,80048.12437981513,885.3608833333333,80933.48526314845,True,22773.788744855963,18446.76888333333,41220.55762818929
0.95,0.25,CVaR95-L25,2025-06-16,49952.8411481087,0.0,49952.8411481087,4181.684438075003,54134.52558618371,80140.10513848136,80140.10513848136,1173.2177225599512,81313.3228610413,True,22834.87648148148,18496.249949999998,41331.126431481476
0.95,0.25,CVaR95-L25,2025-06-17,50094.1655838615,0.0,50094.1655838615,10920.196561050003,61014.3621449115,80336.80417111026,80336.80417111026,2878.4381732164184,83215.24234432667,True,22855.20942386831,18512.71963333333,41367.92905720164
0.95,0.25,CVaR95-L25,2025-06-18,50119.44221394134,0.0,50119.44221394134,2237.294045424998,52356.736259366335,80552.66893717082,80552.66893717082,728.5244666666661,81281.19340383749,True,22931.19827160494,18574.270599999996,41505.468871604935
0.95,0.25,CVaR95-L25,2025-06-19,50195.579441884016,0.0,50195.579441884016,3531.8478076333326,53727.42724951735,80648.70549168714,80648.70549168714,732.5541833333327,81381.25967502047,True,22931.19827160494,18574.270599999996,41505.468871604935
0.95,0.25,CVaR95-L25,2025-06-20,50283.925033368425,0.0,50283.925033368425,0.0,50283.925033368425,80758.91936158299,80758.91936158299,0.0,80758.91936158299,False,22931.19827160494,18574.2706,41505.46887160494
0.95,0.25,CVaR95-L25,2025-06-21,50283.69241391842,0.0,50283.69241391842,0.0,50283.69241391842,80758.292861583,80758.292861583,0.0,80758.292861583,False,22931.19827160494,18574.2706,41505.46887160494
0.95,0.25,CVaR95-L25,2025-06-22,50281.410573716756,0.0,50281.410573716756,1585.800260983336,51867.21083470009,80752.782011583,80752.782011583,490.90365000000077,81243.685661583,True,22931.19827160494,18574.2706,41505.46887160494
0.95,0.25,CVaR95-L25,2025-06-23,50353.97749670855,0.0,50353.97749670855,705.9980673249989,51059.97556403354,80857.37260055455,80857.37260055455,199.32705421748952,81056.69965477203,True,22998.626867221206,18628.887762449176,41627.51462967038
0.95,0.25,CVaR95-L25,2025-06-24,50369.32129145945,0.0,50369.32129145945,11629.169579491667,61998.490870951115,80878.78798950155,80878.78798950155,2978.4465899223187,83857.23457942386,True,23014.1233127572,18641.439883333333,41655.56319609053
0.95,0.25,CVaR95-L25,2025-06-25,50762.198905968486,0.0,50762.198905968486,3394.422688616666,54156.62159458515,81482.80195535292,81482.80195535292,1005.3266666666661,82488.12862201958,True,23404.245672019584,18957.438994335866,42361.684666355446
0.95,0.25,CVaR95-L25,2025-06-26,50791.642717347015,0.0,50791.642717347015,1621.0499788166653,52412.69269616368,81517.47006622728,81517.47006622728,352.81321666666634,81870.28328289394,True,23376.83146978741,18935.233490527804,42312.06496031521
0.95,0.25,CVaR95-L25,2025-06-27,50821.742866344684,0.0,50821.742866344684,0.0,50821.742866344684,81558.92461855596,81558.92461855596,0.0,81558.92461855596,False,23399.314985222627,18953.445138030325,42352.760123252956
0.95,0.25,CVaR95-L25,2025-06-28,50820.96711031272,0.0,50820.96711031272,0.0,50820.96711031272,81556.49261752726,81556.49261752726,0.0,81556.49261752726,False,23400.392234193918,18954.317709697072,42354.70994389099
0.95,0.25,CVaR95-L25,2025-06-29,50820.96711031272,0.0,50820.96711031272,1571.873702608328,52392.840812921044,81556.49261752726,81556.49261752726,540.1501833333318,82096.64280086059,True,23400.392234193918,18954.317709697072,42354.70994389099
0.95,0.25,CVaR95-L25,2025-06-30,50908.44048770939,0.0,50908.44048770939,2407.786061799996,53316.22654950939,81684.90148231556,81684.90148231556,695.9096666666655,82380.81114898222,True,23455.216648982227,18998.7254856756,42453.94213465783
0.95,0.25,CVaR95-L25,2025-07-01,50905.78486561234,0.0,50905.78486561234,22785.507731341662,73691.29259695401,81686.8986737091,81686.8986737091,6548.961983333332,88235.86065704243,True,23401.51070704242,18955.22367270436,42356.73437974678
0.95,0.25,CVaR95-L25,2025-07-02,51900.71739043403,0.0,51900.71739043403,13051.42384331666,64952.14123375069,83152.40338136454,83152.40338136454,3751.5778166666646,86903.98119803121,True,22564.95393004115,18277.612683333333,40842.56661337448
0.95,0.25,CVaR95-L25,2025-07-03,52428.90080269219,0.0,52428.90080269219,14900.866747866668,67329.76755055886,83467.78647295697,83467.78647295697,4353.679962343886,87821.46643530086,True,22573.726563786004,18284.718516666668,40858.44508045267
0.95,0.25,CVaR95-L25,2025-07-04,53541.23467872519,0.0,53541.23467872519,0.0,53541.23467872519,85437.20674214134,85437.20674214134,0.0,85437.20674214134,False,22689.930588850235,18378.843776968693,41068.77436581893
0.95,0.25,CVaR95-L25,2025-07-05,53437.09471028716,0.0,53437.09471028716,152.46790666666655,53589.56261695382,85309.57710015425,85309.57710015425,71.31333333333328,85380.89043348758,True,22620.60018348759,18322.686148624947,40943.28633211253
0.95,0.25,CVaR95-L25,2025-07-06,53420.34275335034,0.0,53420.34275335034,13765.017188216663,67185.359941567,85270.90256492051,85270.90256492051,3449.8451974502677,88720.74776237078,True,22624.15288380625,18325.563835883066,40949.71671968931
0.95,0.25,CVaR95-L25,2025-07-07,54351.366883569994,0.0,54351.366883569994,5453.887270291667,59805.254153861664,86422.57699895647,86422.57699895647,1851.5689166666666,88274.14591562314,True,22987.242527999217,18619.666447679367,41606.90897567858
0.95,0.25,CVaR95-L25,2025-07-08,54462.48242681185,0.0,54462.48242681185,8666.385836291665,63128.86826310351,86603.18325712415,86603.18325712415,2366.2135117545367,88969.3967688787,True,23023.075925925925,18648.6915,41671.76742592592
0.95,0.25,CVaR95-L25,2025-07-09,54556.20616851283,0.0,54556.20616851283,5285.441237283333,59841.64740579616,86686.0072776232,86686.0072776232,1450.0498562589169,88136.05713388212,True,22907.529827078608,18555.099159933674,41462.628987012286
0.95,0.25,CVaR95-L25,2025-07-10,54576.16853400672,0.0,54576.16853400672,5380.6339627666675,59956.80249677339,86750.54514496095,86750.54514496095,1528.9684568290472,88279.51360179001,True,22969.61682014362,18605.389624316333,41575.006444459956
0.95,0.25,CVaR95-L25,2025-07-11,54963.37153105467,0.0,54963.37153105467,0.0,54963.37153105467,87347.99528673168,87347.99528673168,0.0,87347.99528673168,False,23140.622210063506,18743.903990151437,41884.52620021494
0.95,0.25,CVaR95-L25,2025-07-12,54947.85526033213,0.0,54947.85526033213,0.0,54947.85526033213,87318.00901091186,87318.00901091186,0.0,87318.00901091186,False,23139.96851316605,18743.3744956645,41883.34300883055
0.95,0.25,CVaR95-L25,2025-07-13,54650.62724090743,0.0,54650.62724090743,4189.907836783335,58840.535077690765,86879.57735703838,86879.57735703838,1002.7483328793084,87882.32568991768,True,22853.727139917697,18511.518983333335,41365.24612325103
0.95,0.25,CVaR95-L25,2025-07-14,54712.39350834317,0.0,54712.39350834317,4725.023713550001,59437.41722189317,86995.3646606991,86995.3646606991,1209.17020851807,88204.53486921717,True,22827.573152550503,18490.33425356591,41317.907406116414
0.95,0.25,CVaR95-L25,2025-07-15,54764.61054692716,0.0,54764.61054692716,4386.445777708337,59151.056324635494,87080.00678747661,87080.00678747661,1170.9562496115827,88250.9630370882,True,22838.8694870882,18499.484284541446,41338.35377162964
0.95,0.25,CVaR95-L25,2025-07-16,54973.553628274974,0.0,54973.553628274974,4193.324932666666,59166.87856094164,87329.60513633072,87329.60513633072,1165.0792721324715,88494.68440846319,True,22860.29325445946,18516.837536112158,41377.13079057162
0.95,0.25,CVaR95-L25,2025-07-17,54976.48946702147,0.0,54976.48946702147,4593.078456741667,59569.56792376314,87319.65578884704,87319.65578884704,1237.702883333333,88557.35867218037,True,22936.199208978567,18578.32135927264,41514.5205682512
0.95,0.25,CVaR95-L25,2025-07-18,55012.25123653132,0.0,55012.25123653132,0.0,55012.25123653132,87385.8856213285,87385.8856213285,0.0,87385.8856213285,False,22967.43282440632,18603.620587769117,41571.05341217544
0.95,0.25,CVaR95-L25,2025-07-19,54872.15982419948,0.0,54872.15982419948,56.550100000000334,54928.70992419948,87214.4555532359,87214.4555532359,26.45000000000016,87240.90555323589,True,23078.6523532359,18693.708406121077,41772.360759356976
0.95,0.25,CVaR95-L25,2025-07-20,54835.30188415322,0.0,54835.30188415322,2074.043512408332,56909.34539656155,87117.17932712399,87117.17932712399,501.76373333333305,87618.94306045731,True,23137.51016045733,18741.383229970437,41878.893390427766
0.95,0.25,CVaR95-L25,2025-07-21,54928.23657176149,0.0,54928.23657176149,3478.6349925750023,58406.87156433649,87259.7183213477,87259.7183213477,830.4970000000003,88090.2153213477,True,23179.265304681037,18775.20489679164,41954.47020147268
0.95,0.25,CVaR95-L25,2025-07-22,55103.154365047245,0.0,55103.154365047245,2464.726048016666,57567.88041306391,87493.50862748497,87493.50862748497,718.5929666666668,88212.10159415164,True,23294.88919415164,18868.860247262826,42163.74944141447
0.95,0.25,CVaR95-L25,2025-07-23,55227.17698685261,0.0,55227.17698685261,2822.0409567416696,58049.21794359428,87689.193397184,87689.193397184,688.5348333333341,88377.72823051734,True,23345.278180517333,18909.67532621904,42254.953506736376
0.95,0.25,CVaR95-L25,2025-07-24,55256.40954189689,0.0,55256.40954189689,3094.358554983334,58350.76809688022,87691.94206752986,87691.94206752986,771.7887999999998,88463.73086752986,True,23261.208200863206,18841.578642699198,42102.786843562404
0.95,0.25,CVaR95-L25,2025-07-25,55392.945585003,0.0,55392.945585003,0.0,55392.945585003,87862.31579946523,87862.31579946523,0.0,87862.31579946523,False,23299.905164609052,18872.923183333332,42172.828347942384
0.95,0.25,CVaR95-L25,2025-07-26,54260.33598672597,0.0,54260.33598672597,0.0,54260.33598672597,86202.33590642767,86202.33590642767,0.0,86202.33590642767,False,22808.74823271605,18475.086068499997,41283.83430121605
0.95,0.25,CVaR95-L25,2025-07-27,54233.2593724779,0.0,54233.2593724779,2791.6718189083313,57024.93119138623,86138.2052038343,86138.2052038343,677.6895333333327,86815.89473716763,True,22541.547232390785,18258.653258236536,40800.20049062732
0.95,0.25,CVaR95-L25,2025-07-28,54234.14216093575,0.0,54234.14216093575,5545.377843991667,59779.52000492741,86158.96935240584,86158.96935240584,1492.0167879900162,87650.98614039585,True,22536.231319135804,18254.3473685,40790.5786876358
0.95,0.25,CVaR95-L25,2025-07-29,54306.22077898844,0.0,54306.22077898844,3165.0379554416622,57471.25873443011,86229.47428220599,86229.47428220599,944.7877960373213,87174.26207824331,True,22536.231319135804,18254.3473685,40790.5786876358
0.95,0.25,CVaR95-L25,2025-07-30,54373.60535785172,0.0,54373.60535785172,2351.6604053749993,56725.265763226715,86316.88697723745,86316.88697723745,564.9990999999995,86881.88607723745,True,22536.231319135804,18254.3473685,40790.5786876358
0.95,0.25,CVaR95-L25,2025-07-31,54364.983825546675,0.0,54364.983825546675,1246.4316372916674,55611.41546283834,86316.7983213063,86316.7983213063,293.55136666666675,86610.34968797296,True,22536.231319135804,18254.3473685,40790.5786876358
0.95,0.25,CVaR95-L25,2025-08-01,54255.488643533434,0.0,54255.488643533434,0.0,54255.488643533434,86107.70967284522,86107.70967284522,0.0,86107.70967284522,False,22531.946730658437,18250.87685183333,40782.823582491765
0.95,0.25,CVaR95-L25,2025-08-02,54131.939524306195,0.0,54131.939524306195,58.55982000000021,54190.4993443062,85922.99011877016,85922.99011877016,27.3900000000001,85950.38011877016,True,22531.946730658437,18250.87685183333,40782.823582491765
0.95,0.25,CVaR95-L25,2025-08-03,54105.40000137579,0.0,54105.40000137579,1011.3219888083347,55116.72199018412,85885.85146656583,85885.85146656583,235.19870000000014,86121.05016656582,True,22531.946730658437,18250.87685183333,40782.823582491765
0.95,0.25,CVaR95-L25,2025-08-04,53562.62603286882,0.0,53562.62603286882,571.032595758332,54133.658628627156,84949.31101901407,84949.31101901407,155.73868333333303,85105.0497023474,True,22596.479710288062,18303.148565333337,40899.6282756214
0.95,0.25,CVaR95-L25,2025-08-05,53567.53589340716,0.0,53567.53589340716,411.18923524999923,53978.72512865716,84958.55867526977,84958.55867526977,126.89271666666639,85085.45139193644,True,22596.479710288062,18303.148565333333,40899.62827562139
0.95,0.25,CVaR95-L25,2025-08-06,53600.740313985494,0.0,53600.740313985494,1283.7740445833351,54884.51435856883,85000.14453225683,85000.14453225683,335.58623333333367,85335.73076559017,True,22596.479710288062,18303.148565333337,40899.6282756214
0.95,0.25,CVaR95-L25,2025-08-07,52634.22497287907,0.0,52634.22497287907,903.5707447166682,53537.79571759574,83810.36354482744,83810.36354482744,298.57490000000007,84108.93844482745,True,21869.60991707819,17714.38403283333,39583.99394991152
0.95,0.25,CVaR95-L25,2025-08-08,52575.06046622138,0.0,52575.06046622138,0.0,52575.06046622138,83689.96326873163,83689.96326873163,0.0,83689.96326873163,False,21875.311814814813,17719.002569999997,39594.31438481481
0.95,0.25,CVaR95-L25,2025-08-09,52139.117920395,0.0,52139.117920395,0.0,52139.117920395,83139.19890050056,83139.19890050056,0.0,83139.19890050056,False,21831.0091191358,17683.117386500002,39514.1265056358
0.95,0.25,CVaR95-L25,2025-08-10,52006.72395073731,0.0,52006.72395073731,367.1442388583349,52373.86818959565,82943.19596886988,82943.19596886988,143.80921666666688,83087.00518553655,True,21820.190027508776,17674.353922282105,39494.54394979088
0.95,0.25,CVaR95-L25,2025-08-11,51908.507360821226,0.0,51908.507360821226,1103.14874925,53011.65611007123,82837.74772447564,82837.74772447564,304.68873333333346,83142.43645780897,True,21818.48595514403,17672.973623666665,39491.459578810696
0.95,0.25,CVaR95-L25,2025-08-12,51950.698090127655,0.0,51950.698090127655,1121.0207236583333,53071.718813785985,82890.25929672798,82890.25929672798,268.9037666666667,83159.16306339465,True,21819.596764069385,17673.873378896205,39493.47014296559
0.95,0.25,CVaR95-L25,2025-08-13,51970.579821326,0.0,51970.579821326,1491.3610847833345,53461.94090610933,82907.64352029134,82907.64352029134,375.87438333333364,83283.51790362467,True,21818.48595514403,17672.973623666665,39491.459578810696
0.95,0.25,CVaR95-L25,2025-08-14,51961.96903476291,0.0,51961.96903476291,1828.6663050583347,53790.635339821245,82893.16592868842,82893.16592868842,414.2886500000003,83307.45457868843,True,21818.48595514403,17672.973623666665,39491.459578810696
0.95,0.25,CVaR95-L25,2025-08-15,51936.92782430269,0.0,51936.92782430269,0.0,51936.92782430269,82870.00333637964,82870.00333637964,0.0,82870.00333637964,False,21818.48595514403,17672.973623666665,39491.459578810696
0.95,0.25,CVaR95-L25,2025-08-16,51813.09390641727,0.0,51813.09390641727,0.0,51813.09390641727,82710.75162543604,82710.75162543604,0.0,82710.75162543604,False,21820.010821810698,17674.208765666666,39494.21958747736
0.95,0.25,CVaR95-L25,2025-08-17,51752.45916065464,0.0,51752.45916065464,2002.3445200250026,53754.803680679644,82635.1462493231,82635.1462493231,400.7892000000003,83035.9354493231,True,21820.010821810698,17674.208765666663,39494.21958747736
0.95,0.25,CVaR95-L25,2025-08-18,51710.23303105023,0.0,51710.23303105023,1876.302667433331,53586.53569848356,82573.37165282358,82573.37165282358,426.0740999999995,82999.44575282358,True,21839.799105144033,17690.237275166666,39530.0363803107
0.95,0.25,CVaR95-L25,2025-08-19,51769.32344209941,0.0,51769.32344209941,1971.191646858336,53740.51508895775,82650.59803046723,82650.59803046723,388.39198333333366,83038.99001380056,True,21826.109649447328,17679.148816052337,39505.25846549966
0.95,0.25,CVaR95-L25,2025-08-20,51799.35930955178,0.0,51799.35930955178,4063.7456916833344,55863.10500123511,82679.16136701687,82679.16136701687,915.4027000000002,83594.56406701688,True,21838.292859641322,17689.017216309472,39527.310075950794
0.95,0.25,CVaR95-L25,2025-08-21,51872.37706004234,0.0,51872.37706004234,1296.549068283331,53168.92612832567,82763.3939797246,82763.3939797246,248.1278333333329,83011.52181305793,True,21825.847264966727,17678.93628462305,39504.783549589774
0.95,0.25,CVaR95-L25,2025-08-22,51817.37905107734,0.0,51817.37905107734,0.0,51817.37905107734,82692.95553853938,82692.95553853938,0.0,82692.95553853938,False,21820.010821810698,17674.208765666666,39494.21958747736
0.95,0.25,CVaR95-L25,2025-08-23,51762.09145276398,0.0,51762.09145276398,0.0,51762.09145276398,82615.24743621501,82615.24743621501,0.0,82615.24743621501,False,21839.799105144033,17690.237275166666,39530.0363803107
0.95,0.25,CVaR95-L25,2025-08-24,51617.98421949869,0.0,51617.98421949869,2222.721597933334,53840.70581743203,82405.88208440565,82405.88208440565,432.37801549852475,82838.26009990418,True,21826.266697736624,17679.276025166666,39505.542722903294
0.95,0.25,CVaR95-L25,2025-08-25,51659.27031837393,0.0,51659.27031837393,2929.1173284916667,54588.387646865594,82335.10957706267,82335.10957706267,762.7059999999998,83097.81557706268,True,21760.319112298785,17625.858480962015,39386.1775932608
0.95,0.25,CVaR95-L25,2025-08-26,51698.850893580646,0.0,51698.850893580646,1197.6296131833342,52896.48050676398,82378.5607262945,82378.5607262945,255.46126666666677,82634.02199296116,True,21796.98759061341,17655.55994839686,39452.54753901027
0.95,0.25,CVaR95-L25,2025-08-27,51751.23145469386,0.0,51751.23145469386,1839.0579074083344,53590.289362102194,82431.71695969974,82431.71695969974,429.63486666666694,82861.3518263664,True,21808.530558024693,17664.909752,39473.44031002469
0.95,0.25,CVaR95-L25,2025-08-28,51745.246712747,0.0,51745.246712747,4454.932226283332,56200.17893903033,82416.00958251781,82416.00958251781,1118.8161666666665,83534.82574918449,True,21799.46208884911,17657.564291967778,39457.02638081689
0.95,0.25,CVaR95-L25,2025-08-29,51147.697841390385,0.0,51147.697841390385,0.0,51147.697841390385,81516.16194372924,81516.16194372924,0.0,81516.16194372924,False,21778.617065432096,17640.679823,39419.296888432094
0.95,0.25,CVaR95-L25,2025-08-30,50377.10131585944,0.0,50377.10131585944,0.0,50377.10131585944,80206.93110186904,80206.93110186904,0.0,80206.93110186904,False,22011.396271193415,17829.230979666667,39840.62725086008
0.95,0.25,CVaR95-L25,2025-08-31,50037.582085878545,0.0,50037.582085878545,2555.5321241750025,52593.11421005355,79586.09605563863,79586.09605563863,621.7261333333339,80207.82218897196,True,21968.04534573466,17794.116730045076,39762.162075779735
0.95,0.25,CVaR95-L25,2025-09-01,48801.72581773889,0.0,48801.72581773889,90.52283100000017,48892.24864873889,77756.67535712695,77756.67535712695,38.834333333333404,77795.50969046028,True,21579.0951395847,17479.06706306361,39058.16220264831
0.95,0.25,CVaR95-L25,2025-09-02,48822.566861221,0.0,48822.566861221,58.65303238333474,48881.219893604335,77799.36127460824,77799.36127460824,19.5088833333337,77818.87015794156,True,21610.907497519707,17504.835072990965,39115.74257051067
0.95,0.25,CVaR95-L25,2025-09-03,48826.06244041449,0.0,48826.06244041449,108.5987801916666,48934.661220606155,77803.38237217312,77803.38237217312,29.762016666666682,77833.14438883978,True,21611.34569344375,17505.190011689436,39116.53570513318
0.95,0.25,CVaR95-L25,2025-09-04,48726.90698753118,0.0,48726.90698753118,230.89947095000065,48957.80645848119,77652.16449060375,77652.16449060375,55.068383333333486,77707.23287393709,True,21614.461788271605,17507.7140485,39122.17583677161
0.95,0.25,CVaR95-L25,2025-09-05,48654.33153977445,0.0,48654.33153977445,0.0,48654.33153977445,77530.15207136178,77530.15207136178,0.0,77530.15207136178,False,21620.03255493827,17512.2263695,39132.25892443827
0.95,0.25,CVaR95-L25,2025-09-06,48587.0531414224,0.0,48587.0531414224,0.0,48587.0531414224,77405.73119844636,77405.73119844636,0.0,77405.73119844636,False,21626.36842786039,17517.35842656692,39143.72685442731
0.95,0.25,CVaR95-L25,2025-09-07,48476.11134763708,0.0,48476.11134763708,117.24528028333381,48593.35662792042,77237.45114949704,77237.45114949704,28.22148333333348,77265.67263283036,True,21540.631445873907,17447.911471157866,38988.54291703177
0.95,0.25,CVaR95-L25,2025-09-08,48460.411738004885,0.0,48460.411738004885,916.4749443166667,49376.88668232155,77194.62122972362,77194.62122972362,246.9912666666667,77441.61249639028,True,21525.484601043732,17435.642526845426,38961.12712788916
0.95,0.25,CVaR95-L25,2025-09-09,48497.580998650476,0.0,48497.580998650476,47.30829532500027,48544.88929397547,77240.66201630057,77240.66201630057,11.000650000000064,77251.66266630057,True,21520.67608403785,17431.747628070658,38952.4237121085
0.95,0.25,CVaR95-L25,2025-09-10,48507.21828667357,0.0,48507.21828667357,4372.634108299998,52879.85239497357,77256.77887965213,77256.77887965213,1021.8403666666661,78278.6192463188,True,21523.207907201642,17433.79840483333,38957.00631203497
0.95,0.25,CVaR95-L25,2025-09-11,48571.96940032413,0.0,48571.96940032413,548.8675466666665,49120.8369469908,77353.53862180113,77353.53862180113,106.23624999999993,77459.77487180113,True,21546.450205761314,17452.624666666667,38999.074872427984
0.95,0.25,CVaR95-L25,2025-09-12,48513.16859159059,0.0,48513.16859159059,0.0,48513.16859159059,77249.05230486055,77249.05230486055,0.0,77249.05230486055,False,21584.345800460578,17483.32009837307,39067.66589883365
0.95,0.25,CVaR95-L25,2025-09-13,48430.374749989554,0.0,48430.374749989554,0.0,48430.374749989554,77078.25703821302,77078.25703821302,0.0,77078.25703821302,False,21521.75130462982,17432.61855675016,38954.36986137998
0.95,0.25,CVaR95-L25,2025-09-14,48299.66629479183,0.0,48299.66629479183,1134.5278211416664,49434.1941159335,76796.18490108979,76796.18490108979,275.80998333333343,77071.99488442313,True,21523.680951646085,17434.181570833334,38957.86252247942
0.95,0.25,CVaR95-L25,2025-09-15,48259.865181792535,0.0,48259.865181792535,2887.8944543416683,51147.7596361342,76732.40606164926,76732.40606164926,699.203066666667,77431.60912831593,True,21594.321460905347,17491.400383333334,39085.72184423868
0.95,0.25,CVaR95-L25,2025-09-16,48305.94826949327,0.0,48305.94826949327,1150.8803759916655,49456.82864548493,76817.16088972379,76817.16088972379,302.2747999999996,77119.43568972379,True,21631.082078189298,17521.176483333333,39152.25856152263
0.95,0.25,CVaR95-L25,2025-09-17,48384.34552970487,0.0,48384.34552970487,2506.8312973083407,50891.17682701321,76951.01472848983,76951.01472848983,541.6084121685988,77492.62314065843,True,21658.27399732271,17543.2019378314,39201.475935154114
0.95,0.25,CVaR95-L25,2025-09-18,48390.79495286134,0.0,48390.79495286134,1431.7118408500005,49822.50679371134,76961.57350667426,76961.57350667426,317.46796666666677,77279.04147334093,True,21771.284900188126,17634.740769152384,39406.02566934051
0.95,0.25,CVaR95-L25,2025-09-19,48490.668355340196,0.0,48490.668355340196,0.0,48490.668355340196,77152.5045964169,77152.5045964169,0.0,77152.5045964169,False,21853.66220164609,17701.466383333332,39555.12858497942
0.95,0.25,CVaR95-L25,2025-09-20,48431.27958972455,0.0,48431.27958972455,0.0,48431.27958972455,77100.8959635107,77100.8959635107,0.0,77100.8959635107,False,21853.662201646086,17701.466383333332,39555.12858497942
0.95,0.25,CVaR95-L25,2025-09-21,48256.48379285222,0.0,48256.48379285222,2080.1978024666673,50336.681595318885,76791.42097157051,76791.42097157051,571.9083666666668,77363.32933823718,True,21776.458930041146,17638.93173333333,39415.39066337448
0.95,0.25,CVaR95-L25,2025-09-22,48052.24614041345,0.0,48052.24614041345,3223.9240445583314,51276.17018497179,76546.76098605047,76546.76098605047,733.4262166666663,77280.18720271713,True,21782.694423868306,17643.982483333333,39426.67690720164
0.95,0.25,CVaR95-L25,2025-09-23,48146.432407943204,0.0,48146.432407943204,4456.615289858335,52603.047697801536,76640.56877594675,76640.56877594675,1088.6276333333337,77729.19640928009,True,21862.723991769544,17708.80643333333,39571.53042510287
0.95,0.25,CVaR95-L25,2025-09-24,48353.24531863796,0.0,48353.24531863796,5896.067165458327,54249.312484096285,76969.19307272686,76969.19307272686,1332.9098833333323,78302.10295606019,True,21996.765246913576,17817.379849999998,39814.14509691358
0.95,0.25,CVaR95-L25,2025-09-25,48028.370919304725,0.0,48028.370919304725,3717.543448041669,51745.91436734639,76590.73424671311,76590.73424671311,848.7719000000006,77439.50614671312,True,21996.765246913576,17817.379849999998,39814.14509691358
0.95,0.25,CVaR95-L25,2025-09-26,47455.36254470747,0.0,47455.36254470747,0.0,47455.36254470747,75333.17484297173,75333.17484297173,0.0,75333.17484297173,False,21774.476872427986,17637.326266666663,39411.80313909465
0.95,0.25,CVaR95-L25,2025-09-27,47253.23384646401,0.0,47253.23384646401,0.0,47253.23384646401,75020.90936600635,75020.90936600635,0.0,75020.90936600635,False,21771.708251028806,17635.08368333333,39406.79193436213
0.95,0.25,CVaR95-L25,2025-09-28,46817.47787613464,0.0,46817.47787613464,7677.765189783334,54495.24306591797,74461.00102355756,74461.00102355756,1762.9809988704203,76223.98202242798,True,21588.753539094647,17486.890366666667,39075.64390576132
0.95,0.25,CVaR95-L25,2025-09-29,44070.85742255512,0.0,44070.85742255512,3829.1027657249983,47899.96018828012,70869.2090825103,70869.2090825103,950.5823999999996,71819.79148251029,True,21676.213065843614,17557.73258333333,39233.945649176945
0.95,0.25,CVaR95-L25,2025-09-30,44206.01807266512,0.0,44206.01807266512,11403.26770816667,55609.28578083179,71059.17008251029,71059.17008251029,2622.798666666667,73681.96874917696,True,21676.213065843614,17557.73258333333,39233.945649176945
0.95,0.25,CVaR95-L25,2025-10-01,44650.74622866352,0.0,44650.74622866352,333.62216913333384,44984.368397796854,71720.52434382716,71720.52434382716,84.60810000000015,71805.13244382715,True,21795.420493827158,17654.2906,39449.71109382716
0.95,0.25,CVaR95-L25,2025-10-02,44071.79505700091,0.0,44071.79505700091,453.1200454000001,44524.91510240091,70864.55923146555,70864.55923146555,147.15550000000007,71011.71473146554,True,22101.78953395062,17902.4495225,40004.23905645062
0.95,0.25,CVaR95-L25,2025-10-03,44066.399482354245,0.0,44066.399482354245,0.0,44066.399482354245,70849.7248741395,70849.7248741395,0.0,70849.7248741395,False,22101.78953395062,17902.4495225,40004.23905645062
0.95,0.25,CVaR95-L25,2025-10-04,44034.04088038852,0.0,44034.04088038852,0.0,44034.04088038852,70807.81143728405,70807.81143728405,0.0,70807.81143728405,False,22101.78953395062,17902.449522499996,40004.23905645062
0.95,0.25,CVaR95-L25,2025-10-05,43944.77607966997,0.0,43944.77607966997,683.3885589083343,44628.16463857831,70678.3647796207,70678.3647796207,197.27753333333362,70875.64231295402,True,22103.557267283955,17903.8813865,40007.43865378396
0.95,0.25,CVaR95-L25,2025-10-06,43970.64723503831,0.0,43970.64723503831,821.7256440916682,44792.37287912998,70708.37498235126,70708.37498235126,234.29395000000022,70942.66893235127,True,22103.557267283955,17903.8813865,40007.43865378396
0.95,0.25,CVaR95-L25,2025-10-07,43994.153118571405,0.0,43994.153118571405,542.7619859333308,44536.91510450473,70750.77160927959,70750.77160927959,168.5757333333326,70919.34734261292,True,22106.589626804183,17906.33759771139,40012.92722451557
0.95,0.25,CVaR95-L25,2025-10-08,44003.69327969331,0.0,44003.69327969331,2189.848133624999,46193.54141331831,70766.49584732542,70766.49584732542,631.2917666666663,71397.78761399208,True,22107.963100617286,17907.4501115,40015.41321211729
0.95,0.25,CVaR95-L25,2025-10-09,43935.694101669564,0.0,43935.694101669564,1657.5368920499996,45593.23099371956,70664.78460138902,70664.78460138902,425.3521833333333,71090.13678472236,True,22107.963100617286,17907.4501115,40015.41321211729
0.95,0.25,CVaR95-L25,2025-10-10,43959.76172192662,0.0,43959.76172192662,0.0,43959.76172192662,70696.90263247704,70696.90263247704,0.0,70696.90263247704,False,22107.963100617286,17907.450111500002,40015.41321211729
0.95,0.25,CVaR95-L25,2025-10-11,43920.824062991494,0.0,43920.824062991494,0.0,43920.824062991494,70630.67749844326,70630.67749844326,0.0,70630.67749844326,False,22107.963100617286,17907.450111500002,40015.41321211729
0.95,0.25,CVaR95-L25,2025-10-12,43841.12098320468,0.0,43841.12098320468,1554.9557644833303,45396.076747688014,70579.7838786974,70579.7838786974,412.1092759323324,70991.89315462974,True,22099.398117283952,17900.512475,39999.91059228395
0.95,0.25,CVaR95-L25,2025-10-13,43811.9732019663,0.0,43811.9732019663,1002.2853790666665,44814.25858103296,70532.88214579006,70532.88214579006,260.3223499999999,70793.20449579007,True,22082.18057081257,17886.566262358174,39968.74683317074
0.95,0.25,CVaR95-L25,2025-10-14,43850.44260572837,0.0,43850.44260572837,4010.049468483334,47860.4920742117,70596.33416753593,70596.33416753593,933.5110741913684,71529.8452417273,True,22083.662645485318,17887.76674284311,39971.429388328426
0.95,0.25,CVaR95-L25,2025-10-15,43699.883060036984,0.0,43699.883060036984,3595.476128533331,47295.35918857031,70330.17636839677,70330.17636839677,935.2806757278267,71265.4570441246,True,21918.972887288903,17754.368038704008,39673.34092599291
0.95,0.25,CVaR95-L25,2025-10-16,43778.92480510492,0.0,43778.92480510492,8292.839259021766,52071.76406412669,70462.52534300131,70462.52534300131,1994.132742791861,72456.65808579317,True,21927.76228786008,17761.487453166665,39689.249741026746
0.95,0.25,CVaR95-L25,2025-10-17,44029.68739218496,0.0,44029.68739218496,0.0,44029.68739218496,70846.38138821092,70846.38138821092,0.0,70846.38138821092,False,22093.519300411517,17895.750633333333,39989.26993374485
0.95,0.25,CVaR95-L25,2025-10-18,43855.74574060639,0.0,43855.74574060639,0.0,43855.74574060639,70617.6175989896,70617.6175989896,0.0,70617.6175989896,False,22093.51930041152,17895.75063333333,39989.26993374485
0.95,0.25,CVaR95-L25,2025-10-19,43695.04866114252,0.0,43695.04866114252,7176.440489374997,50871.48915051752,70378.37828895818,70378.37828895818,1752.473711183712,72130.8520001419,True,22093.51930041152,17895.750633333333,39989.26993374486
0.95,0.25,CVaR95-L25,2025-10-20,43920.68350658245,0.0,43920.68350658245,7977.676793086823,51898.36029966927,70718.48155074754,70718.48155074754,1760.4659918450482,72478.94754259259,True,22208.943168724276,17989.24396666667,40198.187135390945
0.95,0.25,CVaR95-L25,2025-10-21,43903.55703683094,0.0,43903.55703683094,9311.890815825001,53215.44785265594,70680.7049611671,70680.7049611671,2691.8436978112613,73372.54865897835,True,22092.74387860082,17895.122541666668,39987.866420267485
0.95,0.25,CVaR95-L25,2025-10-22,44466.65732932046,0.0,44466.65732932046,9348.917582474995,53815.574911795455,71599.0254187269,71599.0254187269,2236.8879807759968,73835.9133995029,True,22173.830514403286,17960.802716666672,40134.63323106996
0.95,0.25,CVaR95-L25,2025-10-23,44731.82087807024,0.0,44731.82087807024,2535.799240000001,47267.62011807024,71840.72594539181,71840.72594539181,660.1291913199108,72500.85513671172,True,22038.630154085065,17851.290424808903,39889.92057889397
0.95,0.25,CVaR95-L25,2025-10-24,44700.78903074971,0.0,44700.78903074971,0.0,44700.78903074971,71819.76897997862,71819.76897997862,0.0,71819.76897997862,False,22100.464300406944,17901.376083329626,40001.84038373657
0.95,0.25,CVaR95-L25,2025-10-25,44816.99951528321,0.0,44816.99951528321,0.0,44816.99951528321,72087.67429989632,72087.67429989632,0.0,72087.67429989632,False,22236.227736625515,18011.34446666667,40247.572203292184
0.95,0.25,CVaR95-L25,2025-10-26,44489.524655813046,0.0,44489.524655813046,3097.8323881916676,47587.35704400471,71639.26178223328,71639.26178223328,871.909966666667,72511.17174889996,True,22241.02340776292,18015.22896028797,40256.25236805089
0.95,0.25,CVaR95-L25,2025-10-27,44605.77228085046,0.0,44605.77228085046,6310.479170974998,50916.25145182546,71827.30961490347,71827.30961490347,1573.0507166666662,73400.36033157013,True,22260.70514424215,18031.171166836142,40291.87631107829
0.95,0.25,CVaR95-L25,2025-10-28,44420.564130688435,0.0,44420.564130688435,7917.486187191668,52338.0503178801,71535.9035877629,71535.9035877629,1924.7203833333338,73460.62397109624,True,22064.43825439347,17872.194986058712,39936.63324045218
0.95,0.25,CVaR95-L25,2025-10-29,44478.67567199545,0.0,44478.67567199545,14710.570626549994,59189.24629854545,71633.56377322417,71633.56377322417,3890.8458161593753,75524.40958938355,True,22114.597119341564,17912.823666666663,40027.420786008224
0.95,0.25,CVaR95-L25,2025-10-30,45405.758744833365,0.0,45405.758744833365,3479.5951371916617,48885.353882025025,73307.3724230229,73307.3724230229,847.1958553852185,74154.56827840811,True,22941.202745074785,18582.374223510575,41523.57696858536
0.95,0.25,CVaR95-L25,2025-10-31,45085.40790170045,0.0,45085.40790170045,0.0,45085.40790170045,72894.77669089015,72894.77669089015,0.0,72894.77669089015,False,22867.402654320984,18522.596149999998,41389.99880432098
0.95,0.25,CVaR95-L25,2025-11-01,45568.272969430946,0.0,45568.272969430946,0.0,45568.272969430946,73775.99655836701,73775.99655836701,0.0,73775.99655836701,False,23219.665041152264,18807.92868333333,42027.593724485596
0.95,0.25,CVaR95-L25,2025-11-02,45560.82873526016,0.0,45560.82873526016,5277.447074833331,50838.275810093495,73760.83130944095,73760.83130944095,1381.007431713515,75141.83874115447,True,23219.665041152264,18807.92868333333,42027.593724485596
0.95,0.25,CVaR95-L25,2025-11-03,45805.54984840192,0.0,45805.54984840192,6497.379435083332,52302.92928348525,74094.62472441682,74094.62472441682,2161.2615499999993,76255.88627441681,True,23265.06117283951,18844.699549999998,42109.760722839506
0.95,0.25,CVaR95-L25,2025-11-04,46101.45295018454,0.0,46101.45295018454,2779.8087820249984,48881.26173220954,74810.43981028952,74810.43981028952,704.327183333333,75514.76699362285,True,23148.367263374486,18750.177483333333,41898.54474670782
0.95,0.25,CVaR95-L25,2025-11-05,46165.96853557156,0.0,46165.96853557156,5625.446046516667,51791.414582088226,74898.22992287367,74898.22992287367,1377.885749274767,76276.11567214843,True,23162.455514403293,18761.588966666666,41924.044481069956
0.95,0.25,CVaR95-L25,2025-11-06,46306.72033022878,0.0,46306.72033022878,11582.00222477501,57888.72255500379,74961.50108450209,74961.50108450209,2780.945249036993,77742.44633353908,True,23164.682983539096,18763.393216666664,41928.07620020576
0.95,0.25,CVaR95-L25,2025-11-07,47548.34618209551,0.0,47548.34618209551,0.0,47548.34618209551,76576.4978127105,76576.4978127105,0.0,76576.4978127105,False,23065.09987654321,18682.730899999995,41747.830776543204
0.95,0.25,CVaR95-L25,2025-11-08,47540.49401289469,0.0,47540.49401289469,0.0,47540.49401289469,76554.32170656447,76554.32170656447,0.0,76554.32170656447,False,23065.09987654321,18682.7309,41747.83077654321
0.95,0.25,CVaR95-L25,2025-11-09,47530.829492743025,0.0,47530.829492743025,7198.52292116667,54729.3524139097,76544.4953898978,76544.4953898978,1846.8631500000006,78391.3585398978,True,23065.09987654321,18682.7309,41747.83077654321
0.95,0.25,CVaR95-L25,2025-11-10,47615.27009483404,0.0,47615.27009483404,10867.382850416674,58482.65294525072,76795.77929746352,76795.77929746352,2959.626372083791,79755.40566954731,True,23359.441769547324,18921.147833333333,42280.58960288066
0.95,0.25,CVaR95-L25,2025-11-11,48781.8518298026,0.0,48781.8518298026,2587.803637600001,51369.655467402605,78362.38132334634,78362.38132334634,657.6606500000001,79020.04197334635,True,23391.015466666668,18946.722528,42337.73799466666
0.95,0.25,CVaR95-L25,2025-11-12,48886.482222263825,0.0,48886.482222263825,2644.4807817750016,51530.96300403883,78479.06239968704,78479.06239968704,582.5932166666669,79061.6556163537,True,23382.751916666668,18940.029052500002,42322.78096916667
0.95,0.25,CVaR95-L25,2025-11-13,48964.94483737429,0.0,48964.94483737429,5042.411120108328,54007.35595748262,78560.87978250452,78560.87978250452,1388.1019676621522,79948.98175016667,True,23368.402983333333,18928.4064165,42296.809399833335
0.95,0.25,CVaR95-L25,2025-11-14,48761.5760996039,0.0,48761.5760996039,0.0,48761.5760996039,78384.35465410819,78384.35465410819,0.0,78384.35465410819,False,23373.266900000002,18932.346188999996,42305.613089
0.95,0.25,CVaR95-L25,2025-11-15,48749.45295684163,0.0,48749.45295684163,0.0,48749.45295684163,78363.35323493951,78363.35323493951,0.0,78363.35323493951,False,23373.266900000002,18932.346189,42305.613089000006
0.95,0.25,CVaR95-L25,2025-11-16,48738.12687748198,0.0,48738.12687748198,10407.541688116666,59145.668565598644,78343.41013985229,78343.41013985229,2636.1334166666666,80979.54355651895,True,23373.266900000002,18932.346188999996,42305.613089
0.95,0.25,CVaR95-L25,2025-11-17,49491.11779526544,0.0,49491.11779526544,3616.000016024991,53107.11781129043,79134.42968597282,79134.42968597282,881.6349398641881,80016.06462583701,True,23362.545916666666,18923.6621925,42286.20810916666
0.95,0.25,CVaR95-L25,2025-11-18,49579.464025554335,0.0,49579.464025554335,7760.035726225002,57339.49975177934,79255.13194137892,79255.13194137892,2273.110857210238,81528.24279858916,True,23353.99883333333,18916.739055,42270.73788833333
0.95,0.25,CVaR95-L25,2025-11-19,49914.3240153328,0.0,49914.3240153328,6416.5617420166645,56330.88575734947,79857.60102672846,79857.60102672846,1549.1325333333327,81406.7335600618,True,23320.600166460907,18889.686134833333,42210.28630129424
0.95,0.25,CVaR95-L25,2025-11-20,50097.377380448364,0.0,50097.377380448364,5950.196289441672,56047.57366989004,80091.07566669714,80091.07566669714,1581.200183333334,81672.27585003048,True,23358.87714794239,18920.69048983333,42279.56763777572
0.95,0.25,CVaR95-L25,2025-11-21,50439.474929220276,0.0,50439.474929220276,0.0,50439.474929220276,80557.07106828014,80557.07106828014,0.0,80557.07106828014,False,23406.102613168725,18958.94311666667,42365.045729835394
0.95,0.25,CVaR95-L25,2025-11-22,50431.12530580903,0.0,50431.12530580903,0.0,50431.12530580903,80540.42854442078,80540.42854442078,0.0,80540.42854442078,False,23406.102613168725,18958.943116666665,42365.04572983539
0.95,0.25,CVaR95-L25,2025-11-23,50413.84344416169,0.0,50413.84344416169,8408.812809516668,58822.65625367836,80516.40912420762,80516.40912420762,2062.5977222944225,82579.00684650204,True,23406.102613168725,18958.943116666665,42365.04572983539
0.95,0.25,CVaR95-L25,2025-11-24,50970.674784383635,0.0,50970.674784383635,3646.7933629166646,54617.4681473003,81206.23642979277,81206.23642979277,947.2565575778578,82153.49298737063,True,23375.255372126103,18933.956851422143,42309.212223548246
0.95,0.25,CVaR95-L25,2025-11-25,51145.81701942388,0.0,51145.81701942388,4579.8775201749995,55725.69453959887,81426.04793434539,81426.04793434539,1243.6539666666663,82669.70190101206,True,23458.62061419753,19001.4826975,42460.10331169753
0.95,0.25,CVaR95-L25,2025-11-26,51345.43355562737,0.0,51345.43355562737,6054.398533866665,57399.83208949404,81752.1195819892,81752.1195819892,1641.3331482361193,83393.45273022533,True,23448.049772753762,18992.920315930547,42440.970088684306
0.95,0.25,CVaR95-L25,2025-11-27,51618.745106079194,0.0,51618.745106079194,4845.575235058338,56464.32034113753,82125.21910707862,82125.21910707862,1188.9884666666676,83314.20757374528,True,23469.598580246908,19010.37485,42479.97343024691
0.95,0.25,CVaR95-L25,2025-11-28,51674.76415457192,0.0,51674.76415457192,0.0,51674.76415457192,82130.81413443158,82130.81413443158,0.0,82130.81413443158,False,23531.111224279834,19060.200091666666,42591.3113159465
0.95,0.25,CVaR95-L25,2025-11-29,51668.77611774692,0.0,51668.77611774692,0.0,51668.77611774692,82118.67827780911,82118.67827780911,0.0,82118.67827780911,False,23531.111224279834,19060.200091666666,42591.3113159465
0.95,0.25,CVaR95-L25,2025-11-30,51644.746822700254,0.0,51644.746822700254,13826.502934674996,65471.24975737525,82087.25775277523,82087.25775277523,3823.7017798379293,85910.95953261315,True,23531.111224279834,19060.200091666666,42591.3113159465
0.95,0.25,CVaR95-L25,2025-12-01,53408.708252708515,0.0,53408.708252708515,25666.31339453333,79075.02164724184,84718.25557880658,84718.25557880658,6899.319833333333,91617.57541213991,True,24670.636028806577,19983.215183333334,44653.85121213991
0.95,0.25,CVaR95-L25,2025-12-02,55297.362349489995,0.0,55297.362349489995,24054.229176108325,79351.59152559831,87422.56376666666,87422.56376666666,6453.860916666665,93876.42468333332,True,24833.333333333332,20114.999999999996,44948.33333333333
0.95,0.25,CVaR95-L25,2025-12-03,58323.22506716666,0.0,58323.22506716666,7312.66354948334,65635.88861665,91485.12631666666,91485.12631666666,2364.1370000000015,93849.26331666666,True,24833.333333333332,20115.0,44948.33333333333
0.95,0.25,CVaR95-L25,2025-12-04,58681.16180338918,0.0,58681.16180338918,7224.168429050002,65905.33023243918,92106.29260843621,92106.29260843621,1874.4550833333333,93980.74769176955,True,24869.925658436212,20144.639783333332,45014.56544176955
0.95,0.25,CVaR95-L25,2025-12-05,58897.404586010845,0.0,58897.404586010845,0.0,58897.404586010845,92374.2324611026,92374.2324611026,0.0,92374.2324611026,False,24869.925658436212,20144.639783333332,45014.56544176955
0.95,0.25,CVaR95-L25,2025-12-06,58892.173225790844,0.0,58892.173225790844,0.0,58892.173225790844,92370.18782696962,92370.18782696962,0.0,92370.18782696962,False,24869.925658436212,20144.639783333332,45014.56544176955
0.95,0.25,CVaR95-L25,2025-12-07,58892.078562529176,0.0,58892.078562529176,6667.988791641669,65560.06735417084,92368.42185315833,92368.42185315833,1788.3256107872276,94156.74746394556,True,24869.925658436212,20144.639783333332,45014.56544176955
0.95,0.25,CVaR95-L25,2025-12-08,59143.53875365066,0.0,59143.53875365066,6447.0295249499995,65590.56827860067,92702.3868321515,92702.3868321515,1838.700366530533,94541.08719868204,True,24931.478806584364,20194.49783333333,45125.976639917695
0.95,0.25,CVaR95-L25,2025-12-09,59180.06523191862,0.0,59180.06523191862,6732.720655458333,65912.78588737696,92867.98960562833,92867.98960562833,1549.4943333333333,94417.48393896167,True,24972.883189300414,20228.035383333336,45200.918572633745
0.95,0.25,CVaR95-L25,2025-12-10,59355.56550179685,0.0,59355.56550179685,7909.380891700001,67264.94639349685,93008.16561767318,93008.16561767318,2269.354158741863,95277.51977641504,True,24984.678456790123,20237.58955,45222.268006790124
0.95,0.25,CVaR95-L25,2025-12-11,59830.2251324243,0.0,59830.2251324243,2300.7876743083325,62131.01280673263,93688.63394348917,93688.63394348917,775.7751354558468,94464.40907894501,True,25113.626893004115,20342.037783333333,45455.664676337445
0.95,0.25,CVaR95-L25,2025-12-12,59831.74351118688,0.0,59831.74351118688,0.0,59831.74351118688,93730.7366354818,93730.7366354818,0.0,93730.7366354818,False,25113.626893004115,20342.037783333333,45455.664676337445
0.95,0.25,CVaR95-L25,2025-12-13,59795.297540613894,0.0,59795.297540613894,0.0,59795.297540613894,93687.77235496929,93687.77235496929,0.0,93687.77235496929,False,25113.626893004115,20342.037783333333,45455.664676337445
0.95,0.25,CVaR95-L25,2025-12-14,59775.55931468719,0.0,59775.55931468719,5388.012235516664,65163.57155020385,93667.68042163103,93667.68042163103,1502.3635598679969,95170.04398149902,True,25113.626893004115,20342.037783333333,45455.664676337445
0.95,0.25,CVaR95-L25,2025-12-15,60059.97079477919,0.0,60059.97079477919,6649.31418473333,66709.28497951252,94076.66360713108,94076.66360713108,1988.7521797908203,96065.4157869219,True,25141.411872427983,20364.543616666666,45505.955489094646
0.95,0.25,CVaR95-L25,2025-12-16,60200.92703716531,0.0,60200.92703716531,5604.253887750014,65805.18092491533,94379.26279475089,94379.26279475089,1545.5883776253556,95924.85117237625,True,25106.31932237625,20336.11865112476,45442.437973501015
0.95,0.25,CVaR95-L25,2025-12-17,60440.398588310054,0.0,60440.398588310054,2559.8707363583317,63000.269324668385,94725.6797347257,94725.6797347257,780.2115248036969,95505.8912595294,True,25094.46722222222,20326.51845,45420.98567222222
0.95,0.25,CVaR95-L25,2025-12-18,60512.32804637923,0.0,60512.32804637923,3162.821220733351,63675.14926711258,94834.57805974294,94834.57805974294,880.6014858664767,95715.17954560941,True,25103.969971441322,20334.21567686747,45438.18564830879
0.95,0.25,CVaR95-L25,2025-12-19,60615.808515284545,0.0,60615.808515284545,0.0,60615.808515284545,94945.07613370288,94945.07613370288,0.0,94945.07613370288,False,25123.65699534052,20350.162166225822,45473.81916156634
0.95,0.25,CVaR95-L25,2025-12-20,60606.112460346136,0.0,60606.112460346136,0.0,60606.112460346136,94940.56426955159,94940.56426955159,0.0,94940.56426955159,False,25113.802119341563,20342.179716666666,45455.98183600823
0.95,0.25,CVaR95-L25,2025-12-21,60607.10108216903,0.0,60607.10108216903,4349.174765924989,64956.27584809402,94945.13675121652,94945.13675121652,1301.4863700530627,96246.62312126959,True,25113.802119341563,20342.179716666666,45455.98183600823
0.95,0.25,CVaR95-L25,2025-12-22,60618.56689504889,0.0,60618.56689504889,3650.276491925,64268.84338697389,94972.8426621097,94972.8426621097,955.448712207497,95928.2913743172,True,25094.46722222222,20326.518450000003,45420.985672222225
0.95,0.25,CVaR95-L25,2025-12-23,60737.66173725804,0.0,60737.66173725804,1304.0583160666638,62041.7200533247,95136.73700801605,95136.73700801605,320.9585805074824,95457.69558852354,True,25114.52166265558,20342.762546751022,45457.2842094066
0.95,0.25,CVaR95-L25,2025-12-24,60786.047984580466,0.0,60786.047984580466,3027.473100733327,63813.52108531379,95223.72667954626,95223.72667954626,763.2899069292475,95987.01658647551,True,25120.466399176952,20347.57778333333,45468.04418251028
0.95,0.25,CVaR95-L25,2025-12-25,60928.03341919051,0.0,60928.03341919051,2337.8338855249985,63265.86730471551,95395.27793679622,95395.27793679622,717.0608666666664,96112.33880346289,True,25157.830329218108,20377.842566666666,45535.672895884774
0.95,0.25,CVaR95-L25,2025-12-26,60958.04995159713,0.0,60958.04995159713,0.0,60958.04995159713,95440.77745122567,95440.77745122567,0.0,95440.77745122567,False,25157.830329218108,20377.842566666666,45535.672895884774
0.95,0.25,CVaR95-L25,2025-12-27,60945.634037341726,0.0,60945.634037341726,0.0,60945.634037341726,95422.67738198297,95422.67738198297,0.0,95422.67738198297,False,25157.830329218108,20377.842566666666,45535.672895884774
0.95,0.25,CVaR95-L25,2025-12-28,60945.466493810396,0.0,60945.466493810396,1656.0994683541676,62601.56596216456,95419.17917395328,95419.17917395328,424.43351949156386,95843.61269344484,True,25157.830329218108,20377.842566666666,45535.672895884774
0.95,0.25,CVaR95-L25,2025-12-29,60991.158697769584,0.0,60991.158697769584,1940.9878947500035,62932.14659251959,95497.96200295603,95497.96200295603,556.5692317334748,96054.53123468951,True,25157.830329218108,20377.842566666666,45535.672895884774
0.95,0.25,CVaR95-L25,2025-12-30,61030.3983478719,0.0,61030.3983478719,1034.353207466666,62064.75155533857,95561.08348506643,95561.08348506643,223.64301666666654,95784.7265017331,True,25170.171275720164,20387.83873333333,45558.0100090535
0.95,0.25,CVaR95-L25,2025-12-31,61041.295301595535,0.0,61041.295301595535,2870.575277275001,63911.870578870534,95581.74964022587,95581.74964022587,778.6298410258673,96360.37948125173,True,25170.171275720164,20387.83873333333,45558.0100090535
0.95,0.5,CVaR95-L50,2025-02-01,63530.72654760572,0.0,63530.72654760572,0.0,63530.72654760572,99129.11007607314,99129.11007607314,0.0,99129.11007607314,False,25531.624423868314,20680.61578333333,46212.24020720164
0.95,0.5,CVaR95-L50,2025-02-02,63565.160800362544,0.0,63565.160800362544,43.838484333333454,63608.99928469588,99133.90847746817,99133.90847746817,10.073499999999967,99143.98197746817,True,25531.624423868314,20680.615783333335,46212.24020720165
0.95,0.5,CVaR95-L50,2025-02-03,63167.99119331164,0.0,63167.99119331164,14.580700733333295,63182.57189404497,98587.96658174292,98587.96658174292,6.771799999999985,98594.73838174292,True,25528.59534979424,20678.162233333333,46206.757583127575
0.95,0.5,CVaR95-L50,2025-02-04,63167.99119331164,0.0,63167.99119331164,200.8054616000002,63368.79665491164,98588.78546777365,98588.78546777365,73.2158833333333,98662.00135110698,True,25528.59534979424,20678.162233333333,46206.757583127575
0.95,0.5,CVaR95-L50,2025-02-05,63194.45934051831,0.0,63194.45934051831,45.74717872500185,63240.206519243315,98619.69338412923,98619.69338412923,7.5488350808059295,98627.24221921003,True,25528.59534979424,20678.162233333333,46206.757583127575
0.95,0.5,CVaR95-L50,2025-02-06,63179.29228749164,0.0,63179.29228749164,15.003368333332702,63194.29565582497,98568.05643350829,98568.05643350829,2.2283333333332394,98570.28476684162,True,25528.59534979424,20678.162233333333,46206.757583127575
0.95,0.5,CVaR95-L50,2025-02-07,63063.21276705728,0.0,63063.21276705728,0.0,63063.21276705728,98465.5417762773,98465.5417762773,0.0,98465.5417762773,False,25528.59534979424,20678.162233333336,46206.757583127575
0.95,0.5,CVaR95-L50,2025-02-08,62303.35712944862,0.0,62303.35712944862,0.0,62303.35712944862,97350.19254085049,97350.19254085049,0.0,97350.19254085049,False,25374.950102880655,20553.709583333333,45928.659686213985
0.95,0.5,CVaR95-L50,2025-02-09,62176.361720125366,0.0,62176.361720125366,48.38760937500019,62224.749329500366,97195.74863915701,97195.74863915701,19.258750000000077,97215.007389157,True,25390.912037037036,20566.63875,45957.550787037035
0.95,0.5,CVaR95-L50,2025-02-10,62091.699621559805,0.0,62091.699621559805,32.918202633333436,62124.61782419314,97044.35090918464,97044.35090918464,9.71365000000003,97054.06455918464,True,25259.17053069427,20459.92812986236,45719.09866055663
0.95,0.5,CVaR95-L50,2025-02-11,62110.98616672698,0.0,62110.98616672698,0.0,62110.98616672698,97071.20755844747,97071.20755844747,0.0,97071.20755844747,False,25262.647838459055,20462.74474915184,45725.3925876109
0.95,0.5,CVaR95-L50,2025-02-12,62106.468264041425,0.0,62106.468264041425,25.270210574999663,62131.738474616424,97064.51532792073,97064.51532792073,4.060449999999946,97068.57577792073,True,25261.83327379997,20462.08495177798,45723.918225577945
0.95,0.5,CVaR95-L50,2025-02-13,61863.23066502743,0.0,61863.23066502743,43.86352191666573,61907.0941869441,96631.11395897929,96631.11395897929,6.5031166666665285,96637.61707564595,True,25335.631213991768,20521.86128333333,45857.4924973251
0.95,0.5,CVaR95-L50,2025-02-14,61810.226852435764,0.0,61810.226852435764,0.0,61810.226852435764,96532.75034061907,96532.75034061907,0.0,96532.75034061907,False,25335.631213991768,20521.86128333333,45857.4924973251
0.95,0.5,CVaR95-L50,2025-02-15,61775.4736505779,0.0,61775.4736505779,0.0,61775.4736505779,96448.54607404125,96448.54607404125,0.0,96448.54607404125,False,25335.631213991768,20521.86128333333,45857.4924973251
0.95,0.5,CVaR95-L50,2025-02-16,61435.21096902863,0.0,61435.21096902863,144.8758893333323,61580.08685836196,96039.62645827944,96039.62645827944,21.44233333333318,96061.06879161278,True,25188.056069958846,20402.325416666667,45590.38148662551
0.95,0.5,CVaR95-L50,2025-02-17,60599.764109259675,0.0,60599.764109259675,242.54244455833248,60842.30655381801,95086.07660507647,95086.07660507647,35.96856666666656,95122.04517174313,True,25180.655437511745,20396.33090438451,45576.986341896256
0.95,0.5,CVaR95-L50,2025-02-18,60599.764109259675,0.0,60599.764109259675,51.891689750000175,60651.65579900968,95086.07660507647,95086.07660507647,8.288083333333361,95094.3646884098,True,25180.65543751174,20396.33090438451,45576.98634189625
0.95,0.5,CVaR95-L50,2025-02-19,60599.764109259675,0.0,60599.764109259675,410.66448653333464,61010.42859579301,95075.01731469278,95075.01731469278,90.11180000000024,95165.12911469278,True,25180.655437511745,20396.33090438451,45576.986341896256
0.95,0.5,CVaR95-L50,2025-02-20,60609.830724432424,0.0,60609.830724432424,325.1999208333326,60935.03064526575,95314.08973483226,95314.08973483226,52.38041666666663,95366.47015149893,True,25162.686769547323,20381.776283333333,45544.46305288066
0.95,0.5,CVaR95-L50,2025-02-21,60804.1438958432,0.0,60804.1438958432,0.0,60804.1438958432,95516.56108242794,95516.56108242794,0.0,95516.56108242794,False,25298.053209876543,20491.4231,45789.47630987654
0.95,0.5,CVaR95-L50,2025-02-22,60810.75950566084,0.0,60810.75950566084,0.0,60810.75950566084,95481.5942790035,95481.5942790035,0.0,95481.5942790035,False,25298.053209876543,20491.4231,45789.47630987654
0.95,0.5,CVaR95-L50,2025-02-23,60277.26358342671,0.0,60277.26358342671,105.40693524166774,60382.67051866838,94804.63866581742,94804.63866581742,21.69836666666697,94826.33703248408,True,25011.90927983539,20259.646516666668,45271.555796502056
0.95,0.5,CVaR95-L50,2025-02-24,59009.18933303442,0.0,59009.18933303442,160.86308116666638,59170.05241420108,93046.07997661151,93046.07997661151,37.56155000000001,93083.64152661151,True,24969.563065843617,20225.34608333333,45194.90914917695
0.95,0.5,CVaR95-L50,2025-02-25,59027.20168697415,0.0,59027.20168697415,377.30930273333405,59404.51098970748,93066.86644663493,93066.86644663493,82.47445000000005,93149.34089663492,True,24969.563065843617,20225.34608333333,45194.90914917695
0.95,0.5,CVaR95-L50,2025-02-26,59038.91491786076,0.0,59038.91491786076,170.82187000000025,59209.73678786076,93086.98204858914,93086.98204858914,41.95166666666671,93128.9337152558,True,24969.563065843617,20225.34608333333,45194.90914917695
0.95,0.5,CVaR95-L50,2025-02-27,58365.78385955631,0.0,58365.78385955631,48.214741983333326,58413.99860153964,92063.76770023366,92063.76770023366,7.481400000000008,92071.24910023366,True,24870.789999999997,20145.3399,45016.1299
0.95,0.5,CVaR95-L50,2025-02-28,58608.27245037224,0.0,58608.27245037224,0.0,58608.27245037224,92458.62550596788,92458.62550596788,0.0,92458.62550596788,False,24870.789999999997,20145.3399,45016.1299
0.95,0.5,CVaR95-L50,2025-03-01,56421.54544306664,0.0,56421.54544306664,0.0,56421.54544306664,89339.24192997243,89339.24192997243,0.0,89339.24192997243,False,24715.18403292181,20019.299066666666,44734.48309958848
0.95,0.5,CVaR95-L50,2025-03-02,56360.52446887055,0.0,56360.52446887055,1582.3555637166687,57942.88003258722,89174.1953445501,89174.1953445501,431.54947103197213,89605.74481558207,True,24729.055679012345,20030.535099999997,44759.590779012346
0.95,0.5,CVaR95-L50,2025-03-03,54934.28420027644,0.0,54934.28420027644,1435.9096450999925,56370.19384537643,87459.65716690286,87459.65716690286,264.7183018258397,87724.3754687287,True,24655.53557613169,19970.983816666667,44626.51939279836
0.95,0.5,CVaR95-L50,2025-03-04,54926.75387036537,0.0,54926.75387036537,766.3989940750016,55693.15286444037,87442.38501404406,87442.38501404406,202.108166666667,87644.49318071074,True,24655.53557613169,19970.983816666667,44626.51939279836
0.95,0.5,CVaR95-L50,2025-03-05,54935.45309615037,0.0,54935.45309615037,822.000869416668,55757.45396556704,87459.4324992807,87459.4324992807,141.30280000000016,87600.7352992807,True,24655.53557613169,19970.983816666667,44626.51939279836
0.95,0.5,CVaR95-L50,2025-03-06,54926.45338122493,0.0,54926.45338122493,781.291834083333,55707.74521530826,87438.44547624618,87438.44547624618,183.93321666666668,87622.37869291285,True,24655.53557613169,19970.983816666667,44626.51939279836
0.95,0.5,CVaR95-L50,2025-03-07,54967.749577772964,0.0,54967.749577772964,0.0,54967.749577772964,87500.57883367394,87500.57883367394,0.0,87500.57883367394,False,24693.213868312756,20001.50323333333,44694.717101646085
0.95,0.5,CVaR95-L50,2025-03-08,54183.62945898786,0.0,54183.62945898786,0.0,54183.62945898786,86554.93969561058,86554.93969561058,0.0,86554.93969561058,False,24456.19376207453,19809.51694728037,44265.7107093549
0.95,0.5,CVaR95-L50,2025-03-09,53901.8048732474,0.0,53901.8048732474,806.314102341668,54708.11897558907,86072.4497059719,86072.4497059719,133.29368333333355,86205.74338930524,True,24475.83730452675,19825.428216666667,44301.26552119342
0.95,0.5,CVaR95-L50,2025-03-10,52917.95954599512,0.0,52917.95954599512,927.9352986916647,53845.89484468679,84687.71191462436,84687.71191462436,257.72704999999956,84945.43896462437,True,24461.229281597956,19813.595718094344,44274.8249996923
0.95,0.5,CVaR95-L50,2025-03-11,52924.745307925055,0.0,52924.745307925055,416.95208610832555,53341.69739403338,84700.93327003045,84700.93327003045,126.07009327918979,84827.00336330965,True,24463.387933430913,19815.34422607904,44278.73215950995
0.95,0.5,CVaR95-L50,2025-03-12,52925.99883119815,0.0,52925.99883119815,865.9970842916656,53791.99591548982,84702.97527075525,84702.97527075525,251.73274999999967,84954.70802075525,True,24463.856934156378,19815.724116666664,44279.58105082304
0.95,0.5,CVaR95-L50,2025-03-13,51451.923991520496,0.0,51451.923991520496,1733.7835426749966,53185.70753419549,82578.60664286467,82578.60664286467,447.64481040946634,83026.25145327413,True,23884.227839506173,19346.22455,43230.45238950617
0.95,0.5,CVaR95-L50,2025-03-14,51370.34947388203,0.0,51370.34947388203,0.0,51370.34947388203,82481.72297374137,82481.72297374137,0.0,82481.72297374137,False,23884.227839506173,19346.22455,43230.45238950617
0.95,0.5,CVaR95-L50,2025-03-15,51277.89802583301,0.0,51277.89802583301,19.356026666666803,51297.25405249968,82363.77438689995,82363.77438689995,9.053333333333399,82372.82772023328,True,23894.474588477366,19354.524416666667,43248.99900514403
0.95,0.5,CVaR95-L50,2025-03-16,51026.401576282544,0.0,51026.401576282544,91.2504971166666,51117.65207339921,82112.10145205348,82112.10145205348,41.879583333333244,82153.98103538681,True,23884.227839506173,19346.224550000003,43230.45238950617
0.95,0.5,CVaR95-L50,2025-03-17,50999.12740712959,0.0,50999.12740712959,957.4519672666663,51956.57937439626,82071.53436534021,82071.53436534021,178.47591666666654,82250.01028200687,True,23884.227839506173,19346.22455,43230.45238950617
0.95,0.5,CVaR95-L50,2025-03-18,51004.599423185384,0.0,51004.599423185384,187.02754400833345,51191.62696719372,82073.98156489867,82073.98156489867,72.46893333333321,82146.450498232,True,23884.227839506173,19346.22455,43230.45238950617
0.95,0.5,CVaR95-L50,2025-03-19,51005.031424365676,0.0,51005.031424365676,90.71083667499998,51095.74226104068,82075.18479532906,82075.18479532906,36.022350000000074,82111.20714532906,True,23884.227839506173,19346.22455,43230.45238950617
0.95,0.5,CVaR95-L50,2025-03-20,49719.55604563434,0.0,49719.55604563434,813.1478519749995,50532.70389760934,80376.4435950834,80376.4435950834,164.48396666666667,80540.92756175007,True,23810.221982960247,19286.279806197796,43096.50178915804
0.95,0.5,CVaR95-L50,2025-03-21,49659.73259629043,0.0,49659.73259629043,0.0,49659.73259629043,80288.73183340665,80288.73183340665,0.0,80288.73183340665,False,23792.672009323454,19272.064327551998,43064.73633687545
0.95,0.5,CVaR95-L50,2025-03-22,49616.796273664644,0.0,49616.796273664644,23.98479666666673,49640.78107033131,80203.79424365493,80203.79424365493,11.218333333333362,80215.01257698827,True,23809.942131797714,19286.05312675615,43095.99525855386
0.95,0.5,CVaR95-L50,2025-03-23,49850.5394560966,0.0,49850.5394560966,683.6667516833368,50534.206207779935,80439.17540077493,80439.17540077493,150.39135000000056,80589.56675077493,True,23884.227839506173,19346.224550000006,43230.45238950618
0.95,0.5,CVaR95-L50,2025-03-24,49472.01579517637,0.0,49472.01579517637,222.1766939083339,49694.1924890847,79916.05393586647,79916.05393586647,104.38930000000028,80020.44323586646,True,23894.228689506173,19354.3252385,43248.55392800618
0.95,0.5,CVaR95-L50,2025-03-25,49479.78672529636,0.0,49479.78672529636,522.0553281583329,50001.8420534547,79928.79581715241,79928.79581715241,147.7144833333332,80076.51030048574,True,23894.228689506173,19354.3252385,43248.55392800618
0.95,0.5,CVaR95-L50,2025-03-26,49485.26968847114,0.0,49485.26968847114,392.1908328916669,49877.46052136281,79936.73528721587,79936.73528721587,114.95541666666679,80051.69070388253,True,23894.228689506173,19354.3252385,43248.55392800618
0.95,0.5,CVaR95-L50,2025-03-27,49060.18479890376,0.0,49060.18479890376,642.2532049250005,49702.43800382876,79401.87325079036,79401.87325079036,203.48748333333344,79605.3607341237,True,23894.228689506173,19354.3252385,43248.55392800618
0.95,0.5,CVaR95-L50,2025-03-28,48649.874530821384,0.0,48649.874530821384,0.0,48649.874530821384,78933.23660209306,78933.23660209306,0.0,78933.23660209306,False,23894.228689506173,19354.325238499998,43248.55392800617
0.95,0.5,CVaR95-L50,2025-03-29,48663.88114400128,0.0,48663.88114400128,0.0,48663.88114400128,78930.19559744251,78930.19559744251,0.0,78930.19559744251,False,23894.228689506173,19354.3252385,43248.55392800618
0.95,0.5,CVaR95-L50,2025-03-30,48577.63504982443,0.0,48577.63504982443,577.5943076333335,49155.22935745776,78796.77437646501,78796.77437646501,228.05047533944492,79024.82485180446,True,23880.762806971128,19343.417873646613,43224.18068061774
0.95,0.5,CVaR95-L50,2025-03-31,48974.12738109081,0.0,48974.12738109081,134.61149394166705,49108.738875032475,79162.94325563328,79162.94325563328,62.938783333333504,79225.8820389666,True,23904.47543847737,19362.625105166666,43267.10054364403
0.95,0.5,CVaR95-L50,2025-04-01,48979.99764487581,0.0,48979.99764487581,809.6828756666666,49789.680520542475,79172.22221971404,79172.22221971404,263.7021333333332,79435.92435304738,True,23904.47543847737,19362.625105166666,43267.10054364403
0.95,0.5,CVaR95-L50,2025-04-02,49005.72095545581,0.0,49005.72095545581,967.4108517166677,49973.131807172475,79211.89036697276,79211.89036697276,297.07161666666696,79508.96198363943,True,23904.47543847737,19362.625105166666,43267.10054364403
0.95,0.5,CVaR95-L50,2025-04-03,48111.496468870675,0.0,48111.496468870675,804.3409287750006,48915.83739764568,77961.52239575837,77961.52239575837,286.5927333333334,78248.1151290917,True,23203.866666666665,18795.132,41998.99866666667
0.95,0.5,CVaR95-L50,2025-04-04,46374.369631879745,0.0,46374.369631879745,0.0,46374.369631879745,75955.60999061001,75955.60999061001,0.0,75955.60999061001,False,23203.866666666665,18795.131999999998,41998.99866666667
0.95,0.5,CVaR95-L50,2025-04-05,45187.12166600219,0.0,45187.12166600219,0.0,45187.12166600219,74364.87112576293,74364.87112576293,0.0,74364.87112576293,False,22711.789859096276,18396.54978586798,41108.33964496426
0.95,0.5,CVaR95-L50,2025-04-06,45747.99425223097,0.0,45747.99425223097,822.4516637499987,46570.44591598097,75155.59144256488,75155.59144256488,226.0417333333329,75381.63317589821,True,23196.762916666667,18789.377962500002,41986.14087916667
0.95,0.5,CVaR95-L50,2025-04-07,44982.896072575226,0.0,44982.896072575226,356.40180544166583,45339.29787801689,74096.0978055177,74096.0978055177,124.56979999999987,74220.6676055177,True,22760.096988851034,18435.67856096934,41195.77554982038
0.95,0.5,CVaR95-L50,2025-04-08,45005.10448669917,0.0,45005.10448669917,500.09803378333135,45505.202520482504,74128.84817892159,74128.84817892159,149.72829999999942,74278.57647892159,True,22768.653412254935,18442.6092639265,41211.26267618143
0.95,0.5,CVaR95-L50,2025-04-09,45038.642314637575,0.0,45038.642314637575,716.0884246666658,45754.73073930424,74180.57917786195,74180.57917786195,240.0894833333332,74420.66866119528,True,22803.770027861945,18471.053722568176,41274.82375043012
0.95,0.5,CVaR95-L50,2025-04-10,45094.31292561584,0.0,45094.31292561584,1050.553442591663,46144.866368207506,74261.03640492234,74261.03640492234,288.95676666666577,74549.99317158901,True,22846.220027031835,18505.438221895787,41351.65824892762
0.95,0.5,CVaR95-L50,2025-04-11,44473.02950645781,0.0,44473.02950645781,0.0,44473.02950645781,73091.9574847857,73091.9574847857,0.0,73091.9574847857,False,22377.255987654316,18125.57735,40502.833337654316
0.95,0.5,CVaR95-L50,2025-04-12,44112.59570894947,0.0,44112.59570894947,0.0,44112.59570894947,72642.22660181153,72642.22660181153,0.0,72642.22660181153,False,22206.901025342035,17987.58983052705,40194.49085586908
0.95,0.5,CVaR95-L50,2025-04-13,44203.33297656824,0.0,44203.33297656824,731.7535085333344,44935.08648510158,72818.23281167515,72818.23281167515,210.2733166666667,73028.50612834182,True,22399.73239713523,18143.783241679535,40543.515638814766
0.95,0.5,CVaR95-L50,2025-04-14,42443.62439094266,0.0,42443.62439094266,822.2298825499961,43265.85427349266,70312.65084272661,70312.65084272661,205.14738109972166,70517.79822382634,True,21999.533758959376,17819.6223447571,39819.15610371648
0.95,0.5,CVaR95-L50,2025-04-15,42470.5544540686,0.0,42470.5544540686,707.7460138000026,43178.300467868605,70345.20927910207,70345.20927910207,159.6380500000006,70504.84732910206,True,22009.10668781104,17827.376417126943,39836.483104937986
0.95,0.5,CVaR95-L50,2025-04-16,42478.423042031114,0.0,42478.423042031114,920.0550573333339,43398.478099364445,70340.7786471038,70340.7786471038,290.8627833333337,70631.64143043713,True,22011.222289962534,17829.09005486965,39840.312344832186
0.95,0.5,CVaR95-L50,2025-04-17,41204.017285368114,0.0,41204.017285368114,420.9575988666677,41624.97488423478,68524.37587014594,68524.37587014594,116.44910000000004,68640.82497014594,True,21681.325843621402,17561.87393333333,39243.19977695473
0.95,0.5,CVaR95-L50,2025-04-18,41196.04298877691,0.0,41196.04298877691,0.0,41196.04298877691,68515.58105725297,68515.58105725297,0.0,68515.58105725297,False,21681.325843621402,17561.87393333333,39243.19977695473
0.95,0.5,CVaR95-L50,2025-04-19,41104.366578549656,0.0,41104.366578549656,1.9633966666665823,41106.32997521632,68430.68087001625,68430.68087001625,0.9183333333332939,68431.59920334959,True,21653.431193415636,17539.279266666665,39192.7104600823
0.95,0.5,CVaR95-L50,2025-04-20,41026.64320526262,0.0,41026.64320526262,198.7485168583332,41225.39172212095,68325.95781715887,68325.95781715887,84.21195,68410.16976715886,True,21647.805905349793,17534.72278333333,39182.52868868312
0.95,0.5,CVaR95-L50,2025-04-21,40668.33716184611,0.0,40668.33716184611,648.28236405,41316.61952589611,67915.36220012968,67915.36220012968,250.05612380300443,68165.41832393268,True,21594.37030561495,17491.43994754811,39085.81025316306
0.95,0.5,CVaR95-L50,2025-04-22,40684.273995921845,0.0,40684.273995921845,638.9231953166664,41323.19719123851,67942.52764403832,67942.52764403832,182.25681666666662,68124.78446070498,True,21596.71614740331,17493.340079396683,39090.05622679999
0.95,0.5,CVaR95-L50,2025-04-23,40688.32345980049,0.0,40688.32345980049,942.376290258333,41630.699750058826,67948.7582262602,67948.7582262602,265.95701666666685,68214.71524292686,True,21596.869934583483,17493.464647012624,39090.33458159611
0.95,0.5,CVaR95-L50,2025-04-24,40697.6952907372,0.0,40697.6952907372,686.2191157500007,41383.9144064872,67966.95806395514,67966.95806395514,166.76570000000027,68133.72376395515,True,21605.14917695473,17500.17083333333,39105.32001028806
0.95,0.5,CVaR95-L50,2025-04-25,40592.07986461765,0.0,40592.07986461765,0.0,40592.07986461765,67843.45375082309,67843.45375082309,0.0,67843.45375082309,False,21573.882716049382,17474.845,39048.72771604938
0.95,0.5,CVaR95-L50,2025-04-26,40349.60452289873,0.0,40349.60452289873,0.0,40349.60452289873,67481.35542111198,67481.35542111198,0.0,67481.35542111198,False,21578.933127572014,17478.93583333333,39057.86896090534
0.95,0.5,CVaR95-L50,2025-04-27,40337.81453988818,0.0,40337.81453988818,543.4530994416658,40881.267639329846,67513.51342311234,67513.51342311234,239.26473333333297,67752.77815644567,True,21578.933127572014,17478.93583333333,39057.86896090534
0.95,0.5,CVaR95-L50,2025-04-28,40521.57358724036,0.0,40521.57358724036,1442.592853416667,41964.16644065703,67827.4027873692,67827.4027873692,514.8267000000001,68342.2294873692,True,21789.60788797507,17649.582389259805,39439.19027723488
0.95,0.5,CVaR95-L50,2025-04-29,40532.18385507912,0.0,40532.18385507912,197.0243036250002,40729.208158704125,67936.62003108967,67936.62003108967,67.47260000000006,68004.09263108966,True,21785.829432475348,17646.521840305028,39432.351272780375
0.95,0.5,CVaR95-L50,2025-04-30,40563.09496445484,0.0,40563.09496445484,971.3678998416672,41534.4628642965,67973.80928675733,67973.80928675733,292.2834333333334,68266.09272009066,True,21789.851805362432,17649.77996234357,39439.631767706
0.95,0.5,CVaR95-L50,2025-05-01,40550.43828156401,0.0,40550.43828156401,9479.198406433334,50029.63668799735,67955.62036947923,67955.62036947923,2075.5888921480782,70031.20926162731,True,21785.897899891497,17646.57729891211,39432.47519880361
0.95,0.5,CVaR95-L50,2025-05-02,40916.35860457516,0.0,40916.35860457516,0.0,40916.35860457516,67927.42737479765,67927.42737479765,0.0,67927.42737479765,False,21556.265061728394,17460.574699999997,39016.83976172839
0.95,0.5,CVaR95-L50,2025-05-03,40829.97762934867,0.0,40829.97762934867,68.02046999999988,40897.998099348675,67660.71178813363,67660.71178813363,31.81499999999994,67692.52678813363,True,21555.691468667283,17460.110089620495,39015.80155828778
0.95,0.5,CVaR95-L50,2025-05-04,39153.96534221218,0.0,39153.96534221218,4921.088312316667,44075.05365452884,65337.72316496308,65337.72316496308,1241.795233333333,66579.51839829641,True,21516.88442386831,17428.67638333333,38945.56080720164
0.95,0.5,CVaR95-L50,2025-05-05,39229.47568134783,0.0,39229.47568134783,3995.8026476028094,43225.27832895064,65556.55220193199,65556.55220193199,980.0446809898034,66536.59688292179,True,21516.477366255138,17428.346666666665,38944.8240329218
0.95,0.5,CVaR95-L50,2025-05-06,39121.371272056,0.0,39121.371272056,4141.941855233327,43263.31312728933,65451.58570124052,65451.58570124052,1062.703990702873,66514.28969194338,True,21516.477366255138,17428.346666666668,38944.82403292181
0.95,0.5,CVaR95-L50,2025-05-07,39121.34748655188,0.0,39121.34748655188,4416.208395825,43537.55588237688,65436.32204565428,65436.32204565428,987.6525333333335,66423.9745789876,True,21516.47736625514,17428.346666666665,38944.82403292181
0.95,0.5,CVaR95-L50,2025-05-08,39170.02419866233,0.0,39170.02419866233,5617.580016149999,44787.60421481233,65457.06126993474,65457.06126993474,1359.8444741723847,66816.90574410712,True,21500.015,17415.01215,38915.027149999994
0.95,0.5,CVaR95-L50,2025-05-09,39275.31657219805,0.0,39275.31657219805,0.0,39275.31657219805,65655.4100035018,65655.4100035018,0.0,65655.4100035018,False,21579.41812757201,17479.328683333333,39058.746810905344
0.95,0.5,CVaR95-L50,2025-05-10,39368.956721163515,0.0,39368.956721163515,12.931336666666573,39381.88805783018,65779.66048880984,65779.66048880984,6.048333333333289,65785.70882214318,True,21553.569691922195,17458.39145045698,39011.96114237918
0.95,0.5,CVaR95-L50,2025-05-11,38784.89948683267,0.0,38784.89948683267,3581.9674171083316,42366.866903941,64663.03995284629,64663.03995284629,883.2231166666662,65546.26306951295,True,21333.851959102038,17280.420086872655,38614.27204597469
0.95,0.5,CVaR95-L50,2025-05-12,38661.75297295274,0.0,38661.75297295274,3411.0569313416668,42072.8099042944,64381.067581724434,64381.067581724434,1126.9057290661722,65507.97331079061,True,20989.09358024691,17001.1658,37990.259380246905
0.95,0.5,CVaR95-L50,2025-05-13,38668.63674142616,0.0,38668.63674142616,1452.491458075001,40121.12819950117,64423.415684776526,64423.415684776526,381.68618333333353,64805.10186810986,True,20999.40241145829,17009.51595328121,38008.9183647395
0.95,0.5,CVaR95-L50,2025-05-14,38696.7051343468,0.0,38696.7051343468,1315.9120235166706,40012.61715786347,64455.385739450954,64455.385739450954,381.28822414137176,64836.67396359233,True,21000.111873164067,17010.09061726289,38010.20249042696
0.95,0.5,CVaR95-L50,2025-05-15,38735.55660127259,0.0,38735.55660127259,1812.347172155556,40547.903773428145,64530.8100581866,64530.8100581866,458.4081244311649,64989.21818261777,True,20927.57067987918,16951.332250702133,37878.90293058132
0.95,0.5,CVaR95-L50,2025-05-16,38767.8128487472,0.0,38767.8128487472,0.0,38767.8128487472,64571.92158007334,64571.92158007334,0.0,64571.92158007334,False,20912.00956278628,16938.727745856886,37850.73730864316
0.95,0.5,CVaR95-L50,2025-05-17,38771.21145849877,0.0,38771.21145849877,7.614843333333213,38778.82630183211,64579.93061193707,64579.93061193707,3.5616666666666106,64583.492278603735,True,20886.105458007092,16917.745420985746,37803.85087899284
0.95,0.5,CVaR95-L50,2025-05-18,38690.84079634983,0.0,38690.84079634983,2928.330501616665,41619.171297966495,64393.58855696299,64393.58855696299,1128.959316666666,65522.54787362966,True,20806.477617224555,16853.246869951887,37659.72448717644
0.95,0.5,CVaR95-L50,2025-05-19,38774.309565812175,0.0,38774.309565812175,1288.4465690999982,40062.756134912175,64533.83564748398,64533.83564748398,238.94558782625722,64772.78123531024,True,20816.92437429256,16861.708743176972,37678.63311746954
0.95,0.5,CVaR95-L50,2025-05-20,38791.22503438802,0.0,38791.22503438802,4386.5834931499985,43177.80852753802,64565.82478313012,64565.82478313012,1092.6090516550744,65658.43383478519,True,20815.262576857152,16860.36268725429,37675.62526411144
0.95,0.5,CVaR95-L50,2025-05-21,38825.46327282537,0.0,38825.46327282537,2304.0068592500006,41129.470132075374,64613.0515893073,64613.0515893073,671.34225,65284.393839307304,True,20781.323388604775,16832.871944769868,37614.19533337464
0.95,0.5,CVaR95-L50,2025-05-22,38827.8378004364,0.0,38827.8378004364,427.9654179166663,39255.80321835307,64604.03856374692,64604.03856374692,107.71997636770644,64711.75854011463,True,20780.74883230547,16832.40655416743,37613.15538647291
0.95,0.5,CVaR95-L50,2025-05-23,38834.055181564996,0.0,38834.055181564996,0.0,38834.055181564996,64606.23933096953,64606.23933096953,0.0,64606.23933096953,False,20751.962673168542,16809.08976526652,37561.05243843506
0.95,0.5,CVaR95-L50,2025-05-24,38807.96914948113,0.0,38807.96914948113,0.0,38807.96914948113,64559.71797343831,64559.71797343831,0.0,64559.71797343831,False,20731.86821252277,16792.81325214344,37524.68146466621
0.95,0.5,CVaR95-L50,2025-05-25,38786.03685238089,0.0,38786.03685238089,1181.796294141667,39967.83314652256,64511.864603933805,64511.864603933805,263.49496666666664,64775.35957060047,True,20721.813869988586,16784.669234690755,37506.48310467934
0.95,0.5,CVaR95-L50,2025-05-26,38819.551560612366,0.0,38819.551560612366,3097.2251449833393,41916.77670559571,64548.37044488056,64548.37044488056,962.5184993442535,65510.88894422481,True,20741.713784336687,16800.788165312715,37542.501949649406
0.95,0.5,CVaR95-L50,2025-05-27,38883.15507416752,0.0,38883.15507416752,982.471216175004,39865.62629034252,64665.587286005095,64665.587286005095,302.26143084361394,64967.84871684871,True,20742.29243975436,16801.25687620103,37543.54931595539
0.95,0.5,CVaR95-L50,2025-05-28,38918.73658934177,0.0,38918.73658934177,2338.259627262501,41256.99621660427,64717.86505338752,64717.86505338752,710.2706776051539,65428.135730992675,True,20756.470591290145,16812.741178945016,37569.21177023516
0.95,0.5,CVaR95-L50,2025-05-29,38933.806682885705,0.0,38933.806682885705,1840.262234666664,40774.068917552366,64745.90191790124,64745.90191790124,506.94716407543353,65252.849081976674,True,20735.78666704637,16795.98720030756,37531.77386735393
0.95,0.5,CVaR95-L50,2025-05-30,38371.11473123895,0.0,38371.11473123895,0.0,38371.11473123895,63650.828028528806,63650.828028528806,0.0,63650.828028528806,False,19943.667421171565,16154.370611148972,36098.03803232054
0.95,0.5,CVaR95-L50,2025-05-31,38369.29937844862,0.0,38369.29937844862,193.83464333333325,38563.13402178195,63649.09020937068,63649.09020937068,90.66166666666663,63739.75187603735,True,19945.89541371495,16156.175285109113,36102.07069882406
0.95,0.5,CVaR95-L50,2025-06-01,38356.864107826674,0.0,38356.864107826674,48403.55026001666,86760.41436784333,63620.85797068926,63620.85797068926,12599.489339039115,76220.34730972839,True,19946.111502594693,16156.35031710171,36102.4618196964
0.95,0.5,CVaR95-L50,2025-06-02,47001.25614969357,0.0,47001.25614969357,12933.679332641655,59934.93548233522,76533.28252348318,76533.28252348318,3280.6988275306,79813.98135101379,True,21753.48220164609,17620.320583333334,39373.80278497942
0.95,0.5,CVaR95-L50,2025-06-03,48570.660349904996,0.0,48570.660349904996,3740.8855211750015,52311.54587108,78244.09553476234,78244.09553476234,946.9875000000001,79191.08303476234,True,22333.333333333332,18090.0,40423.33333333333
0.95,0.5,CVaR95-L50,2025-06-04,47968.54094119999,0.0,47968.54094119999,5981.356703783333,53949.89764498333,77310.54289510596,77310.54289510596,2006.8070084348676,79317.34990354083,True,22333.333333333332,18090.0,40423.33333333333
0.95,0.5,CVaR95-L50,2025-06-05,47414.53519310166,0.0,47414.53519310166,9470.774062124996,56885.30925522666,76805.74943799649,76805.74943799649,2497.2544614962185,79303.00389949272,True,22333.333333333332,18090.0,40423.33333333333
0.95,0.5,CVaR95-L50,2025-06-06,48156.65641064203,0.0,48156.65641064203,0.0,48156.65641064203,77922.552634174,77922.552634174,0.0,77922.552634174,False,22333.333333333332,18090.0,40423.33333333333
0.95,0.5,CVaR95-L50,2025-06-07,48116.817004775876,0.0,48116.817004775876,35.847133333333296,48152.66413810921,77877.48126523849,77877.48126523849,16.76666666666665,77894.24793190515,True,22333.333333333332,18090.0,40423.33333333333
0.95,0.5,CVaR95-L50,2025-06-08,48072.99370412994,0.0,48072.99370412994,3160.8746697083347,51233.868373838275,77829.84334191258,77829.84334191258,854.2704204336704,78684.11376234626,True,22333.333333333332,18090.0,40423.33333333333
0.95,0.5,CVaR95-L50,2025-06-09,48260.39927802705,0.0,48260.39927802705,8568.849645901966,56829.248923929015,78045.99110897613,78045.99110897613,2171.1038319511717,80217.0949409273,True,22333.333333333332,18090.0,40423.33333333333
0.95,0.5,CVaR95-L50,2025-06-10,48668.1308684975,0.0,48668.1308684975,5416.9529289875045,54085.08379748501,78504.80369117623,78504.80369117623,1566.656038713865,80071.45972989009,True,22333.333333333332,18090.0,40423.33333333333
0.95,0.5,CVaR95-L50,2025-06-11,49155.370831605,0.0,49155.370831605,14137.667524274992,63293.038355879995,79203.5066577216,79203.5066577216,3389.1986640394393,82592.70532176105,True,22333.333333333332,18090.0,40423.33333333333
0.95,0.5,CVaR95-L50,2025-06-12,50924.38342786128,0.0,50924.38342786128,4656.381426991671,55580.76485485295,81600.0312894346,81600.0312894346,1138.54842637381,82738.5797158084,True,23430.157539456202,18978.42760695952,42408.585146415724
0.95,0.5,CVaR95-L50,2025-06-13,50897.22723379253,0.0,50897.22723379253,0.0,50897.22723379253,81517.6323126237,81517.6323126237,0.0,81517.6323126237,False,23420.30843805162,18970.449834821808,42390.75827287343
0.95,0.5,CVaR95-L50,2025-06-14,50894.97381983253,0.0,50894.97381983253,0.0,50894.97381983253,81514.60896837673,81514.60896837673,0.0,81514.60896837673,False,23420.308438051616,18970.449834821808,42390.75827287343
0.95,0.5,CVaR95-L50,2025-06-15,50885.20184599262,0.0,50885.20184599262,2047.5655124666669,52932.767358459285,81500.70022829038,81500.70022829038,585.3213333333333,82086.02156162373,True,23417.955189573604,18968.543703554613,42386.49889312821
0.95,0.5,CVaR95-L50,2025-06-16,50888.54827286542,0.0,50888.54827286542,2974.5084022916694,53863.05667515709,81525.66853819846,81525.66853819846,844.0945035740633,82369.76304177252,True,23416.80488118065,18967.611953756325,42384.41683493697
0.95,0.5,CVaR95-L50,2025-06-17,50928.195877505175,0.0,50928.195877505175,9536.217125616668,60464.413003121845,81577.75438293374,81577.75438293374,2477.5909402768507,84055.34532321058,True,23430.25935750857,18978.510079581938,42408.76943709051
0.95,0.5,CVaR95-L50,2025-06-18,51629.581663003366,0.0,51629.581663003366,1528.1982766083324,53157.7799396117,82577.48393364236,82577.48393364236,525.3557666666663,83102.83970030902,True,23525.196637757534,19055.4092765836,42580.60591434113
0.95,0.5,CVaR95-L50,2025-06-19,51644.26984464076,0.0,51644.26984464076,2573.3889866666686,54217.65883130743,82610.88120683577,82610.88120683577,518.4842467494644,83129.36545358523,True,23519.71900140307,19050.972391136485,42570.69139253956
0.95,0.5,CVaR95-L50,2025-06-20,51667.88919094333,0.0,51667.88919094333,0.0,51667.88919094333,82632.02370352812,82632.02370352812,0.0,82632.02370352812,False,23528.61733051731,19058.180037719023,42586.79736823634
0.95,0.5,CVaR95-L50,2025-06-21,51666.98469034176,0.0,51666.98469034176,0.0,51666.98469034176,82630.57138448488,82630.57138448488,0.0,82630.57138448488,False,23528.31780558388,19057.937422522944,42586.25522810682
0.95,0.5,CVaR95-L50,2025-06-22,51659.7014812594,0.0,51659.7014812594,1128.4862681750008,52788.1877494344,82619.34486745243,82619.34486745243,356.01555000000025,82975.36041745242,True,23525.905974445508,19055.98383930086,42581.88981374637
0.95,0.5,CVaR95-L50,2025-06-23,51664.98005922082,0.0,51664.98005922082,512.716052333332,52177.69611155415,82621.09483103565,82621.09483103565,149.7808666666662,82770.87569770231,True,23524.91442028444,19055.180680430396,42580.09510071484
0.95,0.5,CVaR95-L50,2025-06-24,51676.47923608352,0.0,51676.47923608352,8246.478254266669,59922.95749035019,82637.87981911752,82637.87981911752,2185.5405500000006,84823.42036911752,True,23525.55745670527,19055.70153993127,42581.25899663654
0.95,0.5,CVaR95-L50,2025-06-25,52112.895157180465,0.0,52112.895157180465,2825.749968416666,54938.64512559713,83318.6748438088,83318.6748438088,855.4046499999997,84174.0794938088,True,24032.417283950617,19466.257999999998,43498.675283950615
0.95,0.5,CVaR95-L50,2025-06-26,52151.45400658778,0.0,52151.45400658778,1003.9795855000002,53155.43359208778,83362.72927319398,83362.72927319398,233.5728666666668,83596.30213986065,True,24032.417283950617,19466.258,43498.67528395062
0.95,0.5,CVaR95-L50,2025-06-27,52155.47614013444,0.0,52155.47614013444,0.0,52155.47614013444,83374.18504739497,83374.18504739497,0.0,83374.18504739497,False,24032.417283950617,19466.258,43498.67528395062
0.95,0.5,CVaR95-L50,2025-06-28,52153.36396413444,0.0,52153.36396413444,0.0,52153.36396413444,83370.5737193327,83370.5737193327,0.0,83370.5737193327,False,24032.417283950617,19466.258,43498.67528395062
0.95,0.5,CVaR95-L50,2025-06-29,52153.36396413444,0.0,52153.36396413444,1158.9202312249975,53312.28419535944,83371.80512230561,83371.80512230561,430.7994333333328,83802.60455563894,True,24032.417283950617,19466.258,43498.67528395062
0.95,0.5,CVaR95-L50,2025-06-30,52170.2145165261,0.0,52170.2145165261,1993.0514768749986,54163.2659934011,83406.58592252072,83406.58592252072,590.3684999999996,83996.95442252072,True,24032.417283950617,19466.258,43498.67528395062
0.95,0.5,CVaR95-L50,2025-07-01,52182.03761482944,0.0,52182.03761482944,20964.420807091665,73146.4584219211,83425.02570462896,83425.02570462896,6129.910666666667,89554.93637129563,True,24032.417283950617,19466.258,43498.67528395062
0.95,0.5,CVaR95-L50,2025-07-02,55192.4551933417,0.0,55192.4551933417,7518.703038774993,62711.15823211669,87241.76587266577,87241.76587266577,2575.199366666665,89816.96523933244,True,23871.531995884772,19335.940916666666,43207.47291255144
0.95,0.5,CVaR95-L50,2025-07-03,54599.222831057166,0.0,54599.222831057166,10793.101617774995,65392.324448832165,87135.32763315177,87135.32763315177,2696.1819036693832,89831.50953682115,True,23577.855720154494,19098.06313332514,42675.918853479634
0.95,0.5,CVaR95-L50,2025-07-04,55719.77228635812,0.0,55719.77228635812,0.0,55719.77228635812,88435.99336348166,88435.99336348166,0.0,88435.99336348166,False,23871.531995884772,19335.940916666666,43207.47291255144
0.95,0.5,CVaR95-L50,2025-07-05,55719.77228635813,0.0,55719.77228635813,152.46790666666655,55872.240193024794,88436.9229000202,88436.9229000202,71.31333333333328,88508.23623335354,True,23871.531995884772,19335.940916666666,43207.47291255144
0.95,0.5,CVaR95-L50,2025-07-06,55719.77228635813,0.0,55719.77228635813,9496.728840058331,65216.501126416464,88432.08287013123,88432.08287013123,2434.825749999999,90866.90862013123,True,23871.531995884772,19335.940916666666,43207.47291255144
0.95,0.5,CVaR95-L50,2025-07-07,55219.12588782087,0.0,55219.12588782087,4580.556893358333,59799.6827811792,87692.11948896355,87692.11948896355,1541.122105039211,89233.24159400276,True,23540.251969816032,19067.60409555099,42607.85606536702
0.95,0.5,CVaR95-L50,2025-07-08,55219.48748723516,0.0,55219.48748723516,7456.094217241669,62675.58170447683,87697.87116918719,87697.87116918719,2027.853190657767,89725.72435984496,True,23538.811776511626,19066.437538974416,42605.24931548604
0.95,0.5,CVaR95-L50,2025-07-09,55415.42225399442,0.0,55415.42225399442,4376.89816738333,59792.32042137775,87964.39818306602,87964.39818306602,1156.9596999999985,89121.35788306601,True,23452.58841628961,18996.596617194587,42449.1850334842
0.95,0.5,CVaR95-L50,2025-07-10,55492.30452327445,0.0,55492.30452327445,4341.725389658333,59834.02991293278,88120.88839543567,88120.88839543567,1188.215266666667,89309.10366210234,True,23476.430112102338,19015.908390802895,42492.33850290523
0.95,0.5,CVaR95-L50,2025-07-11,55491.94027038144,0.0,55491.94027038144,0.0,55491.94027038144,88040.79053468944,88040.79053468944,0.0,88040.79053468944,False,23475.717049539686,19015.330810127147,42491.04785966683
0.95,0.5,CVaR95-L50,2025-07-12,55491.69730728155,0.0,55491.69730728155,0.0,55491.69730728155,88037.40436460183,88037.40436460183,0.0,88037.40436460183,False,23478.253198807855,19017.385091034364,42495.638289842216
0.95,0.5,CVaR95-L50,2025-07-13,55320.918705480726,0.0,55320.918705480726,3750.256920608333,59071.17562608906,87894.79620620659,87894.79620620659,835.1783833333328,88729.97458953992,True,23229.56413681647,18815.946950821344,42045.51108763782
0.95,0.5,CVaR95-L50,2025-07-14,55356.41893410725,0.0,55356.41893410725,3953.3801729916668,59309.799107098916,87925.86801149315,87925.86801149315,988.8181237659837,88914.68613525914,True,23213.228968592466,18802.715464559893,42015.944433152355
0.95,0.5,CVaR95-L50,2025-07-15,55462.15650237589,0.0,55462.15650237589,3698.4673786916687,59160.62388106756,88049.84717030486,88049.84717030486,1003.6452838348808,89053.49245413973,True,23236.150133603587,18821.281608218902,42057.43174182249
0.95,0.5,CVaR95-L50,2025-07-16,55540.27130863829,0.0,55540.27130863829,3909.5583871166623,59449.82969575495,88193.86353247573,88193.86353247573,1069.5781646562752,89263.441697132,True,23307.731704429367,18879.262680587784,42186.994385017155
0.95,0.5,CVaR95-L50,2025-07-17,55533.21457414469,0.0,55533.21457414469,3935.436332924998,59468.650907069685,88139.42914262676,88139.42914262676,1085.1356666666657,89224.56480929343,True,23358.08104660782,18920.04564775233,42278.12669436015
0.95,0.5,CVaR95-L50,2025-07-18,55673.62746530383,0.0,55673.62746530383,0.0,55673.62746530383,88342.5862874844,88342.5862874844,0.0,88342.5862874844,False,23443.4352998657,18989.18259289122,42432.61789275692
0.95,0.5,CVaR95-L50,2025-07-19,57135.711566872895,0.0,57135.711566872895,27.020756666666884,57162.73232353956,90229.6297607359,90229.6297607359,12.638333333333435,90242.26809406924,True,23723.414463275905,19215.965715253486,42939.38017852939
0.95,0.5,CVaR95-L50,2025-07-20,57142.791315737544,0.0,57142.791315737544,1030.9497448249995,58173.74106056254,90212.6392051351,90212.6392051351,232.47097874757367,90445.11018388267,True,23743.976666666662,19232.6211,42976.59776666666
0.95,0.5,CVaR95-L50,2025-07-21,57153.071205769185,0.0,57153.071205769185,1770.7752883416642,58923.84649411085,90219.86650861274,90219.86650861274,433.51004272934165,90653.37655134208,True,23721.728135858648,19214.599790045508,42936.32792590416
0.95,0.5,CVaR95-L50,2025-07-22,57128.37080855317,0.0,57128.37080855317,1712.6300537499976,58841.00086230317,90170.37182623698,90170.37182623698,479.8524466352687,90650.22427287225,True,23709.798459410416,19204.93675212244,42914.735211532854
0.95,0.5,CVaR95-L50,2025-07-23,57217.74370265499,0.0,57217.74370265499,1602.0957811500007,58819.839483804986,90307.41408796262,90307.41408796262,394.31841666666713,90701.73250462928,True,23743.976666666662,19232.621099999997,42976.59776666666
0.95,0.5,CVaR95-L50,2025-07-24,57227.065450299975,0.0,57227.065450299975,1897.5196971416683,59124.58514744164,90340.88694523618,90340.88694523618,459.96343333333334,90800.85037856952,True,23727.034337236124,19218.89781316126,42945.932150397384
0.95,0.5,CVaR95-L50,2025-07-25,57222.36204155798,0.0,57222.36204155798,0.0,57222.36204155798,90322.49619923193,90322.49619923193,0.0,90322.49619923193,False,23651.04038406722,19157.342711094447,42808.38309516167
0.95,0.5,CVaR95-L50,2025-07-26,55067.337652075854,0.0,55067.337652075854,0.0,55067.337652075854,87352.20299253243,87352.20299253243,0.0,87352.20299253243,False,22768.803588683128,18442.730906833334,41211.53449551646
0.95,0.5,CVaR95-L50,2025-07-27,55286.2595971042,0.0,55286.2595971042,2171.0389918749975,57457.2985889792,87623.74495075023,87623.74495075023,551.7544833333325,88175.49943408357,True,22746.243485802468,18424.4572235,41170.70070930247
0.95,0.5,CVaR95-L50,2025-07-28,55293.52751951721,0.0,55293.52751951721,4332.258329324999,59625.785848842206,87635.42673253018,87635.42673253018,1123.9818573536947,88759.40858988387,True,22753.939285802466,18430.6908215,41184.630107302466
0.95,0.5,CVaR95-L50,2025-07-29,55343.10562788534,0.0,55343.10562788534,2605.959506424996,57949.06513431034,87757.91871748937,87757.91871748937,748.9516812425422,88506.87039873192,True,22807.895735802467,18474.395546,41282.29128180246
0.95,0.5,CVaR95-L50,2025-07-30,55376.99214288891,0.0,55376.99214288891,1651.2444247083336,57028.23656759724,87800.00131898519,87800.00131898519,382.1462333333332,88182.14755231852,True,22807.895735802467,18474.395546,41282.29128180246
0.95,0.5,CVaR95-L50,2025-07-31,55268.93676973409,0.0,55268.93676973409,1078.8068039166678,56347.74357365076,87619.97801777857,87619.97801777857,281.52222817187015,87901.50024595045,True,22806.5172191358,18473.2789475,41279.7961666358
0.95,0.5,CVaR95-L50,2025-08-01,55148.6762824389,0.0,55148.6762824389,0.0,55148.6762824389,87397.80751737615,87397.80751737615,0.0,87397.80751737615,False,22807.895735802467,18474.395546,41282.29128180246
0.95,0.5,CVaR95-L50,2025-08-02,55567.98771113291,0.0,55567.98771113291,58.55982000000021,55626.547531132914,87849.92192305342,87849.92192305342,27.3900000000001,87877.31192305342,True,22807.895735802467,18474.395546,41282.29128180246
0.95,0.5,CVaR95-L50,2025-08-03,55546.25547677163,0.0,55546.25547677163,969.1569686000016,56515.41244537163,87805.55187921955,87805.55187921955,228.00858333333338,88033.56046255288,True,22807.895735802467,18474.395546,41282.29128180246
0.95,0.5,CVaR95-L50,2025-08-04,54339.868855026245,0.0,54339.868855026245,504.00795098333253,54843.876806009575,86023.52060838016,86023.52060838016,155.1786333333331,86178.69924171349,True,22789.370752469134,18459.3903095,41248.76106196913
0.95,0.5,CVaR95-L50,2025-08-05,54373.04150895472,0.0,54373.04150895472,363.25726710833453,54736.29877606305,86069.86283105107,86069.86283105107,109.30101666666701,86179.16384771773,True,22789.370752469134,18459.3903095,41248.76106196913
0.95,0.5,CVaR95-L50,2025-08-06,54373.6971913282,0.0,54373.6971913282,1153.6256490416677,55527.322840369874,86071.53578200942,86071.53578200942,300.5338833333335,86372.06966534276,True,22789.370752469134,18459.3903095,41248.76106196913
0.95,0.5,CVaR95-L50,2025-08-07,53002.2284725843,0.0,53002.2284725843,959.0407461083352,53961.269218692636,84297.46553338575,84297.46553338575,301.24951666666664,84598.71505005241,True,21929.43289755452,17762.840647019162,39692.27354457368
0.95,0.5,CVaR95-L50,2025-08-08,53017.88743051039,0.0,53017.88743051039,0.0,53017.88743051039,84300.09419793729,84300.09419793729,0.0,84300.09419793729,False,21965.334819341562,17791.921203666665,39757.25602300823
0.95,0.5,CVaR95-L50,2025-08-09,52661.29673793889,0.0,52661.29673793889,0.0,52661.29673793889,83904.63671546624,83904.63671546624,0.0,83904.63671546624,False,21898.301914599277,17737.624550825414,39635.926465424694
0.95,0.5,CVaR95-L50,2025-08-10,52607.386719329166,0.0,52607.386719329166,338.48958114999607,52945.87630047916,83815.1072102102,83815.1072102102,128.41212250058334,83943.51933271078,True,21877.429060193263,17720.717538756544,39598.14659894981
0.95,0.5,CVaR95-L50,2025-08-11,52624.54011500144,0.0,52624.54011500144,1019.1669056666677,53643.7070206681,83847.83084295195,83847.83084295195,285.2357333333337,84133.06657628529,True,21881.385647029856,17723.92237409418,39605.30802112404
0.95,0.5,CVaR95-L50,2025-08-12,52636.09466876884,0.0,52636.09466876884,1124.2004275166664,53760.29509628551,83855.68483800317,83855.68483800317,244.76993333333326,84100.4547713365,True,21889.398975720163,17730.413170333333,39619.8121460535
0.95,0.5,CVaR95-L50,2025-08-13,52717.30259603978,0.0,52717.30259603978,1332.9130187083342,54050.215614748115,83950.87470738942,83950.87470738942,339.73056666666696,84290.60527405608,True,21889.398975720163,17730.413170333333,39619.8121460535
0.95,0.5,CVaR95-L50,2025-08-14,52646.52164246215,0.0,52646.52164246215,1528.414847350006,54174.93648981215,83871.10784749033,83871.10784749033,339.19230576403135,84210.30015325437,True,21888.388709373805,17729.594854592782,39617.98356396658
0.95,0.5,CVaR95-L50,2025-08-15,52660.666567035645,0.0,52660.666567035645,0.0,52660.666567035645,83894.15494810995,83894.15494810995,0.0,83894.15494810995,False,21884.433117884902,17726.39082548677,39610.82394337167
0.95,0.5,CVaR95-L50,2025-08-16,52619.91594806397,0.0,52619.91594806397,0.0,52619.91594806397,83834.92952544709,83834.92952544709,0.0,83834.92952544709,False,21888.811465432096,17729.937287,39618.7487524321
0.95,0.5,CVaR95-L50,2025-08-17,52534.200521523824,0.0,52534.200521523824,1759.772264950001,54293.97278647382,83740.59840512584,83740.59840512584,347.60603333333336,84088.20443845917,True,21904.893431935656,17742.963679867884,39647.85711180354
0.95,0.5,CVaR95-L50,2025-08-18,52532.432416928896,0.0,52532.432416928896,1591.004542975003,54123.4369599039,83713.93486235017,83713.93486235017,367.38581882048254,84081.32068117065,True,21918.733852263373,17754.17442033333,39672.9082725967
0.95,0.5,CVaR95-L50,2025-08-19,52553.11787845128,0.0,52553.11787845128,1888.7348247083328,54441.85270315962,83739.99804578052,83739.99804578052,366.74618693100115,84106.74423271153,True,21918.457937214065,17753.950929143393,39672.40886635746
0.95,0.5,CVaR95-L50,2025-08-20,52563.81326482094,0.0,52563.81326482094,3664.3190887875026,56228.132353608446,83749.02722618749,83749.02722618749,812.7591070841136,84561.78633327161,True,21918.733852263373,17754.17442033333,39672.9082725967
0.95,0.5,CVaR95-L50,2025-08-21,52585.8818942677,0.0,52585.8818942677,1129.0230542388858,53714.90494850659,83749.25146186666,83749.25146186666,212.85145314121428,83962.10291500787,True,21909.50490772217,17746.69897525496,39656.20388297713
0.95,0.5,CVaR95-L50,2025-08-22,52565.74156674949,0.0,52565.74156674949,0.0,52565.74156674949,83730.19710648549,83730.19710648549,0.0,83730.19710648549,False,21907.836093020425,17745.347235346548,39653.18332836697
0.95,0.5,CVaR95-L50,2025-08-23,52543.86567238638,0.0,52543.86567238638,0.0,52543.86567238638,83639.51345491727,83639.51345491727,0.0,83639.51345491727,False,21848.62475483732,17697.38605141823,39546.01080625555
0.95,0.5,CVaR95-L50,2025-08-24,52481.57243342021,0.0,52481.57243342021,1872.2045154749965,54353.7769488952,83517.08512644614,83517.08512644614,356.19755324166283,83873.2826796878,True,21836.64856279536,17687.68533586424,39524.3338986596
0.95,0.5,CVaR95-L50,2025-08-25,52497.605291829925,0.0,52497.605291829925,2703.3510119166613,55200.956303746585,83565.09942713124,83565.09942713124,695.5380467762795,84260.63747390751,True,22144.075148012816,17936.700869890385,40080.776017903205
0.95,0.5,CVaR95-L50,2025-08-26,52603.63527242825,0.0,52603.63527242825,1012.9246305416677,53616.559902969915,83706.75016849709,83706.75016849709,209.45915846093862,83916.20932695804,True,22182.915307548752,17968.16139911449,40151.07670666324
0.95,0.5,CVaR95-L50,2025-08-27,52695.19537599619,0.0,52695.19537599619,1659.474820491668,54354.67019648786,83806.68306560119,83806.68306560119,391.34575000000024,84198.02881560118,True,22196.324921461302,17979.02318638366,40175.34810784496
0.95,0.5,CVaR95-L50,2025-08-28,52615.93735530222,0.0,52615.93735530222,3138.7204023999902,55754.65775770221,83629.60547073491,83629.60547073491,760.1748079857886,84389.7802787207,True,22104.487394077307,17904.634789202617,40009.12218327992
0.95,0.5,CVaR95-L50,2025-08-29,52014.862237799374,0.0,52014.862237799374,0.0,52014.862237799374,82716.20589020409,82716.20589020409,0.0,82716.20589020409,False,21840.946989718992,17691.167061672386,39532.11405139138
0.95,0.5,CVaR95-L50,2025-08-30,51488.64839758213,0.0,51488.64839758213,0.0,51488.64839758213,81836.70080359901,81836.70080359901,0.0,81836.70080359901,False,22031.39118943124,17845.42686343931,39876.81805287055
0.95,0.5,CVaR95-L50,2025-08-31,50801.44731859272,0.0,50801.44731859272,2186.456493650002,52987.90381224272,80715.78604849067,80715.78604849067,532.0281666666672,81247.81421515734,True,21849.356521103997,17697.978782094244,39547.33530319824
0.95,0.5,CVaR95-L50,2025-09-01,50023.33243105521,0.0,50023.33243105521,0.0,50023.33243105521,79565.72163631747,79565.72163631747,0.0,79565.72163631747,False,21994.82868312757,17815.811233333334,39810.6399164609
0.95,0.5,CVaR95-L50,2025-09-02,50023.33243105521,0.0,50023.33243105521,58.65303238333474,50081.98546343855,79565.67607161604,79565.67607161604,19.5088833333337,79585.18495494936,True,21994.82868312757,17815.811233333334,39810.6399164609
0.95,0.5,CVaR95-L50,2025-09-03,50030.16349368596,0.0,50030.16349368596,9.92630713333328,50040.089800819296,79574.98087905272,79574.98087905272,3.4780333333333147,79578.45891238605,True,21994.82868312757,17815.811233333334,39810.6399164609
0.95,0.5,CVaR95-L50,2025-09-04,50038.11397304117,0.0,50038.11397304117,116.00053335833347,50154.1145063995,79594.14491995884,79594.14491995884,26.436583333333374,79620.58150329217,True,21993.984024166726,17815.127059575047,39809.11108374177
0.95,0.5,CVaR95-L50,2025-09-05,50007.430415118295,0.0,50007.430415118295,0.0,50007.430415118295,79535.05675319252,79535.05675319252,0.0,79535.05675319252,False,21995.430003292182,17816.298302666666,39811.72830595885
0.95,0.5,CVaR95-L50,2025-09-06,49954.989542306546,0.0,49954.989542306546,0.0,49954.989542306546,79454.85109772689,79454.85109772689,0.0,79454.85109772689,False,21995.430003292182,17816.298302666666,39811.72830595885
0.95,0.5,CVaR95-L50,2025-09-07,50186.684323461595,0.0,50186.684323461595,12.446417849999882,50199.130741311594,79670.02660257962,79670.02660257962,6.052233333333277,79676.07883591295,True,21839.04923209876,17689.629878,39528.67911009876
0.95,0.5,CVaR95-L50,2025-09-08,50153.70560043912,0.0,50153.70560043912,496.12649046666627,50649.83209090579,79619.36160159566,79619.36160159566,140.7432833333332,79760.104884929,True,21839.04923209876,17689.629878,39528.67911009876
0.95,0.5,CVaR95-L50,2025-09-09,50153.70560043912,0.0,50153.70560043912,12.65264439999956,50166.35824483912,79619.48158584902,79619.48158584902,2.9421333333332313,79622.42371918235,True,21839.04923209876,17689.629878,39528.67911009876
0.95,0.5,CVaR95-L50,2025-09-10,50153.55584585245,0.0,50153.55584585245,2593.1726850166633,52746.728530869106,79619.38513591872,79619.38513591872,642.1658166666659,80261.55095258538,True,21839.04923209876,17689.629878,39528.67911009876
0.95,0.5,CVaR95-L50,2025-09-11,50153.73957044219,0.0,50153.73957044219,64.16992876666637,50217.90949920885,79621.27964145935,79621.27964145935,17.07298333333324,79638.35262479268,True,21839.04923209876,17689.629878,39528.67911009876
0.95,0.5,CVaR95-L50,2025-09-12,50104.70206378984,0.0,50104.70206378984,0.0,50104.70206378984,79557.37383374621,79557.37383374621,0.0,79557.37383374621,False,21839.04923209876,17689.629878,39528.67911009876
0.95,0.5,CVaR95-L50,2025-09-13,50101.79235085449,0.0,50101.79235085449,0.0,50101.79235085449,79489.25091327955,79489.25091327955,0.0,79489.25091327955,False,21839.04923209876,17689.629878,39528.67911009876
0.95,0.5,CVaR95-L50,2025-09-14,50099.057916369515,0.0,50099.057916369515,537.2949027500006,50636.352819119515,79466.35038683965,79466.35038683965,147.74818333333354,79614.09857017298,True,21839.04923209876,17689.629878,39528.67911009876
0.95,0.5,CVaR95-L50,2025-09-15,50097.57664244497,0.0,50097.57664244497,2452.790369950004,52550.36701239497,79470.31115926354,79470.31115926354,605.0401469302335,80075.35130619377,True,21839.04923209876,17689.629878,39528.67911009876
0.95,0.5,CVaR95-L50,2025-09-16,50108.84068928424,0.0,50108.84068928424,588.7604920833334,50697.60118136757,79481.5823429742,79481.5823429742,143.68700000000004,79625.2693429742,True,21839.04923209876,17689.629878,39528.67911009876
0.95,0.5,CVaR95-L50,2025-09-17,50108.74418198424,0.0,50108.74418198424,1085.36307674167,51194.10725872591,79476.14358356221,79476.14358356221,251.28018670821956,79727.42377027043,True,21839.04923209876,17689.629878000003,39528.67911009876
0.95,0.5,CVaR95-L50,2025-09-18,50110.94654374424,0.0,50110.94654374424,939.2571413833346,51050.20368512758,79438.60157756848,79438.60157756848,213.29225000000025,79651.89382756848,True,21839.04923209876,17689.629878000003,39528.67911009876
0.95,0.5,CVaR95-L50,2025-09-19,50050.648509253086,0.0,50050.648509253086,0.0,50050.648509253086,79366.55582215186,79366.55582215186,0.0,79366.55582215186,False,21839.04923209876,17689.629878000003,39528.67911009876
0.95,0.5,CVaR95-L50,2025-09-20,50109.66505534258,0.0,50109.66505534258,0.0,50109.66505534258,79362.90468366038,79362.90468366038,0.0,79362.90468366038,False,21839.04923209876,17689.629878,39528.67911009876
0.95,0.5,CVaR95-L50,2025-09-21,49585.096235026445,0.0,49585.096235026445,1653.7960330166661,51238.89226804311,78608.50864520244,78608.50864520244,435.50118112750977,79044.00982632994,True,21854.268465432095,17701.957457,39556.225922432095
0.95,0.5,CVaR95-L50,2025-09-22,49740.26402546477,0.0,49740.26402546477,2401.2553791666624,52141.519404631435,78820.16569090533,78820.16569090533,543.5604586381544,79363.72614954348,True,21854.268465432095,17701.957457,39556.225922432095
0.95,0.5,CVaR95-L50,2025-09-23,49719.17169891381,0.0,49719.17169891381,3034.954545974993,52754.1262448888,78782.97615977938,78782.97615977938,741.3663370324582,79524.34249681185,True,21854.268465432095,17701.957456999997,39556.22592243209
0.95,0.5,CVaR95-L50,2025-09-24,49721.360031711774,0.0,49721.360031711774,5371.863918708338,55093.22395042011,78798.57138618287,78798.57138618287,1206.3566191875816,80004.92800537046,True,21854.268465432095,17701.957457,39556.225922432095
0.95,0.5,CVaR95-L50,2025-09-25,50374.01107437245,0.0,50374.01107437245,1595.9778591000004,51969.98893347245,79567.5249943635,79567.5249943635,393.31948333333344,79960.84447769684,True,21854.268465432095,17701.957456999997,39556.22592243209
0.95,0.5,CVaR95-L50,2025-09-26,48813.10814279403,0.0,48813.10814279403,0.0,48813.10814279403,77321.48763974258,77321.48763974258,0.0,77321.48763974258,False,21958.339197530862,17786.25475,39744.59394753086
0.95,0.5,CVaR95-L50,2025-09-27,48617.79147245655,0.0,48617.79147245655,0.0,48617.79147245655,76844.74281201832,76844.74281201832,0.0,76844.74281201832,False,21958.339197530862,17786.25475,39744.59394753086
0.95,0.5,CVaR95-L50,2025-09-28,47908.68833250681,0.0,47908.68833250681,5819.807269025003,53728.49560153182,75724.23860341315,75724.23860341315,1345.8101608193551,77070.0487642325,True,21651.12450617284,17537.41085,39188.53535617284
0.95,0.5,CVaR95-L50,2025-09-29,47431.57812445907,0.0,47431.57812445907,2835.6746231000016,50267.25274755907,74687.11213117078,74687.11213117078,691.6146333333337,75378.72676450411,True,21718.92934156378,17592.332766666666,39311.26210823045
0.95,0.5,CVaR95-L50,2025-09-30,47577.91303390238,0.0,47577.91303390238,9058.908964340228,56636.82199824261,74914.79375104335,74914.79375104335,2069.267460215432,76984.06121125878,True,21718.92934156378,17592.332766666666,39311.26210823045
0.95,0.5,CVaR95-L50,2025-10-01,48846.4620203309,0.0,48846.4620203309,194.41199518333406,49040.87401551424,76787.06122846539,76787.06122846539,45.79850000000022,76832.8597284654,True,22094.778117283953,17896.770274999995,39991.54839228395
0.95,0.5,CVaR95-L50,2025-10-02,44533.908607232166,0.0,44533.908607232166,339.15929170833283,44873.0678989405,71510.76441937187,71510.76441937187,117.35653333333312,71628.12095270521,True,22094.778117283953,17896.770275,39991.54839228395
0.95,0.5,CVaR95-L50,2025-10-03,44493.320168420054,0.0,44493.320168420054,0.0,44493.320168420054,71452.10381975867,71452.10381975867,0.0,71452.10381975867,False,22094.778117283953,17896.770274999995,39991.54839228395
0.95,0.5,CVaR95-L50,2025-10-04,44446.78123084517,0.0,44446.78123084517,0.0,44446.78123084517,71393.62512031793,71393.62512031793,0.0,71393.62512031793,False,22094.778117283953,17896.770275000003,39991.548392283956
0.95,0.5,CVaR95-L50,2025-10-05,44418.32606185175,0.0,44418.32606185175,585.9442230833331,45004.27028493508,71373.37325853074,71373.37325853074,170.41895,71543.79220853075,True,22094.778117283953,17896.770275000003,39991.548392283956
0.95,0.5,CVaR95-L50,2025-10-06,44360.455270164384,0.0,44360.455270164384,786.5816712583337,45147.03694142272,71315.34176840163,71315.34176840163,219.64825000000002,71534.99001840163,True,22099.398117283956,17900.512475000003,39999.91059228396
0.95,0.5,CVaR95-L50,2025-10-07,44402.61874563109,0.0,44402.61874563109,544.601411291665,44947.220156922755,71374.88972359619,71374.88972359619,169.05605115323095,71543.94577474942,True,22099.398117283956,17900.512475,39999.91059228395
0.95,0.5,CVaR95-L50,2025-10-08,44426.921981503205,0.0,44426.921981503205,2013.1985283374988,46440.1205098407,71410.49602768126,71410.49602768126,558.3429925713419,71968.8390202526,True,22099.398117283956,17900.512474999996,39999.91059228395
0.95,0.5,CVaR95-L50,2025-10-09,44431.5369447963,0.0,44431.5369447963,1418.361551283328,45849.89849607963,71413.07110024057,71413.07110024057,364.58312691547076,71777.65422715605,True,22099.398117283956,17900.512474999996,39999.91059228395
0.95,0.5,CVaR95-L50,2025-10-10,44452.02372932671,0.0,44452.02372932671,0.0,44452.02372932671,71433.90503516071,71433.90503516071,0.0,71433.90503516071,False,22099.398117283956,17900.512475,39999.91059228395
0.95,0.5,CVaR95-L50,2025-10-11,44430.58216792515,0.0,44430.58216792515,0.0,44430.58216792515,71404.72251821835,71404.72251821835,0.0,71404.72251821835,False,22099.398117283956,17900.512475,39999.91059228395
0.95,0.5,CVaR95-L50,2025-10-12,44308.119003744614,0.0,44308.119003744614,1515.7746482999992,45823.893652044615,71227.9876302428,71227.9876302428,394.1041999999998,71622.0918302428,True,22094.778117283953,17896.770274999995,39991.54839228395
0.95,0.5,CVaR95-L50,2025-10-13,44301.06099713176,0.0,44301.06099713176,962.6953275750002,45263.75632470676,71211.00915975179,71211.00915975179,237.22115000000008,71448.23030975179,True,22094.778117283953,17896.770274999995,39991.54839228395
0.95,0.5,CVaR95-L50,2025-10-14,44307.72904039048,0.0,44307.72904039048,3730.2316708666754,48037.960711257154,71225.73122673573,71225.73122673573,854.8201514192428,72080.55137815498,True,22094.778117283953,17896.770274999995,39991.54839228395
0.95,0.5,CVaR95-L50,2025-10-15,44299.640540410706,0.0,44299.640540410706,2414.670734399999,46714.31127481071,71167.04540702427,71167.04540702427,664.4839333333331,71831.5293403576,True,22055.728312757205,17865.139933333332,39920.86824609054
0.95,0.5,CVaR95-L50,2025-10-16,44306.12961341438,0.0,44306.12961341438,6802.757995141661,51108.88760855604,71180.7225966439,71180.7225966439,1679.0358112760196,72859.75840791992,True,22055.7283127572,17865.139933333332,39920.86824609053
0.95,0.5,CVaR95-L50,2025-10-17,44878.84192683401,0.0,44878.84192683401,0.0,44878.84192683401,71922.54898919092,71922.54898919092,0.0,71922.54898919092,False,22145.22475308642,17937.632049999997,40082.85680308641
0.95,0.5,CVaR95-L50,2025-10-18,44518.168450179415,0.0,44518.168450179415,0.0,44518.168450179415,71415.55740553778,71415.55740553778,0.0,71415.55740553778,False,22145.22475308641,17937.63205,40082.85680308641
0.95,0.5,CVaR95-L50,2025-10-19,44448.27744941358,0.0,44448.27744941358,5941.151685983334,50389.42913539692,71315.1322684247,71315.1322684247,1469.4802397331848,72784.61250815788,True,22145.22475308642,17937.632049999997,40082.85680308641
0.95,0.5,CVaR95-L50,2025-10-20,44778.72974507282,0.0,44778.72974507282,7237.070317091666,52015.80006216449,71779.05650006117,71779.05650006117,1581.122371312812,73360.17887137398,True,22362.006049382715,18113.224899999997,40475.23094938271
0.95,0.5,CVaR95-L50,2025-10-21,44733.464615138146,0.0,44733.464615138146,7701.6975432499985,52435.16215838814,71743.93751586202,71743.93751586202,2340.192984149582,74084.13050001161,True,22258.40211849402,18029.305715980154,40287.707834474175
0.95,0.5,CVaR95-L50,2025-10-22,45466.83088526901,0.0,45466.83088526901,7192.907292066664,52659.738177335676,72843.29903402488,72843.29903402488,1758.9530957994493,74602.25212982432,True,22330.14123688535,18087.414401877133,40417.55563876248
0.95,0.5,CVaR95-L50,2025-10-23,45646.3092903684,0.0,45646.3092903684,1510.5120890083435,47156.82137937674,73136.30873498468,73136.30873498468,441.08558386082694,73577.3943188455,True,22566.29763309362,18278.70108280584,40844.99871589946
0.95,0.5,CVaR95-L50,2025-10-24,45715.3682346743,0.0,45715.3682346743,0.0,45715.3682346743,73217.78906766613,73217.78906766613,0.0,73217.78906766613,False,22603.641056239543,18308.949255554035,40912.59031179358
0.95,0.5,CVaR95-L50,2025-10-25,45483.401419061396,0.0,45483.401419061396,0.0,45483.401419061396,73025.84738782956,73025.84738782956,0.0,73025.84738782956,False,22478.860808901623,18207.87725521032,40686.73806411194
0.95,0.5,CVaR95-L50,2025-10-26,45415.94157330642,0.0,45415.94157330642,2251.226401783334,47667.16797508976,72967.7982827569,72967.7982827569,651.5405166666667,73619.33879942357,True,22442.75771330618,18178.633747778003,40621.39146108418
0.95,0.5,CVaR95-L50,2025-10-27,45415.0041229529,0.0,45415.0041229529,5490.608023475002,50905.612146427906,72925.11889674382,72925.11889674382,1363.0458500000004,74288.16474674382,True,22541.24890115653,18258.411609936793,40799.66051109332
0.95,0.5,CVaR95-L50,2025-10-28,45449.97895322755,0.0,45449.97895322755,6260.270843533324,51710.24979676088,72931.02939270457,72931.02939270457,1543.196427009945,74474.22581971451,True,22562.768621399176,18275.84258333333,40838.61120473251
0.95,0.5,CVaR95-L50,2025-10-29,45836.580349028234,0.0,45836.580349028234,10762.693797991655,56599.27414701989,73400.74033899253,73400.74033899253,2921.8922171328322,76322.63255612536,True,22533.010300737504,18251.73834359738,40784.74864433488
0.95,0.5,CVaR95-L50,2025-10-30,47126.81052997068,0.0,47126.81052997068,2457.8395846083313,49584.65011457901,75356.24418482749,75356.24418482749,590.3763499999995,75946.6205348275,True,23183.714938271605,18778.8091,41962.5240382716
0.95,0.5,CVaR95-L50,2025-10-31,47555.114906405644,0.0,47555.114906405644,0.0,47555.114906405644,75726.12536167618,75726.12536167618,0.0,75726.12536167618,False,23227.79541095956,18814.514282877244,42042.3096938368
0.95,0.5,CVaR95-L50,2025-11-01,45988.19376962751,0.0,45988.19376962751,0.0,45988.19376962751,74376.97075296941,74376.97075296941,0.0,74376.97075296941,False,23243.49364197531,18827.22985,42070.72349197531
0.95,0.5,CVaR95-L50,2025-11-02,45980.45178556847,0.0,45980.45178556847,4694.013569391664,50674.465354960135,74359.51594388101,74359.51594388101,1225.3810405741028,75584.89698445512,True,23243.49364197531,18827.22985,42070.72349197531
0.95,0.5,CVaR95-L50,2025-11-03,46629.868813767855,0.0,46629.868813767855,4406.893043358332,51036.761857126185,75273.48571754235,75273.48571754235,1527.4130596379514,76800.89877718031,True,23350.609032921813,18913.993316666667,42264.60234958848
0.95,0.5,CVaR95-L50,2025-11-04,46627.25358495051,0.0,46627.25358495051,2245.602934016663,48872.85651896717,75525.31342363075,75525.31342363075,580.1448791109963,76105.45830274175,True,23255.536543209877,18836.9846,42092.52114320987
0.95,0.5,CVaR95-L50,2025-11-05,46697.13711098267,0.0,46697.13711098267,4295.581013841668,50992.71812482434,75611.00231241007,75611.00231241007,1077.7218616899227,76688.72417409999,True,23255.53654320988,18836.9846,42092.52114320988
0.95,0.5,CVaR95-L50,2025-11-06,46870.07273125722,0.0,46870.07273125722,9881.144736808325,56751.217468065544,75832.84796877159,75832.84796877159,2317.7185614929926,78150.56653026458,True,23353.08109053498,18915.995683333334,42269.07677386831
0.95,0.5,CVaR95-L50,2025-11-07,48125.52634343939,0.0,48125.52634343939,0.0,48125.52634343939,77390.46173951647,77390.46173951647,0.0,77390.46173951647,False,23293.634242363463,18867.843736314404,42161.47797867787
0.95,0.5,CVaR95-L50,2025-11-08,48122.98973408062,0.0,48122.98973408062,0.0,48122.98973408062,77377.05178272436,77377.05178272436,0.0,77377.05178272436,False,23293.03146253877,18867.3554846564,42160.38694719517
0.95,0.5,CVaR95-L50,2025-11-09,48098.03566358046,0.0,48098.03566358046,5566.820486274997,53664.856149855455,77348.12533768709,77348.12533768709,1446.798708673165,78794.92404636025,True,23281.59522751211,18858.09213428481,42139.68736179692
0.95,0.5,CVaR95-L50,2025-11-10,48848.616832340005,0.0,48848.616832340005,6454.582634658332,55303.19946699834,78372.43371737123,78372.43371737123,1899.8534494895641,80272.28716686078,True,23376.492583333333,18934.958992499996,42311.45157583333
0.95,0.5,CVaR95-L50,2025-11-11,49360.066230245146,0.0,49360.066230245146,1681.5105268499988,51041.57675709514,79183.53091116797,79183.53091116797,442.02089999999987,79625.55181116797,True,23325.280816666665,18893.4774615,42218.758278166664
0.95,0.5,CVaR95-L50,2025-11-12,49373.85632894137,0.0,49373.85632894137,2152.710446349998,51526.56677529137,79188.95783457093,79188.95783457093,473.1511666666661,79662.1090012376,True,23327.907333333333,18895.604939999997,42223.51227333333
0.95,0.5,CVaR95-L50,2025-11-13,49373.83863297997,0.0,49373.83863297997,4376.103540758332,53749.9421737383,79149.14354683761,79149.14354683761,1162.4014999999995,80311.54504683761,True,23325.280816666665,18893.4774615,42218.758278166664
0.95,0.5,CVaR95-L50,2025-11-14,49928.22895846676,0.0,49928.22895846676,0.0,49928.22895846676,79888.08087865425,79888.08087865425,0.0,79888.08087865425,False,23355.897414197527,18918.276905500003,42274.17431969753
0.95,0.5,CVaR95-L50,2025-11-15,49928.08346507044,0.0,49928.08346507044,0.0,49928.08346507044,79881.44359725155,79881.44359725155,0.0,79881.44359725155,False,23355.897414197527,18918.276905500003,42274.17431969753
0.95,0.5,CVaR95-L50,2025-11-16,49916.68704466945,0.0,49916.68704466945,7069.356255591674,56986.043300261124,79865.69261213747,79865.69261213747,1809.4000124136455,81675.09262455112,True,23355.897414197527,18918.2769055,42274.17431969753
0.95,0.5,CVaR95-L50,2025-11-17,50471.28355578999,0.0,50471.28355578999,2176.0680352083255,52647.35159099831,80493.6115705733,80493.6115705733,545.7790491973511,81039.39061977065,True,23357.218967078188,18919.347363333334,42276.56633041152
0.95,0.5,CVaR95-L50,2025-11-18,50435.76945127788,0.0,50435.76945127788,5564.001640583335,55999.77109186122,80485.9148220965,80485.9148220965,1592.014085077985,82077.92890717449,True,23278.379249999998,18855.487192499997,42133.866442499995
0.95,0.5,CVaR95-L50,2025-11-19,50981.733670222355,0.0,50981.733670222355,3707.749397533331,54689.48306775569,81375.40983083277,81375.40983083277,940.2787477370159,82315.68857856978,True,23545.977839506173,19072.24205,42618.219889506174
0.95,0.5,CVaR95-L50,2025-11-20,51090.922051479036,0.0,51090.922051479036,3535.1227838000023,54626.04483527904,81555.14690960056,81555.14690960056,879.5519000000004,82434.69880960057,True,23545.511913580245,19071.86465,42617.37656358024
0.95,0.5,CVaR95-L50,2025-11-21,51312.29852208217,0.0,51312.29852208217,0.0,51312.29852208217,81820.01042590966,81820.01042590966,0.0,81820.01042590966,False,23571.05639917696,19092.555683333332,42663.61208251029
0.95,0.5,CVaR95-L50,2025-11-22,51308.15413911401,0.0,51308.15413911401,0.0,51308.15413911401,81812.64953960349,81812.64953960349,0.0,81812.64953960349,False,23572.599993548618,19093.80599477438,42666.40598832299
0.95,0.5,CVaR95-L50,2025-11-23,51301.73917461363,0.0,51301.73917461363,6202.514466125002,57504.25364073863,81803.13962061514,81803.13962061514,1505.9994204958266,83309.13904111096,True,23571.05639917696,19092.555683333332,42663.61208251029
0.95,0.5,CVaR95-L50,2025-11-24,51967.61531314744,0.0,51967.61531314744,2549.065146591666,54516.68045973911,82664.8645269002,82664.8645269002,677.5382269731834,83342.40275387338,True,23871.34560703308,19335.789941696792,43207.13554872987
0.95,0.5,CVaR95-L50,2025-11-25,52134.93094249475,0.0,52134.93094249475,3159.6019118333356,55294.532854328085,82883.5160407253,82883.5160407253,825.0873419830417,83708.60338270834,True,23875.728779630474,19339.34031150068,43215.069091131154
0.95,0.5,CVaR95-L50,2025-11-26,51963.09581550208,0.0,51963.09581550208,4239.004348908334,56202.10016441041,82600.01677496503,82600.01677496503,1206.244242905716,83806.26101787074,True,23757.369938271604,19243.46965,43000.8395882716
0.95,0.5,CVaR95-L50,2025-11-27,52330.33065168378,0.0,52330.33065168378,3308.377796233337,55638.70844791712,83156.4250722074,83156.4250722074,807.2556308035364,83963.68070301095,True,23845.90897968913,19315.1862735482,43161.095253237334
0.95,0.5,CVaR95-L50,2025-11-28,52398.847240535266,0.0,52398.847240535266,0.0,52398.847240535266,83233.40864091703,83233.40864091703,0.0,83233.40864091703,False,23987.34487973244,19429.74935258328,43417.09423231572
0.95,0.5,CVaR95-L50,2025-11-29,52391.259812129676,0.0,52391.259812129676,0.0,52391.259812129676,83222.46747614621,83222.46747614621,0.0,83222.46747614621,False,23986.543186120296,19429.09998075744,43415.64316687774
0.95,0.5,CVaR95-L50,2025-11-30,52356.7613421275,0.0,52356.7613421275,10652.323318383333,63009.08466051084,83164.32439550685,83164.32439550685,3000.143533059823,86164.46792856666,True,23975.368241281016,19420.048275437624,43395.416516718644
0.95,0.5,CVaR95-L50,2025-12-01,54131.39108516062,0.0,54131.39108516062,23112.690023208335,77244.08110836896,85699.40880557215,85699.40880557215,6227.214601186914,91926.62340675907,True,24760.15905349794,20055.728833333327,44815.88788683127
0.95,0.5,CVaR95-L50,2025-12-02,58261.818961125,0.0,58261.818961125,11678.00550124167,69939.82446236667,91308.20104256476,91308.20104256476,3279.694878527036,94587.8959210918,True,24833.333333333332,20115.0,44948.33333333333
0.95,0.5,CVaR95-L50,2025-12-03,60366.09551945863,0.0,60366.09551945863,4321.107102508338,64687.202621966964,94243.81952940415,94243.81952940415,1494.3789393613358,95738.19846876549,True,24982.954176954736,20236.192883333333,45219.14706028807
0.95,0.5,CVaR95-L50,2025-12-04,60315.37218774705,0.0,60315.37218774705,4766.326828550001,65081.699016297054,94084.11790657551,94084.11790657551,1257.3643333333332,95341.48223990884,True,25121.638353909464,20348.52706666667,45470.16542057613
0.95,0.5,CVaR95-L50,2025-12-05,59697.74947025096,0.0,59697.74947025096,0.0,59697.74947025096,93461.2771996004,93461.2771996004,0.0,93461.2771996004,False,25083.418847736626,20317.569266666665,45400.98811440329
0.95,0.5,CVaR95-L50,2025-12-06,59697.2180640422,0.0,59697.2180640422,0.0,59697.2180640422,93460.70533063183,93460.70533063183,0.0,93460.70533063183,False,25083.418847736626,20317.569266666665,45400.98811440329
0.95,0.5,CVaR95-L50,2025-12-07,59697.2180640422,0.0,59697.2180640422,4943.789058625001,64641.0071226672,93460.70533063183,93460.70533063183,1310.4052600393707,94771.1105906712,True,25083.418847736626,20317.569266666665,45400.98811440329
0.95,0.5,CVaR95-L50,2025-12-08,59986.89509679819,0.0,59986.89509679819,4877.632959750003,64864.52805654819,93881.0647423887,93881.0647423887,1376.6885056908345,95257.75324807953,True,25077.11016637398,20312.459234762926,45389.569401136905
0.95,0.5,CVaR95-L50,2025-12-09,60145.50570085793,0.0,60145.50570085793,4741.539147466669,64887.0448483246,94127.99410370423,94127.99410370423,1068.1249330678538,95196.11903677208,True,25071.21282371862,20307.68238721208,45378.8952109307
0.95,0.5,CVaR95-L50,2025-12-10,60444.73621264503,0.0,60444.73621264503,5234.010748016672,65678.74696066171,94456.90360474562,94456.90360474562,1549.996233982621,96006.89983872823,True,25217.184341563785,20425.919316666666,45643.10365823045
0.95,0.5,CVaR95-L50,2025-12-11,60602.22820768932,0.0,60602.22820768932,1363.110488791665,61965.33869648098,94790.48946142063,94790.48946142063,464.21653051381986,95254.70599193445,True,25166.228209876543,20384.64485,45550.87305987654
0.95,0.5,CVaR95-L50,2025-12-12,60640.16682330931,0.0,60640.16682330931,0.0,60640.16682330931,94844.03601390775,94844.03601390775,0.0,94844.03601390775,False,25166.228209876543,20384.64485,45550.87305987654
0.95,0.5,CVaR95-L50,2025-12-13,60635.97032231932,0.0,60635.97032231932,0.0,60635.97032231932,94841.22102679487,94841.22102679487,0.0,94841.22102679487,False,25166.228209876543,20384.644850000004,45550.87305987655
0.95,0.5,CVaR95-L50,2025-12-14,60635.70833958845,0.0,60635.70833958845,3619.009678249995,64254.718017838444,94841.04362077487,94841.04362077487,1010.3399753272471,95851.38359610213,True,25166.228209876543,20384.644850000004,45550.87305987655
0.95,0.5,CVaR95-L50,2025-12-15,60706.83239600605,0.0,60706.83239600605,5071.622013069451,65778.45440907551,94867.88346323042,94867.88346323042,1615.3014802515831,96483.184943482,True,25187.07855384177,20401.533628611836,45588.61218245361
0.95,0.5,CVaR95-L50,2025-12-16,60914.764436772806,0.0,60914.764436772806,3728.1009493833308,64642.86538615614,95291.17520017861,95291.17520017861,1069.2128672504064,96360.38806742901,True,25165.482037037036,20384.04045,45549.52248703704
0.95,0.5,CVaR95-L50,2025-12-17,61067.648479211755,0.0,61067.648479211755,1807.2804847166653,62874.92896392842,95569.5440436246,95569.5440436246,558.3621863065622,96127.90622993116,True,25162.771106000633,20381.84459586051,45544.61570186114
0.95,0.5,CVaR95-L50,2025-12-18,61114.81079623421,0.0,61114.81079623421,2134.4363770333384,63249.24717326755,95647.92007758256,95647.92007758256,641.0214223832915,96288.94149996585,True,25163.70942725994,20382.604636080552,45546.31406334049
0.95,0.5,CVaR95-L50,2025-12-19,61175.39841340159,0.0,61175.39841340159,0.0,61175.39841340159,95709.68278676747,95709.68278676747,0.0,95709.68278676747,False,25175.092119341563,20391.824616666665,45566.91673600823
0.95,0.5,CVaR95-L50,2025-12-20,61172.686852497645,0.0,61172.686852497645,0.0,61172.686852497645,95707.24958145162,95707.24958145162,0.0,95707.24958145162,False,25175.092119341563,20391.82461666667,45566.916736008236
0.95,0.5,CVaR95-L50,2025-12-21,61162.19797842298,0.0,61162.19797842298,3745.6767442333353,64907.874722656314,95698.1434573978,95698.1434573978,1152.1854387296712,96850.32889612748,True,25175.092119341563,20391.824616666672,45566.916736008236
0.95,0.5,CVaR95-L50,2025-12-22,61182.64970407698,0.0,61182.64970407698,2768.267236100004,63950.91694017699,95728.84964744601,95728.84964744601,736.6462666666675,96465.49591411267,True,25136.532962962963,20360.5917,45497.12466296296
0.95,0.5,CVaR95-L50,2025-12-23,61308.27896440139,0.0,61308.27896440139,919.4919890250054,62227.77095342639,95893.94928549044,95893.94928549044,227.31614607487097,96121.2654315653,True,25162.678311070402,20381.769431967026,45544.447743037425
0.95,0.5,CVaR95-L50,2025-12-24,61323.724404237786,0.0,61323.724404237786,2153.16687836666,63476.89128260445,95911.55805309222,95911.55805309222,552.6883280195573,96464.24638111178,True,25164.18682194424,20382.991325774838,45547.17814771908
0.95,0.5,CVaR95-L50,2025-12-25,61345.080954826255,0.0,61345.080954826255,1824.6732627583388,63169.754217584596,95931.99169790384,95931.99169790384,579.1604626675478,96511.1521605714,True,25175.262823521713,20391.96288705259,45567.225710574305
0.95,0.5,CVaR95-L50,2025-12-26,61360.70614036129,0.0,61360.70614036129,0.0,61360.70614036129,95965.72498944815,95965.72498944815,0.0,95965.72498944815,False,25175.720837186473,20392.333878121044,45568.05471530752
0.95,0.5,CVaR95-L50,2025-12-27,61363.89444343593,0.0,61363.89444343593,0.0,61363.89444343593,95970.91951278943,95970.91951278943,0.0,95970.91951278943,False,25177.27596869206,20393.59353464057,45570.86950333264
0.95,0.5,CVaR95-L50,2025-12-28,61363.89444343593,0.0,61363.89444343593,1284.367941354164,62648.26238479009,95970.91951278943,95970.91951278943,311.86337802839853,96282.78289081783,True,25177.27596869206,20393.59353464057,45570.86950333264
0.95,0.5,CVaR95-L50,2025-12-29,61389.78712323998,0.0,61389.78712323998,1650.674984891668,63040.46210813164,96014.45913982653,96014.45913982653,482.4640087106095,96496.92314853714,True,25173.23291105686,20390.318657956057,45563.55156901292
0.95,0.5,CVaR95-L50,2025-12-30,61416.824448624226,0.0,61416.824448624226,874.2860835333383,62291.11053215757,96065.36624056842,96065.36624056842,200.06030339344898,96265.42654396186,True,25179.24326068173,20395.187041152203,45574.430301833934
0.95,0.5,CVaR95-L50,2025-12-31,61443.3237618392,0.0,61443.3237618392,2172.353179716665,63615.67694155587,96100.8608353516,96100.8608353516,610.5065499999997,96711.36738535161,True,25188.638927500935,20402.797531275763,45591.4364587767
0.95,0.75,CVaR95-L75,2025-02-01,63925.14938490439,0.0,63925.14938490439,0.0,63925.14938490439,99626.84629071623,99626.84629071623,0.0,99626.84629071623,False,25541.856934156378,20688.904116666665,46230.76105082304
0.95,0.75,CVaR95-L75,2025-02-02,63989.977324438645,0.0,63989.977324438645,38.11992183333346,64028.09724627198,99680.85290704781,99680.85290704781,7.448499999999967,99688.30140704781,True,25537.592714441937,20685.45009869797,46223.04281313991
0.95,0.75,CVaR95-L75,2025-02-03,63620.286768702135,0.0,63620.286768702135,9.845041237501288,63630.13180993964,99176.27971565104,99176.27971565104,4.511934572640371,99180.79165022368,True,25538.827860082303,20686.450566666666,46225.27842674897
0.95,0.75,CVaR95-L75,2025-02-04,63620.286768702135,0.0,63620.286768702135,155.82941163333373,63776.11618033547,99180.79798696013,99180.79798696013,54.53218333333348,99235.33017029346,True,25538.827860082303,20686.450566666666,46225.27842674897
0.95,0.75,CVaR95-L75,2025-02-05,63620.74904490297,0.0,63620.74904490297,75.79150387500029,63696.54054877797,99178.28303291349,99178.28303291349,12.067750000000046,99190.35078291349,True,25538.827860082303,20686.450566666666,46225.27842674897
0.95,0.75,CVaR95-L75,2025-02-06,63752.19131378969,0.0,63752.19131378969,15.003368333332702,63767.19468212302,99317.6546855933,99317.6546855933,2.2283333333332394,99319.88301892663,True,25553.252242798353,20698.134316666667,46251.38655946502
0.95,0.75,CVaR95-L75,2025-02-07,63389.70653718166,0.0,63389.70653718166,0.0,63389.70653718166,98876.35564988178,98876.35564988178,0.0,98876.35564988178,False,25550.139588477366,20695.61306666667,46245.75265514404
0.95,0.75,CVaR95-L75,2025-02-08,62746.05229410014,0.0,62746.05229410014,0.0,62746.05229410014,97884.20953524753,97884.20953524753,0.0,97884.20953524753,False,25400.527098765433,20574.42695,45974.95404876543
0.95,0.75,CVaR95-L75,2025-02-09,63055.01735835529,0.0,63055.01735835529,47.59800583333364,63102.61536418863,98397.25845086425,98397.25845086425,19.59833333333347,98416.85678419757,True,25424.441152263375,20593.797333333336,46018.23848559671
0.95,0.75,CVaR95-L75,2025-02-10,62534.65361335574,0.0,62534.65361335574,0.0,62534.65361335574,97629.2678419049,97629.2678419049,0.0,97629.2678419049,False,25344.111355605964,20528.730198040834,45872.841553646795
0.95,0.75,CVaR95-L75,2025-02-11,62534.65361335573,0.0,62534.65361335573,0.0,62534.65361335573,97629.3283790148,97629.3283790148,0.0,97629.3283790148,False,25344.111355605964,20528.730198040834,45872.841553646795
0.95,0.75,CVaR95-L75,2025-02-12,62534.151412613115,0.0,62534.151412613115,0.0,62534.151412613115,97625.21687729543,97625.21687729543,0.0,97625.21687729543,False,25347.97485431057,20531.859631991563,45879.834486302134
0.95,0.75,CVaR95-L75,2025-02-13,62191.67026525773,0.0,62191.67026525773,43.86352191666573,62235.5337871744,97047.15887383738,97047.15887383738,6.5031166666665285,97053.66199050404,True,25357.051810699584,20539.211966666666,45896.26377736625
0.95,0.75,CVaR95-L75,2025-02-14,62155.25574639921,0.0,62155.25574639921,0.0,62155.25574639921,96984.99278350294,96984.99278350294,0.0,96984.99278350294,False,25357.051810699584,20539.211966666666,45896.26377736625
0.95,0.75,CVaR95-L75,2025-02-15,62174.7018951236,0.0,62174.7018951236,0.0,62174.7018951236,96972.48937765871,96972.48937765871,0.0,96972.48937765871,False,25343.300141602875,20528.07311469833,45871.3732563012
0.95,0.75,CVaR95-L75,2025-02-16,62206.92914682759,0.0,62206.92914682759,119.72813433333297,62326.65728116092,97083.28557031369,97083.28557031369,17.70733333333328,97100.99290364703,True,25389.786059878676,20565.726708501727,45955.5127683804
0.95,0.75,CVaR95-L75,2025-02-17,61667.58916799129,0.0,61667.58916799129,102.59248287499982,61770.18165086629,96503.17210705602,96503.17210705602,15.260133333333329,96518.43224038935,True,25477.79296296296,20637.012300000002,46114.80526296297
0.95,0.75,CVaR95-L75,2025-02-18,61667.58916799129,0.0,61667.58916799129,0.0,61667.58916799129,96503.17210705602,96503.17210705602,0.0,96503.17210705602,False,25477.79296296296,20637.012300000002,46114.80526296297
0.95,0.75,CVaR95-L75,2025-02-19,61667.58916799129,0.0,61667.58916799129,209.40651944166774,61876.99568743296,96498.85804756342,96498.85804756342,37.60378333333347,96536.46183089676,True,25477.79296296296,20637.012300000002,46114.80526296297
0.95,0.75,CVaR95-L75,2025-02-20,61361.87352518798,0.0,61361.87352518798,248.13596249999947,61610.009487687974,96165.69506703335,96165.69506703335,40.87833333333333,96206.57340036667,True,25314.845946502053,20505.02521666667,45819.87116316872
0.95,0.75,CVaR95-L75,2025-02-21,61080.34718395343,0.0,61080.34718395343,0.0,61080.34718395343,95837.99298155679,95837.99298155679,0.0,95837.99298155679,False,25298.053209876543,20491.423099999996,45789.47630987654
0.95,0.75,CVaR95-L75,2025-02-22,61180.55205622774,0.0,61180.55205622774,0.0,61180.55205622774,95935.89773450882,95935.89773450882,0.0,95935.89773450882,False,25309.244156436696,20500.487766713723,45809.73192315042
0.95,0.75,CVaR95-L75,2025-02-23,60698.52112608391,0.0,60698.52112608391,44.036722491667895,60742.55784857558,95360.23443621575,95360.23443621575,12.595916666666994,95372.83035288242,True,25062.055432098765,20300.264900000002,45362.32033209877
0.95,0.75,CVaR95-L75,2025-02-24,59615.12170861617,0.0,59615.12170861617,62.05017085833319,59677.1718794745,93842.37063277622,93842.37063277622,10.720333333333315,93853.09096610955,True,24969.563065843617,20225.346083333337,45194.90914917695
0.95,0.75,CVaR95-L75,2025-02-25,59637.467086156175,0.0,59637.467086156175,216.5810222000003,59854.048108356175,93870.93902912628,93870.93902912628,35.01986918151749,93905.9588983078,True,24969.563065843617,20225.346083333337,45194.90914917695
0.95,0.75,CVaR95-L75,2025-02-26,59637.46708615617,0.0,59637.46708615617,3.3618983333333783,59640.828984489504,93873.50196592571,93873.50196592571,1.6016666666666879,93875.10363259238,True,24969.563065843617,20225.346083333337,45194.90914917695
0.95,0.75,CVaR95-L75,2025-02-27,58885.67539109028,0.0,58885.67539109028,48.214741983333326,58933.89013307361,92834.65772174622,92834.65772174622,7.481400000000008,92842.13912174622,True,24875.909897119338,20149.48701666667,45025.39691378601
0.95,0.75,CVaR95-L75,2025-02-28,58643.74164145962,0.0,58643.74164145962,0.0,58643.74164145962,92509.96365086426,92509.96365086426,0.0,92509.96365086426,False,24870.789999999997,20145.3399,45016.1299
0.95,0.75,CVaR95-L75,2025-03-01,56742.00675962055,0.0,56742.00675962055,0.0,56742.00675962055,89824.77961049441,89824.77961049441,0.0,89824.77961049441,False,24729.055679012345,20030.5351,44759.590779012346
0.95,0.75,CVaR95-L75,2025-03-02,56813.94404152555,0.0,56813.94404152555,974.147533533334,57788.09157505888,89833.0315087118,89833.0315087118,270.03417197217624,90103.06568068398,True,24729.055679012345,20030.535099999997,44759.590779012346
0.95,0.75,CVaR95-L75,2025-03-03,55416.426948403016,0.0,55416.426948403016,1187.7793312333338,56604.206279636346,88157.43386429005,88157.43386429005,220.7540333333335,88378.18789762339,True,24693.213868312756,20001.503233333333,44694.71710164609
0.95,0.75,CVaR95-L75,2025-03-04,55417.75479785874,0.0,55417.75479785874,604.8094967333323,56022.56429459207,88155.11752246646,88155.11752246646,153.97249800948362,88309.09002047595,True,24693.213868312756,20001.503233333333,44694.71710164609
0.95,0.75,CVaR95-L75,2025-03-05,55417.736754827085,0.0,55417.736754827085,704.3696844583341,56122.10643928542,88155.000601521,88155.000601521,109.9063000000001,88264.906901521,True,24693.213868312756,20001.503233333337,44694.71710164609
0.95,0.75,CVaR95-L75,2025-03-06,55419.14090277584,0.0,55419.14090277584,749.6693949416667,56168.81029771751,88147.62452005617,88147.62452005617,174.61288333333334,88322.2374033895,True,24693.213868312756,20001.503233333337,44694.71710164609
0.95,0.75,CVaR95-L75,2025-03-07,55082.2389230944,0.0,55082.2389230944,0.0,55082.2389230944,87671.37103696432,87671.37103696432,0.0,87671.37103696432,False,24693.213868312756,20001.503233333337,44694.71710164609
0.95,0.75,CVaR95-L75,2025-03-08,54655.05095367538,0.0,54655.05095367538,0.0,54655.05095367538,87181.63983444955,87181.63983444955,0.0,87181.63983444955,False,24582.496389031177,19911.822075115255,44494.31846414643
0.95,0.75,CVaR95-L75,2025-03-09,54664.32720176055,0.0,54664.32720176055,685.6335779750004,55349.96077973555,86986.8693696069,86986.8693696069,109.64788333333343,87096.51725294023,True,24643.30327160494,19961.07565,44604.37892160493
0.95,0.75,CVaR95-L75,2025-03-10,53218.739677047604,0.0,53218.739677047604,841.3191578583312,54060.05883490593,85115.39193629999,85115.39193629999,225.19646666666648,85340.58840296665,True,24545.490163064587,19881.847032082318,44427.3371951469
0.95,0.75,CVaR95-L75,2025-03-11,53219.52136044944,0.0,53219.52136044944,334.733258491666,53554.25461894111,85125.72332557704,85125.72332557704,99.55914999999993,85225.28247557704,True,24540.27578296444,19877.623384201193,44417.89916716563
0.95,0.75,CVaR95-L75,2025-03-12,53221.679332724074,0.0,53221.679332724074,757.0010917749926,53978.68042449906,85129.8786267426,85129.8786267426,204.82534903233716,85334.70397577494,True,24540.86910907356,19878.10397834958,44418.97308742314
0.95,0.75,CVaR95-L75,2025-03-13,51911.523477998344,0.0,51911.523477998344,1458.9143174750016,53370.43779547334,83156.16297771825,83156.16297771825,373.28855024556447,83529.45152796381,True,23894.474588477366,19354.524416666667,43248.99900514403
0.95,0.75,CVaR95-L75,2025-03-14,51851.71358054806,0.0,51851.71358054806,0.0,51851.71358054806,83081.0238067774,83081.0238067774,0.0,83081.0238067774,False,23894.474588477366,19354.524416666674,43248.99900514404
0.95,0.75,CVaR95-L75,2025-03-15,51775.73903217146,0.0,51775.73903217146,14.117926666666708,51789.85695883813,83027.77871358572,83027.77871358572,6.603333333333353,83034.38204691905,True,23895.300905349795,19355.193733333334,43250.49463868313
0.95,0.75,CVaR95-L75,2025-03-16,51566.22322011487,0.0,51566.22322011487,69.83263628333384,51636.055856398205,82785.12695381051,82785.12695381051,31.64063333333354,82816.76758714384,True,23884.227839506173,19346.22455,43230.45238950617
0.95,0.75,CVaR95-L75,2025-03-17,51624.00692759327,0.0,51624.00692759327,781.8352260333347,52405.8421536266,82849.87580609269,82849.87580609269,151.03186666666682,83000.90767275936,True,23884.227839506173,19346.22455,43230.45238950617
0.95,0.75,CVaR95-L75,2025-03-18,51623.3536465184,0.0,51623.3536465184,173.51627524166736,51796.869921760066,82837.28871672602,82837.28871672602,66.0443333333335,82903.33305005936,True,23884.227839506173,19346.22455,43230.45238950617
0.95,0.75,CVaR95-L75,2025-03-19,51623.3536465184,0.0,51623.3536465184,95.29781176666673,51718.651458285065,82837.36884596673,82837.36884596673,38.00450000000012,82875.37334596673,True,23884.227839506173,19346.22455,43230.45238950617
0.95,0.75,CVaR95-L75,2025-03-20,51300.85773141774,0.0,51300.85773141774,502.6375888000035,51803.49532021774,82308.03363432712,82308.03363432712,109.38244954488346,82417.416083872,True,23894.474588477366,19354.524416666667,43248.99900514403
0.95,0.75,CVaR95-L75,2025-03-21,51381.91015473411,0.0,51381.91015473411,0.0,51381.91015473411,82408.94659411805,82408.94659411805,0.0,82408.94659411805,False,23894.474588477366,19354.524416666667,43248.99900514403
0.95,0.75,CVaR95-L75,2025-03-22,51381.91015473411,0.0,51381.91015473411,19.409476666666755,51401.31963140078,82400.73620995943,82400.73620995943,9.078333333333376,82409.81454329277,True,23894.474588477366,19354.524416666667,43248.99900514403
0.95,0.75,CVaR95-L75,2025-03-23,51083.16746025237,0.0,51083.16746025237,396.6090805500022,51479.77654080237,82002.05132816799,82002.05132816799,90.59456666666699,82092.64589483466,True,23894.474588477366,19354.52441666667,43248.99900514404
0.95,0.75,CVaR95-L75,2025-03-24,50058.832748055196,0.0,50058.832748055196,202.5040067166672,50261.336754771866,80659.78725687804,80659.78725687804,95.12143333333358,80754.90869021138,True,23894.474588477366,19354.524416666667,43248.99900514403
0.95,0.75,CVaR95-L75,2025-03-25,50059.15472316798,0.0,50059.15472316798,410.01295877499945,50469.16768194298,80663.72108602553,80663.72108602553,110.48116666666647,80774.2022526922,True,23894.474588477366,19354.524416666667,43248.99900514403
0.95,0.75,CVaR95-L75,2025-03-26,50059.33641112823,0.0,50059.33641112823,213.2574086499992,50272.59381977823,80663.7520248804,80663.7520248804,68.0854999999998,80731.83752488041,True,23894.474588477366,19354.524416666667,43248.99900514403
0.95,0.75,CVaR95-L75,2025-03-27,49373.66509575843,0.0,49373.66509575843,439.0621088416675,49812.727204600094,79817.87850662778,79817.87850662778,151.98365000000013,79969.86215662777,True,23894.228689506173,19354.325238499998,43248.55392800617
0.95,0.75,CVaR95-L75,2025-03-28,49652.779664037604,0.0,49652.779664037604,0.0,49652.779664037604,80153.78931855164,80153.78931855164,0.0,80153.78931855164,False,23894.474588477366,19354.524416666667,43248.99900514403
0.95,0.75,CVaR95-L75,2025-03-29,49943.41095332486,0.0,49943.41095332486,0.0,49943.41095332486,80489.77154193562,80489.77154193562,0.0,80489.77154193562,False,23894.474588477366,19354.52441666667,43248.99900514404
0.95,0.75,CVaR95-L75,2025-03-30,49773.897681067436,0.0,49773.897681067436,354.29068395,50128.188365017435,80234.32591249293,80234.32591249293,146.62725000000012,80380.95316249294,True,23894.474588477366,19354.52441666667,43248.99900514404
0.95,0.75,CVaR95-L75,2025-03-31,49841.51521843252,0.0,49841.51521843252,79.23771675000236,49920.75293518252,80244.3937972713,80244.3937972713,37.2163630270918,80281.6101602984,True,23894.474588477366,19354.524416666667,43248.99900514403
0.95,0.75,CVaR95-L75,2025-04-01,49841.56035928513,0.0,49841.56035928513,699.8683982583331,50541.428757543465,80246.87605991859,80246.87605991859,213.35608333333312,80460.23214325192,True,23894.474588477366,19354.524416666667,43248.99900514403
0.95,0.75,CVaR95-L75,2025-04-02,49841.6160401845,0.0,49841.6160401845,831.9601563583326,50673.57619654283,80247.86865781521,80247.86865781521,251.86533333333318,80499.73399114855,True,23894.474588477366,19354.524416666667,43248.99900514403
0.95,0.75,CVaR95-L75,2025-04-03,48474.36523576237,0.0,48474.36523576237,659.2999226416669,49133.66515840404,78463.46504038866,78463.46504038866,223.39319999999987,78686.85824038867,True,23196.762916666667,18789.377962500002,41986.14087916667
0.95,0.75,CVaR95-L75,2025-04-04,46596.04451113925,0.0,46596.04451113925,0.0,46596.04451113925,76187.61576772499,76187.61576772499,0.0,76187.61576772499,False,23203.866666666665,18795.131999999998,41998.99866666667
0.95,0.75,CVaR95-L75,2025-04-05,46411.10832961946,0.0,46411.10832961946,0.0,46411.10832961946,75969.95004830643,75969.95004830643,0.0,75969.95004830643,False,23196.762916666667,18789.377962500002,41986.14087916667
0.95,0.75,CVaR95-L75,2025-04-06,46172.55692819007,0.0,46172.55692819007,604.8147966666662,46777.37172485673,75698.58693272555,75698.58693272555,144.21478333333323,75842.80171605888,True,23196.762916666667,18789.377962500002,41986.14087916667
0.95,0.75,CVaR95-L75,2025-04-07,45567.55208951664,0.0,45567.55208951664,219.91889285833332,45787.47098237497,74914.21463783624,74914.21463783624,84.00803333333329,74998.22267116957,True,23049.795864197527,18670.334649999997,41720.130514197524
0.95,0.75,CVaR95-L75,2025-04-08,45568.145088487974,0.0,45568.145088487974,375.9406255583324,45944.085714046305,74917.23888064729,74917.23888064729,108.7644166666663,75026.00329731396,True,23049.795864197527,18670.334649999997,41720.130514197524
0.95,0.75,CVaR95-L75,2025-04-09,45568.757311871246,0.0,45568.757311871246,466.74112395000043,46035.498435821246,74918.0397708464,74918.0397708464,147.56011666666677,75065.59988751306,True,23049.795864197527,18670.334649999997,41720.130514197524
0.95,0.75,CVaR95-L75,2025-04-10,45532.32218269215,0.0,45532.32218269215,834.1118131833307,46366.43399587548,74911.56742897222,74911.56742897222,215.28784999999937,75126.85527897222,True,23089.080710465325,18702.155375476912,41791.23608594223
0.95,0.75,CVaR95-L75,2025-04-11,45025.51431208543,0.0,45025.51431208543,0.0,45025.51431208543,73990.27603461416,73990.27603461416,0.0,73990.27603461416,False,22649.646598458872,18346.213744751687,40995.86034321056
0.95,0.75,CVaR95-L75,2025-04-12,44761.07273087952,0.0,44761.07273087952,0.0,44761.07273087952,73684.59976433334,73684.59976433334,0.0,73684.59976433334,False,22558.494924370498,18272.380888740103,40830.8758131106
0.95,0.75,CVaR95-L75,2025-04-13,44562.87229406512,0.0,44562.87229406512,684.7605476208366,45247.632841685954,73391.59862073243,73391.59862073243,185.73835817765143,73577.33697891008,True,22599.9542647288,18305.962954430328,40905.91721915913
0.95,0.75,CVaR95-L75,2025-04-14,42679.418990671475,0.0,42679.418990671475,699.5926140083338,43379.01160467981,70618.53617345457,70618.53617345457,175.99225000000024,70794.52842345457,True,22015.87783950617,17832.86105,39848.738889506174
0.95,0.75,CVaR95-L75,2025-04-15,42678.98754087026,0.0,42678.98754087026,611.3447677750024,43290.33230864526,70612.70971070023,70612.70971070023,139.65976569878455,70752.36947639902,True,22015.87783950617,17832.86105,39848.738889506174
0.95,0.75,CVaR95-L75,2025-04-16,42696.39587703216,0.0,42696.39587703216,880.143362024999,43576.53923905716,70633.26077022853,70633.26077022853,283.37286836161195,70916.63363859014,True,22015.87783950617,17832.86105,39848.738889506174
0.95,0.75,CVaR95-L75,2025-04-17,41478.63842121561,0.0,41478.63842121561,360.5584196166728,41839.19684083229,68869.2482232572,68869.2482232572,95.8635932095483,68965.11181646674,True,21687.87965020576,17567.18251666666,39255.06216687242
0.95,0.75,CVaR95-L75,2025-04-18,41463.29819446521,0.0,41463.29819446521,0.0,41463.29819446521,68851.65359151685,68851.65359151685,0.0,68851.65359151685,False,21687.87965020576,17567.182516666664,39255.06216687242
0.95,0.75,CVaR95-L75,2025-04-19,41446.77039886874,0.0,41446.77039886874,1.9633966666665823,41448.73379553541,68876.71362732675,68876.71362732675,0.9183333333332939,68877.63196066009,True,21653.431193415636,17539.279266666665,39192.7104600823
0.95,0.75,CVaR95-L75,2025-04-20,41446.54913226532,0.0,41446.54913226532,155.98026009999944,41602.529392365315,68892.40138667729,68892.40138667729,64.5818499999998,68956.98323667729,True,21653.431193415636,17539.279266666665,39192.7104600823
0.95,0.75,CVaR95-L75,2025-04-21,41109.87002641644,0.0,41109.87002641644,652.2440418666675,41762.11406828311,68522.80444421395,68522.80444421395,242.75628591199825,68765.56073012594,True,21702.234864633367,17578.81024035303,39281.04510498639
0.95,0.75,CVaR95-L75,2025-04-22,41111.756392066454,0.0,41111.756392066454,664.8807068166649,41776.63709888312,68523.73042941409,68523.73042941409,188.01437448506226,68711.74480389916,True,21702.649504987778,17579.146099040103,39281.79560402788
0.95,0.75,CVaR95-L75,2025-04-23,41112.06501195232,0.0,41112.06501195232,912.0494195416667,42024.11443149399,68525.28935801392,68525.28935801392,272.5565968019089,68797.84595481583,True,21701.809819519935,17578.46595381115,39280.27577333109
0.95,0.75,CVaR95-L75,2025-04-24,41147.47301946684,0.0,41147.47301946684,686.2191157500007,41833.692135216836,68594.6492437771,68594.6492437771,166.76570000000027,68761.4149437771,True,21703.859362139916,17580.126083333333,39283.98544547325
0.95,0.75,CVaR95-L75,2025-04-25,41197.06672473565,0.0,41197.06672473565,0.0,41197.06672473565,68693.62330494283,68693.62330494283,0.0,68693.62330494283,False,21597.112993197108,17493.66152448966,39090.77451768677
0.95,0.75,CVaR95-L75,2025-04-26,41218.77321718712,0.0,41218.77321718712,0.0,41218.77321718712,68813.31848075558,68813.31848075558,0.0,68813.31848075558,False,21720.968958667745,17593.98485652087,39314.953815188615
0.95,0.75,CVaR95-L75,2025-04-27,41213.412324109915,0.0,41213.412324109915,476.26422141666717,41689.676545526585,68808.43354290654,68808.43354290654,212.48648333333347,69020.92002623987,True,21721.832407407404,17594.68425,39316.5166574074
0.95,0.75,CVaR95-L75,2025-04-28,40877.462500312235,0.0,40877.462500312235,1226.8323658083423,42104.294866120574,68372.13895918951,68372.13895918951,425.07240821707455,68797.21136740659,True,21820.010205761315,17674.208266666665,39494.21847242798
0.95,0.75,CVaR95-L75,2025-04-29,40877.518954062034,0.0,40877.518954062034,103.39657161666591,40980.9155256787,68367.5284600704,68367.5284600704,42.155716666666535,68409.68417673706,True,21820.010205761315,17674.20826666666,39494.21847242798
0.95,0.75,CVaR95-L75,2025-04-30,40877.518954062034,0.0,40877.518954062034,918.2554833250041,41795.77443738704,68367.59365279146,68367.59365279146,281.1296054656676,68648.72325825713,True,21820.010205761315,17674.20826666666,39494.21847242798
0.95,0.75,CVaR95-L75,2025-05-01,40883.21275842396,0.0,40883.21275842396,9159.056871091667,50042.26962951562,68370.41449505917,68370.41449505917,1999.301246501307,70369.71574156047,True,21808.072865129772,17664.539020755117,39472.61188588489
0.95,0.75,CVaR95-L75,2025-05-02,42305.94482661229,0.0,42305.94482661229,0.0,42305.94482661229,69740.90452697263,69740.90452697263,0.0,69740.90452697263,False,21630.548148148147,17520.744,39151.292148148146
0.95,0.75,CVaR95-L75,2025-05-03,41305.039032729415,0.0,41305.039032729415,45.97768999999999,41351.016722729415,68303.65644620016,68303.65644620016,21.504999999999995,68325.16144620016,True,21604.81709876543,17499.901849999995,39104.718948765425
0.95,0.75,CVaR95-L75,2025-05-04,40078.25898100588,0.0,40078.25898100588,3658.7896680333333,43737.048649039214,66482.35278152394,66482.35278152394,965.0591414828658,67447.4119230068,True,21636.892242822392,17525.882716686137,39162.77495950853
0.95,0.75,CVaR95-L75,2025-05-05,39668.986711774516,0.0,39668.986711774516,3666.4124875583375,43335.39919933285,66120.01789124403,66120.01789124403,882.2010641622345,67002.21895540626,True,21535.370209549485,17443.649869735083,38979.02007928457
0.95,0.75,CVaR95-L75,2025-05-06,39571.575565893305,0.0,39571.575565893305,3378.1031183916675,42949.67868428497,66047.71994773518,66047.71994773518,905.829174380857,66953.54912211603,True,21529.57440329218,17438.955266666664,38968.52966995884
0.95,0.75,CVaR95-L75,2025-05-07,39630.98046593496,0.0,39630.98046593496,3769.805806399996,43400.78627233495,66174.72995088804,66174.72995088804,839.1351092642525,67013.8650601523,True,21527.762860082305,17437.487916666665,38965.25077674897
0.95,0.75,CVaR95-L75,2025-05-08,39745.48562832353,0.0,39745.48562832353,4672.143345608333,44417.62897393186,66199.31417250776,66199.31417250776,1163.659546329983,67362.97371883775,True,21510.686970928313,17423.656446451932,38934.343417380245
0.95,0.75,CVaR95-L75,2025-05-09,39942.47169115457,0.0,39942.47169115457,0.0,39942.47169115457,66551.47437103203,66551.47437103203,0.0,66551.47437103203,False,21654.587490164013,17540.21586703285,39194.80335719686
0.95,0.75,CVaR95-L75,2025-05-10,39781.83722811888,0.0,39781.83722811888,21.73989666666658,39803.577124785545,66303.26624000217,66303.26624000217,10.168333333333294,66313.4345733355,True,21521.980308211863,17432.80404965161,38954.78435786348
0.95,0.75,CVaR95-L75,2025-05-11,39209.8999608339,0.0,39209.8999608339,3032.113331933334,42242.01329276723,65289.262044828836,65289.262044828836,752.6149117658946,66041.87695659473,True,21662.96233109682,17546.999488188427,39209.96181928525
0.95,0.75,CVaR95-L75,2025-05-12,39089.098568198606,0.0,39089.098568198606,3090.0948291722207,42179.19339737083,65004.62969307962,65004.62969307962,1045.5248732298664,66050.15456630949,True,21170.116796359987,17147.79460505159,38317.91140141158
0.95,0.75,CVaR95-L75,2025-05-13,39109.41747031487,0.0,39109.41747031487,1331.881834750001,40441.299305064866,65045.70035835964,65045.70035835964,366.2648666666668,65411.9652250263,True,21036.702170543627,17039.728758140336,38076.43092868396
0.95,0.75,CVaR95-L75,2025-05-14,39121.251204275715,0.0,39121.251204275715,1110.6868787583353,40231.93808303405,65063.445654072566,65063.445654072566,323.44256666666706,65386.88822073923,True,21049.22767451775,17049.87441635938,38099.10209087713
0.95,0.75,CVaR95-L75,2025-05-15,39406.63982807002,0.0,39406.63982807002,1327.1155254750008,40733.75535354502,65526.0962840334,65526.0962840334,324.7872500000003,65850.8835340334,True,21170.12895194374,17147.80445107443,38317.93340301817
0.95,0.75,CVaR95-L75,2025-05-16,39396.77419118263,0.0,39396.77419118263,0.0,39396.77419118263,65506.983178704555,65506.983178704555,0.0,65506.983178704555,False,21109.836245059607,17098.96735849828,38208.803603557884
0.95,0.75,CVaR95-L75,2025-05-17,39387.211904939875,0.0,39387.211904939875,7.614843333333213,39394.82674827321,65499.399672267944,65499.399672267944,3.5616666666666106,65502.96133893461,True,21103.221052589717,17093.609052597676,38196.83010518739
0.95,0.75,CVaR95-L75,2025-05-18,39323.48823167047,0.0,39323.48823167047,2153.175880474998,41476.66411214547,65388.818726981044,65388.818726981044,861.6898499999991,66250.50857698104,True,21080.29962235863,17075.04269411049,38155.34231646912
0.95,0.75,CVaR95-L75,2025-05-19,39198.770415189014,0.0,39198.770415189014,1051.9848055749994,40250.75522076401,65217.21924152393,65217.21924152393,188.40129999999988,65405.62054152393,True,21003.40628712802,17012.759092573688,38016.165379701706
0.95,0.75,CVaR95-L75,2025-05-20,39202.822725189464,0.0,39202.822725189464,3677.059323974998,42879.88204916446,65223.81092450475,65223.81092450475,905.8788864578217,66129.68981096258,True,21006.246713879584,17015.05983824246,38021.30655212204
0.95,0.75,CVaR95-L75,2025-05-21,39266.95543985572,0.0,39266.95543985572,1953.192461441664,41220.14790129739,65237.95187178219,65237.95187178219,558.5710360449727,65796.52290782717,True,20861.32295585465,16897.671594242267,37758.99455009692
0.95,0.75,CVaR95-L75,2025-05-22,39268.24271141579,0.0,39268.24271141579,213.68755040833562,39481.93026182413,65244.578649378556,65244.578649378556,58.67891929384646,65303.2575686724,True,20860.047207371346,16896.638237970794,37756.68544534214
0.95,0.75,CVaR95-L75,2025-05-23,39268.18560765426,0.0,39268.18560765426,0.0,39268.18560765426,65245.11086805114,65245.11086805114,0.0,65245.11086805114,False,20859.273538082816,16896.011565847075,37755.28510392989
0.95,0.75,CVaR95-L75,2025-05-24,39270.87674356978,0.0,39270.87674356978,0.0,39270.87674356978,65252.02412781517,65252.02412781517,0.0,65252.02412781517,False,20859.359489249502,16896.081186292096,37755.4406755416
0.95,0.75,CVaR95-L75,2025-05-25,39273.17772465808,0.0,39273.17772465808,976.7120310041687,40249.889755662254,65253.558403742994,65253.558403742994,213.63873155014187,65467.197135293136,True,20861.909559644242,16898.146743311838,37760.05630295608
0.95,0.75,CVaR95-L75,2025-05-26,39274.12837067734,0.0,39274.12837067734,2763.0246331083354,42037.15300378567,65252.398745702005,65252.398745702005,828.9384166666672,66081.33716236867,True,20861.43566705878,16897.762890317616,37759.198557376396
0.95,0.75,CVaR95-L75,2025-05-27,39314.088926515695,0.0,39314.088926515695,764.7826919333335,40078.871618449026,65347.194567419014,65347.194567419014,239.86863333333332,65587.06320075235,True,20915.608913055927,16941.6432195753,37857.25213263123
0.95,0.75,CVaR95-L75,2025-05-28,39314.088926515695,0.0,39314.088926515695,1753.1990913333357,41067.28801784903,65351.35089681616,65351.35089681616,544.4274229708473,65895.77831978702,True,20915.608913055927,16941.6432195753,37857.25213263123
0.95,0.75,CVaR95-L75,2025-05-29,39314.409863770416,0.0,39314.409863770416,1425.0521061250022,40739.46196989542,65352.600264438726,65352.600264438726,416.54303380766686,65769.14329824639,True,20907.53080994536,16935.099956055747,37842.63076600111
0.95,0.75,CVaR95-L75,2025-05-30,38959.13889793821,0.0,38959.13889793821,0.0,38959.13889793821,64551.113235529534,64551.113235529534,0.0,64551.113235529534,False,20122.730239945417,16299.411494355785,36422.1417343012
0.95,0.75,CVaR95-L75,2025-05-31,38959.13889793821,0.0,38959.13889793821,193.83464333333325,39152.973541271545,64551.113235529534,64551.113235529534,90.66166666666663,64641.7749021962,True,20122.730239945417,16299.411494355785,36422.1417343012
0.95,0.75,CVaR95-L75,2025-06-01,38960.64708428357,0.0,38960.64708428357,45424.67931892325,84385.32640320683,64549.30740349645,64549.30740349645,11893.741883160475,76443.04928665693,True,20122.691933712777,16299.380466307348,36422.07240002012
0.95,0.75,CVaR95-L75,2025-06-02,47232.019606084126,0.0,47232.019606084126,12179.234869766662,59411.25447585079,76914.3178859038,76914.3178859038,3056.770108641929,79971.08799454573,True,21861.024409985257,17707.429772088057,39568.454182073314
0.95,0.75,CVaR95-L75,2025-06-03,49384.352846099995,0.0,49384.352846099995,3111.6055659000003,52495.95841199999,79727.21528726156,79727.21528726156,711.2305666666663,80438.44585392822,True,22333.333333333332,18090.0,40423.33333333333
0.95,0.75,CVaR95-L75,2025-06-04,49309.31562073333,0.0,49309.31562073333,4530.59341495833,53839.90903569166,79348.87161929227,79348.87161929227,1576.5447333333327,80925.4163526256,True,22333.333333333332,18090.0,40423.33333333333
0.95,0.75,CVaR95-L75,2025-06-05,49265.12534033547,0.0,49265.12534033547,6863.673364691667,56128.79870502714,79362.1654837884,79362.1654837884,1843.462741052682,81205.62822484109,True,22333.333333333332,18089.999999999996,40423.33333333333
0.95,0.75,CVaR95-L75,2025-06-06,48910.493349076656,0.0,48910.493349076656,0.0,48910.493349076656,78933.25655018893,78933.25655018893,0.0,78933.25655018893,False,22333.333333333332,18090.0,40423.33333333333
0.95,0.75,CVaR95-L75,2025-06-07,48910.493349076656,0.0,48910.493349076656,0.0,48910.493349076656,78929.15140838473,78929.15140838473,0.0,78929.15140838473,False,22333.333333333332,18090.0,40423.33333333333
0.95,0.75,CVaR95-L75,2025-06-08,48860.07577622999,0.0,48860.07577622999,2130.097615541665,50990.173391771656,78841.30351306949,78841.30351306949,616.7383682922614,79458.04188136176,True,22333.333333333332,18090.0,40423.33333333333
0.95,0.75,CVaR95-L75,2025-06-09,49149.12658223881,0.0,49149.12658223881,6650.418161641661,55799.54474388047,79238.760872874,79238.760872874,1691.6859499999991,80930.446822874,True,22333.333333333332,18090.0,40423.33333333333
0.95,0.75,CVaR95-L75,2025-06-10,49933.388796258325,0.0,49933.388796258325,2835.6342142000017,52769.023010458324,80261.97583949237,80261.97583949237,824.4236355701524,81086.39947506253,True,22333.333333333332,18090.0,40423.33333333333
0.95,0.75,CVaR95-L75,2025-06-11,50083.94070713605,0.0,50083.94070713605,11772.083139708333,61856.02384684438,80504.35792986577,80504.35792986577,2734.4149051801123,83238.77283504588,True,22333.333333333332,18090.0,40423.33333333333
0.95,0.75,CVaR95-L75,2025-06-12,51758.48616623387,0.0,51758.48616623387,3832.843607824995,55591.32977405887,82761.54955023219,82761.54955023219,909.3915665590531,83670.94111679123,True,23684.108075597796,19184.127541234215,42868.23561683201
0.95,0.75,CVaR95-L75,2025-06-13,51635.93124080629,0.0,51635.93124080629,0.0,51635.93124080629,82655.71720788776,82655.71720788776,0.0,82655.71720788776,False,23831.02440125326,19303.129765015135,43134.154166268396
0.95,0.75,CVaR95-L75,2025-06-14,51635.93124080629,0.0,51635.93124080629,0.0,51635.93124080629,82655.71720788776,82655.71720788776,0.0,82655.71720788776,False,23831.02440125326,19303.129765015135,43134.154166268396
0.95,0.75,CVaR95-L75,2025-06-15,51635.93124080628,0.0,51635.93124080628,1085.956876125008,52721.88811693129,82652.64283020601,82652.64283020601,297.53076095751885,82950.17359116353,True,23831.02440125326,19303.129765015135,43134.154166268396
0.95,0.75,CVaR95-L75,2025-06-16,51635.970123946536,0.0,51635.970123946536,1959.8814095333364,53595.85153347987,82654.47705832441,82654.47705832441,579.4580166666672,83233.93507499108,True,23825.22094748496,19298.42896746281,43123.64991494777
0.95,0.75,CVaR95-L75,2025-06-17,51636.391641504204,0.0,51636.391641504204,8165.06965799167,59801.46129949587,82664.44045582961,82664.44045582961,2115.8711826929393,84780.31163852254,True,23774.179342354393,19257.08526730706,43031.26460966145
0.95,0.75,CVaR95-L75,2025-06-18,52510.14354828375,0.0,52510.14354828375,1016.9290535416666,53527.07260182541,83755.95886610914,83755.95886610914,384.5683000000001,84140.52716610914,True,23856.909452555225,19324.09665656973,43181.00610912495
0.95,0.75,CVaR95-L75,2025-06-19,52510.191191669226,0.0,52510.191191669226,1908.2230477749995,54418.414239444224,83782.3695169795,83782.3695169795,365.01011666666653,84147.37963364617,True,23856.259314929688,19323.570045093045,43179.82936002273
0.95,0.75,CVaR95-L75,2025-06-20,52510.33396013893,0.0,52510.33396013893,0.0,52510.33396013893,83781.71531840987,83781.71531840987,0.0,83781.71531840987,False,23856.466255746775,19323.737667154885,43180.20392290166
0.95,0.75,CVaR95-L75,2025-06-21,52510.33396013893,0.0,52510.33396013893,0.0,52510.33396013893,83781.62962532134,83781.62962532134,0.0,83781.62962532134,False,23856.466255746775,19323.737667154885,43180.20392290166
0.95,0.75,CVaR95-L75,2025-06-22,52510.33396013894,0.0,52510.33396013894,666.6000874250022,53176.93404756394,83781.8599680179,83781.8599680179,237.17915000000073,84019.0391180179,True,23856.466255746775,19323.737667154885,43180.20392290166
0.95,0.75,CVaR95-L75,2025-06-23,52510.48971664933,0.0,52510.48971664933,259.6284648250011,52770.11818147433,83792.6095920635,83792.6095920635,68.21779137244727,83860.82738343594,True,23854.340815524127,19322.01606057454,43176.35687609867
0.95,0.75,CVaR95-L75,2025-06-24,52511.02022133475,0.0,52511.02022133475,6548.590910466664,59059.611131801415,83790.9219750952,83790.9219750952,1757.9099072594606,85548.83188235466,True,23853.359362650936,19321.22108374726,43174.58044639819
0.95,0.75,CVaR95-L75,2025-06-25,53136.166097528745,0.0,53136.166097528745,2021.477223633336,55157.64332116208,84707.16638205912,84707.16638205912,615.0563459090614,85322.22272796818,True,24073.275823045267,19499.353416666665,43572.62923971193
0.95,0.75,CVaR95-L75,2025-06-26,53136.115455471336,0.0,53136.115455471336,780.5963965166668,53916.711851988,84703.18639507805,84703.18639507805,154.08103333333327,84857.26742841139,True,24073.275823045267,19499.35341666666,43572.629239711925
0.95,0.75,CVaR95-L75,2025-06-27,53136.1155416755,0.0,53136.1155416755,0.0,53136.1155416755,84710.14778729333,84710.14778729333,0.0,84710.14778729333,False,24073.275823045267,19499.353416666665,43572.62923971193
0.95,0.75,CVaR95-L75,2025-06-28,53136.1155416755,0.0,53136.1155416755,0.0,53136.1155416755,84710.21429292005,84710.21429292005,0.0,84710.21429292005,False,24073.275823045267,19499.353416666665,43572.62923971193
0.95,0.75,CVaR95-L75,2025-06-29,53136.1155416755,0.0,53136.1155416755,1010.2299911166656,54146.34553279216,84710.35518234482,84710.35518234482,376.658833333333,85087.01401567816,True,24073.275823045267,19499.353416666665,43572.62923971193
0.95,0.75,CVaR95-L75,2025-06-30,53136.191638447286,0.0,53136.191638447286,1573.0620708916636,54709.25370933895,84717.46471993529,84717.46471993529,469.62368333333245,85187.08840326863,True,24073.275823045267,19499.353416666665,43572.62923971193
0.95,0.75,CVaR95-L75,2025-07-01,53137.25056598236,0.0,53137.25056598236,19255.92751645,72393.17808243237,84719.26144574258,84719.26144574258,5593.304789119054,90312.56623486163,True,24072.614759009914,19498.817954798033,43571.432713807946
0.95,0.75,CVaR95-L75,2025-07-02,56797.293237349775,0.0,56797.293237349775,5817.169144149996,62614.46238149977,89729.06481301213,89729.06481301213,1809.0252725331472,91538.09008554528,True,24120.392821999383,19537.5181858195,43657.91100781888
0.95,0.75,CVaR95-L75,2025-07-03,55901.73916903029,0.0,55901.73916903029,8926.278066108332,64828.01723513862,88568.5455559028,88568.5455559028,2361.169470794473,90929.71502669727,True,23975.13491769547,19419.85928333333,43394.99420102881
0.95,0.75,CVaR95-L75,2025-07-04,56502.90846930866,0.0,56502.90846930866,0.0,56502.90846930866,89351.40762001087,89351.40762001087,0.0,89351.40762001087,False,23975.13491769547,19419.85928333333,43394.99420102881
0.95,0.75,CVaR95-L75,2025-07-05,56502.90846930866,0.0,56502.90846930866,0.0,56502.90846930866,89350.66256672575,89350.66256672575,0.0,89350.66256672575,False,23975.13491769547,19419.85928333333,43394.99420102881
0.95,0.75,CVaR95-L75,2025-07-06,56502.90846930866,0.0,56502.90846930866,8473.19949281666,64976.10796212532,89347.36231411024,89347.36231411024,2169.1926893542777,91516.55500346453,True,23975.13491769547,19419.85928333333,43394.99420102881
0.95,0.75,CVaR95-L75,2025-07-07,58082.65215821703,0.0,58082.65215821703,1980.4449255499999,60063.09708376703,91376.50068504477,91376.50068504477,780.4878666666663,92156.98855171143,True,24196.217798353908,19598.936416666664,43795.15421502057
0.95,0.75,CVaR95-L75,2025-07-08,58082.652158217024,0.0,58082.652158217024,3500.0442586833324,61582.696416900355,91478.71898076285,91478.71898076285,956.9564666666661,92435.67544742952,True,24196.217798353908,19598.936416666664,43795.15421502057
0.95,0.75,CVaR95-L75,2025-07-09,57912.76103104289,0.0,57912.76103104289,2652.185218941666,60564.94624998456,91299.04359988304,91299.04359988304,657.058716666666,91956.1023165497,True,24196.217798353908,19598.936416666667,43795.15421502058
0.95,0.75,CVaR95-L75,2025-07-10,57913.38176067375,0.0,57913.38176067375,2354.3717728249994,60267.75353349875,91293.2491590136,91293.2491590136,657.9479387394625,91951.19709775307,True,24174.556379074842,19581.390667050626,43755.94704612547
0.95,0.75,CVaR95-L75,2025-07-11,57913.78938166669,0.0,57913.78938166669,0.0,57913.78938166669,91306.53870036785,91306.53870036785,0.0,91306.53870036785,False,24150.21652355765,19561.675384081696,43711.89190763935
0.95,0.75,CVaR95-L75,2025-07-12,57913.584255676105,0.0,57913.584255676105,0.0,57913.584255676105,91304.63724454807,91304.63724454807,0.0,91304.63724454807,False,24150.21652355765,19561.675384081696,43711.89190763935
0.95,0.75,CVaR95-L75,2025-07-13,57911.84116302192,0.0,57911.84116302192,2358.3762089583342,60270.21737198025,91310.2232781373,91310.2232781373,511.36384999999973,91821.5871281373,True,24185.405880143153,19590.17876291595,43775.584643059105
0.95,0.75,CVaR95-L75,2025-07-14,57913.17084763982,0.0,57913.17084763982,2281.078446074999,60194.24929371482,91272.17562514596,91272.17562514596,543.3919666666662,91815.56759181262,True,24133.20672839506,19547.89745,43681.104178395064
0.95,0.75,CVaR95-L75,2025-07-15,57913.17084763982,0.0,57913.17084763982,1894.7920888583335,59807.96293649815,91274.27970013101,91274.27970013101,526.8965602125031,91801.17626034352,True,24133.20672839506,19547.89745,43681.104178395064
0.95,0.75,CVaR95-L75,2025-07-16,57913.71512281148,0.0,57913.71512281148,2734.1833981749987,60647.89852098648,91295.9461357712,91295.9461357712,715.2700719294992,92011.2162077007,True,24133.20672839506,19547.897449999997,43681.10417839506
0.95,0.75,CVaR95-L75,2025-07-17,57912.47774988922,0.0,57912.47774988922,2147.2133429750047,60059.691092864225,91296.29595010664,91296.29595010664,617.2430619091808,91913.53901201581,True,24131.77187242798,19546.735216666664,43678.507089094644
0.95,0.75,CVaR95-L75,2025-07-18,57913.97777349733,0.0,57913.97777349733,0.0,57913.97777349733,91251.28380232953,91251.28380232953,0.0,91251.28380232953,False,24079.425989956406,19504.33505186469,43583.7610418211
0.95,0.75,CVaR95-L75,2025-07-19,57606.04661931045,0.0,57606.04661931045,27.020756666666884,57633.067375977116,90780.82933503306,90780.82933503306,12.638333333333435,90793.4676683664,True,23757.147259981703,19243.28928058518,43000.43654056688
0.95,0.75,CVaR95-L75,2025-07-20,57604.76097156015,0.0,57604.76097156015,718.2745606166673,58323.035532176815,90834.8569039842,90834.8569039842,165.3478739650851,91000.20477794929,True,23782.700721426474,19263.987584355447,43046.68830578192
0.95,0.75,CVaR95-L75,2025-07-21,57605.478283400575,0.0,57605.478283400575,1451.911171858335,59057.38945525891,90829.87651646521,90829.87651646521,369.020585324805,91198.89710179002,True,23772.200123364615,19255.482099925342,43027.68222328996
0.95,0.75,CVaR95-L75,2025-07-22,57604.79779710247,0.0,57604.79779710247,1186.799662241664,58791.59745934413,90822.70514897347,90822.70514897347,375.599793055592,91198.30494202906,True,23781.725365395316,19263.197545970208,43044.922911365524
0.95,0.75,CVaR95-L75,2025-07-23,57604.781655850195,0.0,57604.781655850195,1400.9607167250033,59005.7423725752,90822.53528135583,90822.53528135583,355.31520111052214,91177.85048246635,True,23782.152880287555,19263.54383303292,43045.696713320474
0.95,0.75,CVaR95-L75,2025-07-24,57605.16812204712,0.0,57605.16812204712,1575.2715566833338,59180.43967873046,90847.94952618805,90847.94952618805,398.2176333333333,91246.16715952138,True,23771.91699203333,19255.252763547,43027.169755580326
0.95,0.75,CVaR95-L75,2025-07-25,57606.55583618177,0.0,57606.55583618177,0.0,57606.55583618177,90868.3938640916,90868.3938640916,0.0,90868.3938640916,False,23716.179156378596,19210.105116666666,42926.28427304526
0.95,0.75,CVaR95-L75,2025-07-26,55547.49060806789,0.0,55547.49060806789,0.0,55547.49060806789,88017.8685381073,88017.8685381073,0.0,88017.8685381073,False,22859.227498167547,18515.974273515712,41375.20177168326
0.95,0.75,CVaR95-L75,2025-07-27,55754.52213253885,0.0,55754.52213253885,2016.7062753666687,57771.22840790552,88385.82994320829,88385.82994320829,501.1653548426242,88886.99529805091,True,22900.63401011238,18549.51354819103,41450.147558303404
0.95,0.75,CVaR95-L75,2025-07-28,55729.38303252806,0.0,55729.38303252806,3894.948098224996,59624.33113075305,88339.07864668859,88339.07864668859,989.2302255490707,89328.30887223766,True,22889.70991155283,18540.66502835779,41430.37493991062
0.95,0.75,CVaR95-L75,2025-07-29,55697.53390773182,0.0,55697.53390773182,2095.6709037333367,57793.204811465155,88228.67127002229,88228.67127002229,642.3494197718078,88871.0206897941,True,22930.022098614798,18573.317899877984,41503.33999849278
0.95,0.75,CVaR95-L75,2025-07-30,55737.70658224264,0.0,55737.70658224264,1256.9053741083344,56994.61195635097,88275.07283885012,88275.07283885012,307.2091353246384,88582.28197417475,True,22921.301795621606,18566.254454453498,41487.556250075104
0.95,0.75,CVaR95-L75,2025-07-31,55748.75023204746,0.0,55748.75023204746,971.386326516667,56720.136558564125,88287.22159817406,88287.22159817406,252.72138333333334,88539.9429815074,True,22918.91265405742,18564.31924978651,41483.23190384393
0.95,0.75,CVaR95-L75,2025-08-01,56007.63679247581,0.0,56007.63679247581,0.0,56007.63679247581,88530.76764067501,88530.76764067501,0.0,88530.76764067501,False,22960.212383019207,18597.772030245556,41557.98441326476
0.95,0.75,CVaR95-L75,2025-08-02,55813.34029589535,0.0,55813.34029589535,58.55982000000021,55871.900115895354,88167.3099087202,88167.3099087202,27.3900000000001,88194.6999087202,True,22949.715071604936,18589.269207999998,41538.984279604934
0.95,0.75,CVaR95-L75,2025-08-03,56004.43545173973,0.0,56004.43545173973,708.6309373916674,56713.066389131396,88430.67543970761,88430.67543970761,171.42916666666667,88602.10460637428,True,22948.336554938272,18588.1526095,41536.48916443827
0.95,0.75,CVaR95-L75,2025-08-04,54933.531653238046,0.0,54933.531653238046,472.713161216666,55406.24481445471,86883.90782076953,86883.90782076953,136.27208859377436,87020.1799093633,True,22948.336554938272,18588.152609499997,41536.48916443827
0.95,0.75,CVaR95-L75,2025-08-05,54996.8908414666,0.0,54996.8908414666,339.4611837250008,55336.3520251916,86972.33964854911,86972.33964854911,97.09831666666685,87069.43796521578,True,22948.336554938272,18588.152609499997,41536.48916443827
0.95,0.75,CVaR95-L75,2025-08-06,55000.62301082495,0.0,55000.62301082495,875.302852758335,55875.92586358329,86979.31787817556,86979.31787817556,219.85206128871653,87199.16993946428,True,22948.336554938272,18588.152609499994,41536.489164438266
0.95,0.75,CVaR95-L75,2025-08-07,53633.40918430024,0.0,53633.40918430024,829.6636436666678,54463.072827966906,85237.04140736343,85237.04140736343,262.27345,85499.31485736342,True,22219.939149875874,17998.15071139946,40218.08986127534
0.95,0.75,CVaR95-L75,2025-08-08,53630.48377442442,0.0,53630.48377442442,0.0,53630.48377442442,85228.25628772532,85228.25628772532,0.0,85228.25628772532,False,22256.74878687232,18027.966517366578,40284.715304238896
0.95,0.75,CVaR95-L75,2025-08-09,53085.16461033968,0.0,53085.16461033968,0.0,53085.16461033968,84501.86585785962,84501.86585785962,0.0,84501.86585785962,False,22017.370699320312,17834.070266449457,39851.44096576977
0.95,0.75,CVaR95-L75,2025-08-10,53084.672556631966,0.0,53084.672556631966,242.59603136666533,53327.26858799863,84479.85487812938,84479.85487812938,93.843883333333,84573.69876146271,True,22017.33166558415,17834.038649123162,39851.37031470731
0.95,0.75,CVaR95-L75,2025-08-11,53063.7648412017,0.0,53063.7648412017,735.9238174833307,53799.68865868503,84482.43723822714,84482.43723822714,219.57073942798297,84702.00797765513,True,22095.989793613728,17897.75173282712,39993.74152644085
0.95,0.75,CVaR95-L75,2025-08-12,53080.985451140696,0.0,53080.985451140696,1041.5116504874995,54122.49710162819,84513.3256502403,84513.3256502403,217.377888035728,84730.70353827602,True,22097.805316476202,17899.222306345724,39997.02762282193
0.95,0.75,CVaR95-L75,2025-08-13,53099.33440994572,0.0,53099.33440994572,1206.1627854458334,54305.49719539155,84539.03898152844,84539.03898152844,311.95338758004516,84850.99236910848,True,22105.851546346596,17905.739752540743,40011.59129888734
0.95,0.75,CVaR95-L75,2025-08-14,53083.55684078191,0.0,53083.55684078191,1406.7945796833415,54490.35142046525,84513.1699881664,84513.1699881664,311.48276041460423,84824.652748581,True,22097.158622050556,17898.69848386095,39995.857105911506
0.95,0.75,CVaR95-L75,2025-08-15,53076.84870857527,0.0,53076.84870857527,0.0,53076.84870857527,84495.14250970416,84495.14250970416,0.0,84495.14250970416,False,22081.94246315273,17886.37339515371,39968.315858306436
0.95,0.75,CVaR95-L75,2025-08-16,53090.56889732492,0.0,53090.56889732492,0.0,53090.56889732492,84526.60889331496,84526.60889331496,0.0,84526.60889331496,False,22123.76003463684,17920.245628055844,40044.00566269268
0.95,0.75,CVaR95-L75,2025-08-17,53147.01335128316,0.0,53147.01335128316,1733.1282998916688,54880.14165117483,84629.02535841323,84629.02535841323,329.0716500000002,84958.09700841323,True,22358.43585012921,18110.333038604665,40468.76888873387
0.95,0.75,CVaR95-L75,2025-08-18,53244.376498907695,0.0,53244.376498907695,1549.2281590333305,54793.604657941025,84731.45225426315,84731.45225426315,349.7219333333327,85081.17418759648,True,22392.71195186483,18138.09668101051,40530.80863287534
0.95,0.75,CVaR95-L75,2025-08-19,53244.740316216805,0.0,53244.740316216805,1765.0595200083353,55009.79983622514,84734.83009109367,84734.83009109367,344.5282166666667,85079.35830776034,True,22404.67488176262,18147.78665422772,40552.46153599034
0.95,0.75,CVaR95-L75,2025-08-20,53245.93933343313,0.0,53245.93933343313,3010.7811352249973,56256.72046865813,84737.80136570329,84737.80136570329,658.9642574402885,85396.76562314357,True,22406.34579255736,18149.140091971465,40555.485884528825
0.95,0.75,CVaR95-L75,2025-08-21,53367.108841654226,0.0,53367.108841654226,1100.2412139166668,54467.350055570896,84816.64270921258,84816.64270921258,203.9866833333333,85020.62939254592,True,22383.998041795992,18131.038413854752,40515.03645565074
0.95,0.75,CVaR95-L75,2025-08-22,53353.057505967736,0.0,53353.057505967736,0.0,53353.057505967736,84819.21181054332,84819.21181054332,0.0,84819.21181054332,False,22369.85483136629,18119.582413406693,40489.437244772984
0.95,0.75,CVaR95-L75,2025-08-23,53264.22967639096,0.0,53264.22967639096,0.0,53264.22967639096,84698.05081638123,84698.05081638123,0.0,84698.05081638123,False,22333.333333333332,18089.999999999996,40423.33333333333
0.95,0.75,CVaR95-L75,2025-08-24,53144.28682106134,0.0,53144.28682106134,1804.5106262333363,54948.79744729467,84508.97408831716,84508.97408831716,338.40721666666724,84847.38130498384,True,22333.333333333332,18089.999999999996,40423.33333333333
0.95,0.75,CVaR95-L75,2025-08-25,53064.49917739802,0.0,53064.49917739802,2065.512262537501,55130.01143993552,84287.13976150966,84287.13976150966,542.7460590416702,84829.88582055134,True,22296.58467721669,18060.233588545525,40356.81826576222
0.95,0.75,CVaR95-L75,2025-08-26,53088.141717922044,0.0,53088.141717922044,692.0467904083398,53780.188508330386,84322.31663450979,84322.31663450979,142.86964872238116,84465.18628323216,True,22303.694728173807,18065.992729820784,40369.68745799459
0.95,0.75,CVaR95-L75,2025-08-27,53122.08134666819,0.0,53122.08134666819,1519.7420544166666,54641.823401084854,84356.23677861832,84356.23677861832,367.73936666666674,84723.97614528498,True,22314.13259074522,18074.44739850363,40388.57998924885
0.95,0.75,CVaR95-L75,2025-08-28,53038.75912768053,0.0,53038.75912768053,2808.373755475005,55847.13288315554,84209.32632084977,84209.32632084977,688.2756367143236,84897.6019575641,True,22263.58304781227,18033.502268727938,40297.08531654021
0.95,0.75,CVaR95-L75,2025-08-29,52581.88636093309,0.0,52581.88636093309,0.0,52581.88636093309,83449.136744665,83449.136744665,0.0,83449.136744665,False,21905.22200919693,17743.229827449508,39648.45183664643
0.95,0.75,CVaR95-L75,2025-08-30,51855.06427195391,0.0,51855.06427195391,0.0,51855.06427195391,82352.7587461694,82352.7587461694,0.0,82352.7587461694,False,22004.666478258703,17823.77984738955,39828.446325648256
0.95,0.75,CVaR95-L75,2025-08-31,51413.67700449402,0.0,51413.67700449402,1939.690359683336,53353.36736417736,81525.17057451517,81525.17057451517,465.8907833333341,81991.0613578485,True,21998.670435862674,17818.92305304877,39817.59348891144
0.95,0.75,CVaR95-L75,2025-09-01,50484.247541746125,0.0,50484.247541746125,0.0,50484.247541746125,80150.13143650742,80150.13143650742,0.0,80150.13143650742,False,21825.810396432542,17678.90642111036,39504.7168175429
0.95,0.75,CVaR95-L75,2025-09-02,50484.247541746125,0.0,50484.247541746125,69.32576113333415,50553.57330287946,80149.92732063142,80149.92732063142,22.07013333333356,80171.99745396475,True,21825.810396432542,17678.90642111036,39504.7168175429
0.95,0.75,CVaR95-L75,2025-09-03,50490.739506752565,0.0,50490.739506752565,21.092201600000323,50511.83170835256,80158.2090620774,80158.2090620774,7.390400000000113,80165.5994620774,True,21824.192802850383,17677.596170308814,39501.7889731592
0.95,0.75,CVaR95-L75,2025-09-04,50692.70756292468,0.0,50692.70756292468,116.00053335833347,50808.708096283015,80464.45165230587,80464.45165230587,26.436583333333374,80490.8882356392,True,21852.54032697933,17700.557664853262,39553.09799183259
0.95,0.75,CVaR95-L75,2025-09-05,50691.41226316338,0.0,50691.41226316338,0.0,50691.41226316338,80465.77608877626,80465.77608877626,0.0,80465.77608877626,False,21870.358248235498,17714.990181070752,39585.34842930625
0.95,0.75,CVaR95-L75,2025-09-06,50691.31132565795,0.0,50691.31132565795,0.0,50691.31132565795,80469.76767638742,80469.76767638742,0.0,80469.76767638742,False,21866.17,17711.597700000002,39577.7677
0.95,0.75,CVaR95-L75,2025-09-07,50582.78680393758,0.0,50582.78680393758,12.446417849999882,50595.23322178758,80256.77329288871,80256.77329288871,6.052233333333277,80262.82552622205,True,21839.04923209876,17689.629878,39528.67911009876
0.95,0.75,CVaR95-L75,2025-09-08,50582.786803937575,0.0,50582.786803937575,496.12649046666627,51078.91329440424,80253.48944991147,80253.48944991147,140.7432833333332,80394.2327332448,True,21839.04923209876,17689.629878,39528.67911009876
0.95,0.75,CVaR95-L75,2025-09-09,50582.78680393758,0.0,50582.78680393758,0.0,50582.78680393758,80250.78863782706,80250.78863782706,0.0,80250.78863782706,False,21839.04923209876,17689.629878,39528.67911009876
0.95,0.75,CVaR95-L75,2025-09-10,50582.78680393758,0.0,50582.78680393758,2234.941217400001,52817.728021337585,80250.7856785343,80250.7856785343,558.1429886039712,80808.92866713827,True,21839.04923209876,17689.629878,39528.67911009876
0.95,0.75,CVaR95-L75,2025-09-11,50557.525338764244,0.0,50557.525338764244,64.16992876666637,50621.69526753091,80217.98727342294,80217.98727342294,17.07298333333324,80235.06025675627,True,21839.04923209876,17689.629878,39528.67911009876
0.95,0.75,CVaR95-L75,2025-09-12,50557.525338764244,0.0,50557.525338764244,0.0,50557.525338764244,80213.80946543853,80213.80946543853,0.0,80213.80946543853,False,21839.04923209876,17689.629878,39528.67911009876
0.95,0.75,CVaR95-L75,2025-09-13,50553.99838449701,0.0,50553.99838449701,0.0,50553.99838449701,80149.8504792483,80149.8504792483,0.0,80149.8504792483,False,21839.04923209876,17689.629878,39528.67911009876
0.95,0.75,CVaR95-L75,2025-09-14,50554.24286590489,0.0,50554.24286590489,375.80443225000175,50930.04729815489,80090.85043449851,80090.85043449851,93.67100027519427,80184.5214347737,True,21839.04923209876,17689.629878,39528.67911009876
0.95,0.75,CVaR95-L75,2025-09-15,50581.93999180425,0.0,50581.93999180425,2318.3382175499987,52900.27820935425,80140.3674321135,80140.3674321135,572.8823491637395,80713.24978127725,True,21839.04923209876,17689.629878,39528.67911009876
0.95,0.75,CVaR95-L75,2025-09-16,50514.74827355892,0.0,50514.74827355892,536.2680881749992,51051.01636173392,80013.73888210185,80013.73888210185,128.93800259941034,80142.67688470126,True,21839.04923209876,17689.629878,39528.67911009876
0.95,0.75,CVaR95-L75,2025-09-17,50514.78647005322,0.0,50514.78647005322,992.7851909750001,51507.571661028225,80020.01494612155,80020.01494612155,228.14898333333335,80248.16392945488,True,21839.04923209876,17689.629878,39528.67911009876
0.95,0.75,CVaR95-L75,2025-09-18,50511.35543604687,0.0,50511.35543604687,952.577032183334,51463.9324682302,79989.18062433641,79989.18062433641,216.13595000000015,80205.31657433641,True,21839.04923209876,17689.629878,39528.67911009876
0.95,0.75,CVaR95-L75,2025-09-19,50506.94313145972,0.0,50506.94313145972,0.0,50506.94313145972,79953.65321190614,79953.65321190614,0.0,79953.65321190614,False,21839.04923209876,17689.629878,39528.67911009876
0.95,0.75,CVaR95-L75,2025-09-20,50708.33402338532,0.0,50708.33402338532,0.0,50708.33402338532,80275.85313556733,80275.85313556733,0.0,80275.85313556733,False,21839.04923209876,17689.629878,39528.67911009876
0.95,0.75,CVaR95-L75,2025-09-21,50067.61336227942,0.0,50067.61336227942,1228.787271683334,51296.40063396276,79311.9675870174,79311.9675870174,320.8038531656928,79632.77144018309,True,21823.764782098762,17677.2494735,39501.01425559876
0.95,0.75,CVaR95-L75,2025-09-22,49980.98252011177,0.0,49980.98252011177,2130.204480075,52111.18700018677,79189.84143197993,79189.84143197993,480.0470441833989,79669.88847616334,True,21854.268465432095,17701.957456999997,39556.22592243209
0.95,0.75,CVaR95-L75,2025-09-23,49973.511493643935,0.0,49973.511493643935,2530.8373227750053,52504.34881641894,79175.17710792615,79175.17710792615,591.1814495310946,79766.35855745725,True,21854.268465432095,17701.957457,39556.225922432095
0.95,0.75,CVaR95-L75,2025-09-24,50201.59997736507,0.0,50201.59997736507,4698.060874916668,54899.66085228174,79484.96465653495,79484.96465653495,1062.0527289386132,80547.01738547356,True,21842.52918020723,17692.448635967856,39534.97781617509
0.95,0.75,CVaR95-L75,2025-09-25,50992.33797518817,0.0,50992.33797518817,897.9203716333337,51890.25834682151,80535.95474368002,80535.95474368002,222.55626666666672,80758.51101034669,True,22033.188959162195,17846.88305692138,39880.07201608358
0.95,0.75,CVaR95-L75,2025-09-26,49316.70923777828,0.0,49316.70923777828,0.0,49316.70923777828,78054.57178993998,78054.57178993998,0.0,78054.57178993998,False,21958.339197530862,17786.25475,39744.59394753086
0.95,0.75,CVaR95-L75,2025-09-27,49315.74757898527,0.0,49315.74757898527,0.0,49315.74757898527,78005.01320449478,78005.01320449478,0.0,78005.01320449478,False,21958.339197530862,17786.25475,39744.59394753086
0.95,0.75,CVaR95-L75,2025-09-28,49514.73354362718,0.0,49514.73354362718,3068.4929572000074,52583.22650082719,78183.90425646404,78183.90425646404,717.6771131536867,78901.58136961772,True,21702.328004115225,17578.885683333334,39281.21368744856
0.95,0.75,CVaR95-L75,2025-09-29,48098.01290422979,0.0,48098.01290422979,2028.949745241667,50126.96264947146,75852.12923082194,75852.12923082194,507.3353166666668,76359.4645474886,True,21793.543960905346,17652.770608333332,39446.314569238675
0.95,0.75,CVaR95-L75,2025-09-30,48030.572060078994,0.0,48030.572060078994,7449.275001791664,55479.847061870656,75710.39494247302,75710.39494247302,1711.4968578614107,77421.89180033443,True,21746.105419250474,17614.345389592883,39360.45080884336
0.95,0.75,CVaR95-L75,2025-10-01,49120.28486346851,0.0,49120.28486346851,88.35051309166728,49208.635376560174,77247.96504057734,77247.96504057734,21.863800000000197,77269.82884057735,True,22094.778117283953,17896.770274999995,39991.54839228395
0.95,0.75,CVaR95-L75,2025-10-02,44770.32294570035,0.0,44770.32294570035,322.62474615416386,45092.94769185451,71866.34370471598,71866.34370471598,112.431670695452,71978.77537541144,True,22094.778117283953,17896.770275,39991.54839228395
0.95,0.75,CVaR95-L75,2025-10-03,44764.74781762171,0.0,44764.74781762171,0.0,44764.74781762171,71858.20063340187,71858.20063340187,0.0,71858.20063340187,False,22094.778117283953,17896.770275,39991.54839228395
0.95,0.75,CVaR95-L75,2025-10-04,44754.95731140167,0.0,44754.95731140167,0.0,44754.95731140167,71845.81383698771,71845.81383698771,0.0,71845.81383698771,False,22094.778117283953,17896.770274999995,39991.54839228395
0.95,0.75,CVaR95-L75,2025-10-05,44750.17163107561,0.0,44750.17163107561,512.7211183499949,45262.892749425606,71855.613411014,71855.613411014,144.29865880908767,71999.91206982308,True,22094.778117283953,17896.770275000003,39991.548392283956
0.95,0.75,CVaR95-L75,2025-10-06,44800.12461447468,0.0,44800.12461447468,622.4896803916706,45422.61429486635,71935.01715872146,71935.01715872146,164.19880458488933,72099.21596330634,True,22094.778117283953,17896.770275,39991.54839228395
0.95,0.75,CVaR95-L75,2025-10-07,44802.71235799338,0.0,44802.71235799338,457.6812649277779,45260.39362292116,71942.36796158805,71942.36796158805,137.46965996667967,72079.83762155473,True,22094.778117283953,17896.770274999995,39991.54839228395
0.95,0.75,CVaR95-L75,2025-10-08,44799.71972744819,0.0,44799.71972744819,1723.8517547583374,46523.57148220653,71939.33714414082,71939.33714414082,471.24061522765544,72410.57775936848,True,22094.778117283953,17896.770274999995,39991.54839228395
0.95,0.75,CVaR95-L75,2025-10-09,44803.17242426381,0.0,44803.17242426381,1155.5515341583387,45958.723958422146,71944.90246407883,71944.90246407883,295.9365461803446,72240.83901025917,True,22094.778117283953,17896.770275,39991.54839228395
0.95,0.75,CVaR95-L75,2025-10-10,44803.13582826141,0.0,44803.13582826141,0.0,44803.13582826141,71937.97442978654,71937.97442978654,0.0,71937.97442978654,False,22094.778117283953,17896.770275,39991.54839228395
0.95,0.75,CVaR95-L75,2025-10-11,44802.83035948376,0.0,44802.83035948376,0.0,44802.83035948376,71936.29667179371,71936.29667179371,0.0,71936.29667179371,False,22094.778117283953,17896.770274999995,39991.54839228395
0.95,0.75,CVaR95-L75,2025-10-12,44639.313443944746,0.0,44639.313443944746,1502.6957546083327,46142.00919855308,71680.6162373759,71680.6162373759,386.4075666666665,72067.02380404256,True,22094.778117283953,17896.770274999995,39991.54839228395
0.95,0.75,CVaR95-L75,2025-10-13,44572.6304177232,0.0,44572.6304177232,977.1152507333454,45549.74566845655,71600.85632385622,71600.85632385622,240.96189940061925,71841.81822325684,True,22094.778117283953,17896.770274999995,39991.54839228395
0.95,0.75,CVaR95-L75,2025-10-14,44590.73025585324,0.0,44590.73025585324,3619.2017405583347,48209.93199641157,71624.14504543226,71624.14504543226,824.9435303828445,72449.08857581511,True,22094.778117283953,17896.770274999995,39991.54839228395
0.95,0.75,CVaR95-L75,2025-10-15,44644.72116793743,0.0,44644.72116793743,2209.181942533328,46853.90311047076,71629.92024694313,71629.92024694313,609.7972145206721,72239.7174614638,True,22094.778117283953,17896.770274999995,39991.54839228395
0.95,0.75,CVaR95-L75,2025-10-16,44630.49782165375,0.0,44630.49782165375,6374.926275749995,51005.424097403746,71601.55558222163,71601.55558222163,1581.7773965821648,73183.3329788038,True,22094.778117283953,17896.770274999995,39991.54839228395
0.95,0.75,CVaR95-L75,2025-10-17,45338.82192885058,0.0,45338.82192885058,0.0,45338.82192885058,72514.59720007148,72514.59720007148,0.0,72514.59720007148,False,22175.807807934856,17962.404324427232,40138.21213236209
0.95,0.75,CVaR95-L75,2025-10-18,45368.55606234824,0.0,45368.55606234824,0.0,45368.55606234824,72494.01423535145,72494.01423535145,0.0,72494.01423535145,False,22172.3862654321,17959.632875,40132.019140432094
0.95,0.75,CVaR95-L75,2025-10-19,45284.162847217034,0.0,45284.162847217034,4714.119816904165,49998.2826641212,72377.12602149029,72377.12602149029,1166.3823815218288,73543.50840301212,True,22177.0062654321,17963.375074999996,40140.3813404321
0.95,0.75,CVaR95-L75,2025-10-20,45415.11728493354,0.0,45415.11728493354,6592.769000200004,52007.88628513354,72653.06168077842,72653.06168077842,1444.2259846414008,74097.28766541982,True,22358.411306584363,18110.313158333334,40468.7244649177
0.95,0.75,CVaR95-L75,2025-10-21,45542.08926796686,0.0,45542.08926796686,7135.357169169443,52677.44643713631,72734.11339763997,72734.11339763997,2203.8812311583115,74937.99462879829,True,22357.822139917695,18109.835933333332,40467.65807325103
0.95,0.75,CVaR95-L75,2025-10-22,46061.52156196476,0.0,46061.52156196476,6460.704520866664,52522.22608283142,73622.90824134753,73622.90824134753,1543.2342333333331,75166.14247468086,True,22426.091296296298,18165.133950000003,40591.2252462963
0.95,0.75,CVaR95-L75,2025-10-23,46290.878755822836,0.0,46290.878755822836,1258.1896371999997,47549.06839302283,74067.12102435439,74067.12102435439,376.5930166666667,74443.71404102106,True,22892.67609593904,18543.06763771062,41435.743733649666
0.95,0.75,CVaR95-L75,2025-10-24,46288.1993393886,0.0,46288.1993393886,0.0,46288.1993393886,74020.8438664216,74020.8438664216,0.0,74020.8438664216,False,22920.895679610814,18565.925500484762,41486.821180095576
0.95,0.75,CVaR95-L75,2025-10-25,46134.35224926285,0.0,46134.35224926285,0.0,46134.35224926285,73962.16712576861,73962.16712576861,0.0,73962.16712576861,False,22917.22595825279,18562.95302618476,41480.17898443755
0.95,0.75,CVaR95-L75,2025-10-26,46134.16012198332,0.0,46134.16012198332,1740.687196175001,47874.84731815832,73914.3315615902,73914.3315615902,511.82326666666677,74426.15482825687,True,22918.4083922508,18563.910797723147,41482.31918997395
0.95,0.75,CVaR95-L75,2025-10-27,45919.128020029195,0.0,45919.128020029195,5181.713402350002,51100.8414223792,73625.74694392204,73625.74694392204,1297.4740250604386,74923.22096898248,True,22852.98685109488,18510.91934938685,41363.90620048173
0.95,0.75,CVaR95-L75,2025-10-28,46175.483949675945,0.0,46175.483949675945,4873.815618999997,51049.29956867594,73944.19212238697,73944.19212238697,1194.7245258493977,75138.91664823637,True,22741.843257011264,18420.893038179125,41162.73629519039
0.95,0.75,CVaR95-L75,2025-10-29,46406.21724191816,0.0,46406.21724191816,9333.350682866674,55739.56792478483,74260.69839855278,74260.69839855278,2492.2144802226376,76752.91287877542,True,22715.683375069373,18399.703533806198,41115.386908875575
0.95,0.75,CVaR95-L75,2025-10-30,48101.49031045632,0.0,48101.49031045632,1798.9282986416642,49900.418609097986,76406.27951380922,76406.27951380922,429.1740666666662,76835.45358047588,True,23233.158683127574,18818.858533333332,42052.01721646091
0.95,0.75,CVaR95-L75,2025-10-31,48236.47287643766,0.0,48236.47287643766,0.0,48236.47287643766,76675.30667053029,76675.30667053029,0.0,76675.30667053029,False,23233.158683127574,18818.858533333332,42052.01721646091
0.95,0.75,CVaR95-L75,2025-11-01,46350.7785179365,0.0,46350.7785179365,0.0,46350.7785179365,74906.87710688196,74906.87710688196,0.0,74906.87710688196,False,23243.49364197531,18827.22985,42070.72349197531
0.95,0.75,CVaR95-L75,2025-11-02,46350.359140389584,0.0,46350.359140389584,3905.990872416664,50256.35001280625,74905.0008529544,74905.0008529544,1020.9228867842398,75925.92373973865,True,23243.49364197531,18827.229849999996,42070.72349197531
0.95,0.75,CVaR95-L75,2025-11-03,46874.62192046043,0.0,46874.62192046043,3958.638550383327,50833.26047084376,75652.1004794619,75652.1004794619,1353.7079456008246,77005.80842506271,True,23432.214588477367,18980.093816666667,42412.30840514404
0.95,0.75,CVaR95-L75,2025-11-04,47258.59275049835,0.0,47258.59275049835,1639.1569149333313,48897.74966543168,76325.49302967309,76325.49302967309,456.9676833333333,76782.46071300643,True,23354.438022819762,18917.09479848401,42271.53282130377
0.95,0.75,CVaR95-L75,2025-11-05,47067.823809758054,0.0,47067.823809758054,3772.848590033338,50840.672399791394,76106.31274920855,76106.31274920855,942.6274855887701,77048.94023479732,True,23277.093086419758,18854.4454,42131.538486419755
0.95,0.75,CVaR95-L75,2025-11-06,47141.42662937274,0.0,47141.42662937274,8796.305814316675,55937.73244368941,76208.10578220671,76208.10578220671,2075.3802013996683,78283.48598360637,True,23353.081090534975,18915.995683333334,42269.076773868306
0.95,0.75,CVaR95-L75,2025-11-07,48299.07578055622,0.0,48299.07578055622,0.0,48299.07578055622,77646.70098109514,77646.70098109514,0.0,77646.70098109514,False,23302.560858451234,18875.074295345505,42177.63515379674
0.95,0.75,CVaR95-L75,2025-11-08,48298.63670884759,0.0,48298.63670884759,0.0,48298.63670884759,77634.82449412187,77634.82449412187,0.0,77634.82449412187,False,23302.560858451234,18875.0742953455,42177.635153796735
0.95,0.75,CVaR95-L75,2025-11-09,48298.33518150741,0.0,48298.33518150741,5091.612900141666,53389.948081649076,77632.44684505758,77632.44684505758,1314.5272834656325,78946.97412852322,True,23304.95766249744,18877.015706622926,42181.973369120366
0.95,0.75,CVaR95-L75,2025-11-10,49131.552637455956,0.0,49131.552637455956,5900.174847416673,55031.72748487263,78729.01972432557,78729.01972432557,1741.377870919546,80470.39759524511,True,23325.980333333333,18894.044069999996,42220.02440333333
0.95,0.75,CVaR95-L75,2025-11-11,49670.566434252054,0.0,49670.566434252054,1176.9432083083298,50847.509642560384,79533.12157020533,79533.12157020533,324.9178539967607,79858.03942420208,True,23325.280816666665,18893.4774615,42218.758278166664
0.95,0.75,CVaR95-L75,2025-11-12,49671.34628904463,0.0,49671.34628904463,1773.987403574992,51445.33369261962,79538.90787058644,79538.90787058644,398.39740847996893,79937.30527906641,True,23325.280816666665,18893.4774615,42218.758278166664
0.95,0.75,CVaR95-L75,2025-11-13,49656.51709115392,0.0,49656.51709115392,3905.0728205166924,53561.58991167061,79507.45854587434,79507.45854587434,1056.3028551339246,80563.76140100826,True,23306.053633333333,18877.903442999996,42183.95707633333
0.95,0.75,CVaR95-L75,2025-11-14,50275.4967153607,0.0,50275.4967153607,0.0,50275.4967153607,80334.65554361793,80334.65554361793,0.0,80334.65554361793,False,23355.897414197527,18918.2769055,42274.17431969753
0.95,0.75,CVaR95-L75,2025-11-15,50275.24401129772,0.0,50275.24401129772,0.0,50275.24401129772,80329.11823047395,80329.11823047395,0.0,80329.11823047395,False,23355.897414197527,18918.2769055,42274.17431969753
0.95,0.75,CVaR95-L75,2025-11-16,50274.803136123955,0.0,50274.803136123955,6029.846124358334,56304.64926048229,80328.47577698762,80328.47577698762,1546.6664931020032,81875.14227008962,True,23355.897414197527,18918.2769055,42274.17431969753
0.95,0.75,CVaR95-L75,2025-11-17,51004.071987573916,0.0,51004.071987573916,1472.6887352499962,52476.760722823914,81167.3780514597,81167.3780514597,385.575273974295,81552.95332543399,True,23379.785844444443,18937.626534000003,42317.412378444445
0.95,0.75,CVaR95-L75,2025-11-18,50883.54231598338,0.0,50883.54231598338,4716.1244329833335,55599.666748966716,81051.62492974507,81051.62492974507,1387.9379500000002,82439.56287974508,True,23407.54911111111,18960.11478,42367.66389111111
0.95,0.75,CVaR95-L75,2025-11-19,51297.207065086666,0.0,51297.207065086666,3373.9579058666695,54671.16497095334,81772.1277358435,81772.1277358435,872.0429620829782,82644.17069792649,True,23622.18216049383,19133.96755,42756.14971049383
0.95,0.75,CVaR95-L75,2025-11-20,51393.04592663476,0.0,51393.04592663476,3288.8396054166647,54681.88553205143,81926.99692501579,81926.99692501579,812.541558781071,82739.53848379686,True,23607.670905349794,19122.21343333333,42729.88433868313
0.95,0.75,CVaR95-L75,2025-11-21,51576.07104228431,0.0,51576.07104228431,0.0,51576.07104228431,82154.44018694136,82154.44018694136,0.0,82154.44018694136,False,23651.105679012348,19157.395599999996,42808.501279012344
0.95,0.75,CVaR95-L75,2025-11-22,51575.987271180325,0.0,51575.987271180325,0.0,51575.987271180325,82151.60799858588,82151.60799858588,0.0,82151.60799858588,False,23651.105679012348,19157.395599999996,42808.501279012344
0.95,0.75,CVaR95-L75,2025-11-23,51575.57594409432,0.0,51575.57594409432,5622.821529224999,57198.39747331932,82145.8524895562,82145.8524895562,1386.545216476114,83532.39770603231,True,23651.105679012348,19157.395599999996,42808.501279012344
0.95,0.75,CVaR95-L75,2025-11-24,52151.08155463442,0.0,52151.08155463442,2319.2224046000038,54470.30395923442,82927.07300856398,82927.07300856398,613.0831936405319,83540.15620220451,True,24023.535476109675,19459.063735648837,43482.59921175851
0.95,0.75,CVaR95-L75,2025-11-25,52277.581192919824,0.0,52277.581192919824,3049.6614023583334,55327.242595278156,83102.63958639062,83102.63958639062,789.7875845340252,83892.42717092465,True,24009.468770709944,19447.669704275053,43457.138474985
0.95,0.75,CVaR95-L75,2025-11-26,52617.02596337306,0.0,52617.02596337306,3001.4760893999937,55618.50205277305,83565.99809121026,83565.99809121026,866.0980322331588,84432.09612344342,True,24160.010531043037,19569.60853014486,43729.6190611879
0.95,0.75,CVaR95-L75,2025-11-27,52589.37924294531,0.0,52589.37924294531,2848.881517691669,55438.26076063698,83562.02142901006,83562.02142901006,693.9269000000006,84255.94832901006,True,24001.306182393735,19441.058007738924,43442.36419013266
0.95,0.75,CVaR95-L75,2025-11-28,52595.29240596643,0.0,52595.29240596643,0.0,52595.29240596643,83482.59360817017,83482.59360817017,0.0,83482.59360817017,False,24120.014345533218,19537.211619881906,43657.22596541513
0.95,0.75,CVaR95-L75,2025-11-29,52594.79338281731,0.0,52594.79338281731,0.0,52594.79338281731,83481.87357241419,83481.87357241419,0.0,83481.87357241419,False,24119.883797486476,19537.105875964047,43656.989673450524
0.95,0.75,CVaR95-L75,2025-11-30,52588.35419329001,0.0,52588.35419329001,9849.633407941677,62437.98760123169,83470.42107294,83470.42107294,2820.257191433942,86290.67826437393,True,24122.684437421587,19539.37439431149,43662.05883173308
0.95,0.75,CVaR95-L75,2025-12-01,54261.93525378055,0.0,54261.93525378055,22663.493318949993,76925.42857273054,85890.77968429476,85890.77968429476,6117.314813294532,92008.09449758929,True,24760.15905349794,20055.728833333334,44815.887886831275
0.95,0.75,CVaR95-L75,2025-12-02,58487.24403456112,0.0,58487.24403456112,10956.922476124997,69444.16651068612,91672.80926188601,91672.80926188601,3039.6302109176186,94712.43947280363,True,24833.333333333332,20115.0,44948.33333333333
0.95,0.75,CVaR95-L75,2025-12-03,60482.642406889645,0.0,60482.642406889645,4120.788898970832,64603.431305860475,94425.53437960774,94425.53437960774,1424.0379667336483,95849.57234634139,True,24982.954176954736,20236.19288333333,45219.147060288065
0.95,0.75,CVaR95-L75,2025-12-04,61057.386444850985,0.0,61057.386444850985,3823.945598866668,64881.33204371765,95378.06038795975,95378.06038795975,969.2715193604263,96347.33190732017,True,25131.709341563786,20356.68456666667,45488.39390823046
0.95,0.75,CVaR95-L75,2025-12-05,61244.21324721372,0.0,61244.21324721372,0.0,61244.21324721372,95384.62076029266,95384.62076029266,0.0,95384.62076029266,False,25121.638353909464,20348.52706666667,45470.16542057613
0.95,0.75,CVaR95-L75,2025-12-06,61242.407045150394,0.0,61242.407045150394,0.0,61242.407045150394,95381.0258262904,95381.0258262904,0.0,95381.0258262904,False,25121.638353909464,20348.52706666667,45470.16542057613
0.95,0.75,CVaR95-L75,2025-12-07,61242.40704515039,0.0,61242.40704515039,2902.1436195749984,64144.550664725386,95378.41202278397,95378.41202278397,782.1182477921527,96160.53027057613,True,25121.638353909464,20348.52706666667,45470.16542057613
0.95,0.75,CVaR95-L75,2025-12-08,60773.10042667217,0.0,60773.10042667217,3527.2675908833335,64300.368017555506,94791.38697866019,94791.38697866019,1051.4527193920444,95842.83969805224,True,25182.47563449542,20397.80526394129,45580.28089843671
0.95,0.75,CVaR95-L75,2025-12-09,60949.941784865834,0.0,60949.941784865834,3593.4860488500003,64543.42783371583,95192.41132698441,95192.41132698441,820.9776333863032,96013.3889603707,True,25207.304629564234,20417.916749947028,45625.22137951126
0.95,0.75,CVaR95-L75,2025-12-10,61052.991358966035,0.0,61052.991358966035,3933.6326094333344,64986.62396839937,95297.19956763493,95297.19956763493,1151.7890339258518,96448.98860156078,True,25257.684320987653,20458.724299999998,45716.408620987655
0.95,0.75,CVaR95-L75,2025-12-11,61887.03504434897,0.0,61887.03504434897,1029.460058225001,62916.49510257397,96398.59432527944,96398.59432527944,357.9026833333335,96756.49700861277,True,25370.999835390943,20550.509866666667,45921.50970205761
0.95,0.75,CVaR95-L75,2025-12-12,61923.71003083771,0.0,61923.71003083771,0.0,61923.71003083771,96460.79750494091,96460.79750494091,0.0,96460.79750494091,False,25370.999835390943,20550.509866666667,45921.50970205761
0.95,0.75,CVaR95-L75,2025-12-13,61923.71003083771,0.0,61923.71003083771,0.0,61923.71003083771,96460.79750494091,96460.79750494091,0.0,96460.79750494091,False,25370.999835390943,20550.509866666667,45921.50970205761
0.95,0.75,CVaR95-L75,2025-12-14,61923.71003083771,0.0,61923.71003083771,2161.380115025,64085.09014586271,96460.79750494091,96460.79750494091,650.6437333333333,97111.44123827424,True,25370.999835390943,20550.509866666667,45921.50970205761
0.95,0.75,CVaR95-L75,2025-12-15,61704.42069867552,0.0,61704.42069867552,3973.920689759096,65678.34138843462,96167.03065305286,96167.03065305286,1277.529249413883,97444.55990246675,True,25367.614954044388,20547.768112775957,45915.383066820345
0.95,0.75,CVaR95-L75,2025-12-16,61570.820431102075,0.0,61570.820431102075,2751.5654459750017,64322.385877077075,96168.00156488681,96168.00156488681,798.8880500000004,96966.88961488681,True,25292.80919145548,20487.175445078945,45779.98463653443
0.95,0.75,CVaR95-L75,2025-12-17,61571.807939193386,0.0,61571.807939193386,1439.1812287666644,63010.98916796005,96166.69497368569,96166.69497368569,459.09954443090544,96625.7945181166,True,25240.136872088544,20444.51086639172,45684.647738480264
0.95,0.75,CVaR95-L75,2025-12-18,61573.25942499942,0.0,61573.25942499942,1466.0606418666669,63039.32006686609,96175.15557489495,96175.15557489495,470.56473333333327,96645.72030822828,True,25236.20862646606,20441.32898743751,45677.53761390357
0.95,0.75,CVaR95-L75,2025-12-19,61572.503107809214,0.0,61572.503107809214,0.0,61572.503107809214,96177.39241987036,96177.39241987036,0.0,96177.39241987036,False,25234.032059666253,20439.565968329665,45673.59802799592
0.95,0.75,CVaR95-L75,2025-12-20,61572.503107809214,0.0,61572.503107809214,0.0,61572.503107809214,96177.35652202838,96177.35652202838,0.0,96177.35652202838,False,25234.032059666253,20439.565968329665,45673.59802799592
0.95,0.75,CVaR95-L75,2025-12-21,61572.09374191219,0.0,61572.09374191219,3269.1110985416644,64841.20484045386,96185.22955988713,96185.22955988713,1035.5892622783533,97220.81882216549,True,25253.374892377487,20455.23366282577,45708.60855520326
0.95,0.75,CVaR95-L75,2025-12-22,61629.63877128553,0.0,61629.63877128553,2055.0173422500047,63684.65611353553,96362.90522507367,96362.90522507367,567.1962428804752,96930.10146795414,True,25215.68616930729,20424.705797138908,45640.3919664462
0.95,0.75,CVaR95-L75,2025-12-23,61609.307457891664,0.0,61609.307457891664,778.0352746166675,62387.34273250833,96341.30203416216,96341.30203416216,189.04875000000015,96530.35078416216,True,25234.099020889236,20439.620206920285,45673.71922780952
0.95,0.75,CVaR95-L75,2025-12-24,61606.9844729144,0.0,61606.9844729144,1843.4087114666672,63450.39318438107,96338.92768556744,96338.92768556744,477.61468582064197,96816.54237138809,True,25234.427744749402,20439.886473247017,45674.31421799642
0.95,0.75,CVaR95-L75,2025-12-25,61612.61576300215,0.0,61612.61576300215,1651.79899776666,63264.41476076881,96350.09014498796,96350.09014498796,516.6311418286521,96866.72128681661,True,25238.156453003638,20442.90672693295,45681.06317993659
0.95,0.75,CVaR95-L75,2025-12-26,61610.27286200244,0.0,61610.27286200244,0.0,61610.27286200244,96348.85300344432,96348.85300344432,0.0,96348.85300344432,False,25236.375340703464,20441.464025969806,45677.83936667327
0.95,0.75,CVaR95-L75,2025-12-27,61609.03109215301,0.0,61609.03109215301,0.0,61609.03109215301,96342.68121593131,96342.68121593131,0.0,96342.68121593131,False,25235.8133551407,20441.00881766397,45676.82217280467
0.95,0.75,CVaR95-L75,2025-12-28,61609.031092153,0.0,61609.031092153,1132.5456375749977,62741.576729728,96342.97068567367,96342.97068567367,279.08598053602987,96622.0566662097,True,25235.8133551407,20441.00881766397,45676.82217280467
0.95,0.75,CVaR95-L75,2025-12-29,61630.83513514382,0.0,61630.83513514382,1359.7734645750006,62990.60859971882,96370.56105555907,96370.56105555907,400.4242666666669,96770.98532222574,True,25239.711869109713,20444.16661397887,45683.878483088585
0.95,0.75,CVaR95-L75,2025-12-30,61635.21618616913,0.0,61635.21618616913,812.4949708916749,62447.7111570608,96375.05523927555,96375.05523927555,186.01083268159425,96561.06607195715,True,25236.74142694815,20441.760555828005,45678.50198277616
0.95,0.75,CVaR95-L75,2025-12-31,61645.12322117486,0.0,61645.12322117486,2038.57668230833,63683.69990348319,96390.59562139501,96390.59562139501,582.3501076544155,96972.94572904943,True,25235.892440686745,20441.072876956263,45676.96531764301
0.95,1.0,CVaR95-L100,2025-02-01,64139.093122065984,0.0,64139.093122065984,0.0,64139.093122065984,99886.25085528381,99886.25085528381,0.0,99886.25085528381,False,25568.787653454903,20710.71799929847,46279.505652753374
0.95,1.0,CVaR95-L100,2025-02-02,64188.603646521035,0.0,64188.603646521035,30.426383166667154,64219.0300296877,99914.84722619483,99914.84722619483,6.219696507480194,99921.06692270232,True,25570.691224510265,20712.25989185331,46282.951116363576
0.95,1.0,CVaR95-L100,2025-02-03,64022.12454540191,0.0,64022.12454540191,0.0,64022.12454540191,99621.92615896356,99621.92615896356,0.0,99621.92615896356,False,25564.181255144034,20706.986816666667,46271.1680718107
0.95,1.0,CVaR95-L100,2025-02-04,64022.12454540191,0.0,64022.12454540191,147.03110330000004,64169.15564870191,99621.92615896356,99621.92615896356,50.340516666666645,99672.26667563022,True,25564.181255144034,20706.986816666667,46271.1680718107
0.95,1.0,CVaR95-L100,2025-02-05,64022.12454540191,0.0,64022.12454540191,75.79150387500029,64097.91604927691,99621.92615896356,99621.92615896356,12.067750000000046,99633.99390896356,True,25564.181255144034,20706.986816666667,46271.1680718107
0.95,1.0,CVaR95-L100,2025-02-06,63836.71554139333,0.0,63836.71554139333,15.003368333332702,63851.71890972666,99373.43906768289,99373.43906768289,2.2283333333332394,99375.66740101622,True,25555.83557613169,20700.22681666667,46256.062392798354
0.95,1.0,CVaR95-L100,2025-02-07,63754.05705385664,0.0,63754.05705385664,0.0,63754.05705385664,99290.61343414124,99290.61343414124,0.0,99290.61343414124,False,25555.83557613169,20700.226816666665,46256.062392798354
0.95,1.0,CVaR95-L100,2025-02-08,63146.193618716876,0.0,63146.193618716876,0.0,63146.193618716876,98265.4827816783,98265.4827816783,0.0,98265.4827816783,False,25443.2141563786,20609.003466666665,46052.21762304526
0.95,1.0,CVaR95-L100,2025-02-09,63235.331923175254,0.0,63235.331923175254,38.219312500000086,63273.55123567525,98457.3820831766,98457.3820831766,15.211666666666702,98472.59374984328,True,25435.496574637746,20602.752225456574,46038.24880009432
0.95,1.0,CVaR95-L100,2025-02-10,62863.60777888101,0.0,62863.60777888101,0.0,62863.60777888101,97931.34524415026,97931.34524415026,0.0,97931.34524415026,False,25395.730041152263,20570.541333333334,45966.2713744856
0.95,1.0,CVaR95-L100,2025-02-11,62863.60777888101,0.0,62863.60777888101,0.0,62863.60777888101,97931.38533878015,97931.38533878015,0.0,97931.38533878015,False,25395.730041152263,20570.54133333333,45966.271374485594
0.95,1.0,CVaR95-L100,2025-02-12,62863.60777888101,0.0,62863.60777888101,0.0,62863.60777888101,97931.04273573414,97931.04273573414,0.0,97931.04273573414,False,25395.730041152263,20570.541333333334,45966.2713744856
0.95,1.0,CVaR95-L100,2025-02-13,62354.24418991931,0.0,62354.24418991931,31.6866610000002,62385.93085091931,97246.52367495728,97246.52367495728,4.697800000000029,97251.22147495727,True,25398.310557834666,20572.63155184608,45970.94210968075
0.95,1.0,CVaR95-L100,2025-02-14,62484.686438030454,0.0,62484.686438030454,0.0,62484.686438030454,97360.36989477927,97360.36989477927,0.0,97360.36989477927,False,25404.190041152262,20577.393933333333,45981.58397448559
0.95,1.0,CVaR95-L100,2025-02-15,62472.610756657574,0.0,62472.610756657574,0.0,62472.610756657574,97301.9232113594,97301.9232113594,0.0,97301.9232113594,False,25406.960102880657,20579.637683333334,45986.59778621399
0.95,1.0,CVaR95-L100,2025-02-16,62268.015728562954,0.0,62268.015728562954,120.2996137416661,62388.31534230462,96979.42626434815,96979.42626434815,17.813734265810126,96997.23999861396,True,25477.79296296296,20637.0123,46114.80526296296
0.95,1.0,CVaR95-L100,2025-02-17,61775.79921410129,0.0,61775.79921410129,102.59248287499982,61878.39169697629,96501.6831633689,96501.6831633689,15.260133333333329,96516.94329670223,True,25477.79296296296,20637.012300000002,46114.80526296297
0.95,1.0,CVaR95-L100,2025-02-18,61775.79921410129,0.0,61775.79921410129,0.0,61775.79921410129,96500.81429138429,96500.81429138429,0.0,96500.81429138429,False,25477.79296296296,20637.012300000002,46114.80526296297
0.95,1.0,CVaR95-L100,2025-02-19,61775.79921410129,0.0,61775.79921410129,199.80796992500137,61975.60718402629,96497.80644539674,96497.80644539674,33.119083333333606,96530.92552873008,True,25477.79296296296,20637.012300000002,46114.80526296297
0.95,1.0,CVaR95-L100,2025-02-20,61660.22897476075,0.0,61660.22897476075,248.13596249999947,61908.36493726075,96475.4711946969,96475.4711946969,40.87833333333333,96516.34952803023,True,25325.428765432098,20513.597299999998,45839.026065432095
0.95,1.0,CVaR95-L100,2025-02-21,61346.5254026617,0.0,61346.5254026617,0.0,61346.5254026617,96133.47174720456,96133.47174720456,0.0,96133.47174720456,False,25313.83222222222,20504.2041,45818.03632222222
0.95,1.0,CVaR95-L100,2025-02-22,61486.736882884776,0.0,61486.736882884776,0.0,61486.736882884776,96319.48891097022,96319.48891097022,0.0,96319.48891097022,False,25313.83222222222,20504.2041,45818.03632222222
0.95,1.0,CVaR95-L100,2025-02-23,60930.01269321038,0.0,60930.01269321038,44.036722491667895,60974.04941570205,95645.62621965968,95645.62621965968,12.595916666666994,95658.22213632635,True,25062.055432098765,20300.264900000002,45362.32033209877
0.95,1.0,CVaR95-L100,2025-02-24,59774.49584129543,0.0,59774.49584129543,59.08042133333316,59833.57626262876,94063.58263137258,94063.58263137258,16.747299999999996,94080.32993137259,True,24969.563065843617,20225.34608333333,45194.90914917695
0.95,1.0,CVaR95-L100,2025-02-25,59774.49584129543,0.0,59774.49584129543,216.28662437500074,59990.78246567043,94065.03825103198,94065.03825103198,36.13550000000009,94101.17375103198,True,24969.563065843617,20225.34608333333,45194.90914917695
0.95,1.0,CVaR95-L100,2025-02-26,59774.49584129543,0.0,59774.49584129543,64.29615166666629,59838.7919929621,94064.66553255498,94064.66553255498,19.29833333333329,94083.96386588832,True,24969.563065843617,20225.34608333333,45194.90914917695
0.95,1.0,CVaR95-L100,2025-02-27,59021.58200659369,0.0,59021.58200659369,148.2067811749978,59169.78878776869,93046.95102185868,93046.95102185868,23.423407271202336,93070.37442912988,True,24875.909897119338,20149.487016666666,45025.396913786004
0.95,1.0,CVaR95-L100,2025-02-28,58674.95571986833,0.0,58674.95571986833,0.0,58674.95571986833,92528.39634927415,92528.39634927415,0.0,92528.39634927415,False,24870.789999999997,20145.3399,45016.1299
0.95,1.0,CVaR95-L100,2025-03-01,57020.56801926772,0.0,57020.56801926772,0.0,57020.56801926772,90173.32554165322,90173.32554165322,0.0,90173.32554165322,False,24741.199320987653,20040.371450000002,44781.57077098766
0.95,1.0,CVaR95-L100,2025-03-02,56986.928937548095,0.0,56986.928937548095,872.5557579916684,57859.484695539766,90068.87151368972,90068.87151368972,234.89976666666706,90303.77128035639,True,24729.055679012345,20030.5351,44759.590779012346
0.95,1.0,CVaR95-L100,2025-03-03,55576.97832377236,0.0,55576.97832377236,1349.0556882624978,56926.034012034856,88360.81757909448,88360.81757909448,243.57828068429626,88604.39585977877,True,24696.531790123456,20004.190749999998,44700.722540123454
0.95,1.0,CVaR95-L100,2025-03-04,55453.45954749851,0.0,55453.45954749851,651.424578274998,56104.88412577351,88145.29558145566,88145.29558145566,169.6697799803444,88314.96536143601,True,24693.213868312756,20001.503233333333,44694.71710164609
0.95,1.0,CVaR95-L100,2025-03-05,55453.45954749851,0.0,55453.45954749851,745.7232201250013,56199.18276762351,88145.29558145566,88145.29558145566,125.81063333333339,88271.10621478899,True,24693.213868312756,20001.503233333333,44694.71710164609
0.95,1.0,CVaR95-L100,2025-03-06,55453.4595474985,0.0,55453.4595474985,835.5770335166671,56289.03658101517,88136.91689258137,88136.91689258137,195.5977333333335,88332.5146259147,True,24693.213868312756,20001.503233333333,44694.71710164609
0.95,1.0,CVaR95-L100,2025-03-07,55588.571160252555,0.0,55588.571160252555,0.0,55588.571160252555,88206.4003161815,88206.4003161815,0.0,88206.4003161815,False,24705.357510288064,20011.339583333334,44716.6970936214
0.95,1.0,CVaR95-L100,2025-03-08,55048.70813361015,0.0,55048.70813361015,0.0,55048.70813361015,87474.29561833432,87474.29561833432,0.0,87474.29561833432,False,24643.30327160494,19961.075650000002,44604.37892160494
0.95,1.0,CVaR95-L100,2025-03-09,54700.512320656344,0.0,54700.512320656344,685.6335779750004,55386.145898631345,86988.27547027635,86988.27547027635,109.64788333333343,87097.92335360969,True,24643.30327160494,19961.07565,44604.37892160493
0.95,1.0,CVaR95-L100,2025-03-10,53448.51022356009,0.0,53448.51022356009,791.5782469583289,54240.08847051842,85411.08991368226,85411.08991368226,219.2407252395647,85630.33063892182,True,24553.113415637858,19888.021866666666,44441.13528230452
0.95,1.0,CVaR95-L100,2025-03-11,53448.51022356009,0.0,53448.51022356009,355.96238680833284,53804.47261036843,85410.26281876219,85410.26281876219,110.49688333333336,85520.75970209553,True,24553.113415637858,19888.021866666666,44441.13528230452
0.95,1.0,CVaR95-L100,2025-03-12,53448.51022356009,0.0,53448.51022356009,655.1861153249979,54103.69633888509,85411.43971568771,85411.43971568771,188.75932797972484,85600.19904366744,True,24553.113415637858,19888.021866666666,44441.13528230452
0.95,1.0,CVaR95-L100,2025-03-13,52284.736840610174,0.0,52284.736840610174,1393.624165966667,53678.361006576844,83556.79562667281,83556.79562667281,347.26979519761215,83904.06542187043,True,23894.474588477366,19354.524416666667,43248.99900514403
0.95,1.0,CVaR95-L100,2025-03-14,52280.892175099914,0.0,52280.892175099914,0.0,52280.892175099914,83505.55064655602,83505.55064655602,0.0,83505.55064655602,False,23905.175331781247,19363.192018742815,43268.36735052406
0.95,1.0,CVaR95-L100,2025-03-15,52373.99824619187,0.0,52373.99824619187,14.117926666666708,52388.116172858536,83660.87633817826,83660.87633817826,6.603333333333353,83667.4796715116,True,23895.300905349795,19355.193733333337,43250.49463868313
0.95,1.0,CVaR95-L100,2025-03-16,52028.09968716942,0.0,52028.09968716942,78.18922119166652,52106.288908361086,83277.02262514937,83277.02262514937,35.828483333333224,83312.8511084827,True,23894.474588477366,19354.52441666667,43248.99900514404
0.95,1.0,CVaR95-L100,2025-03-17,52002.348401539115,0.0,52002.348401539115,518.4174284833338,52520.76583002245,83078.19697411424,83078.19697411424,111.89381666666668,83190.0907907809,True,23894.474588477366,19354.524416666667,43248.99900514403
0.95,1.0,CVaR95-L100,2025-03-18,52002.348401539115,0.0,52002.348401539115,174.702561183331,52177.050962722446,83076.33055361401,83076.33055361401,74.8040353328015,83151.1345889468,True,23894.474588477366,19354.524416666667,43248.99900514403
0.95,1.0,CVaR95-L100,2025-03-19,52002.348401539115,0.0,52002.348401539115,118.87676547500031,52121.22516701411,83074.35783686483,83074.35783686483,49.09908333333351,83123.45692019816,True,23894.474588477366,19354.524416666667,43248.99900514403
0.95,1.0,CVaR95-L100,2025-03-20,51354.3062598691,0.0,51354.3062598691,520.0569387333347,51874.36319860244,82261.01031325443,82261.01031325443,124.48380000000043,82385.49411325443,True,23894.474588477366,19354.524416666667,43248.99900514403
0.95,1.0,CVaR95-L100,2025-03-21,51626.653801324166,0.0,51626.653801324166,0.0,51626.653801324166,82567.13065655407,82567.13065655407,0.0,82567.13065655407,False,23894.474588477366,19354.524416666667,43248.99900514403
0.95,1.0,CVaR95-L100,2025-03-22,51626.653801324166,0.0,51626.653801324166,23.98479666666673,51650.63859799083,82566.94662479842,82566.94662479842,11.218333333333362,82578.16495813176,True,23894.474588477366,19354.524416666667,43248.99900514403
0.95,1.0,CVaR95-L100,2025-03-23,51443.318039947684,0.0,51443.318039947684,335.2745764666687,51778.59261641435,82434.95087677758,82434.95087677758,77.01943333333361,82511.97031011092,True,23894.474588477366,19354.524416666667,43248.99900514403
0.95,1.0,CVaR95-L100,2025-03-24,50563.16232553091,0.0,50563.16232553091,224.3158482083339,50787.47817373924,81204.53793782825,81204.53793782825,105.4261833333336,81309.96412116158,True,23894.474588477366,19354.524416666667,43248.99900514403
0.95,1.0,CVaR95-L100,2025-03-25,50563.16232553091,0.0,50563.16232553091,459.8702967499986,51023.03262228091,81204.59919609278,81204.59919609278,133.37244999999962,81337.97164609277,True,23894.474588477366,19354.524416666667,43248.99900514403
0.95,1.0,CVaR95-L100,2025-03-26,50563.16232553091,0.0,50563.16232553091,290.90782651667104,50854.07015204758,81203.83199681452,81203.83199681452,100.3694569351735,81304.2014537497,True,23894.474588477366,19354.524416666667,43248.99900514403
0.95,1.0,CVaR95-L100,2025-03-27,50335.55752573816,0.0,50335.55752573816,375.9867501166678,50711.54427585482,80936.09516783243,80936.09516783243,127.43206669511892,81063.52723452756,True,23894.474588477366,19354.524416666667,43248.99900514403
0.95,1.0,CVaR95-L100,2025-03-28,50699.6888345621,0.0,50699.6888345621,0.0,50699.6888345621,81464.22728834783,81464.22728834783,0.0,81464.22728834783,False,23894.474588477366,19354.524416666667,43248.99900514403
0.95,1.0,CVaR95-L100,2025-03-29,50489.55246775744,0.0,50489.55246775744,0.0,50489.55246775744,81018.89612764286,81018.89612764286,0.0,81018.89612764286,False,23894.474588477366,19354.524416666667,43248.99900514403
0.95,1.0,CVaR95-L100,2025-03-30,50602.165870651,0.0,50602.165870651,503.4567104083297,51105.62258105933,81179.64048914785,81179.64048914785,216.54151333246784,81396.18200248032,True,23894.474588477366,19354.524416666667,43248.99900514403
0.95,1.0,CVaR95-L100,2025-03-31,49997.18070092411,0.0,49997.18070092411,111.79619126666697,50108.976892190774,80408.21337638852,80408.21337638852,52.590000000000146,80460.80337638852,True,23894.474588477366,19354.524416666667,43248.99900514403
0.95,1.0,CVaR95-L100,2025-04-01,49997.1807009241,0.0,49997.1807009241,674.3679247500012,50671.548625674106,80410.38072708179,80410.38072708179,241.85041312064902,80652.23114020244,True,23894.474588477366,19354.524416666667,43248.99900514403
0.95,1.0,CVaR95-L100,2025-04-02,49997.18070092411,0.0,49997.18070092411,688.6590642416661,50685.83976516577,80409.36171306687,80409.36171306687,246.27881666666656,80655.64052973354,True,23894.474588477366,19354.524416666667,43248.99900514403
0.95,1.0,CVaR95-L100,2025-04-03,48612.08025101391,0.0,48612.08025101391,657.535513795836,49269.61576480975,78630.90901237393,78630.90901237393,211.49373703941797,78842.40274941335,True,23196.762916666667,18789.377962500002,41986.14087916667
0.95,1.0,CVaR95-L100,2025-04-04,46942.37121294608,0.0,46942.37121294608,0.0,46942.37121294608,76530.42576946945,76530.42576946945,0.0,76530.42576946945,False,23196.762916666667,18789.377962500002,41986.14087916667
0.95,1.0,CVaR95-L100,2025-04-05,46608.99926138876,0.0,46608.99926138876,0.0,46608.99926138876,76135.78194230697,76135.78194230697,0.0,76135.78194230697,False,23196.762916666667,18789.3779625,41986.14087916666
0.95,1.0,CVaR95-L100,2025-04-06,46336.42601035435,0.0,46336.42601035435,607.2933579749996,46943.71936832935,75834.05105838548,75834.05105838548,145.35359999999991,75979.40465838548,True,23196.762916666667,18789.377962500002,41986.14087916667
0.95,1.0,CVaR95-L100,2025-04-07,45899.65112769865,0.0,45899.65112769865,262.44077534166763,46162.09190304032,75287.46270740757,75287.46270740757,103.10011155204563,75390.56281895962,True,23154.38537452188,18755.05215336272,41909.4375278846
0.95,1.0,CVaR95-L100,2025-04-08,45899.65112769866,0.0,45899.65112769866,402.77491411666546,46302.42604181532,75286.95043298809,75286.95043298809,121.15079999999955,75408.10123298809,True,23154.38537452188,18755.05215336272,41909.4375278846
0.95,1.0,CVaR95-L100,2025-04-09,45899.65112769866,0.0,45899.65112769866,412.3204860499993,46311.971613748654,75287.47475102823,75287.47475102823,148.62596581745822,75436.10071684569,True,23154.38537452188,18755.05215336272,41909.4375278846
0.95,1.0,CVaR95-L100,2025-04-10,45851.977643195365,0.0,45851.977643195365,804.6253137166648,46656.60295691203,75249.83660057426,75249.83660057426,213.04598333333274,75462.88258390759,True,23196.762916666667,18789.377962499995,41986.14087916666
0.95,1.0,CVaR95-L100,2025-04-11,45362.0309596845,0.0,45362.0309596845,0.0,45362.0309596845,74485.01440974593,74485.01440974593,0.0,74485.01440974593,False,22794.167968999678,18463.27605488974,41257.44402388942
0.95,1.0,CVaR95-L100,2025-04-12,44854.8104945975,0.0,44854.8104945975,0.0,44854.8104945975,73791.61975853838,73791.61975853838,0.0,73791.61975853838,False,22709.117924698337,18394.385519005657,41103.503443703994
0.95,1.0,CVaR95-L100,2025-04-13,44980.59474230278,0.0,44980.59474230278,419.61179312500076,45400.20653542778,73926.17128490805,73926.17128490805,151.6275833333333,74077.79886824139,True,22710.450989919518,18395.465301834807,41105.91629175433
0.95,1.0,CVaR95-L100,2025-04-14,42772.332538921786,0.0,42772.332538921786,850.2994628666663,43622.63200178845,70700.1446565993,70700.1446565993,208.76456666666684,70908.90922326596,True,22030.83378600823,17844.975366666666,39875.80915267489
0.95,1.0,CVaR95-L100,2025-04-15,42772.33253892178,0.0,42772.33253892178,743.6806943416681,43516.013233263446,70699.71607276307,70699.71607276307,162.23151666666706,70861.94758942974,True,22030.83378600823,17844.975366666666,39875.80915267489
0.95,1.0,CVaR95-L100,2025-04-16,42772.332538921786,0.0,42772.332538921786,822.3942645249999,43594.726803446785,70699.58667409903,70699.58667409903,266.91655000000003,70966.50322409903,True,22030.83378600823,17844.975366666666,39875.80915267489
0.95,1.0,CVaR95-L100,2025-04-17,41683.92559667415,0.0,41683.92559667415,448.70634630833604,42132.63194298249,69149.09424182345,69149.09424182345,126.0584503081999,69275.15269213165,True,21701.087160493826,17577.880599999997,39278.96776049382
0.95,1.0,CVaR95-L100,2025-04-18,41681.4051036247,0.0,41681.4051036247,0.0,41681.4051036247,69119.03818894582,69119.03818894582,0.0,69119.03818894582,False,21701.087160493826,17577.8806,39278.967760493826
0.95,1.0,CVaR95-L100,2025-04-19,42071.501871286106,0.0,42071.501871286106,1.9633966666665823,42073.46526795277,69721.57346776195,69721.57346776195,0.9183333333332939,69722.49180109528,True,21723.612901234563,17596.12645,39319.73935123456
0.95,1.0,CVaR95-L100,2025-04-20,42218.56436084953,0.0,42218.56436084953,175.4885033833328,42394.052864232865,69933.95226236564,69933.95226236564,73.51731666666649,70007.4695790323,True,21709.86416135365,17584.989970696457,39294.85413205011
0.95,1.0,CVaR95-L100,2025-04-21,41593.08868496602,0.0,41593.08868496602,702.9103952416674,42295.999080207686,69213.39785402754,69213.39785402754,244.28696666666667,69457.68482069421,True,21703.859362139916,17580.12608333333,39283.98544547324
0.95,1.0,CVaR95-L100,2025-04-22,41593.08868496602,0.0,41593.08868496602,630.7926605083326,42223.88134547435,69217.69628729623,69217.69628729623,180.1180499999998,69397.81433729624,True,21703.859362139916,17580.12608333333,39283.98544547324
0.95,1.0,CVaR95-L100,2025-04-23,41593.08868496602,0.0,41593.08868496602,904.4854353999988,42497.574120366015,69211.66218741534,69211.66218741534,275.70456666666655,69487.366754082,True,21703.859362139916,17580.12608333333,39283.98544547324
0.95,1.0,CVaR95-L100,2025-04-24,41380.63134153909,0.0,41380.63134153909,822.0124783666649,42202.64381990575,68914.92238726022,68914.92238726022,189.43676666666659,69104.35915392688,True,21720.932407407403,17593.95525,39314.8876574074
0.95,1.0,CVaR95-L100,2025-04-25,41789.728809027554,0.0,41789.728809027554,0.0,41789.728809027554,69563.50067555303,69563.50067555303,0.0,69563.50067555303,False,21698.16611711452,17575.514554862766,39273.68067197729
0.95,1.0,CVaR95-L100,2025-04-26,41431.03081079594,0.0,41431.03081079594,0.0,41431.03081079594,69111.86081936077,69111.86081936077,0.0,69111.86081936077,False,21744.908368577308,17613.375778547623,39358.28414712493
0.95,1.0,CVaR95-L100,2025-04-27,41445.62725064824,0.0,41445.62725064824,477.9057514083337,41923.533002056574,69118.16660228095,69118.16660228095,213.36253295558618,69331.52913523653,True,21759.465546238756,17625.167092453397,39384.63263869216
0.95,1.0,CVaR95-L100,2025-04-28,41048.11672566996,0.0,41048.11672566996,1109.0480749333337,42157.1648006033,68610.72256465642,68610.72256465642,396.5581666666669,69007.28073132309,True,21820.010205761315,17674.20826666667,39494.21847242798
0.95,1.0,CVaR95-L100,2025-04-29,41048.116725669955,0.0,41048.116725669955,122.91851814999927,41171.035243819955,68606.39046024988,68606.39046024988,37.89646666666658,68644.28692691655,True,21820.010205761315,17674.20826666667,39494.21847242798
0.95,1.0,CVaR95-L100,2025-04-30,41048.116725669955,0.0,41048.116725669955,880.3342810250042,41928.45100669496,68607.19200545936,68607.19200545936,274.2456687880109,68881.43767424737,True,21820.010205761315,17674.20826666667,39494.21847242798
0.95,1.0,CVaR95-L100,2025-05-01,41048.0992404094,0.0,41048.0992404094,8928.1215141875,49976.2207545969,68601.91312983114,68601.91312983114,1949.08542098399,70550.99855081513,True,21820.010205761315,17674.20826666667,39494.21847242798
0.95,1.0,CVaR95-L100,2025-05-02,42381.50235683449,0.0,42381.50235683449,0.0,42381.50235683449,69845.79869790876,69845.79869790876,0.0,69845.79869790876,False,21630.548148148144,17520.744,39151.292148148146
0.95,1.0,CVaR95-L100,2025-05-03,41655.262994916295,0.0,41655.262994916295,45.97768999999999,41701.240684916294,68688.76876167706,68688.76876167706,21.504999999999995,68710.27376167706,True,21621.638082379046,17513.52684672703,39135.164929106075
0.95,1.0,CVaR95-L100,2025-05-04,40590.8875194901,0.0,40590.8875194901,2963.0809288333276,43553.96844832342,67135.71540720864,67135.71540720864,809.3058497443998,67945.02125695304,True,21668.110308641975,17551.169349999996,39219.27965864197
0.95,1.0,CVaR95-L100,2025-05-05,40282.18232220247,0.0,40282.18232220247,2862.0355405166674,43144.21786271914,66759.50504599288,66759.50504599288,759.8052065560173,67519.3102525489,True,21635.03894686242,17524.38154695856,39159.42049382098
0.95,1.0,CVaR95-L100,2025-05-06,40435.258275494176,0.0,40435.258275494176,2745.948885825001,43181.20716131918,67009.14972009804,67009.14972009804,806.3006093248096,67815.45032942285,True,21668.110308641975,17551.169349999996,39219.27965864197
0.95,1.0,CVaR95-L100,2025-05-07,40094.55970551006,0.0,40094.55970551006,3112.3826270416675,43206.94233255173,66663.73917308592,66663.73917308592,724.6326195611146,67388.37179264704,True,21604.81709876543,17499.90185,39104.718948765425
0.95,1.0,CVaR95-L100,2025-05-08,40275.820055764474,0.0,40275.820055764474,4021.9230851083457,44297.74314087282,66884.8366817189,66884.8366817189,1031.571444959776,67916.40812667867,True,21591.24428550759,17488.90787126115,39080.152156768745
0.95,1.0,CVaR95-L100,2025-05-09,40627.31582148362,0.0,40627.31582148362,0.0,40627.31582148362,67432.30875731062,67432.30875731062,0.0,67432.30875731062,False,21729.78211934156,17601.123516666667,39330.905636008225
0.95,1.0,CVaR95-L100,2025-05-10,40225.66758403774,0.0,40225.66758403774,21.73989666666658,40247.40748070441,66950.6008579599,66950.6008579599,10.168333333333294,66960.76919129324,True,21683.772946824214,17563.856086927615,39247.62903375183
0.95,1.0,CVaR95-L100,2025-05-11,39838.48629390901,0.0,39838.48629390901,2553.9293007083315,42392.41559461734,66235.61896122634,66235.61896122634,600.2945163937462,66835.91347762008,True,21767.676358024684,17631.81785,39399.494208024684
0.95,1.0,CVaR95-L100,2025-05-12,39621.91965453574,0.0,39621.91965453574,2558.8583057916667,42180.77796032741,65850.77413561451,65850.77413561451,881.124037825377,66731.89817343988,True,21518.267044149998,17429.796305761498,38948.06334991149
0.95,1.0,CVaR95-L100,2025-05-13,39703.382975382876,0.0,39703.382975382876,1049.0367394000014,40752.419714782875,65999.04099429052,65999.04099429052,271.11130000000026,66270.15229429053,True,21463.813265567846,17385.688745109957,38849.5020106778
0.95,1.0,CVaR95-L100,2025-05-14,39703.38297538288,0.0,39703.38297538288,952.8478342333349,40656.230809616216,65999.27217949428,65999.27217949428,290.1615000000003,66289.43367949428,True,21463.813265567846,17385.688745109957,38849.5020106778
0.95,1.0,CVaR95-L100,2025-05-15,39617.026676784604,0.0,39617.026676784604,1247.2319956916622,40864.258672476266,65867.83872079414,65867.83872079414,299.0400834810865,66166.87880427523,True,21278.076525944154,17235.241986014764,38513.31851195892
0.95,1.0,CVaR95-L100,2025-05-16,39643.04832071968,0.0,39643.04832071968,0.0,39643.04832071968,65909.73193401343,65909.73193401343,0.0,65909.73193401343,False,21178.535733176115,17154.613943872653,38333.14967704877
0.95,1.0,CVaR95-L100,2025-05-17,39727.69082460258,0.0,39727.69082460258,0.0,39727.69082460258,66039.02707964115,66039.02707964115,0.0,66039.02707964115,False,21215.199608627507,17184.311682988282,38399.51129161579
0.95,1.0,CVaR95-L100,2025-05-18,39694.57701600505,0.0,39694.57701600505,2162.597800774998,41857.174816780054,65904.29721160675,65904.29721160675,866.4131833333327,66770.71039494009,True,21225.840427519754,17192.930746291,38418.771173810754
0.95,1.0,CVaR95-L100,2025-05-19,39649.01938971921,0.0,39649.01938971921,1038.1297467000009,40687.14913641921,65913.50309010543,65913.50309010543,183.1110500000001,66096.61414010543,True,21193.144695009043,17166.44720295732,38359.59189796636
0.95,1.0,CVaR95-L100,2025-05-20,39649.01938971921,0.0,39649.01938971921,3426.0972114583346,43075.11660117754,65914.23356349669,65914.23356349669,836.5485333333335,66750.78209683002,True,21193.144695009043,17166.44720295732,38359.59189796636
0.95,1.0,CVaR95-L100,2025-05-21,39651.71271727113,0.0,39651.71271727113,1788.2957825666685,41440.0084998378,65904.59791638357,65904.59791638357,507.8610333333338,66412.4589497169,True,21053.194743884687,17053.087742546595,38106.282486431286
0.95,1.0,CVaR95-L100,2025-05-22,39651.74892259357,0.0,39651.74892259357,179.00769501666744,39830.75661761024,65894.56421388272,65894.56421388272,48.2228333333336,65942.78704721606,True,21071.238059425945,17067.702828135014,38138.94088756096
0.95,1.0,CVaR95-L100,2025-05-23,39651.74892259357,0.0,39651.74892259357,0.0,39651.74892259357,65894.68838004782,65894.68838004782,0.0,65894.68838004782,False,21071.238059425945,17067.702828135014,38138.94088756096
0.95,1.0,CVaR95-L100,2025-05-24,39651.74892259357,0.0,39651.74892259357,0.0,39651.74892259357,65894.63530558597,65894.63530558597,0.0,65894.63530558597,False,21071.238059425945,17067.702828135014,38138.94088756096
0.95,1.0,CVaR95-L100,2025-05-25,39651.74892259357,0.0,39651.74892259357,970.8678006583332,40622.61672325191,65895.3688549638,65895.3688549638,214.17687127318197,66109.54572623699,True,21071.238059425945,17067.702828135014,38138.94088756096
0.95,1.0,CVaR95-L100,2025-05-26,39651.74892259357,0.0,39651.74892259357,2319.6278530166746,41971.376775610246,65895.97800344382,65895.97800344382,714.9064491485577,66610.88445259238,True,21071.238059425945,17067.702828135014,38138.94088756096
0.95,1.0,CVaR95-L100,2025-05-27,39554.85096322867,0.0,39554.85096322867,692.6115287833345,40247.46249201201,65744.79061652446,65744.79061652446,206.28666547318556,65951.07728199766,True,21006.03371086757,17014.887305802727,38020.9210166703
0.95,1.0,CVaR95-L100,2025-05-28,39554.85096322867,0.0,39554.85096322867,1549.9760992416636,41104.82706247034,65744.62990036063,65744.62990036063,460.57700249843964,66205.20690285906,True,21006.03371086757,17014.887305802727,38020.9210166703
0.95,1.0,CVaR95-L100,2025-05-29,39554.85096322867,0.0,39554.85096322867,1116.3492143499898,40671.20017757866,65743.64776193464,65743.64776193464,299.0439084977791,66042.69167043242,True,21006.03371086757,17014.88730580273,38020.9210166703
0.95,1.0,CVaR95-L100,2025-05-30,39115.13133030174,0.0,39115.13133030174,0.0,39115.13133030174,64798.07710338245,64798.07710338245,0.0,64798.07710338245,False,20187.26350403259,16351.683438266395,36538.946942298986
0.95,1.0,CVaR95-L100,2025-05-31,39115.13133030174,0.0,39115.13133030174,193.90234666666652,39309.03367696841,64798.07710338244,64798.07710338244,90.69333333333327,64888.77043671578,True,20187.263504032588,16351.683438266395,36538.94694229898
0.95,1.0,CVaR95-L100,2025-06-01,39115.13133030174,0.0,39115.13133030174,44486.13062094997,83601.26195125171,64799.672096825074,64799.672096825074,11663.657947196176,76463.33004402125,True,20187.26350403259,16351.683438266395,36538.946942298986
0.95,1.0,CVaR95-L100,2025-06-02,47299.22794778583,0.0,47299.22794778583,11951.94665195833,59251.17459974416,77004.75204017767,77004.75204017767,2991.3016446656648,79996.05368484334,True,21880.639770432485,17723.31821405031,39603.9579844828
0.95,1.0,CVaR95-L100,2025-06-03,49513.478686504226,0.0,49513.478686504226,2921.9647345000003,52435.44342100422,79969.40222576888,79969.40222576888,632.9193470821748,80602.32157285105,True,22333.333333333332,18090.0,40423.33333333333
0.95,1.0,CVaR95-L100,2025-06-04,49971.81311395687,0.0,49971.81311395687,3667.9592753749976,53639.77238933187,80390.17310377164,80390.17310377164,1239.6850177066754,81629.85812147832,True,22333.333333333332,18090.0,40423.33333333333
0.95,1.0,CVaR95-L100,2025-06-05,50002.68925141166,0.0,50002.68925141166,5192.489163224996,55195.178414636655,80494.32579474857,80494.32579474857,1382.7691621949998,81877.09495694356,True,22333.333333333332,18090.0,40423.33333333333
0.95,1.0,CVaR95-L100,2025-06-06,50196.16005646666,0.0,50196.16005646666,0.0,50196.16005646666,80599.60237381671,80599.60237381671,0.0,80599.60237381671,False,22333.333333333332,18090.0,40423.33333333333
0.95,1.0,CVaR95-L100,2025-06-07,50196.160056466666,0.0,50196.160056466666,0.0,50196.160056466666,80599.99763754013,80599.99763754013,0.0,80599.99763754013,False,22333.333333333332,18090.0,40423.33333333333
0.95,1.0,CVaR95-L100,2025-06-08,50196.16005646666,0.0,50196.16005646666,1316.7478700750053,51512.907926541666,80606.81863616478,80606.81863616478,432.7314007502696,81039.55003691505,True,22333.333333333332,18090.0,40423.33333333333
0.95,1.0,CVaR95-L100,2025-06-09,50196.16005646666,0.0,50196.16005646666,4275.08757251667,54471.24762898333,80596.57328993912,80596.57328993912,1153.3301257813946,81749.9034157205,True,22333.333333333332,18090.0,40423.33333333333
0.95,1.0,CVaR95-L100,2025-06-10,50755.85154343666,0.0,50755.85154343666,2414.5233139000056,53170.37485733667,81312.35047264025,81312.35047264025,699.1722351034454,82011.52270774369,True,22333.333333333332,18090.0,40423.33333333333
0.95,1.0,CVaR95-L100,2025-06-11,50410.662124661714,0.0,50410.662124661714,11141.855211541668,61552.51733620338,80909.05083674924,80909.05083674924,2582.7245524563004,83491.77538920555,True,22333.333333333332,18090.0,40423.33333333333
0.95,1.0,CVaR95-L100,2025-06-12,52052.20669142519,0.0,52052.20669142519,3736.5255470583315,55788.73223848352,83136.39706276057,83136.39706276057,911.5387124724568,84047.93577523303,True,23702.04372478558,19198.65541707632,42900.6991418619
0.95,1.0,CVaR95-L100,2025-06-13,52184.9146345153,0.0,52184.9146345153,0.0,52184.9146345153,83311.05754317934,83311.05754317934,0.0,83311.05754317934,False,23985.029992233343,19427.874293709006,43412.90428594235
0.95,1.0,CVaR95-L100,2025-06-14,52184.914634515306,0.0,52184.914634515306,0.0,52184.914634515306,83309.41191097787,83309.41191097787,0.0,83309.41191097787,False,23985.029992233343,19427.874293709006,43412.90428594235
0.95,1.0,CVaR95-L100,2025-06-15,52184.9146345153,0.0,52184.9146345153,661.006814558335,52845.921449073634,83309.90509115701,83309.90509115701,172.3958450978442,83482.30093625485,True,23985.029992233343,19427.874293709006,43412.90428594235
0.95,1.0,CVaR95-L100,2025-06-16,52184.9146345153,0.0,52184.9146345153,1699.425803391666,53884.34043790696,83309.03738206676,83309.03738206676,541.1071712083567,83850.14455327511,True,23985.029992233343,19427.874293709006,43412.90428594235
0.95,1.0,CVaR95-L100,2025-06-17,52186.36691477871,0.0,52186.36691477871,7292.536850758335,59478.90376553704,83338.1939537312,83338.1939537312,1898.4323759724125,85236.6263297036,True,23987.017544997292,19429.4842114478,43416.5017564451
0.95,1.0,CVaR95-L100,2025-06-18,52693.190648938464,0.0,52693.190648938464,1116.7627210166654,53809.95336995513,83835.74148806676,83835.74148806676,441.1121666666662,84276.85365473344,True,23955.342842358496,19403.82770231038,43359.17054466887
0.95,1.0,CVaR95-L100,2025-06-19,52693.19064893847,0.0,52693.19064893847,1931.4672532749985,54624.65790221347,83835.2177701782,83835.2177701782,379.4790999999995,84214.6968701782,True,23955.342842358496,19403.82770231038,43359.17054466887
0.95,1.0,CVaR95-L100,2025-06-20,52669.44778469182,0.0,52669.44778469182,0.0,52669.44778469182,83807.09952245958,83807.09952245958,0.0,83807.09952245958,False,23922.79277300669,19377.46214613542,43300.25491914211
0.95,1.0,CVaR95-L100,2025-06-21,52669.44778469182,0.0,52669.44778469182,0.0,52669.44778469182,83807.24776886032,83807.24776886032,0.0,83807.24776886032,False,23922.79277300669,19377.46214613542,43300.25491914211
0.95,1.0,CVaR95-L100,2025-06-22,52669.44778469183,0.0,52669.44778469183,723.3465911000017,53392.79437579183,83807.24417206761,83807.24417206761,262.2447000000004,84069.48887206761,True,23922.79277300669,19377.46214613542,43300.25491914211
0.95,1.0,CVaR95-L100,2025-06-23,52669.44778469183,0.0,52669.44778469183,124.41523364999595,52793.86301834183,83807.30307940711,83807.30307940711,45.405413245846944,83852.70849265295,True,23922.79277300669,19377.46214613542,43300.25491914211
0.95,1.0,CVaR95-L100,2025-06-24,52669.44778469183,0.0,52669.44778469183,6423.943949516666,59093.3917342085,83807.88303863432,83807.88303863432,1797.5516811618693,85605.43471979619,True,23922.79277300669,19377.46214613542,43300.25491914211
0.95,1.0,CVaR95-L100,2025-06-25,53563.20504435522,0.0,53563.20504435522,1384.3959008333331,54947.600945188555,85186.38055323811,85186.38055323811,433.64621935851596,85620.02677259663,True,24190.691532750083,19594.46014152757,43785.15167427765
0.95,1.0,CVaR95-L100,2025-06-26,53563.20504435522,0.0,53563.20504435522,846.005762325001,54409.210806680225,85183.28720753474,85183.28720753474,184.90418333333366,85368.19139086807,True,24190.691532750083,19594.46014152757,43785.15167427765
0.95,1.0,CVaR95-L100,2025-06-27,53563.20504435523,0.0,53563.20504435523,0.0,53563.20504435523,85186.49031506915,85186.49031506915,0.0,85186.49031506915,False,24190.691532750083,19594.46014152757,43785.15167427765
0.95,1.0,CVaR95-L100,2025-06-28,53563.20504435523,0.0,53563.20504435523,0.0,53563.20504435523,85193.59515306696,85193.59515306696,0.0,85193.59515306696,False,24190.691532750083,19594.46014152757,43785.15167427765
0.95,1.0,CVaR95-L100,2025-06-29,53563.20504435523,0.0,53563.20504435523,1100.6431554249987,54663.84819978023,85185.15719853721,85185.15719853721,420.44898333333293,85605.60618187055,True,24190.691532750083,19594.46014152757,43785.15167427765
0.95,1.0,CVaR95-L100,2025-06-30,53563.20504435523,0.0,53563.20504435523,1578.518787533331,55141.72383188856,85185.21517297314,85185.21517297314,475.71544999999935,85660.93062297314,True,24190.691532750083,19594.46014152757,43785.15167427765
0.95,1.0,CVaR95-L100,2025-07-01,53563.20963915053,0.0,53563.20963915053,18794.889121325003,72358.09876047554,85220.9230840562,85220.9230840562,5514.965507995052,90735.88859205124,True,24190.589676898606,19594.37763828787,43784.96731518648
0.95,1.0,CVaR95-L100,2025-07-02,57410.94527542015,0.0,57410.94527542015,5220.578863016661,62631.52413843681,90600.68879678001,90600.68879678001,1561.250786747169,92161.93958352719,True,24303.70004425536,19685.99703584684,43989.6970801022
0.95,1.0,CVaR95-L100,2025-07-03,57362.195330596645,0.0,57362.195330596645,6831.609896908334,64193.80522750498,90132.72480027509,90132.72480027509,1971.8892500000002,92104.6140502751,True,24171.29364197531,19578.74785,43750.04149197531
0.95,1.0,CVaR95-L100,2025-07-04,57215.01803069441,0.0,57215.01803069441,0.0,57215.01803069441,90168.89052236611,90168.89052236611,0.0,90168.89052236611,False,24007.36878950547,19445.968719499433,43453.33750900491
0.95,1.0,CVaR95-L100,2025-07-05,57215.01803069441,0.0,57215.01803069441,0.0,57215.01803069441,90167.78774608194,90167.78774608194,0.0,90167.78774608194,False,24007.36878950547,19445.968719499433,43453.33750900491
0.95,1.0,CVaR95-L100,2025-07-06,57215.01803069441,0.0,57215.01803069441,7768.1097535666695,64983.12778426108,90170.64143522378,90170.64143522378,1909.169771718205,92079.81120694199,True,24007.36878950547,19445.968719499433,43453.33750900491
0.95,1.0,CVaR95-L100,2025-07-07,58135.52065782572,0.0,58135.52065782572,2162.1507280666665,60297.67138589239,91191.0920123925,91191.0920123925,878.6679166666663,92069.75992905918,True,24196.217798353908,19598.936416666664,43795.15421502057
0.95,1.0,CVaR95-L100,2025-07-08,58135.52065782572,0.0,58135.52065782572,3640.8491753916637,61776.36983321738,91207.72988116276,91207.72988116276,1091.0234173813274,92298.75329854408,True,24196.217798353908,19598.936416666664,43795.15421502057
0.95,1.0,CVaR95-L100,2025-07-09,58230.10551435037,0.0,58230.10551435037,2424.1983880416697,60654.303902392036,91430.27758803047,91430.27758803047,632.6298925540376,92062.9074805845,True,24196.217798353908,19598.936416666667,43795.15421502058
0.95,1.0,CVaR95-L100,2025-07-10,58230.10551435036,0.0,58230.10551435036,2233.3911806083393,60463.4966949587,91462.13942646478,91462.13942646478,662.6870933824025,92124.82651984718,True,24196.217798353908,19598.936416666667,43795.15421502058
0.95,1.0,CVaR95-L100,2025-07-11,58230.105514350376,0.0,58230.105514350376,0.0,58230.105514350376,91488.49646789423,91488.49646789423,0.0,91488.49646789423,False,24196.217798353908,19598.936416666667,43795.15421502058
0.95,1.0,CVaR95-L100,2025-07-12,58230.105514350376,0.0,58230.105514350376,0.0,58230.105514350376,91489.1780266723,91489.1780266723,0.0,91489.1780266723,False,24196.217798353908,19598.936416666667,43795.15421502058
0.95,1.0,CVaR95-L100,2025-07-13,58230.10551435037,0.0,58230.10551435037,2128.858648350003,60358.96416270037,91401.03134271025,91401.03134271025,482.7308720375688,91883.76221474783,True,24196.217798353908,19598.936416666667,43795.15421502058
0.95,1.0,CVaR95-L100,2025-07-14,58230.10551435036,0.0,58230.10551435036,1911.123777408336,60141.2292917587,91395.28427143468,91395.28427143468,492.8909851054476,91888.17525654013,True,24196.217798353908,19598.936416666667,43795.15421502058
0.95,1.0,CVaR95-L100,2025-07-15,58230.10551435037,0.0,58230.10551435037,1647.103966208335,59877.209480558704,91386.47366823509,91386.47366823509,498.10277094698887,91884.57643918208,True,24196.217798353908,19598.936416666667,43795.15421502058
0.95,1.0,CVaR95-L100,2025-07-16,58230.10551435037,0.0,58230.10551435037,2401.335772291666,60631.44128664203,91388.1002731151,91388.1002731151,679.8325246849748,92067.93279780007,True,24196.217798353908,19598.936416666667,43795.15421502058
0.95,1.0,CVaR95-L100,2025-07-17,58230.10551435036,0.0,58230.10551435036,1882.7515765833389,60112.8570909337,91419.60825785476,91419.60825785476,567.4848133411136,91987.09307119588,True,24196.217798353908,19598.936416666667,43795.15421502058
0.95,1.0,CVaR95-L100,2025-07-18,58230.10551435037,0.0,58230.10551435037,0.0,58230.10551435037,91420.21715469866,91420.21715469866,0.0,91420.21715469866,False,24196.217798353908,19598.936416666667,43795.15421502058
0.95,1.0,CVaR95-L100,2025-07-19,57701.266019165196,0.0,57701.266019165196,64.95600333333331,57766.22202249853,90838.36469924427,90838.36469924427,30.38166666666666,90868.74636591093,True,23809.097921810702,19285.369316666667,43094.46723847737
0.95,1.0,CVaR95-L100,2025-07-20,57701.2660191652,0.0,57701.2660191652,649.814209200001,58351.0802283652,90828.50558578387,90828.50558578387,150.93145000000015,90979.43703578388,True,23809.097921810702,19285.369316666667,43094.46723847737
0.95,1.0,CVaR95-L100,2025-07-21,57701.266019165196,0.0,57701.266019165196,1390.1297335500014,59091.395752715194,90830.4106532223,90830.4106532223,357.53665000000024,91187.94730322229,True,23809.097921810702,19285.369316666667,43094.46723847737
0.95,1.0,CVaR95-L100,2025-07-22,57701.266019165196,0.0,57701.266019165196,1176.390921283334,58877.65694044853,90834.38172281321,90834.38172281321,367.70204321270995,91202.08376602591,True,23809.097921810702,19285.369316666667,43094.46723847737
0.95,1.0,CVaR95-L100,2025-07-23,57701.266019165196,0.0,57701.266019165196,1348.9893385916675,59050.25535775686,90834.0390753197,90834.0390753197,347.2815317214626,91181.32060704115,True,23809.097921810702,19285.369316666667,43094.46723847737
0.95,1.0,CVaR95-L100,2025-07-24,57701.266019165196,0.0,57701.266019165196,1624.8016484499988,59326.06766761519,90831.60100608329,90831.60100608329,400.7658392402742,91232.36684532357,True,23809.097921810702,19285.369316666667,43094.46723847737
0.95,1.0,CVaR95-L100,2025-07-25,57701.266019165196,0.0,57701.266019165196,0.0,57701.266019165196,90831.06808816838,90831.06808816838,0.0,90831.06808816838,False,23809.097921810702,19285.369316666667,43094.46723847737
0.95,1.0,CVaR95-L100,2025-07-26,55816.86930099604,0.0,55816.86930099604,0.0,55816.86930099604,88312.34614448596,88312.34614448596,0.0,88312.34614448596,False,22939.89604938271,18581.315799999997,41521.21184938271
0.95,1.0,CVaR95-L100,2025-07-27,55907.11383760082,0.0,55907.11383760082,1781.147521541666,57688.26135914248,88573.96840554794,88573.96840554794,459.3486123258257,89033.31701787376,True,22940.289232716044,18581.634278499998,41521.92351121604
0.95,1.0,CVaR95-L100,2025-07-28,55915.18465187437,0.0,55915.18465187437,3693.0294998333284,59608.214151707696,88587.72868490564,88587.72868490564,933.3402282111246,89521.06891311676,True,22937.7554536106,18579.581917424584,41517.33737103519
0.95,1.0,CVaR95-L100,2025-07-29,56068.39685125061,0.0,56068.39685125061,2227.232716016665,58295.62956726728,88706.65097166192,88706.65097166192,642.8618580495978,89349.51282971152,True,22940.289232716044,18581.6342785,41521.923511216046
0.95,1.0,CVaR95-L100,2025-07-30,56069.6824691681,0.0,56069.6824691681,1260.307316125002,57329.9897852931,88677.19208845394,88677.19208845394,304.83128333333366,88982.02337178728,True,22940.289232716044,18581.6342785,41521.923511216046
0.95,1.0,CVaR95-L100,2025-07-31,56069.68246916811,0.0,56069.68246916811,994.3398324666681,57064.02230163478,88680.93300076714,88680.93300076714,283.73576004471187,88964.66876081185,True,22940.289232716044,18581.6342785,41521.923511216046
0.95,1.0,CVaR95-L100,2025-08-01,56146.43457682245,0.0,56146.43457682245,0.0,56146.43457682245,88555.32749999572,88555.32749999572,0.0,88555.32749999572,False,22970.93266604938,18606.4554595,41577.388125549376
0.95,1.0,CVaR95-L100,2025-08-02,56032.42656543401,0.0,56032.42656543401,66.78755666666693,56099.21412210068,88298.24888639731,88298.24888639731,31.238333333333458,88329.48721973064,True,22944.492346869156,18585.03880096402,41529.53114783317
0.95,1.0,CVaR95-L100,2025-08-03,56145.4042379637,0.0,56145.4042379637,657.458017308334,56802.86225527203,88458.09984864588,88458.09984864588,161.42386300004944,88619.52371164593,True,22974.92196466014,18609.68679137472,41584.60875603486
0.95,1.0,CVaR95-L100,2025-08-04,55431.72107280433,0.0,55431.72107280433,347.22599504167204,55778.947067846,87597.52295061103,87597.52295061103,118.89257124236019,87716.4155218534,True,22939.89604938271,18581.3158,41521.211849382715
0.95,1.0,CVaR95-L100,2025-08-05,55431.72107280433,0.0,55431.72107280433,233.72737869167017,55665.448451496,87596.8785116826,87596.8785116826,69.27430642927868,87666.15281811188,True,22939.89604938271,18581.3158,41521.211849382715
0.95,1.0,CVaR95-L100,2025-08-06,55431.72107280433,0.0,55431.72107280433,845.6988197750038,56277.41989257933,87596.151118958,87596.151118958,215.54976481308188,87811.70088377109,True,22939.89604938271,18581.3158,41521.211849382715
0.95,1.0,CVaR95-L100,2025-08-07,53801.75252345772,0.0,53801.75252345772,746.8568195416681,54548.609342999385,85496.63210295851,85496.63210295851,224.5869333333335,85721.21903629185,True,22368.885175730084,18118.79699234137,40487.68216807145
0.95,1.0,CVaR95-L100,2025-08-08,53801.75252345771,0.0,53801.75252345771,0.0,53801.75252345771,85496.63265995556,85496.63265995556,0.0,85496.63265995556,False,22368.885175730084,18118.79699234137,40487.68216807145
0.95,1.0,CVaR95-L100,2025-08-09,53362.17880098552,0.0,53362.17880098552,0.0,53362.17880098552,84916.12238675883,84916.12238675883,0.0,84916.12238675883,False,22293.773866727213,18057.956832049043,40351.73069877626
0.95,1.0,CVaR95-L100,2025-08-10,53362.17880098552,0.0,53362.17880098552,227.36690678333224,53589.545707768855,84915.57117513914,84915.57117513914,89.18596666666645,85004.7571418058,True,22293.773866727213,18057.956832049043,40351.73069877626
0.95,1.0,CVaR95-L100,2025-08-11,53616.75215550278,0.0,53616.75215550278,490.32454642499783,54107.07670192778,85309.19727166367,85309.19727166367,154.56794139054693,85463.76521305421,True,22361.223987254903,18112.59142967647,40473.81541693138
0.95,1.0,CVaR95-L100,2025-08-12,53616.752155502785,0.0,53616.752155502785,849.9806281416662,54466.73278364445,85309.88860967028,85309.88860967028,180.9988833333332,85490.88749300361,True,22361.223987254903,18112.59142967647,40473.81541693138
0.95,1.0,CVaR95-L100,2025-08-13,53616.75215550278,0.0,53616.75215550278,1120.3601664333328,54737.11232193611,85309.94765850189,85309.94765850189,294.93634999999995,85604.88400850189,True,22361.223987254903,18112.59142967647,40473.81541693138
0.95,1.0,CVaR95-L100,2025-08-14,53616.75215550278,0.0,53616.75215550278,1297.2178459250038,54913.970001427784,85308.80227399769,85308.80227399769,292.7341899797434,85601.53646397743,True,22361.223987254903,18112.591429676475,40473.81541693138
0.95,1.0,CVaR95-L100,2025-08-15,53611.790995854186,0.0,53611.790995854186,0.0,53611.790995854186,85310.56972072482,85310.56972072482,0.0,85310.56972072482,False,22333.333333333332,18090.0,40423.33333333333
0.95,1.0,CVaR95-L100,2025-08-16,53561.294903253154,0.0,53561.294903253154,0.0,53561.294903253154,85138.45863638681,85138.45863638681,0.0,85138.45863638681,False,22373.251821405924,18122.3339753388,40495.58579674472
0.95,1.0,CVaR95-L100,2025-08-17,53634.0369637776,0.0,53634.0369637776,1543.622305766659,55177.65926954426,85236.2561835556,85236.2561835556,290.15808940810666,85526.41427296371,True,22333.333333333332,18090.0,40423.33333333333
0.95,1.0,CVaR95-L100,2025-08-18,53786.66758080716,0.0,53786.66758080716,1486.369875574999,55273.03745638216,85351.86979832972,85351.86979832972,355.23431028165237,85707.10410861137,True,22333.564445538912,18090.187200886518,40423.75164642543
0.95,1.0,CVaR95-L100,2025-08-19,53786.66758080716,0.0,53786.66758080716,1852.0150800833362,55638.682660890496,85351.71475051649,85351.71475051649,375.40726028165295,85727.12201079815,True,22333.564445538912,18090.187200886518,40423.75164642543
0.95,1.0,CVaR95-L100,2025-08-20,53797.294583248426,0.0,53797.294583248426,2579.8452736916624,56377.13985694009,85387.09792711801,85387.09792711801,592.2464334187437,85979.34436053675,True,22333.333333333332,18090.0,40423.33333333333
0.95,1.0,CVaR95-L100,2025-08-21,53731.762575361296,0.0,53731.762575361296,1075.7617013388867,54807.524276700184,85180.79174764629,85180.79174764629,206.42009388099132,85387.21184152729,True,22354.642733333334,18107.260614,40461.90334733333
0.95,1.0,CVaR95-L100,2025-08-22,53731.76257536128,0.0,53731.76257536128,0.0,53731.76257536128,85180.08458577469,85180.08458577469,0.0,85180.08458577469,False,22354.642733333334,18107.260614,40461.90334733333
0.95,1.0,CVaR95-L100,2025-08-23,53800.6108490411,0.0,53800.6108490411,0.0,53800.6108490411,85277.41339656708,85277.41339656708,0.0,85277.41339656708,False,22333.333333333332,18090.0,40423.33333333333
0.95,1.0,CVaR95-L100,2025-08-24,53819.30336904041,0.0,53819.30336904041,1688.3852662250013,55507.68863526541,85273.36542240111,85273.36542240111,316.0241666666669,85589.38958906778,True,22333.333333333332,18090.0,40423.33333333333
0.95,1.0,CVaR95-L100,2025-08-25,53461.070490886465,0.0,53461.070490886465,1612.5534296666606,55073.623920553124,84683.54295877453,84683.54295877453,447.4111088568342,85130.95406763136,True,22368.035649999998,18118.1088765,40486.14452649999
0.95,1.0,CVaR95-L100,2025-08-26,53461.07049088647,0.0,53461.07049088647,409.90835689166767,53870.97884777814,84683.75097489935,84683.75097489935,87.62625000000014,84771.37722489935,True,22368.035649999998,18118.1088765,40486.14452649999
0.95,1.0,CVaR95-L100,2025-08-27,53461.07049088647,0.0,53461.07049088647,1404.8166838500003,54865.887174736476,84683.90157593007,84683.90157593007,341.23791666666676,85025.13949259673,True,22368.035649999998,18118.1088765,40486.14452649999
0.95,1.0,CVaR95-L100,2025-08-28,53561.01421518141,0.0,53561.01421518141,2307.0240844166674,55868.038299598076,84774.32673566137,84774.32673566137,580.3060333333335,85354.63276899469,True,22366.51078333333,18116.8737345,40483.38451783333
0.95,1.0,CVaR95-L100,2025-08-29,52685.49463415773,0.0,52685.49463415773,0.0,52685.49463415773,83563.86821373476,83563.86821373476,0.0,83563.86821373476,False,21973.888186541786,17798.849431098843,39772.737617640625
0.95,1.0,CVaR95-L100,2025-08-30,52026.45932819418,0.0,52026.45932819418,0.0,52026.45932819418,82602.18847096202,82602.18847096202,0.0,82602.18847096202,False,22077.73797716049,17882.9677615,39960.70573866049
0.95,1.0,CVaR95-L100,2025-08-31,51828.800605774806,0.0,51828.800605774806,1984.9009956750015,53813.70160144981,81943.60450346506,81943.60450346506,498.1252673628535,82441.72977082791,True,22191.454259259255,17975.07795,40166.532209259254
0.95,1.0,CVaR95-L100,2025-09-01,51288.78408508154,0.0,51288.78408508154,0.0,51288.78408508154,80947.32717074372,80947.32717074372,0.0,80947.32717074372,False,21882.15526748971,17724.54576666667,39606.70103415638
0.95,1.0,CVaR95-L100,2025-09-02,51288.78408508154,0.0,51288.78408508154,21.885946566666533,51310.67003164821,80941.51292336274,80941.51292336274,7.668516666666619,80949.18144002941,True,21882.15526748971,17724.54576666667,39606.70103415638
0.95,1.0,CVaR95-L100,2025-09-03,51288.784085081534,0.0,51288.784085081534,0.0,51288.784085081534,80942.37241488072,80942.37241488072,0.0,80942.37241488072,False,21882.15526748971,17724.54576666667,39606.70103415638
0.95,1.0,CVaR95-L100,2025-09-04,50831.56152487156,0.0,50831.56152487156,47.97554172500024,50879.53706659656,80675.37648580346,80675.37648580346,10.902216666666732,80686.27870247012,True,21882.15526748971,17724.54576666667,39606.70103415638
0.95,1.0,CVaR95-L100,2025-09-05,50831.56152487156,0.0,50831.56152487156,0.0,50831.56152487156,80675.40195298486,80675.40195298486,0.0,80675.40195298486,False,21882.15526748971,17724.54576666667,39606.70103415638
0.95,1.0,CVaR95-L100,2025-09-06,50831.56152487156,0.0,50831.56152487156,0.0,50831.56152487156,80675.65651118282,80675.65651118282,0.0,80675.65651118282,False,21882.15526748971,17724.54576666667,39606.70103415638
0.95,1.0,CVaR95-L100,2025-09-07,50688.59068706508,0.0,50688.59068706508,12.446417849999882,50701.03710491508,80328.83931108634,80328.83931108634,6.052233333333277,80334.89154441968,True,21839.04923209876,17689.629878,39528.67911009876
0.95,1.0,CVaR95-L100,2025-09-08,50682.27228269425,0.0,50682.27228269425,484.3637194333329,51166.63600212758,80302.39780950051,80302.39780950051,140.43614999999986,80442.83395950051,True,21839.04923209876,17689.629878,39528.67911009876
0.95,1.0,CVaR95-L100,2025-09-09,50682.27228269425,0.0,50682.27228269425,0.0,50682.27228269425,80302.33903637665,80302.33903637665,0.0,80302.33903637665,False,21839.04923209876,17689.629878,39528.67911009876
0.95,1.0,CVaR95-L100,2025-09-10,50682.27228269425,0.0,50682.27228269425,2213.240634549998,52895.51291724425,80302.7000196137,80302.7000196137,558.7162218219637,80861.41624143565,True,21839.04923209876,17689.629878,39528.67911009876
0.95,1.0,CVaR95-L100,2025-09-11,50788.74915922197,0.0,50788.74915922197,36.30598376666628,50825.05514298863,80473.32336312349,80473.32336312349,11.124233333333223,80484.44759645683,True,21839.04923209876,17689.629878,39528.67911009876
0.95,1.0,CVaR95-L100,2025-09-12,50788.749159221974,0.0,50788.749159221974,0.0,50788.749159221974,80473.5929922027,80473.5929922027,0.0,80473.5929922027,False,21839.04923209876,17689.629878,39528.67911009876
0.95,1.0,CVaR95-L100,2025-09-13,50758.23537148257,0.0,50758.23537148257,0.0,50758.23537148257,80388.6715982672,80388.6715982672,0.0,80388.6715982672,False,21839.04923209876,17689.629878,39528.67911009876
0.95,1.0,CVaR95-L100,2025-09-14,50758.23537148257,0.0,50758.23537148257,212.73138877500395,50970.96676025758,80350.72396334803,80350.72396334803,53.620964376480885,80404.34492772451,True,21839.04923209876,17689.629878,39528.67911009876
0.95,1.0,CVaR95-L100,2025-09-15,50663.39798792757,0.0,50663.39798792757,2089.518200041673,52752.91618796925,80140.2264359289,80140.2264359289,522.1164506075976,80662.3428865365,True,21839.04923209876,17689.629878,39528.67911009876
0.95,1.0,CVaR95-L100,2025-09-16,50635.03792640734,0.0,50635.03792640734,410.88116770833244,51045.91909411568,80091.64584278339,80091.64584278339,101.92177716161385,80193.567619945,True,21839.04923209876,17689.629878,39528.67911009876
0.95,1.0,CVaR95-L100,2025-09-17,50635.03792640734,0.0,50635.03792640734,870.6314383333325,51505.66936474067,80091.26157080213,80091.26157080213,202.0700438282805,80293.33161463041,True,21839.04923209876,17689.629878,39528.67911009876
0.95,1.0,CVaR95-L100,2025-09-18,50629.052898544905,0.0,50629.052898544905,830.4232795416665,51459.476178086574,80028.32743068092,80028.32743068092,190.0570104949473,80218.38444117586,True,21839.04923209876,17689.629878,39528.67911009876
0.95,1.0,CVaR95-L100,2025-09-19,51241.10037727227,0.0,51241.10037727227,0.0,51241.10037727227,80887.78543394708,80887.78543394708,0.0,80887.78543394708,False,21839.04923209876,17689.629878,39528.67911009876
0.95,1.0,CVaR95-L100,2025-09-20,51106.611264662286,0.0,51106.611264662286,0.0,51106.611264662286,80713.61477150912,80713.61477150912,0.0,80713.61477150912,False,21836.494318109544,17687.560397668734,39524.05471577828
0.95,1.0,CVaR95-L100,2025-09-21,50474.237904872076,0.0,50474.237904872076,1008.0097004999988,51482.247605372075,79805.56631864638,79805.56631864638,282.3632443411974,80087.92956298757,True,21780.94894876543,17642.568648499997,39423.517597265425
0.95,1.0,CVaR95-L100,2025-09-22,50534.450945150405,0.0,50534.450945150405,1594.4601691583293,52128.911114308736,79878.50059082643,79878.50059082643,356.0127972954809,80234.51338812191,True,21811.452632098764,17667.276632,39478.729264098765
0.95,1.0,CVaR95-L100,2025-09-23,50565.87143098524,0.0,50565.87143098524,1942.5882718269445,52508.45970281218,79907.39718456191,79907.39718456191,460.1892261861115,80367.58641074802,True,21811.452632098764,17667.276632,39478.729264098765
0.95,1.0,CVaR95-L100,2025-09-24,50676.51212892551,0.0,50676.51212892551,3967.73497925833,54644.247108183845,80055.51546556629,80055.51546556629,915.6554304849553,80971.17089605125,True,21811.452632098764,17667.276632,39478.729264098765
0.95,1.0,CVaR95-L100,2025-09-25,51129.64257150099,0.0,51129.64257150099,834.9925405000035,51964.63511200099,80727.60320832249,80727.60320832249,214.03045726741942,80941.6336655899,True,22077.009949814747,17882.378059349947,39959.38800916469
0.95,1.0,CVaR95-L100,2025-09-26,50250.20364834726,0.0,50250.20364834726,0.0,50250.20364834726,79432.05129911503,79432.05129911503,0.0,79432.05129911503,False,21977.867530864198,17802.072699999997,39779.940230864195
0.95,1.0,CVaR95-L100,2025-09-27,50928.24626492725,0.0,50928.24626492725,0.0,50928.24626492725,80345.83599907746,80345.83599907746,0.0,80345.83599907746,False,22007.763081564757,17826.288096067452,39834.05117763221
0.95,1.0,CVaR95-L100,2025-09-28,50515.67860949625,0.0,50515.67860949625,2148.3744317666697,52664.05304126292,79770.49981968284,79770.49981968284,499.0230617276976,80269.52288141054,True,21958.043600823046,17786.015316666664,39744.05891748971
0.95,1.0,CVaR95-L100,2025-09-29,48921.49578170516,0.0,48921.49578170516,1432.4981965166648,50353.99397822183,77193.43022914765,77193.43022914765,364.24104127716384,77557.6712704248,True,21897.257267702935,17736.778386839378,39634.03565454231
0.95,1.0,CVaR95-L100,2025-09-30,48433.264782975515,0.0,48433.264782975515,6252.648465058333,54685.913248033845,76367.12665785394,76367.12665785394,1458.8011333333334,77825.92779118726,True,21809.441385636565,17665.647522365616,39475.08890800218
0.95,1.0,CVaR95-L100,2025-10-01,49640.595949226365,0.0,49640.595949226365,10.587088983333611,49651.183038209696,78074.46325216451,78074.46325216451,4.770033333333458,78079.23328549784,True,22094.778117283953,17896.770275,39991.54839228395
0.95,1.0,CVaR95-L100,2025-10-02,44939.5151035007,0.0,44939.5151035007,316.72004222500004,45256.2351457257,72086.74506301369,72086.74506301369,110.71460000000002,72197.4596630137,True,22094.778117283953,17896.770274999995,39991.54839228395
0.95,1.0,CVaR95-L100,2025-10-03,44939.5151035007,0.0,44939.5151035007,0.0,44939.5151035007,72086.66370672401,72086.66370672401,0.0,72086.66370672401,False,22094.778117283953,17896.770274999995,39991.54839228395
0.95,1.0,CVaR95-L100,2025-10-04,44939.51510350069,0.0,44939.51510350069,0.0,44939.51510350069,72087.34198423286,72087.34198423286,0.0,72087.34198423286,False,22094.778117283953,17896.770274999995,39991.54839228395
0.95,1.0,CVaR95-L100,2025-10-05,44931.33691751519,0.0,44931.33691751519,468.63127548333546,45399.96819299852,72098.55851425698,72098.55851425698,131.92271666666772,72230.48123092364,True,22094.778117283953,17896.770274999995,39991.54839228395
0.95,1.0,CVaR95-L100,2025-10-06,44992.98244422329,0.0,44992.98244422329,566.142624175,45559.125068398294,72171.68801619773,72171.68801619773,149.55526666666668,72321.2432828644,True,22094.778117283953,17896.770274999995,39991.54839228395
0.95,1.0,CVaR95-L100,2025-10-07,44992.98244422329,0.0,44992.98244422329,365.38541211666507,45358.36785633996,72171.77682467175,72171.77682467175,110.87433333333286,72282.65115800507,True,22094.778117283953,17896.770274999995,39991.54839228395
0.95,1.0,CVaR95-L100,2025-10-08,44992.9824442233,0.0,44992.9824442233,1562.5553970249991,46555.5378412483,72174.99574684267,72174.99574684267,435.4981999999998,72610.49394684267,True,22094.778117283953,17896.770274999995,39991.54839228395
0.95,1.0,CVaR95-L100,2025-10-09,44876.86389453026,0.0,44876.86389453026,1010.3249421500005,45887.18883668026,72022.16094464417,72022.16094464417,264.4739000000002,72286.63484464417,True,22094.778117283953,17896.770275000003,39991.548392283956
0.95,1.0,CVaR95-L100,2025-10-10,44876.86389453026,0.0,44876.86389453026,0.0,44876.86389453026,72022.119380451,72022.119380451,0.0,72022.119380451,False,22094.778117283953,17896.770275000003,39991.548392283956
0.95,1.0,CVaR95-L100,2025-10-11,44876.86389453026,0.0,44876.86389453026,0.0,44876.86389453026,72022.13523245245,72022.13523245245,0.0,72022.13523245245,False,22094.778117283953,17896.770275000003,39991.548392283956
0.95,1.0,CVaR95-L100,2025-10-12,44927.692474578675,0.0,44927.692474578675,1229.9389192861117,46157.63139386479,71983.68099309842,71983.68099309842,319.15407021292367,72302.83506331134,True,22094.778117283953,17896.770274999995,39991.54839228395
0.95,1.0,CVaR95-L100,2025-10-13,44923.64752795802,0.0,44923.64752795802,832.9383681083326,45756.58589606635,71957.84342766265,71957.84342766265,212.90316421000898,72170.74659187265,True,22094.778117283953,17896.770274999995,39991.54839228395
0.95,1.0,CVaR95-L100,2025-10-14,44923.64752795802,0.0,44923.64752795802,3341.752144591661,48265.39967254968,71958.24755217301,71958.24755217301,756.1421375371078,72714.38968971012,True,22094.778117283953,17896.770274999995,39991.54839228395
0.95,1.0,CVaR95-L100,2025-10-15,44970.13619483484,0.0,44970.13619483484,1887.776621183331,46857.91281601817,72056.1259096298,72056.1259096298,518.6440514443568,72574.76996107415,True,22094.778117283953,17896.770275,39991.54839228395
0.95,1.0,CVaR95-L100,2025-10-16,44985.25979731067,0.0,44985.25979731067,5856.909525166659,50842.169322477326,72056.54031127981,72056.54031127981,1460.444054310687,73516.9843655905,True,22094.778117283953,17896.770274999995,39991.54839228395
0.95,1.0,CVaR95-L100,2025-10-17,45705.152291046004,0.0,45705.152291046004,0.0,45705.152291046004,72995.8958867884,72995.8958867884,0.0,72995.8958867884,False,22215.030812757203,17994.174958333337,40209.205771090536
0.95,1.0,CVaR95-L100,2025-10-18,45630.491917168314,0.0,45630.491917168314,0.0,45630.491917168314,72805.28044345611,72805.28044345611,0.0,72805.28044345611,False,22215.0308127572,17994.17495833333,40209.20577109053
0.95,1.0,CVaR95-L100,2025-10-19,45630.49191716831,0.0,45630.49191716831,4465.789824400004,50096.28174156831,72807.60432750294,72807.60432750294,1120.5432059163163,73928.14753341925,True,22215.030812757203,17994.17495833333,40209.205771090536
0.95,1.0,CVaR95-L100,2025-10-20,45823.76226832979,0.0,45823.76226832979,5811.2930781166815,51635.05534644647,73156.66550883197,73156.66550883197,1260.8622207542405,74417.5277295862,True,22358.411306584363,18110.313158333334,40468.7244649177
0.95,1.0,CVaR95-L100,2025-10-21,46463.93307512138,0.0,46463.93307512138,5655.608969591673,52119.54204471305,73972.2229019056,73972.2229019056,1851.3657958688595,75823.58869777445,True,22569.243633688086,18281.08734328735,40850.330976975434
0.95,1.0,CVaR95-L100,2025-10-22,46134.17956603289,0.0,46134.17956603289,6313.3730502,52447.55261623289,73679.20951086978,73679.20951086978,1516.4558258508507,75195.66533672063,True,22448.31281893004,18183.133383333334,40631.446202263374
0.95,1.0,CVaR95-L100,2025-10-23,46774.47586460739,0.0,46774.47586460739,1210.2588775249997,47984.73474213239,74678.36697160805,74678.36697160805,364.42113333333333,75042.78810494138,True,23102.87000430649,18713.324703488255,41816.19470779474
0.95,1.0,CVaR95-L100,2025-10-24,47201.24936435747,0.0,47201.24936435747,0.0,47201.24936435747,75203.38264596826,75203.38264596826,0.0,75203.38264596826,False,23242.196954732513,18826.179533333332,42068.37648806584
0.95,1.0,CVaR95-L100,2025-10-25,46714.22552719683,0.0,46714.22552719683,0.0,46714.22552719683,74726.60221741778,74726.60221741778,0.0,74726.60221741778,False,23148.856477340254,18750.573746645605,41899.43022398586
0.95,1.0,CVaR95-L100,2025-10-26,46714.22530542643,0.0,46714.22530542643,1446.0122297277765,48160.23753515421,74663.39030989581,74663.39030989581,450.27090274483896,75113.66121264065,True,23148.856477340254,18750.573746645605,41899.43022398586
0.95,1.0,CVaR95-L100,2025-10-27,46968.73330085928,0.0,46968.73330085928,3990.316428166663,50959.049729025945,74968.14021908326,74968.14021908326,1022.82895074074,75990.969169824,True,23265.512798353913,18845.065366666666,42110.578165020575
0.95,1.0,CVaR95-L100,2025-10-28,47284.50324825439,0.0,47284.50324825439,3312.9415053583316,50597.44475361272,75309.27916727154,75309.27916727154,824.1416140200201,76133.42078129156,True,23122.153621399175,18728.944433333334,41851.09805473251
0.95,1.0,CVaR95-L100,2025-10-29,46941.78316200186,0.0,46941.78316200186,8307.389194041669,55249.172356043535,74919.68102774436,74919.68102774436,2276.5845578959497,77196.26558564031,True,22984.957062628455,18617.81522072905,41602.77228335751
0.95,1.0,CVaR95-L100,2025-10-30,48701.82166419683,0.0,48701.82166419683,1241.4480661333323,49943.26973033016,77095.44175622339,77095.44175622339,308.2861333333331,77403.72788955671,True,23233.15868312757,18818.858533333332,42052.0172164609
0.95,1.0,CVaR95-L100,2025-10-31,48438.203568907564,0.0,48438.203568907564,0.0,48438.203568907564,76972.49532045046,76972.49532045046,0.0,76972.49532045046,False,23244.714883548833,18828.21905567455,42072.93393922338
0.95,1.0,CVaR95-L100,2025-11-01,46555.77855792482,0.0,46555.77855792482,0.0,46555.77855792482,75179.22571052628,75179.22571052628,0.0,75179.22571052628,False,23284.262762497103,18860.25283762265,42144.515600119754
0.95,1.0,CVaR95-L100,2025-11-02,46555.77855792483,0.0,46555.77855792483,3544.6015903916723,50100.3801483165,75180.9701189994,75180.9701189994,949.0962047290454,76130.06632372845,True,23284.262762497103,18860.25283762265,42144.515600119754
0.95,1.0,CVaR95-L100,2025-11-03,47050.156133419616,0.0,47050.156133419616,3557.655098358331,50607.811231777945,75874.48275994588,75874.48275994588,1245.6870807654054,77120.16984071129,True,23479.14987654321,19018.1114,42497.26127654321
0.95,1.0,CVaR95-L100,2025-11-04,47479.757996243294,0.0,47479.757996243294,1620.870973108334,49100.62896935163,76639.0578217672,76639.0578217672,442.3752091459079,77081.4330309131,True,23432.966233333333,18980.702648999995,42413.668882333324
0.95,1.0,CVaR95-L100,2025-11-05,47392.72163311568,0.0,47392.72163311568,3280.9345870250027,50673.656220140685,76454.16227801336,76454.16227801336,860.0841712990624,77314.24644931243,True,23393.93949379636,18949.09098997505,42343.03048377141
0.95,1.0,CVaR95-L100,2025-11-06,47531.40535270677,0.0,47531.40535270677,8224.464633408334,55755.86998611511,76649.39290786895,76649.39290786895,1945.0865339336856,78594.47944180264,True,23424.55198996452,18973.88711187126,42398.43910183578
0.95,1.0,CVaR95-L100,2025-11-07,48852.565903520226,0.0,48852.565903520226,0.0,48852.565903520226,78235.07224362149,78235.07224362149,0.0,78235.07224362149,False,23325.980333333333,18894.04407,42220.02440333333
0.95,1.0,CVaR95-L100,2025-11-08,48852.565903520226,0.0,48852.565903520226,0.0,48852.565903520226,78230.1383219181,78230.1383219181,0.0,78230.1383219181,False,23325.980333333333,18894.04407,42220.02440333333
0.95,1.0,CVaR95-L100,2025-11-09,48852.56590352023,0.0,48852.56590352023,4124.910767108336,52977.476670628566,78232.07922876805,78232.07922876805,1058.7335292198254,79290.81275798788,True,23325.980333333333,18894.04407,42220.02440333333
0.95,1.0,CVaR95-L100,2025-11-10,49337.145323891935,0.0,49337.145323891935,5309.035333441664,54646.1806573336,78863.83267406271,78863.83267406271,1639.5013952054155,80503.33406926812,True,23325.980333333333,18894.044069999996,42220.02440333333
0.95,1.0,CVaR95-L100,2025-11-11,50203.03669619721,0.0,50203.03669619721,1035.1420069333344,51238.17870313054,80174.17609285933,80174.17609285933,307.6049740504065,80481.78106690974,True,23296.06392157129,18869.811776472743,42165.87569804404
0.95,1.0,CVaR95-L100,2025-11-12,49882.44690864757,0.0,49882.44690864757,1437.781169841665,51320.228078489235,79764.10744519564,79764.10744519564,326.9700666666663,80091.0775118623,True,23288.278216666666,18863.5053555,42151.78357216666
0.95,1.0,CVaR95-L100,2025-11-13,49964.49058727514,0.0,49964.49058727514,3530.6770359833217,53495.167623258465,79881.23356389727,79881.23356389727,1020.6788247604304,80901.9123886577,True,23301.625566666666,18874.316709,42175.94227566666
0.95,1.0,CVaR95-L100,2025-11-14,50465.40620163468,0.0,50465.40620163468,0.0,50465.40620163468,80517.19659722474,80517.19659722474,0.0,80517.19659722474,False,23362.648072633743,18923.74493883333,42286.39301146707
0.95,1.0,CVaR95-L100,2025-11-15,50465.40620163468,0.0,50465.40620163468,0.0,50465.40620163468,80517.58603631482,80517.58603631482,0.0,80517.58603631482,False,23362.648072633743,18923.74493883333,42286.39301146707
0.95,1.0,CVaR95-L100,2025-11-16,50465.40620163468,0.0,50465.40620163468,5446.273131375005,55911.679333009684,80517.66406894424,80517.66406894424,1403.3698600894447,81921.03392903369,True,23362.648072633743,18923.74493883333,42286.39301146707
0.95,1.0,CVaR95-L100,2025-11-17,51235.29558257977,0.0,51235.29558257977,1212.535612191664,52447.83119477143,81381.69156861855,81381.69156861855,355.93867508816453,81737.63024370672,True,23377.159327777776,18935.4990555,42312.658383277776
0.95,1.0,CVaR95-L100,2025-11-18,51124.86766292206,0.0,51124.86766292206,4481.461121158335,55606.32878408039,81285.65600253874,81285.65600253874,1351.4985252495253,82637.15452778827,True,23382.814703027303,18940.079909452113,42322.89461247942
0.95,1.0,CVaR95-L100,2025-11-19,51519.60040970061,0.0,51519.60040970061,2884.8775315416697,54404.47794124228,82019.51345005879,82019.51345005879,763.5766691705944,82783.09011922938,True,23622.18216049383,19133.96755,42756.14971049383
0.95,1.0,CVaR95-L100,2025-11-20,51822.52551343953,0.0,51822.52551343953,2435.640089916668,54258.165603356196,82406.05616442853,82406.05616442853,610.5695455752423,83016.62571000378,True,23622.18216049383,19133.96755,42756.14971049383
0.95,1.0,CVaR95-L100,2025-11-21,51877.70726085401,0.0,51877.70726085401,0.0,51877.70726085401,82477.84443364103,82477.84443364103,0.0,82477.84443364103,False,23779.200123456794,19261.1521,43040.35222345679
0.95,1.0,CVaR95-L100,2025-11-22,51877.70726085401,0.0,51877.70726085401,0.0,51877.70726085401,82477.84443364103,82477.84443364103,0.0,82477.84443364103,False,23779.200123456794,19261.1521,43040.35222345679
0.95,1.0,CVaR95-L100,2025-11-23,51877.70726085401,0.0,51877.70726085401,5178.256362391656,57055.96362324567,82476.44736344735,82476.44736344735,1291.4491744112165,83767.89653785857,True,23779.200123456794,19261.1521,43040.35222345679
0.95,1.0,CVaR95-L100,2025-11-24,52442.12253989633,0.0,52442.12253989633,2054.4632057500003,54496.58574564633,83292.47093494417,83292.47093494417,564.4022351953645,83856.87317013953,True,24208.673221003923,19609.025309013174,43817.69853001709
0.95,1.0,CVaR95-L100,2025-11-25,52552.04187269671,0.0,52552.04187269671,2645.953233783333,55197.99510648004,83444.37384538009,83444.37384538009,720.3920699725574,84164.76591535265,True,24231.10583501672,19627.195726363538,43858.301561380256
0.95,1.0,CVaR95-L100,2025-11-26,52682.14393941061,0.0,52682.14393941061,2901.0124007083323,55583.15634011895,83642.95127528756,83642.95127528756,845.3629402483348,84488.3142155359,True,24275.049103075522,19662.78977349117,43937.83887656669
0.95,1.0,CVaR95-L100,2025-11-27,52887.287012773915,0.0,52887.287012773915,2601.94102149584,55489.228034269756,83963.58444277542,83963.58444277542,635.6230658239502,84599.20750859937,True,24272.31257175141,19660.573183118642,43932.88575487005
0.95,1.0,CVaR95-L100,2025-11-28,53124.490398025126,0.0,53124.490398025126,0.0,53124.490398025126,84207.06725197966,84207.06725197966,0.0,84207.06725197966,False,24348.572379599424,19722.343627475537,44070.916007074964
0.95,1.0,CVaR95-L100,2025-11-29,53124.490398025126,0.0,53124.490398025126,0.0,53124.490398025126,84207.07339982575,84207.07339982575,0.0,84207.07339982575,False,24348.572379599424,19722.343627475537,44070.916007074964
0.95,1.0,CVaR95-L100,2025-11-30,53124.490398025126,0.0,53124.490398025126,8369.323802208322,61493.81420023345,84206.90017833954,84206.90017833954,2400.035586143823,86606.93576448337,True,24348.572379599424,19722.343627475537,44070.916007074964
0.95,1.0,CVaR95-L100,2025-12-01,54435.66181201772,0.0,54435.66181201772,22047.703969283328,76483.36578130105,86122.3854663076,86122.3854663076,5948.750668849663,92071.13613515727,True,24760.15905349794,20055.728833333334,44815.887886831275
0.95,1.0,CVaR95-L100,2025-12-02,58546.00747022221,0.0,58546.00747022221,10754.380215225003,69300.38768544722,91755.14851186147,91755.14851186147,2977.110422806826,94732.2589346683,True,24833.333333333332,20115.0,44948.33333333333
0.95,1.0,CVaR95-L100,2025-12-03,60549.65844934886,0.0,60549.65844934886,3933.377394383335,64483.0358437322,94526.26909683051,94526.26909683051,1349.779643074202,95876.04873990471,True,24982.954176954736,20236.19288333333,45219.147060288065
0.95,1.0,CVaR95-L100,2025-12-04,61219.212320389976,0.0,61219.212320389976,3434.1437742000007,64653.35609458997,95655.81256592418,95655.81256592418,841.0669597092503,96496.87952563343,True,25131.709341563786,20356.684566666667,45488.39390823046
0.95,1.0,CVaR95-L100,2025-12-05,61786.953115409946,0.0,61786.953115409946,0.0,61786.953115409946,96297.90169597621,96297.90169597621,0.0,96297.90169597621,False,25131.709341563786,20356.684566666667,45488.39390823046
0.95,1.0,CVaR95-L100,2025-12-06,61768.747315430075,0.0,61768.747315430075,0.0,61768.747315430075,96274.23884951515,96274.23884951515,0.0,96274.23884951515,False,25131.709341563786,20356.684566666667,45488.39390823046
0.95,1.0,CVaR95-L100,2025-12-07,61768.74731543007,0.0,61768.74731543007,2269.611380866666,64038.35869629673,96273.5841417318,96273.5841417318,597.6848909292028,96871.269032661,True,25131.709341563786,20356.684566666667,45488.39390823046
0.95,1.0,CVaR95-L100,2025-12-08,61797.97071033504,0.0,61797.97071033504,2866.929626874998,64664.900337210034,96147.09485521175,96147.09485521175,828.5959387382637,96975.69079395001,True,25205.980967078187,20416.84458333333,45622.82555041152
0.95,1.0,CVaR95-L100,2025-12-09,61192.487431882655,0.0,61192.487431882655,3160.039963399997,64352.527395282654,95396.96311514862,95396.96311514862,745.6881785535301,96142.65129370216,True,25294.31320987654,20488.3937,45782.70690987654
0.95,1.0,CVaR95-L100,2025-12-10,61542.47450016282,0.0,61542.47450016282,3401.545874041666,64944.02037420448,95874.26474664312,95874.26474664312,987.0150782385022,96861.27982488163,True,25363.754259259258,20544.64095,45908.39520925926
0.95,1.0,CVaR95-L100,2025-12-11,62021.720043394496,0.0,62021.720043394496,1052.5881982250012,63074.308241619496,96495.18343826794,96495.18343826794,368.496016666667,96863.67945493461,True,25370.999835390943,20550.509866666667,45921.50970205761
0.95,1.0,CVaR95-L100,2025-12-12,62021.720043394496,0.0,62021.720043394496,0.0,62021.720043394496,96496.21349742581,96496.21349742581,0.0,96496.21349742581,False,25370.999835390943,20550.509866666667,45921.50970205761
0.95,1.0,CVaR95-L100,2025-12-13,62021.720043394496,0.0,62021.720043394496,0.0,62021.720043394496,96496.21349742581,96496.21349742581,0.0,96496.21349742581,False,25370.999835390943,20550.509866666667,45921.50970205761
0.95,1.0,CVaR95-L100,2025-12-14,62021.720043394496,0.0,62021.720043394496,2159.931012574994,64181.65105596949,96496.17430466606,96496.17430466606,664.513928656615,97160.68823332267,True,25370.999835390943,20550.509866666667,45921.50970205761
0.95,1.0,CVaR95-L100,2025-12-15,62089.97442591094,0.0,62089.97442591094,3402.2199261583387,65492.19435206928,96626.0148528386,96626.0148528386,1129.662277571153,97755.67713040976,True,25407.810720164605,20580.326683333333,45988.13740349794
0.95,1.0,CVaR95-L100,2025-12-16,62215.728063354785,0.0,62215.728063354785,2060.5043360916675,64276.23239944645,96840.6530873943,96840.6530873943,675.4057014064074,97516.0587888007,True,25399.192898537458,20573.346247815345,45972.53914635281
0.95,1.0,CVaR95-L100,2025-12-17,62146.020896135604,0.0,62146.020896135604,1114.1566930124995,63260.1775891481,96918.21678164761,96918.21678164761,368.285355907541,97286.50213755516,True,25361.33737879482,20542.68327682381,45904.02065561863
0.95,1.0,CVaR95-L100,2025-12-18,62146.0208961356,0.0,62146.0208961356,1221.045412695836,63367.06630883143,96918.20452944751,96918.20452944751,411.30318240332474,97329.50771185083,True,25361.33737879482,20542.68327682381,45904.02065561863
0.95,1.0,CVaR95-L100,2025-12-19,62148.508586648095,0.0,62148.508586648095,0.0,62148.508586648095,96923.0161031689,96923.0161031689,0.0,96923.0161031689,False,25361.33737879482,20542.68327682381,45904.02065561863
0.95,1.0,CVaR95-L100,2025-12-20,62148.508586648095,0.0,62148.508586648095,0.0,62148.508586648095,96923.13928046936,96923.13928046936,0.0,96923.13928046936,False,25361.33737879482,20542.68327682381,45904.02065561863
0.95,1.0,CVaR95-L100,2025-12-21,62148.508586648095,0.0,62148.508586648095,2502.518092374999,64651.026679023096,96923.01203312809,96923.01203312809,814.6961622328749,97737.70819536097,True,25361.33737879482,20542.68327682381,45904.02065561863
0.95,1.0,CVaR95-L100,2025-12-22,61934.81541379592,0.0,61934.81541379592,1943.57939895,63878.39481274592,96716.58536595841,96716.58536595841,557.4841246013833,97274.06949055979,True,25304.70222293122,20496.80880057429,45801.51102350551
0.95,1.0,CVaR95-L100,2025-12-23,61920.50960723199,0.0,61920.50960723199,713.6777325000006,62634.18733973199,96719.02232128414,96719.02232128414,178.58073333333337,96897.60305461747,True,25266.20176266827,20465.623427761297,45731.82519042956
0.95,1.0,CVaR95-L100,2025-12-24,61920.509607231994,0.0,61920.509607231994,1579.8067334000036,63500.316340631995,96720.06427175816,96720.06427175816,414.352607439407,97134.41687919757,True,25266.20176266827,20465.623427761297,45731.82519042956
0.95,1.0,CVaR95-L100,2025-12-25,61855.461187923356,0.0,61855.461187923356,1547.1170152999987,63402.578203223355,96625.4419092428,96625.4419092428,511.1270160914395,97136.56892533424,True,25246.989238683127,20450.061283333333,45697.05052201646
0.95,1.0,CVaR95-L100,2025-12-26,61855.461187923356,0.0,61855.461187923356,0.0,61855.461187923356,96625.41219689704,96625.41219689704,0.0,96625.41219689704,False,25246.989238683127,20450.061283333333,45697.05052201646
0.95,1.0,CVaR95-L100,2025-12-27,61855.46118792335,0.0,61855.46118792335,0.0,61855.46118792335,96622.75502746407,96622.75502746407,0.0,96622.75502746407,False,25246.989238683127,20450.061283333333,45697.05052201646
0.95,1.0,CVaR95-L100,2025-12-28,61855.461187923356,0.0,61855.461187923356,979.7329107099968,62835.19409863335,96622.74541074803,96622.74541074803,247.16714586085186,96869.91255660888,True,25246.989238683127,20450.061283333333,45697.05052201646
0.95,1.0,CVaR95-L100,2025-12-29,61855.46118792335,0.0,61855.46118792335,1335.6933833733353,63191.15457129668,96622.87637026468,96622.87637026468,403.80798951546046,97026.68435978015,True,25246.989238683127,20450.06128333333,45697.050522016456
0.95,1.0,CVaR95-L100,2025-12-30,61855.46118792335,0.0,61855.46118792335,719.4470375766659,62574.90822550002,96622.88598698073,96622.88598698073,166.96910523114832,96789.85509221189,True,25246.989238683127,20450.061283333333,45697.05052201646
0.95,1.0,CVaR95-L100,2025-12-31,61855.46118792335,0.0,61855.46118792335,1883.5741087883318,63739.03529671168,96622.88598698073,96622.88598698073,542.9769132144414,97165.86290019518,True,25246.989238683127,20450.061283333333,45697.05052201646
0.99,0.25,CVaR99-L25,2025-02-01,63088.76493678951,0.0,63088.76493678951,0.0,63088.76493678951,98550.59530762423,98550.59530762423,0.0,98550.59530762423,False,25493.62339506173,20649.834949999997,46143.45834506173
0.99,0.25,CVaR99-L25,2025-02-02,62942.388729221566,0.0,62942.388729221566,43.535180166666144,62985.923909388235,98365.48965384255,98365.48965384255,8.311833333333198,98373.8014871759,True,25491.33841563786,20647.984116666667,46139.322532304526
0.99,0.25,CVaR99-L25,2025-02-03,62632.62108416605,0.0,62632.62108416605,28.704066616666392,62661.325150782715,97894.973941164,97894.973941164,13.42381666666654,97908.39775783067,True,25468.4732510288,20629.463333333333,46097.936584362134
0.99,0.25,CVaR99-L25,2025-02-04,62636.230692896046,0.0,62636.230692896046,225.6572815999998,62861.88797449604,97903.10854521753,97903.10854521753,76.9025499999999,97980.01109521753,True,25468.4732510288,20629.463333333333,46097.936584362134
0.99,0.25,CVaR99-L25,2025-02-05,62640.48401398574,0.0,62640.48401398574,52.610947750000705,62693.09496173574,97906.36484420457,97906.36484420457,10.331100000000106,97916.69594420456,True,25468.4732510288,20629.463333333333,46097.936584362134
0.99,0.25,CVaR99-L25,2025-02-06,62638.04903701009,0.0,62638.04903701009,47.21703041666648,62685.26606742675,97936.9427245195,97936.9427245195,10.614583333333258,97947.55730785283,True,25479.341216618126,20638.26638546068,46117.6076020788
0.99,0.25,CVaR99-L25,2025-02-07,62488.546684602275,0.0,62488.546684602275,0.0,62488.546684602275,97773.89792746927,97773.89792746927,0.0,97773.89792746927,False,25512.312822905864,20664.97338655375,46177.28620945961
0.99,0.25,CVaR99-L25,2025-02-08,61651.60595540491,0.0,61651.60595540491,0.0,61651.60595540491,96495.75325765158,96495.75325765158,0.0,96495.75325765158,False,25365.328827160494,20545.91635,45911.2451771605
0.99,0.25,CVaR99-L25,2025-02-09,61452.432041752254,0.0,61452.432041752254,102.82196874999974,61555.254010502256,96221.4235813273,96221.4235813273,40.924166666666565,96262.34774799396,True,25326.951193415636,20514.830466666666,45841.7816600823
0.99,0.25,CVaR99-L25,2025-02-10,61160.54310456086,0.0,61160.54310456086,48.18094122499829,61208.72404578586,95751.01697037613,95751.01697037613,8.671283333333008,95759.68825370946,True,25171.723641975306,20389.09615,45560.81979197531
0.99,0.25,CVaR99-L25,2025-02-11,61162.201210919964,0.0,61162.201210919964,0.0,61162.201210919964,95741.83757697055,95741.83757697055,0.0,95741.83757697055,False,25171.723641975306,20389.096149999998,45560.8197919753
0.99,0.25,CVaR99-L25,2025-02-12,61162.17769291996,0.0,61162.17769291996,85.22194289166802,61247.39963581163,95741.80570942682,95741.80570942682,14.072616666666931,95755.87832609349,True,25171.723641975306,20389.096149999998,45560.8197919753
0.99,0.25,CVaR99-L25,2025-02-13,60853.693543358226,0.0,60853.693543358226,101.80412693333298,60955.49767029156,95257.3481053614,95257.3481053614,26.188783333333163,95283.53688869473,True,25248.35674897119,20451.168966666664,45699.52571563785
0.99,0.25,CVaR99-L25,2025-02-14,60821.7636013597,0.0,60821.7636013597,0.0,60821.7636013597,95223.40593634137,95223.40593634137,0.0,95223.40593634137,False,25241.454897119336,20445.578466666666,45687.033363786
0.99,0.25,CVaR99-L25,2025-02-15,60596.43886807369,0.0,60596.43886807369,0.0,60596.43886807369,94906.16443474768,94906.16443474768,0.0,94906.16443474768,False,25194.807037037033,20407.793700000002,45602.600737037035
0.99,0.25,CVaR99-L25,2025-02-16,60281.710608988105,0.0,60281.710608988105,183.01133778333372,60464.72194677144,94534.4341205529,94534.4341205529,27.159283333333406,94561.59340388623,True,24985.221748971187,20238.029616666667,45223.25136563786
0.99,0.25,CVaR99-L25,2025-02-17,59806.37312905397,0.0,59806.37312905397,312.22903309999776,60118.60216215397,94017.87325710393,94017.87325710393,48.43056666666632,94066.30382377059,True,25113.045425228713,20341.566794435254,45454.61221966396
0.99,0.25,CVaR99-L25,2025-02-18,59813.49204075326,0.0,59813.49204075326,58.194638450000326,59871.68667920326,94026.27778937151,94026.27778937151,9.294783333333385,94035.57257270484,True,25113.750541505095,20342.137938619126,45455.888480124224
0.99,0.25,CVaR99-L25,2025-02-19,59807.33916451844,0.0,59807.33916451844,442.911876675001,60250.25104119344,94010.26636246807,94010.26636246807,106.63409999999999,94116.90046246807,True,25112.970684003776,20341.50625404306,45454.476938046835
0.99,0.25,CVaR99-L25,2025-02-20,59498.15895602448,0.0,59498.15895602448,445.68557339999825,59943.84452942448,93678.98130593236,93678.98130593236,87.4753499999996,93766.45665593236,True,24930.606460905346,20193.79123333333,45124.39769423868
0.99,0.25,CVaR99-L25,2025-02-21,59378.80041466608,0.0,59378.80041466608,0.0,59378.80041466608,93573.62355773008,93573.62355773008,0.0,93573.62355773008,False,24930.606460905346,20193.791233333333,45124.39769423868
0.99,0.25,CVaR99-L25,2025-02-22,59335.178540338035,0.0,59335.178540338035,0.0,59335.178540338035,93509.1140385737,93509.1140385737,0.0,93509.1140385737,False,24925.88989711934,20189.970816666668,45115.86071378601
0.99,0.25,CVaR99-L25,2025-02-23,59649.567391045406,0.0,59649.567391045406,151.6111573916671,59801.17854843707,93979.68872614723,93979.68872614723,39.25396666666677,94018.9426928139,True,24978.578004115225,20232.64818333333,45211.226187448556
0.99,0.25,CVaR99-L25,2025-02-24,57769.35181641333,0.0,57769.35181641333,417.4122946750008,58186.76411108833,91455.70403255752,91455.70403255752,81.32021666666685,91537.02424922418,True,24833.333333333332,20115.0,44948.33333333333
0.99,0.25,CVaR99-L25,2025-02-25,57783.884484243325,0.0,57783.884484243325,480.75107062500115,58264.63555486833,91470.06987623742,91470.06987623742,99.43223333333356,91569.50210957076,True,24833.333333333332,20115.0,44948.33333333333
0.99,0.25,CVaR99-L25,2025-02-26,57790.493069688324,0.0,57790.493069688324,263.0469039749995,58053.539973663326,91477.0626537918,91477.0626537918,54.84831666666662,91531.91097045847,True,24833.333333333332,20115.0,44948.33333333333
0.99,0.25,CVaR99-L25,2025-02-27,57527.633978938866,0.0,57527.633978938866,370.0961433083335,57897.7301222472,91073.78035070418,91073.78035070418,64.81431666666674,91138.59466737085,True,24870.523450704193,20145.123995070397,45015.64744577459
0.99,0.25,CVaR99-L25,2025-02-28,57353.19002952833,0.0,57353.19002952833,0.0,57353.19002952833,90738.982136208,90738.982136208,0.0,90738.982136208,False,24870.789999999997,20145.3399,45016.1299
0.99,0.25,CVaR99-L25,2025-03-01,55250.31034267333,0.0,55250.31034267333,0.0,55250.31034267333,87775.78524562705,87775.78524562705,0.0,87775.78524562705,False,24467.965185185185,19819.0518,44287.01698518518
0.99,0.25,CVaR99-L25,2025-03-02,55199.928204568336,0.0,55199.928204568336,3285.5606465750006,58485.48885114334,87658.20980335036,87658.20980335036,822.2455666666667,88480.45537001702,True,24467.965185185185,19819.051799999997,44287.01698518518
0.99,0.25,CVaR99-L25,2025-03-03,54226.027976966376,0.0,54226.027976966376,1506.5323385833328,55732.56031554971,86457.78313084987,86457.78313084987,287.11914660331774,86744.90227745319,True,24568.923950617285,19900.8284,44469.75235061729
0.99,0.25,CVaR99-L25,2025-03-04,54278.58137720013,0.0,54278.58137720013,768.300400825002,55046.88177802513,86519.1510738852,86519.1510738852,202.05333333333374,86721.20440721852,True,24583.09341563786,19912.305666666667,44495.39908230453
0.99,0.25,CVaR99-L25,2025-03-05,54295.06658454537,0.0,54295.06658454537,762.0605500166686,55057.12713456204,86528.88187304777,86528.88187304777,143.9026578483374,86672.7845308961,True,24583.09341563786,19912.305666666667,44495.39908230453
0.99,0.25,CVaR99-L25,2025-03-06,54217.961613259075,0.0,54217.961613259075,720.8471313083337,54938.80874456741,86429.63476337481,86429.63476337481,181.93605000000002,86611.57081337481,True,24587.573482627362,19915.934520928167,44503.50800355553
0.99,0.25,CVaR99-L25,2025-03-07,54050.17559307999,0.0,54050.17559307999,0.0,54050.17559307999,86156.96891734065,86156.96891734065,0.0,86156.96891734065,False,24626.61148148148,19947.555300000004,44574.16678148149
0.99,0.25,CVaR99-L25,2025-03-08,53155.599550227395,0.0,53155.599550227395,0.0,53155.599550227395,85168.78849282268,85168.78849282268,0.0,85168.78849282268,False,24214.958055209045,19614.11602471933,43829.074079928374
0.99,0.25,CVaR99-L25,2025-03-09,52708.01873245186,0.0,52708.01873245186,758.8441903000007,53466.86292275186,84564.64998314888,84564.64998314888,124.14840000000015,84688.79838314888,True,24118.996866482208,19536.38746185059,43655.3843283328
0.99,0.25,CVaR99-L25,2025-03-10,52319.908498349905,0.0,52319.908498349905,1004.3376831333306,53324.246181483235,83918.18248355214,83918.18248355214,276.537883333333,84194.72036688548,True,24144.476933552145,19557.02631617724,43701.50324972939
0.99,0.25,CVaR99-L25,2025-03-11,52341.485217379144,0.0,52341.485217379144,456.4320554166668,52797.917272795814,83951.13484455731,83951.13484455731,134.66194999999993,84085.7967945573,True,24142.04709455731,19555.058146591422,43697.10524114873
0.99,0.25,CVaR99-L25,2025-03-12,52359.400539213784,0.0,52359.400539213784,906.1033937916657,53265.50393300545,83977.25783321763,83977.25783321763,254.12908333333291,84231.38691655097,True,24151.376999884313,19562.615369906292,43713.992369790605
0.99,0.25,CVaR99-L25,2025-03-13,50035.47654884847,0.0,50035.47654884847,2826.002479791675,52861.47902864015,80734.34012976947,80734.34012976947,724.0177124453721,81458.35784221484,True,23473.589175548186,19013.60723219403,42487.196407742216
0.99,0.25,CVaR99-L25,2025-03-14,49938.875593781195,0.0,49938.875593781195,0.0,49938.875593781195,80596.51838683816,80596.51838683816,0.0,80596.51838683816,False,23412.893703292182,18964.44389966667,42377.337602958854
0.99,0.25,CVaR99-L25,2025-03-15,49990.35624620279,0.0,49990.35624620279,19.356026666666803,50009.71227286946,80667.2339323108,80667.2339323108,9.053333333333399,80676.28726564413,True,23417.448333333334,18968.13315,42385.581483333335
0.99,0.25,CVaR99-L25,2025-03-16,49445.048896841574,0.0,49445.048896841574,270.3079520249996,49715.35684886658,79961.47545036976,79961.47545036976,85.20944999999972,80046.68490036976,True,23229.502674897118,18815.89716666667,42045.39984156379
0.99,0.25,CVaR99-L25,2025-03-17,49344.35983425461,0.0,49344.35983425461,959.4242101000011,50303.78404435461,79847.2830333328,79847.2830333328,198.67081666666672,80045.95384999947,True,23171.267149999472,18768.72639149957,41939.99354149905
0.99,0.25,CVaR99-L25,2025-03-18,49350.93879703628,0.0,49350.93879703628,202.3815155500007,49553.32031258628,79857.1851833328,79857.1851833328,76.52256666666688,79933.70774999946,True,23171.267149999472,18768.72639149957,41939.99354149905
0.99,0.25,CVaR99-L25,2025-03-19,49357.48030006487,0.0,49357.48030006487,203.10110475833417,49560.5814048232,79866.21913680481,79866.21913680481,81.14043333333359,79947.35957013814,True,23167.996152263375,18766.076883333335,41934.07303559671
0.99,0.25,CVaR99-L25,2025-03-20,48387.864096355726,0.0,48387.864096355726,909.003998433334,49296.86809478906,78568.31834830335,78568.31834830335,178.1915333333336,78746.50988163668,True,23337.37999382716,18903.277794999998,42240.65778882716
0.99,0.25,CVaR99-L25,2025-03-21,48249.41780450511,0.0,48249.41780450511,0.0,48249.41780450511,78410.17958872531,78410.17958872531,0.0,78410.17958872531,False,23324.444126706778,18892.799742632495,42217.243869339276
0.99,0.25,CVaR99-L25,2025-03-22,47951.36200673368,0.0,47951.36200673368,19.409476666666755,47970.77148340035,78004.25307629186,78004.25307629186,9.078333333333376,78013.3314096252,True,23215.50165534979,18804.556340833333,42020.057996183124
0.99,0.25,CVaR99-L25,2025-03-23,47543.941055605195,0.0,47543.941055605195,698.7091784166666,48242.650234021865,77429.0995480296,77429.0995480296,157.72519999999997,77586.8247480296,True,23206.763766666667,18797.478651,42004.24241766667
0.99,0.25,CVaR99-L25,2025-03-24,47116.41604281119,0.0,47116.41604281119,340.0909966666676,47456.50703947786,76863.62885945637,76863.62885945637,146.0695666666669,77009.69842612304,True,23185.40540534979,18780.178378333334,41965.58378368312
0.99,0.25,CVaR99-L25,2025-03-25,47136.83680685582,0.0,47136.83680685582,698.881146541667,47835.717953397485,76891.27186385676,76891.27186385676,208.1008166666664,77099.37268052343,True,23185.40540534979,18780.17837833333,41965.58378368312
0.99,0.25,CVaR99-L25,2025-03-26,47154.04150937663,0.0,47154.04150937663,481.8311939583324,47635.87270333496,76933.77701947012,76933.77701947012,153.780483333333,77087.55750280345,True,23185.40540534979,18780.17837833333,41965.58378368312
0.99,0.25,CVaR99-L25,2025-03-27,46855.196108862656,0.0,46855.196108862656,884.0798765916659,47739.27598545432,76403.716788625,76403.716788625,280.2376333333333,76683.95442195833,True,23195.74618362499,18788.554408736243,41984.300592361236
0.99,0.25,CVaR99-L25,2025-03-28,46815.7460152922,0.0,46815.7460152922,0.0,46815.7460152922,76335.27357444412,76335.27357444412,0.0,76335.27357444412,False,23181.650466666666,18777.136877999998,41958.78734466666
0.99,0.25,CVaR99-L25,2025-03-29,46782.69566531081,0.0,46782.69566531081,0.0,46782.69566531081,76334.49457410279,76334.49457410279,0.0,76334.49457410279,False,23188.759538144703,18782.895225897206,41971.65476404191
0.99,0.25,CVaR99-L25,2025-03-30,46708.75750841941,0.0,46708.75750841941,800.7403828666666,47509.497891286075,76230.7482675753,76230.7482675753,295.67115,76526.4194175753,True,23211.74671666667,18801.514840499996,42013.26155716667
0.99,0.25,CVaR99-L25,2025-03-31,46568.89520727174,0.0,46568.89520727174,280.1831553916668,46849.0783626634,76066.38306452529,76066.38306452529,116.0172500000001,76182.4003145253,True,23211.74671666667,18801.5148405,42013.26155716667
0.99,0.25,CVaR99-L25,2025-04-01,46581.29890760715,0.0,46581.29890760715,1065.648759808333,47646.94766741549,76088.85491174532,76088.85491174532,326.9335166666665,76415.788428412,True,23211.74671666667,18801.5148405,42013.26155716667
0.99,0.25,CVaR99-L25,2025-04-02,46598.954750231846,0.0,46598.954750231846,1546.7403293166678,48145.69507954851,76121.15600575341,76121.15600575341,414.2765500000002,76535.4325557534,True,23211.74671666667,18801.514840499993,42013.26155716666
0.99,0.25,CVaR99-L25,2025-04-03,47005.672237776664,0.0,47005.672237776664,879.3387134750021,47885.010951251665,76487.14576666665,76487.14576666665,294.9285333333337,76782.0743,True,23320.17433928191,18889.34121481835,42209.51555410026
0.99,0.25,CVaR99-L25,2025-04-04,44981.337883233224,0.0,44981.337883233224,0.0,44981.337883233224,74009.78427327547,74009.78427327547,0.0,74009.78427327547,False,22978.855637860084,18612.873066666667,41591.72870452675
0.99,0.25,CVaR99-L25,2025-04-05,43968.525702046056,0.0,43968.525702046056,0.0,43968.525702046056,72622.69966919384,72622.69966919384,0.0,72622.69966919384,False,22114.697942386832,17912.905333333332,40027.60327572016
0.99,0.25,CVaR99-L25,2025-04-06,43771.50941973631,0.0,43771.50941973631,876.4642184083326,44647.97363814464,72301.10354611865,72301.10354611865,229.50628333333316,72530.60982945199,True,22022.683312757195,17838.373483333333,39861.05679609053
0.99,0.25,CVaR99-L25,2025-04-07,43902.67968016134,0.0,43902.67968016134,389.72193519166666,44292.401615353,72576.75564306582,72576.75564306582,137.4670166666666,72714.22265973248,True,21847.4383127572,17696.425033333333,39543.86334609053
0.99,0.25,CVaR99-L25,2025-04-08,43908.44637208134,0.0,43908.44637208134,567.2601703666634,44475.706542448,72587.63802417078,72587.63802417078,160.5877891645497,72748.22581333533,True,21847.4383127572,17696.425033333333,39543.86334609053
0.99,0.25,CVaR99-L25,2025-04-09,43936.705552122265,0.0,43936.705552122265,669.7826178499993,44606.48816997226,72635.12133014026,72635.12133014026,226.4980999999999,72861.61943014026,True,21847.4383127572,17696.425033333333,39543.86334609053
0.99,0.25,CVaR99-L25,2025-04-10,43845.6919706367,0.0,43845.6919706367,1009.4518951833321,44855.14386582003,72508.09465264415,72508.09465264415,270.8856499999996,72778.98030264415,True,21829.219588477365,17681.667866666667,39510.88745514403
0.99,0.25,CVaR99-L25,2025-04-11,43097.9400852705,0.0,43097.9400852705,0.0,43097.9400852705,71189.22751648552,71189.22751648552,0.0,71189.22751648552,False,21896.160864197525,17735.8903,39632.051164197524
0.99,0.25,CVaR99-L25,2025-04-12,43306.27451641811,0.0,43306.27451641811,0.0,43306.27451641811,71561.14225138622,71561.14225138622,0.0,71561.14225138622,False,21845.44940329218,17694.814016666667,39540.26341995885
0.99,0.25,CVaR99-L25,2025-04-13,43191.337119148004,0.0,43191.337119148004,667.9462026583342,43859.28332180634,71415.62928742607,71415.62928742607,205.9595833333334,71621.5888707594,True,21806.50353909465,17663.26786666667,39469.77140576132
0.99,0.25,CVaR99-L25,2025-04-14,41748.37614490373,0.0,41748.37614490373,906.7549880000001,42655.13113290373,69287.78364927918,69287.78364927918,236.9770500000002,69524.76069927918,True,21979.288045267484,17803.223316666663,39782.51136193414
0.99,0.25,CVaR99-L25,2025-04-15,41791.23509179539,0.0,41791.23509179539,889.9934371500011,42681.22852894539,69333.72267507933,69333.72267507933,200.06375000000037,69533.78642507934,True,21979.288045267484,17803.223316666663,39782.51136193414
0.99,0.25,CVaR99-L25,2025-04-16,41829.01735569372,0.0,41829.01735569372,1028.7120028499992,42857.72935854372,69371.50554446616,69371.50554446616,337.93518333333304,69709.44072779949,True,21979.288045267484,17803.223316666663,39782.51136193414
0.99,0.25,CVaR99-L25,2025-04-17,40644.83142066994,0.0,40644.83142066994,395.5773455333342,41040.408766203276,67657.98397886657,67657.98397886657,112.53526666666664,67770.51924553324,True,21655.07882716049,17540.613849999994,39195.692677160485
0.99,0.25,CVaR99-L25,2025-04-18,40596.13857523127,0.0,40596.13857523127,0.0,40596.13857523127,67623.54530873046,67623.54530873046,0.0,67623.54530873046,False,21655.07882716049,17540.613849999994,39195.692677160485
0.99,0.25,CVaR99-L25,2025-04-19,40606.563475387826,0.0,40606.563475387826,1.9633966666665823,40608.52687205449,67682.14895157167,67682.14895157167,0.9183333333332939,67683.067284905,True,21647.805905349793,17534.72278333333,39182.52868868312
0.99,0.25,CVaR99-L25,2025-04-20,40550.471049549844,0.0,40550.471049549844,230.4065481999998,40780.877597749844,67577.25434196995,67577.25434196995,99.23559999999998,67676.48994196995,True,21647.805905349793,17534.72278333333,39182.52868868312
0.99,0.25,CVaR99-L25,2025-04-21,39870.12600024926,0.0,39870.12600024926,713.6291412916669,40583.75514154093,66748.99736513146,66748.99736513146,273.0915166666665,67022.08888179813,True,21542.88543209876,17449.737199999996,38992.622632098755
0.99,0.25,CVaR99-L25,2025-04-22,39868.43600264379,0.0,39868.43600264379,813.665523558333,40682.101526202125,66753.24812798333,66753.24812798333,224.2978666666666,66977.54599464999,True,21542.88543209876,17449.737199999996,38992.622632098755
0.99,0.25,CVaR99-L25,2025-04-23,39923.607506690314,0.0,39923.607506690314,990.7678895416658,40914.37539623198,66832.45480890342,66832.45480890342,277.5041166666666,67109.95892557008,True,21551.727942386824,17456.89963333333,39008.62757572015
0.99,0.25,CVaR99-L25,2025-04-24,39891.381978178884,0.0,39891.381978178884,717.6598818083286,40609.041859987214,66790.48863892801,66790.48863892801,182.0765850738253,66972.56522400184,True,21551.727942386824,17456.89963333333,39008.62757572015
0.99,0.25,CVaR99-L25,2025-04-25,39790.66867995684,0.0,39790.66867995684,0.0,39790.66867995684,66656.06060737795,66656.06060737795,0.0,66656.06060737795,False,21542.88543209876,17449.737199999996,38992.622632098755
0.99,0.25,CVaR99-L25,2025-04-26,39471.968582540285,0.0,39471.968582540285,0.0,39471.968582540285,66402.07674630257,66402.07674630257,0.0,66402.07674630257,False,21518.085868648086,17429.649553604948,38947.735422253034
0.99,0.25,CVaR99-L25,2025-04-27,39428.780143104916,0.0,39428.780143104916,534.2169764416658,39962.997119546584,66341.19996644295,66341.19996644295,234.96429999999964,66576.16426644294,True,21518.26299898724,17429.793029179666,38948.0560281669
0.99,0.25,CVaR99-L25,2025-04-28,39266.04351929641,0.0,39266.04351929641,2230.668816716663,41496.71233601307,66133.43771202218,66133.43771202218,750.1017770240269,66883.5394890462,True,21585.572530864192,17484.313749999998,39069.886280864186
0.99,0.25,CVaR99-L25,2025-04-29,39321.53226138497,0.0,39321.53226138497,174.222449816666,39495.75471120164,66216.38935412513,66216.38935412513,53.00809999999973,66269.39745412514,True,21590.968206695263,17488.684247423163,39079.652454118426
0.99,0.25,CVaR99-L25,2025-04-30,39329.69046449686,0.0,39329.69046449686,1116.8102237999992,40446.50068829686,66227.84588352416,66227.84588352416,327.48075000000006,66555.32663352416,True,21590.968206695263,17488.684247423163,39079.652454118426
0.99,0.25,CVaR99-L25,2025-05-01,39297.434207058395,0.0,39297.434207058395,9619.672954191665,48917.10716125006,66180.1321408755,66180.1321408755,2106.2696499999997,68286.4017908755,True,21573.92014051909,17474.875313820463,39048.79545433955
0.99,0.25,CVaR99-L25,2025-05-02,38594.75776418054,0.0,38594.75776418054,0.0,38594.75776418054,65031.18660510603,65031.18660510603,0.0,65031.18660510603,False,21456.47802469135,17379.7472,38836.225224691356
0.99,0.25,CVaR99-L25,2025-05-03,38348.64808750032,0.0,38348.64808750032,48.51478333333345,38397.16287083365,64565.91060571832,64565.91060571832,22.69166666666672,64588.60227238499,True,21426.138333333332,17355.17205,38781.31038333333
0.99,0.25,CVaR99-L25,2025-05-04,37550.51005887318,0.0,37550.51005887318,7415.783121483335,44966.293180356515,63119.18074259753,63119.18074259753,1728.5336,64847.71434259753,True,21322.43220164609,17271.17008333333,38593.602284979424
0.99,0.25,CVaR99-L25,2025-05-05,37662.141299882525,0.0,37662.141299882525,6785.856098524995,44447.99739840752,63259.12560018303,63259.12560018303,1563.2865840758575,64822.412184258894,True,21160.310617283947,17139.851599999998,38300.16221728394
0.99,0.25,CVaR99-L25,2025-05-06,37918.61815522109,0.0,37918.61815522109,5989.585043999992,43908.20319922108,63605.275148581335,63605.275148581335,1478.7111100771867,65083.98625865852,True,21303.101440329214,17255.512166666664,38558.613606995874
0.99,0.25,CVaR99-L25,2025-05-07,38229.79854358679,0.0,38229.79854358679,5784.9927949,44014.791338486786,64127.13530063203,64127.13530063203,1251.4510833333334,65378.58638396536,True,21383.033308244703,17320.25697967821,38703.290287922915
0.99,0.25,CVaR99-L25,2025-05-08,38332.83856684851,0.0,38332.83856684851,6489.412182975,44822.25074982351,64230.97396644506,64230.97396644506,1534.0385333333334,65765.0124997784,True,21290.722887104836,17245.485538554916,38536.20842565975
0.99,0.25,CVaR99-L25,2025-05-09,38413.3923048262,0.0,38413.3923048262,0.0,38413.3923048262,64310.3617460254,64310.3617460254,0.0,64310.3617460254,False,21377.129137945485,17315.47460173584,38692.603739681326
0.99,0.25,CVaR99-L25,2025-05-10,38282.54280713256,0.0,38282.54280713256,10.565283333333204,38293.10809046589,64110.3849257528,64110.3849257528,4.941666666666606,64115.326592419464,True,21132.420642655707,17117.260720551123,38249.68136320683
0.99,0.25,CVaR99-L25,2025-05-11,37896.86296877901,0.0,37896.86296877901,5114.101032941663,43010.96400172067,63310.017959084435,63310.017959084435,1177.786197449344,64487.80415653378,True,20927.170386768892,16951.008013282808,37878.1784000517
0.99,0.25,CVaR99-L25,2025-05-12,37996.883271573584,0.0,37996.883271573584,4222.365464791663,42219.24873636525,63444.207686941576,63444.207686941576,1293.253338332587,64737.46102527416,True,20734.518224111016,16794.959761529924,37529.477985640944
0.99,0.25,CVaR99-L25,2025-05-13,38073.5115463066,0.0,38073.5115463066,1929.0422777750039,40002.55382408161,63549.83889499761,63549.83889499761,487.4517380884758,64037.290633086086,True,20757.011803261314,16813.179560641664,37570.19136390298
0.99,0.25,CVaR99-L25,2025-05-14,38185.734923112905,0.0,38185.734923112905,1769.7121097583338,39955.44703287124,63719.92487292884,63719.92487292884,511.39568808002184,64231.32056100886,True,20796.482868562583,16845.151123535692,37641.63399209827
0.99,0.25,CVaR99-L25,2025-05-15,38144.67702851375,0.0,38144.67702851375,2265.143431008336,40409.82045952209,63658.548443675274,63658.548443675274,591.8666666666674,64250.41511034194,True,20775.387181069957,16828.063616666666,37603.45079773662
0.99,0.25,CVaR99-L25,2025-05-16,38217.39281152189,0.0,38217.39281152189,0.0,38217.39281152189,63761.48260135488,63761.48260135488,0.0,63761.48260135488,False,20758.65749951274,16814.51257460532,37573.17007411806
0.99,0.25,CVaR99-L25,2025-05-17,38153.63937384697,0.0,38153.63937384697,21.66862999999998,38175.30800384697,63659.22607141178,63659.22607141178,10.134999999999991,63669.36107141178,True,20745.912186208807,16804.188870829134,37550.101057037944
0.99,0.25,CVaR99-L25,2025-05-18,38076.9199307637,0.0,38076.9199307637,3265.2079641999944,41342.1278949637,63520.09707275201,63520.09707275201,1252.3615401576963,64772.45861290971,True,20698.21877663678,16765.557209075792,37463.77598571257
0.99,0.25,CVaR99-L25,2025-05-19,38099.79505658725,0.0,38099.79505658725,1663.4109784249952,39763.20603501225,63555.11434179073,63555.11434179073,312.45826138625387,63867.57260317698,True,20678.786626876878,16749.817167770274,37428.60379464715
0.99,0.25,CVaR99-L25,2025-05-20,38182.18854786025,0.0,38182.18854786025,5083.268151591663,43265.45669945191,63679.5324891598,63679.5324891598,1270.7798833457095,64950.31237250551,True,20723.560811890355,16786.08425763119,37509.645069521546
0.99,0.25,CVaR99-L25,2025-05-21,38123.447950179456,0.0,38123.447950179456,2977.3100561833307,41100.75800636278,63563.58514261464,63563.58514261464,826.4939991460005,64390.07914176064,True,20556.192124068453,16650.515620495447,37206.7077445639
0.99,0.25,CVaR99-L25,2025-05-22,38181.26118318116,0.0,38181.26118318116,567.2674826583351,38748.52866583949,63591.598461937014,63591.598461937014,138.75869463994027,63730.35715657695,True,20501.394841619614,16606.129821711886,37107.5246633315
0.99,0.25,CVaR99-L25,2025-05-23,38182.84674565457,0.0,38182.84674565457,0.0,38182.84674565457,63587.33807862048,63587.33807862048,0.0,63587.33807862048,False,20503.2072087477,16607.597839085636,37110.80504783333
0.99,0.25,CVaR99-L25,2025-05-24,38155.887651314006,0.0,38155.887651314006,0.0,38155.887651314006,63526.70877566513,63526.70877566513,0.0,63526.70877566513,False,20478.312501028806,16587.433125833333,37065.74562686214
0.99,0.25,CVaR99-L25,2025-05-25,38143.619139154354,0.0,38143.619139154354,1308.7915883583348,39452.41072751269,63491.44328200753,63491.44328200753,296.4348333333335,63787.87811534086,True,20491.529156195596,16598.138616518438,37089.667772714034
0.99,0.25,CVaR99-L25,2025-05-26,38150.662633798645,0.0,38150.662633798645,4179.494232383332,42330.15686618198,63492.55113561251,63492.55113561251,1307.3179166666664,64799.86905227918,True,20481.299042303624,16589.85222426594,37071.15126656956
0.99,0.25,CVaR99-L25,2025-05-27,38261.00728970785,0.0,38261.00728970785,1286.774586341669,39547.78187604952,63674.78295216238,63674.78295216238,373.74555014104686,64048.52850230342,True,20430.004552303428,16548.303687365784,36978.30823966921
0.99,0.25,CVaR99-L25,2025-05-28,38269.11591338356,0.0,38269.11591338356,2831.8946374083334,41101.01055079189,63674.36608121705,63674.36608121705,887.8119285027813,64562.17800971983,True,20436.460722271495,16553.53318503991,36989.99390731141
0.99,0.25,CVaR99-L25,2025-05-29,38365.56083735966,0.0,38365.56083735966,2246.421069741658,40611.98190710132,63831.91044765589,63831.91044765589,585.7921468274501,64417.702594483344,True,20344.761476274994,16479.256795782745,36824.01827205774
0.99,0.25,CVaR99-L25,2025-05-30,37887.468339007064,0.0,37887.468339007064,0.0,37887.468339007064,62834.85573064865,62834.85573064865,0.0,62834.85573064865,False,19762.948168724273,16007.988016666666,35770.936185390936
0.99,0.25,CVaR99-L25,2025-05-31,37811.36187829561,0.0,37811.36187829561,193.83464333333325,38005.196521628946,62716.595240687755,62716.595240687755,90.66166666666663,62807.25690735442,True,19761.807222222218,16007.063849999999,35768.87107222222
0.99,0.25,CVaR99-L25,2025-06-01,37802.27492972788,0.0,37802.27492972788,51585.579032016656,89387.85396174453,62669.55885056626,62669.55885056626,13401.645617725262,76071.20446829151,True,19746.556034958187,15994.710388316133,35741.26642327432
0.99,0.25,CVaR99-L25,2025-06-02,45898.82912622689,0.0,45898.82912622689,15900.050868541664,61798.879994768555,74555.87074214322,74555.87074214322,4272.841516666666,78828.71225880989,True,21753.48220164609,17620.32058333333,39373.802784979416
0.99,0.25,CVaR99-L25,2025-06-03,44534.95651329222,0.0,44534.95651329222,10463.9297813,54998.88629459222,72719.72372222223,72719.72372222223,2373.7123666666666,75093.4360888889,True,21545.672222222223,17451.9945,38997.666722222224
0.99,0.25,CVaR99-L25,2025-06-04,45047.130027571424,0.0,45047.130027571424,11166.428910258328,56213.55893782975,73388.50923352175,73388.50923352175,3403.420249999999,76791.92948352174,True,21570.525658436214,17472.125783333333,39042.65144176954
0.99,0.25,CVaR99-L25,2025-06-05,45275.27577104027,0.0,45275.27577104027,14515.244937308325,59790.5207083486,73729.42541104645,73729.42541104645,3923.021016666665,77652.44642771312,True,21596.46798024691,17493.139064,39089.607044246906
0.99,0.25,CVaR99-L25,2025-06-06,46071.98660140298,0.0,46071.98660140298,0.0,46071.98660140298,75017.26813257723,75017.26813257723,0.0,75017.26813257723,False,21773.563494650203,17636.586430666666,39410.14992531687
0.99,0.25,CVaR99-L25,2025-06-07,45925.28283340804,0.0,45925.28283340804,35.847133333333296,45961.12996674138,74861.07837570974,74861.07837570974,16.76666666666665,74877.8450423764,True,21773.563494650203,17636.586430666666,39410.14992531687
0.99,0.25,CVaR99-L25,2025-06-08,45904.599277743604,0.0,45904.599277743604,5086.668848583331,50991.26812632693,74834.07028669583,74834.07028669583,1362.4331833333322,76196.50347002916,True,21773.563494650203,17636.586430666666,39410.14992531687
0.99,0.25,CVaR99-L25,2025-06-09,46080.919651188065,0.0,46080.919651188065,12993.955498066665,59074.87514925473,75040.45691744197,75040.45691744197,3265.040166228753,78305.49708367072,True,21848.348391769545,17697.16219733333,39545.51058910288
0.99,0.25,CVaR99-L25,2025-06-10,46664.03594933565,0.0,46664.03594933565,10307.174502907528,56971.21045224318,75795.21840852968,75795.21840852968,2839.6784630246734,78634.89687155435,True,22023.696107818923,17839.193847333332,39862.889955152255
0.99,0.25,CVaR99-L25,2025-06-11,46990.27649426108,0.0,46990.27649426108,23291.43266132501,70281.70915558608,76302.3493179153,76302.3493179153,5498.678353327555,81801.02767124286,True,22031.828269699214,17845.780898456367,39877.609168155584
0.99,0.25,CVaR99-L25,2025-06-12,49758.83271053828,0.0,49758.83271053828,6321.315879750001,56080.14859028828,79870.37714854121,79870.37714854121,1643.7637666666665,81514.14091520788,True,22698.841148541214,18386.06133031839,41084.9024788596
0.99,0.25,CVaR99-L25,2025-06-13,49915.68425325274,0.0,49915.68425325274,0.0,49915.68425325274,80062.16089470817,80062.16089470817,0.0,80062.16089470817,False,22773.788744855963,18446.76888333333,41220.55762818929
0.99,0.25,CVaR99-L25,2025-06-14,49914.474927832736,0.0,49914.474927832736,0.0,49914.474927832736,80059.8370163354,80059.8370163354,0.0,80059.8370163354,False,22773.788744855963,18446.76888333333,41220.55762818929
0.99,0.25,CVaR99-L25,2025-06-15,49909.37409402273,0.0,49909.37409402273,2990.7648750833346,52900.13896910606,80048.12437981513,80048.12437981513,885.3608833333333,80933.48526314845,True,22773.788744855963,18446.76888333333,41220.55762818929
0.99,0.25,CVaR99-L25,2025-06-16,49952.8411481087,0.0,49952.8411481087,4158.5657544583355,54111.40690256704,80140.02536119756,80140.02536119756,1166.8907702839065,81306.91613148147,True,22834.87648148148,18496.249949999998,41331.126431481476
0.99,0.25,CVaR99-L25,2025-06-17,50094.1655838615,0.0,50094.1655838615,10918.253293833332,61012.41887769483,80335.86624383152,80335.86624383152,2878.148133333333,83214.01437716486,True,22855.20942386831,18512.71963333333,41367.92905720164
0.99,0.25,CVaR99-L25,2025-06-18,50119.44221394134,0.0,50119.44221394134,2237.294045424998,52356.736259366335,80552.66893717082,80552.66893717082,728.5244666666661,81281.19340383749,True,22931.19827160494,18574.270599999996,41505.468871604935
0.99,0.25,CVaR99-L25,2025-06-19,50195.579441884016,0.0,50195.579441884016,3531.8478076333326,53727.42724951735,80648.70549168714,80648.70549168714,732.5541833333327,81381.25967502047,True,22931.19827160494,18574.270599999996,41505.468871604935
0.99,0.25,CVaR99-L25,2025-06-20,50283.925033368425,0.0,50283.925033368425,0.0,50283.925033368425,80758.91936158299,80758.91936158299,0.0,80758.91936158299,False,22931.19827160494,18574.2706,41505.46887160494
0.99,0.25,CVaR99-L25,2025-06-21,50283.69241391842,0.0,50283.69241391842,0.0,50283.69241391842,80758.292861583,80758.292861583,0.0,80758.292861583,False,22931.19827160494,18574.2706,41505.46887160494
0.99,0.25,CVaR99-L25,2025-06-22,50281.410573716756,0.0,50281.410573716756,1585.800260983336,51867.21083470009,80752.782011583,80752.782011583,490.90365000000077,81243.685661583,True,22931.19827160494,18574.2706,41505.46887160494
0.99,0.25,CVaR99-L25,2025-06-23,50353.97749670855,0.0,50353.97749670855,705.9980673249989,51059.97556403354,80857.37260055455,80857.37260055455,199.32705421748952,81056.69965477203,True,22998.626867221206,18628.887762449176,41627.51462967038
0.99,0.25,CVaR99-L25,2025-06-24,50369.32129145945,0.0,50369.32129145945,11629.169579491667,61998.490870951115,80878.78798950155,80878.78798950155,2978.4465899223187,83857.23457942386,True,23014.1233127572,18641.439883333333,41655.56319609053
0.99,0.25,CVaR99-L25,2025-06-25,50762.198905968486,0.0,50762.198905968486,3394.422688616666,54156.62159458515,81482.80195535292,81482.80195535292,1005.3266666666661,82488.12862201958,True,23404.245672019584,18957.438994335866,42361.684666355446
0.99,0.25,CVaR99-L25,2025-06-26,50791.642717347015,0.0,50791.642717347015,1621.0499788166653,52412.69269616368,81517.47006622728,81517.47006622728,352.81321666666634,81870.28328289394,True,23376.83146978741,18935.233490527804,42312.06496031521
0.99,0.25,CVaR99-L25,2025-06-27,50821.742866344684,0.0,50821.742866344684,0.0,50821.742866344684,81558.92461855596,81558.92461855596,0.0,81558.92461855596,False,23399.314985222627,18953.445138030325,42352.760123252956
0.99,0.25,CVaR99-L25,2025-06-28,50820.96711031272,0.0,50820.96711031272,0.0,50820.96711031272,81556.49261752726,81556.49261752726,0.0,81556.49261752726,False,23400.392234193918,18954.317709697072,42354.70994389099
0.99,0.25,CVaR99-L25,2025-06-29,50820.96711031272,0.0,50820.96711031272,1571.87370260833,52392.84081292105,81556.49261752726,81556.49261752726,540.1501833333325,82096.64280086059,True,23400.392234193918,18954.317709697072,42354.70994389099
0.99,0.25,CVaR99-L25,2025-06-30,50908.44048770939,0.0,50908.44048770939,2407.786061799996,53316.22654950939,81684.90148231556,81684.90148231556,695.9096666666655,82380.81114898222,True,23455.216648982227,18998.7254856756,42453.94213465783
0.99,0.25,CVaR99-L25,2025-07-01,50905.78486561234,0.0,50905.78486561234,22785.507731341662,73691.29259695401,81686.8986737091,81686.8986737091,6548.961983333332,88235.86065704243,True,23401.51070704242,18955.22367270436,42356.73437974678
0.99,0.25,CVaR99-L25,2025-07-02,52172.33961456413,0.0,52172.33961456413,11104.092125758323,63276.431740322456,83247.33731353807,83247.33731353807,3464.640322881667,86711.97763641973,True,22518.62308641975,18240.0847,40758.70778641975
0.99,0.25,CVaR99-L25,2025-07-03,52428.900802692195,0.0,52428.900802692195,14900.86674786667,67329.76755055887,83466.7843866181,83466.7843866181,4354.6820486827455,87821.46643530086,True,22573.726563786004,18284.718516666668,40858.44508045267
0.99,0.25,CVaR99-L25,2025-07-04,53541.23467872519,0.0,53541.23467872519,0.0,53541.23467872519,85437.20674214134,85437.20674214134,0.0,85437.20674214134,False,22689.930588850235,18378.843776968693,41068.77436581893
0.99,0.25,CVaR99-L25,2025-07-05,53437.09471028716,0.0,53437.09471028716,152.46790666666655,53589.56261695382,85309.57710015425,85309.57710015425,71.31333333333328,85380.89043348758,True,22620.600183487586,18322.686148624947,40943.28633211253
0.99,0.25,CVaR99-L25,2025-07-06,53420.34275335034,0.0,53420.34275335034,13704.424883283331,67124.76763663367,85271.52345438625,85271.52345438625,3434.869343536938,88706.39279792318,True,22624.15288380625,18325.563835883066,40949.71671968931
0.99,0.25,CVaR99-L25,2025-07-07,54351.366883569994,0.0,54351.366883569994,5453.887270291667,59805.254153861664,86422.57699895647,86422.57699895647,1851.5689166666666,88274.14591562314,True,22987.242527999217,18619.666447679367,41606.90897567858
0.99,0.25,CVaR99-L25,2025-07-08,54462.48242681185,0.0,54462.48242681185,8646.679168483332,63109.161595295176,86605.09310205744,86605.09310205744,2355.5499501545846,88960.64305221202,True,23023.075925925925,18648.6915,41671.76742592592
0.99,0.25,CVaR99-L25,2025-07-09,54556.20616851283,0.0,54556.20616851283,5199.9585529333335,59756.16472144616,86687.05662517642,86687.05662517642,1436.3044320162467,88123.36105719267,True,22907.529827078608,18555.099159933674,41462.628987012286
0.99,0.25,CVaR99-L25,2025-07-10,54576.16853400672,0.0,54576.16853400672,5429.355503908329,60005.52403791505,86750.33852846522,86750.33852846522,1551.385627528642,88301.72415599386,True,22969.61682014362,18605.389624316333,41575.006444459956
0.99,0.25,CVaR99-L25,2025-07-11,54963.37153105467,0.0,54963.37153105467,0.0,54963.37153105467,87346.9909717379,87346.9909717379,0.0,87346.9909717379,False,23140.622210063506,18743.903990151437,41884.52620021494
0.99,0.25,CVaR99-L25,2025-07-12,54947.85526033213,0.0,54947.85526033213,0.0,54947.85526033213,87316.27072730123,87316.27072730123,0.0,87316.27072730123,False,23139.96851316605,18743.3744956645,41883.34300883055
0.99,0.25,CVaR99-L25,2025-07-13,54650.62724090743,0.0,54650.62724090743,4169.611118658336,58820.23835956577,86879.175989979,86879.175989979,997.2585166053562,87876.43450658437,True,22853.727139917697,18511.518983333335,41365.24612325103
0.99,0.25,CVaR99-L25,2025-07-14,54712.39350834317,0.0,54712.39350834317,4720.4869669875,59432.88047533067,86995.67528035515,86995.67528035515,1206.8323758785377,88202.50765623369,True,22827.573152550503,18490.33425356591,41317.907406116414
0.99,0.25,CVaR99-L25,2025-07-15,54764.61054692716,0.0,54764.61054692716,4366.781815208337,59131.39236213549,87079.672636036,87079.672636036,1162.342067718856,88242.01470375486,True,22838.8694870882,18499.484284541446,41338.35377162964
0.99,0.25,CVaR99-L25,2025-07-16,54973.553628274974,0.0,54973.553628274974,4214.62846595,59188.182094224976,87329.668002968,87329.668002968,1174.7720718695487,88504.44007483755,True,22860.29325445946,18516.837536112158,41377.13079057162
0.99,0.25,CVaR99-L25,2025-07-17,54976.48946702147,0.0,54976.48946702147,4593.078456741667,59569.56792376314,87320.14708369637,87320.14708369637,1237.702883333333,88557.8499670297,True,22936.199208978567,18578.32135927264,41514.5205682512
0.99,0.25,CVaR99-L25,2025-07-18,55012.25123653132,0.0,55012.25123653132,0.0,55012.25123653132,87385.89468157018,87385.89468157018,0.0,87385.89468157018,False,22967.43282440632,18603.620587769117,41571.05341217544
0.99,0.25,CVaR99-L25,2025-07-19,54872.15982419948,0.0,54872.15982419948,56.550100000000334,54928.70992419948,87214.4555532359,87214.4555532359,26.45000000000016,87240.90555323589,True,23078.6523532359,18693.708406121077,41772.360759356976
0.99,0.25,CVaR99-L25,2025-07-20,54835.30188415322,0.0,54835.30188415322,2074.043512408332,56909.34539656155,87117.17932712399,87117.17932712399,501.76373333333305,87618.94306045731,True,23137.51016045733,18741.383229970437,41878.893390427766
0.99,0.25,CVaR99-L25,2025-07-21,54928.23657176149,0.0,54928.23657176149,3478.6349925750023,58406.87156433649,87259.7183213477,87259.7183213477,830.4970000000003,88090.2153213477,True,23179.265304681037,18775.20489679164,41954.47020147268
0.99,0.25,CVaR99-L25,2025-07-22,55103.154365047245,0.0,55103.154365047245,2464.726048016666,57567.88041306391,87493.50862748497,87493.50862748497,718.5929666666668,88212.10159415164,True,23294.88919415164,18868.860247262826,42163.74944141447
0.99,0.25,CVaR99-L25,2025-07-23,55227.17698685261,0.0,55227.17698685261,2822.0409567416696,58049.21794359428,87689.193397184,87689.193397184,688.5348333333341,88377.72823051734,True,23345.278180517333,18909.67532621904,42254.953506736376
0.99,0.25,CVaR99-L25,2025-07-24,55256.40954189689,0.0,55256.40954189689,3094.358554983334,58350.76809688022,87691.94206752986,87691.94206752986,771.7887999999998,88463.73086752986,True,23261.208200863206,18841.578642699198,42102.786843562404
0.99,0.25,CVaR99-L25,2025-07-25,55392.945585003,0.0,55392.945585003,0.0,55392.945585003,87862.31579946523,87862.31579946523,0.0,87862.31579946523,False,23299.905164609052,18872.923183333332,42172.828347942384
0.99,0.25,CVaR99-L25,2025-07-26,54260.33598672597,0.0,54260.33598672597,0.0,54260.33598672597,86202.77276480905,86202.77276480905,0.0,86202.77276480905,False,22808.74823271605,18475.086068499997,41283.83430121605
0.99,0.25,CVaR99-L25,2025-07-27,54233.25937247789,0.0,54233.25937247789,2791.4820549749984,57024.74142745289,86139.07219302349,86139.07219302349,677.6015166666662,86816.67370969015,True,22541.547232390785,18258.653258236536,40800.20049062732
0.99,0.25,CVaR99-L25,2025-07-28,54234.14216093575,0.0,54234.14216093575,5545.377843991667,59779.52000492741,86158.96935240584,86158.96935240584,1492.0167879900162,87650.98614039585,True,22536.231319135804,18254.3473685,40790.5786876358
0.99,0.25,CVaR99-L25,2025-07-29,54306.22077898844,0.0,54306.22077898844,3145.143178774998,57451.36395776344,86229.51394845567,86229.51394845567,935.4672166666659,87164.98116512234,True,22536.231319135804,18254.3473685,40790.5786876358
0.99,0.25,CVaR99-L25,2025-07-30,54373.605357851724,0.0,54373.605357851724,2344.6395462916626,56718.24490414339,86316.7659574589,86316.7659574589,561.9871484412967,86878.7531059002,True,22536.231319135804,18254.3473685,40790.5786876358
0.99,0.25,CVaR99-L25,2025-07-31,54364.983825546675,0.0,54364.983825546675,1246.4316372916674,55611.41546283834,86316.7983213063,86316.7983213063,293.55136666666675,86610.34968797296,True,22536.231319135804,18254.3473685,40790.5786876358
0.99,0.25,CVaR99-L25,2025-08-01,54255.488643533434,0.0,54255.488643533434,0.0,54255.488643533434,86107.70967284522,86107.70967284522,0.0,86107.70967284522,False,22531.946730658437,18250.87685183333,40782.823582491765
0.99,0.25,CVaR99-L25,2025-08-02,54131.939524306195,0.0,54131.939524306195,58.55982000000021,54190.4993443062,85922.99011877016,85922.99011877016,27.3900000000001,85950.38011877016,True,22531.946730658437,18250.87685183333,40782.823582491765
0.99,0.25,CVaR99-L25,2025-08-03,54105.40000137579,0.0,54105.40000137579,1011.3219888083347,55116.72199018412,85885.85146656583,85885.85146656583,235.19870000000014,86121.05016656582,True,22531.946730658437,18250.87685183333,40782.823582491765
0.99,0.25,CVaR99-L25,2025-08-04,53562.62603286882,0.0,53562.62603286882,571.032595758332,54133.658628627156,84949.3127096162,84949.3127096162,155.73868333333303,85105.05139294954,True,22596.479710288062,18303.148565333337,40899.6282756214
0.99,0.25,CVaR99-L25,2025-08-05,53567.53589340716,0.0,53567.53589340716,411.18923524999923,53978.72512865716,84958.55703344053,84958.55703344053,126.89271666666639,85085.4497501072,True,22596.479710288062,18303.148565333333,40899.62827562139
0.99,0.25,CVaR99-L25,2025-08-06,53600.740313985494,0.0,53600.740313985494,1283.7740445833351,54884.51435856883,85000.14453225683,85000.14453225683,335.58623333333367,85335.73076559017,True,22596.479710288062,18303.148565333337,40899.6282756214
0.99,0.25,CVaR99-L25,2025-08-07,52634.22497287907,0.0,52634.22497287907,903.5707447166682,53537.79571759574,83810.36354482744,83810.36354482744,298.57490000000007,84108.93844482745,True,21869.60991707819,17714.38403283333,39583.99394991152
0.99,0.25,CVaR99-L25,2025-08-08,52575.06046622138,0.0,52575.06046622138,0.0,52575.06046622138,83689.95155267374,83689.95155267374,0.0,83689.95155267374,False,21875.311814814813,17719.002569999997,39594.31438481481
0.99,0.25,CVaR99-L25,2025-08-09,52139.11792039501,0.0,52139.11792039501,0.0,52139.11792039501,83139.21518072428,83139.21518072428,0.0,83139.21518072428,False,21831.0091191358,17683.117386500002,39514.1265056358
0.99,0.25,CVaR99-L25,2025-08-10,52006.72395073731,0.0,52006.72395073731,367.1442388583349,52373.86818959565,82943.19596886988,82943.19596886988,143.80921666666688,83087.00518553655,True,21820.190027508776,17674.353922282105,39494.54394979088
0.99,0.25,CVaR99-L25,2025-08-11,51908.507360821226,0.0,51908.507360821226,1103.14874925,53011.65611007123,82837.74772447564,82837.74772447564,304.68873333333346,83142.43645780897,True,21818.48595514403,17672.973623666665,39491.459578810696
0.99,0.25,CVaR99-L25,2025-08-12,51950.698090127655,0.0,51950.698090127655,1121.0207236583333,53071.718813785985,82890.25929672798,82890.25929672798,268.9037666666667,83159.16306339465,True,21819.596764069385,17673.873378896205,39493.47014296559
0.99,0.25,CVaR99-L25,2025-08-13,51970.579821326,0.0,51970.579821326,1491.3610847833345,53461.94090610933,82907.64352029134,82907.64352029134,375.87438333333364,83283.51790362467,True,21818.48595514403,17672.973623666665,39491.459578810696
0.99,0.25,CVaR99-L25,2025-08-14,51961.96903476291,0.0,51961.96903476291,1828.6663050583347,53790.635339821245,82892.49628987609,82892.49628987609,414.2886500000003,83306.78493987609,True,21818.48595514403,17672.973623666665,39491.459578810696
0.99,0.25,CVaR99-L25,2025-08-15,51936.92782430269,0.0,51936.92782430269,0.0,51936.92782430269,82870.00333637964,82870.00333637964,0.0,82870.00333637964,False,21818.48595514403,17672.973623666665,39491.459578810696
0.99,0.25,CVaR99-L25,2025-08-16,51813.09390641727,0.0,51813.09390641727,0.0,51813.09390641727,82710.74961612505,82710.74961612505,0.0,82710.74961612505,False,21820.010821810698,17674.208765666666,39494.21958747736
0.99,0.25,CVaR99-L25,2025-08-17,51752.45916065464,0.0,51752.45916065464,2002.3445200250026,53754.803680679644,82635.1462493231,82635.1462493231,400.7892000000003,83035.9354493231,True,21820.010821810698,17674.208765666663,39494.21958747736
0.99,0.25,CVaR99-L25,2025-08-18,51710.23303105023,0.0,51710.23303105023,1876.302667433331,53586.53569848356,82573.37165282358,82573.37165282358,426.0740999999995,82999.44575282358,True,21839.799105144033,17690.237275166666,39530.0363803107
0.99,0.25,CVaR99-L25,2025-08-19,51769.32344209941,0.0,51769.32344209941,1971.191646858336,53740.51508895775,82650.59803046723,82650.59803046723,388.39198333333366,83038.99001380056,True,21826.109649447328,17679.148816052337,39505.25846549966
0.99,0.25,CVaR99-L25,2025-08-20,51799.35930955178,0.0,51799.35930955178,4063.7456916833344,55863.10500123511,82679.16136701687,82679.16136701687,915.4027000000002,83594.56406701688,True,21838.292859641322,17689.01721630947,39527.310075950794
0.99,0.25,CVaR99-L25,2025-08-21,51872.37706004233,0.0,51872.37706004233,1296.549068283331,53168.926128325664,82763.3939797246,82763.3939797246,248.1278333333329,83011.52181305793,True,21825.847264966727,17678.93628462305,39504.783549589774
0.99,0.25,CVaR99-L25,2025-08-22,51817.37905107735,0.0,51817.37905107735,0.0,51817.37905107735,82693.50581752972,82693.50581752972,0.0,82693.50581752972,False,21820.010821810698,17674.208765666666,39494.21958747736
0.99,0.25,CVaR99-L25,2025-08-23,51762.09145276398,0.0,51762.09145276398,0.0,51762.09145276398,82615.247436215,82615.247436215,0.0,82615.247436215,False,21839.799105144033,17690.237275166666,39530.0363803107
0.99,0.25,CVaR99-L25,2025-08-24,51617.98421949869,0.0,51617.98421949869,2244.078091516666,53862.06231101536,82406.20796627963,82406.20796627963,436.76243216519117,82842.97039844483,True,21826.266697736624,17679.276025166666,39505.542722903294
0.99,0.25,CVaR99-L25,2025-08-25,51659.27031837393,0.0,51659.27031837393,2929.1173284916667,54588.387646865594,82335.10957706267,82335.10957706267,762.7059999999998,83097.81557706268,True,21760.319112298785,17625.858480962015,39386.1775932608
0.99,0.25,CVaR99-L25,2025-08-26,51698.850893580646,0.0,51698.850893580646,1197.6296131833342,52896.48050676398,82378.5607262945,82378.5607262945,255.46126666666677,82634.02199296116,True,21796.98759061341,17655.55994839686,39452.54753901027
0.99,0.25,CVaR99-L25,2025-08-27,51751.23145469385,0.0,51751.23145469385,1839.0579074083344,53590.28936210219,82431.71695969974,82431.71695969974,429.63486666666694,82861.3518263664,True,21808.530558024693,17664.909752,39473.44031002469
0.99,0.25,CVaR99-L25,2025-08-28,51745.246712747,0.0,51745.246712747,4454.932226283332,56200.17893903033,82416.00958251781,82416.00958251781,1118.8161666666665,83534.82574918449,True,21799.46208884911,17657.564291967778,39457.02638081689
0.99,0.25,CVaR99-L25,2025-08-29,51147.697841390385,0.0,51147.697841390385,0.0,51147.697841390385,81516.16194372924,81516.16194372924,0.0,81516.16194372924,False,21778.617065432096,17640.679823,39419.296888432094
0.99,0.25,CVaR99-L25,2025-08-30,50377.10131585944,0.0,50377.10131585944,0.0,50377.10131585944,80206.93110186904,80206.93110186904,0.0,80206.93110186904,False,22011.396271193415,17829.230979666667,39840.62725086008
0.99,0.25,CVaR99-L25,2025-08-31,50037.582085878545,0.0,50037.582085878545,2555.5321241750025,52593.11421005355,79586.09605563863,79586.09605563863,621.7261333333339,80207.82218897196,True,21968.04534573466,17794.116730045076,39762.162075779735
0.99,0.25,CVaR99-L25,2025-09-01,48801.72581773889,0.0,48801.72581773889,90.52283100000017,48892.24864873889,77756.67535712695,77756.67535712695,38.834333333333404,77795.50969046028,True,21579.0951395847,17479.06706306361,39058.16220264831
0.99,0.25,CVaR99-L25,2025-09-02,48822.566861221,0.0,48822.566861221,58.65303238333474,48881.219893604335,77799.27586839921,77799.27586839921,19.5088833333337,77818.78475173254,True,21610.907497519707,17504.835072990965,39115.74257051067
0.99,0.25,CVaR99-L25,2025-09-03,48826.0624404145,0.0,48826.0624404145,108.5987801916666,48934.66122060616,77803.53760669328,77803.53760669328,29.762016666666682,77833.29962335994,True,21611.34569344375,17505.190011689436,39116.53570513318
0.99,0.25,CVaR99-L25,2025-09-04,48726.90698753118,0.0,48726.90698753118,230.89947095000065,48957.80645848119,77652.59409032203,77652.59409032203,55.068383333333486,77707.66247365536,True,21614.461788271605,17507.7140485,39122.17583677161
0.99,0.25,CVaR99-L25,2025-09-05,48654.33153977445,0.0,48654.33153977445,0.0,48654.33153977445,77529.80728756521,77529.80728756521,0.0,77529.80728756521,False,21620.03255493827,17512.2263695,39132.25892443827
0.99,0.25,CVaR99-L25,2025-09-06,48587.0531414224,0.0,48587.0531414224,0.0,48587.0531414224,77405.73243442627,77405.73243442627,0.0,77405.73243442627,False,21626.36842786039,17517.35842656692,39143.72685442731
0.99,0.25,CVaR99-L25,2025-09-07,48476.11134763708,0.0,48476.11134763708,117.24528028333381,48593.35662792042,77237.45114949704,77237.45114949704,28.22148333333348,77265.67263283036,True,21540.631445873907,17447.911471157866,38988.54291703177
0.99,0.25,CVaR99-L25,2025-09-08,48460.411738004885,0.0,48460.411738004885,916.4749443166667,49376.88668232155,77194.62122972362,77194.62122972362,246.9912666666667,77441.61249639028,True,21525.484601043732,17435.642526845426,38961.12712788916
0.99,0.25,CVaR99-L25,2025-09-09,48497.580998650476,0.0,48497.580998650476,47.30829532500027,48544.88929397547,77240.66201630057,77240.66201630057,11.000650000000064,77251.66266630057,True,21520.67608403785,17431.747628070658,38952.4237121085
0.99,0.25,CVaR99-L25,2025-09-10,48507.21828667357,0.0,48507.21828667357,4372.634108299998,52879.85239497357,77256.77416229463,77256.77416229463,1021.8403666666661,78278.6145289613,True,21523.207907201642,17433.79840483333,38957.00631203497
0.99,0.25,CVaR99-L25,2025-09-11,48571.96940032413,0.0,48571.96940032413,548.8675466666665,49120.8369469908,77353.54758025822,77353.54758025822,106.23624999999993,77459.78383025822,True,21546.450205761314,17452.624666666667,38999.074872427984
0.99,0.25,CVaR99-L25,2025-09-12,48513.16859159059,0.0,48513.16859159059,0.0,48513.16859159059,77249.05230486055,77249.05230486055,0.0,77249.05230486055,False,21584.345800460578,17483.32009837307,39067.66589883365
0.99,0.25,CVaR99-L25,2025-09-13,48430.374749989554,0.0,48430.374749989554,0.0,48430.374749989554,77077.45665615736,77077.45665615736,0.0,77077.45665615736,False,21521.75130462982,17432.61855675016,38954.36986137998
0.99,0.25,CVaR99-L25,2025-09-14,48299.66629479183,0.0,48299.66629479183,1134.5278211416664,49434.1941159335,76796.18490108979,76796.18490108979,275.80998333333343,77071.99488442313,True,21523.680951646085,17434.181570833334,38957.86252247942
0.99,0.25,CVaR99-L25,2025-09-15,48259.86518179253,0.0,48259.86518179253,2887.8944543416683,51147.75963613419,76733.27212875384,76733.27212875384,699.203066666667,77432.47519542051,True,21594.321460905347,17491.400383333334,39085.72184423868
0.99,0.25,CVaR99-L25,2025-09-16,48305.94826949327,0.0,48305.94826949327,1150.8803759916655,49456.82864548493,76816.75235165046,76816.75235165046,302.2747999999996,77119.02715165046,True,21631.082078189298,17521.176483333333,39152.25856152263
0.99,0.25,CVaR99-L25,2025-09-17,48384.34552970488,0.0,48384.34552970488,2506.8312973083407,50891.176827013216,76949.93834862625,76949.93834862625,541.6084121685988,77491.54676079485,True,21658.27399732271,17543.2019378314,39201.475935154114
0.99,0.25,CVaR99-L25,2025-09-18,48390.79495286134,0.0,48390.79495286134,1431.7118408500005,49822.50679371134,76966.5924597028,76966.5924597028,317.46796666666677,77284.06042636947,True,21771.284900188126,17634.740769152384,39406.02566934051
0.99,0.25,CVaR99-L25,2025-09-19,48490.668355340196,0.0,48490.668355340196,0.0,48490.668355340196,77152.5045964169,77152.5045964169,0.0,77152.5045964169,False,21853.66220164609,17701.466383333332,39555.12858497942
0.99,0.25,CVaR99-L25,2025-09-20,48431.27958972455,0.0,48431.27958972455,0.0,48431.27958972455,77100.8959635107,77100.8959635107,0.0,77100.8959635107,False,21853.662201646086,17701.466383333332,39555.12858497942
0.99,0.25,CVaR99-L25,2025-09-21,48256.48379285222,0.0,48256.48379285222,2105.1167019000013,50361.600494752216,76791.62350592473,76791.62350592473,577.0241333333336,77368.64763925807,True,21776.458930041146,17638.93173333333,39415.39066337448
0.99,0.25,CVaR99-L25,2025-09-22,48052.24614041345,0.0,48052.24614041345,3223.9240445583314,51276.17018497179,76546.6670636457,76546.6670636457,733.4262166666663,77280.09328031236,True,21782.694423868306,17643.982483333333,39426.67690720164
0.99,0.25,CVaR99-L25,2025-09-23,48146.432407943204,0.0,48146.432407943204,4456.615289858335,52603.047697801536,76640.56877594675,76640.56877594675,1088.6276333333337,77729.19640928009,True,21862.723991769544,17708.80643333333,39571.53042510287
0.99,0.25,CVaR99-L25,2025-09-24,48353.245318637964,0.0,48353.245318637964,5896.067165458327,54249.31248409629,76969.05939417252,76969.05939417252,1332.9098833333323,78301.96927750585,True,21996.765246913576,17817.379849999998,39814.14509691358
0.99,0.25,CVaR99-L25,2025-09-25,48028.370919304725,0.0,48028.370919304725,3717.543448041669,51745.91436734639,76590.73424671311,76590.73424671311,848.7719000000006,77439.50614671312,True,21996.765246913576,17817.379849999998,39814.14509691358
0.99,0.25,CVaR99-L25,2025-09-26,47455.36254470747,0.0,47455.36254470747,0.0,47455.36254470747,75332.37536768956,75332.37536768956,0.0,75332.37536768956,False,21774.476872427986,17637.326266666663,39411.80313909465
0.99,0.25,CVaR99-L25,2025-09-27,47253.23384646401,0.0,47253.23384646401,0.0,47253.23384646401,75018.94451304643,75018.94451304643,0.0,75018.94451304643,False,21771.708251028806,17635.08368333333,39406.79193436213
0.99,0.25,CVaR99-L25,2025-09-28,47196.73740817271,0.0,47196.73740817271,7602.880368491666,54799.617776664374,74763.49842186607,74763.49842186607,1749.4695311420614,76512.96795300813,True,21588.75353909465,17486.890366666667,39075.64390576132
0.99,0.25,CVaR99-L25,2025-09-29,46236.72355277012,0.0,46236.72355277012,4412.197459866667,50648.92101263678,72428.79606407906,72428.79606407906,1092.0528833333333,73520.84894741239,True,21676.213065843614,17557.73258333333,39233.945649176945
0.99,0.25,CVaR99-L25,2025-09-30,46501.13938608179,0.0,46501.13938608179,11813.214529683333,58314.353915765125,72811.88725090306,72811.88725090306,2711.5936333333334,75523.4808842364,True,21676.213065843614,17557.73258333333,39233.945649176945
0.99,0.25,CVaR99-L25,2025-10-01,46038.91795295765,0.0,46038.91795295765,333.62216913333384,46372.540122090984,72585.33754992993,72585.33754992993,84.60810000000015,72669.94564992993,True,21717.09230452675,17590.84476666666,39307.93707119341
0.99,0.25,CVaR99-L25,2025-10-02,44071.79505700091,0.0,44071.79505700091,453.1200454000001,44524.91510240091,70864.66440029842,70864.66440029842,147.15550000000007,71011.81990029842,True,22101.78953395062,17902.4495225,40004.23905645062
0.99,0.25,CVaR99-L25,2025-10-03,44066.399482354245,0.0,44066.399482354245,0.0,44066.399482354245,70849.84902125254,70849.84902125254,0.0,70849.84902125254,False,22101.78953395062,17902.4495225,40004.23905645062
0.99,0.25,CVaR99-L25,2025-10-04,44034.04088038852,0.0,44034.04088038852,0.0,44034.04088038852,70807.81143728405,70807.81143728405,0.0,70807.81143728405,False,22101.78953395062,17902.449522499996,40004.23905645062
0.99,0.25,CVaR99-L25,2025-10-05,43944.77607966997,0.0,43944.77607966997,683.3885589083343,44628.16463857831,70678.3647796207,70678.3647796207,197.27753333333362,70875.64231295402,True,22103.557267283955,17903.8813865,40007.43865378396
0.99,0.25,CVaR99-L25,2025-10-06,43970.647235038305,0.0,43970.647235038305,821.7256440916682,44792.37287912997,70708.17292923902,70708.17292923902,234.29395000000022,70942.46687923903,True,22103.557267283955,17903.8813865,40007.43865378396
0.99,0.25,CVaR99-L25,2025-10-07,43994.153118571405,0.0,43994.153118571405,549.5078258999973,44543.660944471405,70751.59103695137,70751.59103695137,170.2681166666659,70921.85915361803,True,22106.589626804183,17906.33759771139,40012.92722451557
0.99,0.25,CVaR99-L25,2025-10-08,44003.69327969331,0.0,44003.69327969331,2189.848133624999,46193.54141331831,70766.46836481309,70766.46836481309,631.2917666666663,71397.76013147975,True,22107.963100617286,17907.4501115,40015.41321211729
0.99,0.25,CVaR99-L25,2025-10-09,43935.694101669564,0.0,43935.694101669564,1657.5368920499996,45593.23099371956,70664.80813541086,70664.80813541086,425.3521833333333,71090.1603187442,True,22107.963100617286,17907.4501115,40015.41321211729
0.99,0.25,CVaR99-L25,2025-10-10,43959.76172192662,0.0,43959.76172192662,0.0,43959.76172192662,70696.90263247704,70696.90263247704,0.0,70696.90263247704,False,22107.963100617286,17907.450111500002,40015.41321211729
0.99,0.25,CVaR99-L25,2025-10-11,43920.824062991494,0.0,43920.824062991494,0.0,43920.824062991494,70630.67749844326,70630.67749844326,0.0,70630.67749844326,False,22107.963100617286,17907.450111500002,40015.41321211729
0.99,0.25,CVaR99-L25,2025-10-12,43841.12098320468,0.0,43841.12098320468,1548.350145316663,45389.47112852134,70579.75978719414,70579.75978719414,409.06170076893346,70988.82148796307,True,22099.398117283952,17900.512475,39999.91059228395
0.99,0.25,CVaR99-L25,2025-10-13,43811.9732019663,0.0,43811.9732019663,1005.5013089083336,44817.474510874636,70532.66456270959,70532.66456270959,261.8244760324667,70794.48903874205,True,22082.18057081257,17886.566262358174,39968.74683317074
0.99,0.25,CVaR99-L25,2025-10-14,43850.44260572837,0.0,43850.44260572837,4010.049468483334,47860.4920742117,70596.04982679205,70596.04982679205,933.5110741913684,71529.56090098342,True,22083.66264548532,17887.76674284311,39971.429388328426
0.99,0.25,CVaR99-L25,2025-10-15,43699.883060036984,0.0,43699.883060036984,3596.9894718666646,47296.872531903646,70330.23430107597,70330.23430107597,935.9056597153026,71266.13996079126,True,21918.972887288903,17754.368038704008,39673.34092599291
0.99,0.25,CVaR99-L25,2025-10-16,43778.92480510492,0.0,43778.92480510492,8292.839259021766,52071.76406412669,70462.36662743187,70462.36662743187,1994.1327427918611,72456.49937022373,True,21927.76228786008,17761.487453166665,39689.249741026746
0.99,0.25,CVaR99-L25,2025-10-17,44029.68739218496,0.0,44029.68739218496,0.0,44029.68739218496,70846.35975169393,70846.35975169393,0.0,70846.35975169393,False,22093.519300411517,17895.750633333333,39989.26993374485
0.99,0.25,CVaR99-L25,2025-10-18,43855.74574060639,0.0,43855.74574060639,0.0,43855.74574060639,70617.59589454823,70617.59589454823,0.0,70617.59589454823,False,22093.51930041152,17895.75063333333,39989.26993374485
0.99,0.25,CVaR99-L25,2025-10-19,43695.04866114253,0.0,43695.04866114253,7176.440489374998,50871.489150517526,70378.95314078651,70378.95314078651,1751.9648609032174,72130.91800168973,True,22093.51930041152,17895.750633333333,39989.26993374486
0.99,0.25,CVaR99-L25,2025-10-20,43920.68350658245,0.0,43920.68350658245,7974.13656385833,51894.82007044078,70718.19462011597,70718.19462011597,1759.093214956514,72477.2878350725,True,22208.943168724276,17989.24396666667,40198.187135390945
0.99,0.25,CVaR99-L25,2025-10-21,43903.55703683094,0.0,43903.55703683094,9309.613670075003,53213.17070690595,70681.36449336613,70681.36449336613,2690.813781144595,73372.17827451072,True,22092.74387860082,17895.122541666668,39987.866420267485
0.99,0.25,CVaR99-L25,2025-10-22,44466.65732932046,0.0,44466.65732932046,9348.917582474998,53815.574911795455,71599.0207107901,71599.0207107901,2236.887980775997,73835.90869156609,True,22173.830514403286,17960.802716666672,40134.63323106996
0.99,0.25,CVaR99-L25,2025-10-23,44731.82087807024,0.0,44731.82087807024,2538.368039766664,47270.1889178369,71840.94074613118,71840.94074613118,660.7640899275882,72501.70483605877,True,22038.63015408506,17851.290424808903,39889.920578893965
0.99,0.25,CVaR99-L25,2025-10-24,44700.78903074971,0.0,44700.78903074971,0.0,44700.78903074971,71819.77680771497,71819.77680771497,0.0,71819.77680771497,False,22100.464300406944,17901.376083329626,40001.84038373657
0.99,0.25,CVaR99-L25,2025-10-25,44816.99951528321,0.0,44816.99951528321,0.0,44816.99951528321,72087.67059900431,72087.67059900431,0.0,72087.67059900431,False,22236.227736625515,18011.34446666667,40247.572203292184
0.99,0.25,CVaR99-L25,2025-10-26,44489.524655813046,0.0,44489.524655813046,3097.8323881916676,47587.35704400471,71639.26178223328,71639.26178223328,871.909966666667,72511.17174889996,True,22241.02340776292,18015.22896028797,40256.25236805089
0.99,0.25,CVaR99-L25,2025-10-27,44605.77228085046,0.0,44605.77228085046,6310.479170974998,50916.25145182546,71827.30961490347,71827.30961490347,1573.0507166666662,73400.36033157013,True,22260.70514424215,18031.171166836142,40291.87631107829
0.99,0.25,CVaR99-L25,2025-10-28,44420.564130688435,0.0,44420.564130688435,7917.486187191668,52338.0503178801,71535.9035877629,71535.9035877629,1924.7203833333338,73460.62397109624,True,22064.43825439347,17872.194986058712,39936.63324045218
0.99,0.25,CVaR99-L25,2025-10-29,44478.67567199545,0.0,44478.67567199545,14740.42567164166,59219.101343637114,71634.66990139364,71634.66990139364,3895.481332826042,75530.15123421968,True,22114.597119341564,17912.823666666663,40027.420786008224
0.99,0.25,CVaR99-L25,2025-10-30,45405.758744833365,0.0,45405.758744833365,3493.863217966661,48899.621962800025,73307.31669789318,73307.31669789318,853.8709638482687,74161.18766174145,True,22941.202745074785,18582.374223510575,41523.57696858536
0.99,0.25,CVaR99-L25,2025-10-31,45085.40790170045,0.0,45085.40790170045,0.0,45085.40790170045,72895.01523110326,72895.01523110326,0.0,72895.01523110326,False,22867.402654320984,18522.596149999998,41389.99880432098
0.99,0.25,CVaR99-L25,2025-11-01,45568.27296943094,0.0,45568.27296943094,0.0,45568.27296943094,73775.86680379661,73775.86680379661,0.0,73775.86680379661,False,23219.665041152264,18807.92868333333,42027.593724485596
0.99,0.25,CVaR99-L25,2025-11-02,45560.82873526017,0.0,45560.82873526017,5254.616857408333,50815.445592668504,73760.44504426532,73760.44504426532,1375.333113553618,75135.77815781893,True,23219.665041152264,18807.92868333333,42027.593724485596
0.99,0.25,CVaR99-L25,2025-11-03,45805.54984840192,0.0,45805.54984840192,6497.379435083332,52302.92928348525,74094.62472441682,74094.62472441682,2161.2615499999993,76255.88627441681,True,23265.06117283951,18844.699549999998,42109.760722839506
0.99,0.25,CVaR99-L25,2025-11-04,46101.45295018454,0.0,46101.45295018454,2789.6486984749986,48891.10164865954,74810.3417914637,74810.3417914637,708.932083333333,75519.27387479703,True,23148.367263374486,18750.177483333333,41898.54474670782
0.99,0.25,CVaR99-L25,2025-11-05,46165.96853557156,0.0,46165.96853557156,5625.446046516667,51791.414582088226,74898.05814936975,74898.05814936975,1378.0575227786899,76276.11567214844,True,23162.455514403293,18761.588966666666,41924.044481069956
0.99,0.25,CVaR99-L25,2025-11-06,46306.72033022878,0.0,46306.72033022878,11583.763431433337,57890.48376166212,74961.3559043126,74961.3559043126,2781.8981791872275,77743.25408349982,True,23164.682983539096,18763.393216666664,41928.07620020576
0.99,0.25,CVaR99-L25,2025-11-07,47548.34618209551,0.0,47548.34618209551,0.0,47548.34618209551,76576.4978127105,76576.4978127105,0.0,76576.4978127105,False,23065.09987654321,18682.730899999995,41747.830776543204
0.99,0.25,CVaR99-L25,2025-11-08,47540.49401289469,0.0,47540.49401289469,0.0,47540.49401289469,76554.32170656447,76554.32170656447,0.0,76554.32170656447,False,23065.09987654321,18682.7309,41747.83077654321
0.99,0.25,CVaR99-L25,2025-11-09,47530.829492743025,0.0,47530.829492743025,7198.52292116667,54729.3524139097,76544.4953898978,76544.4953898978,1846.8631500000006,78391.3585398978,True,23065.09987654321,18682.7309,41747.83077654321
0.99,0.25,CVaR99-L25,2025-11-10,47615.27009483404,0.0,47615.27009483404,10867.382850416674,58482.65294525072,76795.77929746352,76795.77929746352,2959.626372083791,79755.40566954731,True,23359.441769547324,18921.147833333333,42280.58960288066
0.99,0.25,CVaR99-L25,2025-11-11,48781.8518298026,0.0,48781.8518298026,2587.803637600001,51369.655467402605,78362.38132334634,78362.38132334634,657.6606500000001,79020.04197334635,True,23391.015466666668,18946.722528,42337.73799466666
0.99,0.25,CVaR99-L25,2025-11-12,48886.482222263825,0.0,48886.482222263825,2645.9130911416673,51532.39531340549,78478.71592075012,78478.71592075012,582.9369434165267,79061.65286416665,True,23382.751916666668,18940.029052500002,42322.78096916667
0.99,0.25,CVaR99-L25,2025-11-13,48964.94483737429,0.0,48964.94483737429,5042.411120108328,54007.35595748262,78561.01078013756,78561.01078013756,1387.9709700290962,79948.98175016665,True,23368.402983333333,18928.4064165,42296.809399833335
0.99,0.25,CVaR99-L25,2025-11-14,48761.5760996039,0.0,48761.5760996039,0.0,48761.5760996039,78384.35465410819,78384.35465410819,0.0,78384.35465410819,False,23373.266900000002,18932.346188999996,42305.613089
0.99,0.25,CVaR99-L25,2025-11-15,48749.45295684163,0.0,48749.45295684163,0.0,48749.45295684163,78363.35323493951,78363.35323493951,0.0,78363.35323493951,False,23373.266900000002,18932.346189,42305.613089000006
0.99,0.25,CVaR99-L25,2025-11-16,48738.12687748198,0.0,48738.12687748198,10407.541688116666,59145.668565598644,78343.41013985229,78343.41013985229,2636.1334166666666,80979.54355651895,True,23373.266900000002,18932.346188999996,42305.613089
0.99,0.25,CVaR99-L25,2025-11-17,49491.11779526544,0.0,49491.11779526544,3608.015881933321,53099.13367719876,79134.12681181334,79134.12681181334,879.6318956866492,80013.75870749999,True,23362.545916666666,18923.6621925,42286.20810916666
0.99,0.25,CVaR99-L25,2025-11-18,49579.464025554335,0.0,49579.464025554335,7761.596741783334,57341.060767337665,79255.1076261276,79255.1076261276,2273.8643833333335,81528.97200946094,True,23353.99883333333,18916.739055,42270.73788833333
0.99,0.25,CVaR99-L25,2025-11-19,49914.3240153328,0.0,49914.3240153328,6416.5617420166645,56330.88575734947,79857.37947743069,79857.37947743069,1549.1325333333327,81406.51201076403,True,23320.600166460907,18889.686134833333,42210.28630129424
0.99,0.25,CVaR99-L25,2025-11-20,50097.377380448364,0.0,50097.377380448364,5950.196289441672,56047.57366989004,80091.07566669714,80091.07566669714,1581.200183333334,81672.27585003048,True,23358.87714794239,18920.69048983333,42279.56763777572
0.99,0.25,CVaR99-L25,2025-11-21,50439.474929220276,0.0,50439.474929220276,0.0,50439.474929220276,80557.07106828014,80557.07106828014,0.0,80557.07106828014,False,23406.102613168725,18958.94311666667,42365.045729835394
0.99,0.25,CVaR99-L25,2025-11-22,50431.12530580903,0.0,50431.12530580903,0.0,50431.12530580903,80540.42854442078,80540.42854442078,0.0,80540.42854442078,False,23406.102613168725,18958.94311666667,42365.045729835394
0.99,0.25,CVaR99-L25,2025-11-23,50413.84344416169,0.0,50413.84344416169,8408.812809516668,58822.65625367836,80516.40912420762,80516.40912420762,2062.5977222944225,82579.00684650204,True,23406.102613168725,18958.943116666665,42365.04572983539
0.99,0.25,CVaR99-L25,2025-11-24,50970.674784383635,0.0,50970.674784383635,3646.7933629166646,54617.4681473003,81206.23642979277,81206.23642979277,947.2565575778578,82153.49298737063,True,23375.255372126103,18933.956851422143,42309.212223548246
0.99,0.25,CVaR99-L25,2025-11-25,51145.81701942388,0.0,51145.81701942388,4579.8775201749995,55725.69453959887,81426.04793434539,81426.04793434539,1243.6539666666663,82669.70190101206,True,23458.62061419753,19001.4826975,42460.10331169753
0.99,0.25,CVaR99-L25,2025-11-26,51345.43355562737,0.0,51345.43355562737,6054.398533866665,57399.83208949404,81752.1195819892,81752.1195819892,1641.3331482361193,83393.45273022533,True,23448.049772753762,18992.920315930547,42440.970088684306
0.99,0.25,CVaR99-L25,2025-11-27,51618.74510607919,0.0,51618.74510607919,4845.575235058338,56464.32034113752,82125.21447333094,82125.21447333094,1188.9884666666676,83314.2029399976,True,23469.598580246908,19010.37485,42479.97343024691
0.99,0.25,CVaR99-L25,2025-11-28,51674.76415457192,0.0,51674.76415457192,0.0,51674.76415457192,82130.49189599184,82130.49189599184,0.0,82130.49189599184,False,23531.111224279834,19060.200091666666,42591.3113159465
0.99,0.25,CVaR99-L25,2025-11-29,51668.77611774692,0.0,51668.77611774692,0.0,51668.77611774692,82119.07436672406,82119.07436672406,0.0,82119.07436672406,False,23531.111224279834,19060.200091666666,42591.3113159465
0.99,0.25,CVaR99-L25,2025-11-30,51644.746822700254,0.0,51644.746822700254,13821.18996240833,65465.936785108584,82087.01535442559,82087.01535442559,3821.4501948542456,85908.46554927983,True,23531.111224279834,19060.200091666666,42591.3113159465
0.99,0.25,CVaR99-L25,2025-12-01,53595.33518572037,0.0,53595.33518572037,24826.795631425,78422.13081714537,84945.06183811194,84945.06183811194,6714.349797278992,91659.41163539093,True,24741.748168724276,20040.816016666664,44782.56418539094
0.99,0.25,CVaR99-L25,2025-12-02,57787.61366021333,0.0,57787.61366021333,13659.287049066668,71446.90070927999,90478.9977039849,90478.9977039849,3958.9598126817455,94437.95751666665,True,24833.333333333332,20114.999999999996,44948.33333333333
0.99,0.25,CVaR99-L25,2025-12-03,59255.00431768299,0.0,59255.00431768299,6723.357101583337,65978.36141926632,92436.16502539968,92436.16502539968,2247.4918046414737,94683.65683004115,True,24933.707263374483,20196.302883333334,45130.01014670782
0.99,0.25,CVaR99-L25,2025-12-04,58889.4689839722,0.0,58889.4689839722,6845.419515941668,65734.88849991387,92324.70298192138,92324.70298192138,1801.6167666666663,94126.31974858805,True,24933.707263374483,20196.30288333333,45130.01014670781
0.99,0.25,CVaR99-L25,2025-12-05,58897.404586010845,0.0,58897.404586010845,0.0,58897.404586010845,92374.08834439004,92374.08834439004,0.0,92374.08834439004,False,24869.925658436212,20144.639783333332,45014.56544176955
0.99,0.25,CVaR99-L25,2025-12-06,58892.17322579084,0.0,58892.17322579084,0.0,58892.17322579084,92369.98234617406,92369.98234617406,0.0,92369.98234617406,False,24869.925658436212,20144.639783333332,45014.56544176955
0.99,0.25,CVaR99-L25,2025-12-07,58892.07856252917,0.0,58892.07856252917,6674.982593308336,65567.06115583751,92368.40751024193,92368.40751024193,1789.7439441205606,94158.1514543625,True,24869.925658436212,20144.639783333332,45014.56544176955
0.99,0.25,CVaR99-L25,2025-12-08,59143.53875365066,0.0,59143.53875365066,6434.6590102499995,65578.19776390067,92701.81545637213,92701.81545637213,1832.2871522598214,94534.10260863195,True,24931.478806584364,20194.49783333333,45125.976639917695
0.99,0.25,CVaR99-L25,2025-12-09,59180.06523191862,0.0,59180.06523191862,6732.720655458333,65912.78588737696,92868.00888421193,92868.00888421193,1549.4943333333333,94417.50321754527,True,24972.883189300414,20228.035383333336,45200.918572633745
0.99,0.25,CVaR99-L25,2025-12-10,59355.56550179685,0.0,59355.56550179685,7905.919781950001,67261.48528374685,93008.14209155788,93008.14209155788,2267.795101523835,95275.93719308171,True,24984.678456790123,20237.58955,45222.268006790124
0.99,0.25,CVaR99-L25,2025-12-11,59830.2251324243,0.0,59830.2251324243,2301.6130206999987,62131.83815312429,93689.14155478927,93689.14155478927,775.4427197387665,94464.58427452804,True,25113.626893004115,20342.037783333333,45455.664676337445
0.99,0.25,CVaR99-L25,2025-12-12,59831.74351118688,0.0,59831.74351118688,0.0,59831.74351118688,93730.65109706024,93730.65109706024,0.0,93730.65109706024,False,25113.626893004115,20342.037783333333,45455.664676337445
0.99,0.25,CVaR99-L25,2025-12-13,59795.297540613894,0.0,59795.297540613894,0.0,59795.297540613894,93687.77235496929,93687.77235496929,0.0,93687.77235496929,False,25113.626893004115,20342.037783333333,45455.664676337445
0.99,0.25,CVaR99-L25,2025-12-14,59775.55931468719,0.0,59775.55931468719,5388.012235516664,65163.57155020385,93667.63483974975,93667.63483974975,1502.363559867997,95169.99839961775,True,25113.626893004115,20342.037783333333,45455.664676337445
0.99,0.25,CVaR99-L25,2025-12-15,60059.97079477919,0.0,60059.97079477919,6649.31418473333,66709.28497951252,94076.72765972363,94076.72765972363,1988.7521797908203,96065.47983951446,True,25141.411872427983,20364.543616666666,45505.955489094646
0.99,0.25,CVaR99-L25,2025-12-16,60200.92703716531,0.0,60200.92703716531,5604.253887750014,65805.18092491533,94379.26279475089,94379.26279475089,1545.5883776253556,95924.85117237625,True,25106.31932237625,20336.11865112476,45442.437973501015
0.99,0.25,CVaR99-L25,2025-12-17,60440.398588310054,0.0,60440.398588310054,2592.176591799999,63032.575180110056,94726.26015749159,94726.26015749159,787.6094638504801,95513.86962134208,True,25094.46722222222,20326.51845,45420.98567222222
0.99,0.25,CVaR99-L25,2025-12-18,60512.32804637924,0.0,60512.32804637924,3162.8212207333445,63675.14926711258,94834.4731605404,94834.4731605404,880.6014858664753,95715.07464640687,True,25103.969971441322,20334.215676867472,45438.18564830879
0.99,0.25,CVaR99-L25,2025-12-19,60615.808515284545,0.0,60615.808515284545,0.0,60615.808515284545,94944.97123450034,94944.97123450034,0.0,94944.97123450034,False,25123.65699534052,20350.162166225822,45473.81916156634
0.99,0.25,CVaR99-L25,2025-12-20,60606.112460346136,0.0,60606.112460346136,0.0,60606.112460346136,94940.58954753086,94940.58954753086,0.0,94940.58954753086,False,25113.802119341563,20342.179716666666,45455.98183600823
0.99,0.25,CVaR99-L25,2025-12-21,60607.10108216903,0.0,60607.10108216903,4357.056879674993,64964.15796184402,94945.1586374818,94945.1586374818,1305.100983787774,96250.25962126958,True,25113.802119341563,20342.179716666666,45455.98183600823
0.99,0.25,CVaR99-L25,2025-12-22,60618.566895048876,0.0,60618.566895048876,3647.2836627249985,64265.850557773876,94972.7885457408,94972.7885457408,954.7901485273101,95927.5786942681,True,25094.46722222222,20326.518450000003,45420.985672222225
0.99,0.25,CVaR99-L25,2025-12-23,60737.66173725804,0.0,60737.66173725804,1305.794450466662,62043.456187724696,95137.58072124564,95137.58072124564,321.8047799462094,95459.38550119185,True,25114.52166265558,20342.762546751022,45457.2842094066
0.99,0.25,CVaR99-L25,2025-12-24,60786.04798458046,0.0,60786.04798458046,3027.4731007333266,63813.52108531378,95223.28954701053,95223.28954701053,763.2899069292473,95986.57945393978,True,25120.466399176952,20347.57778333333,45468.04418251028
0.99,0.25,CVaR99-L25,2025-12-25,60928.033419190506,0.0,60928.033419190506,2305.494794174999,63233.528213365506,95394.62018230068,95394.62018230068,704.3208166666664,96098.94099896736,True,25157.830329218108,20377.842566666666,45535.672895884774
0.99,0.25,CVaR99-L25,2025-12-26,60958.049951597124,0.0,60958.049951597124,0.0,60958.049951597124,95440.97358271203,95440.97358271203,0.0,95440.97358271203,False,25157.830329218108,20377.842566666666,45535.672895884774
0.99,0.25,CVaR99-L25,2025-12-27,60945.634037341726,0.0,60945.634037341726,0.0,60945.634037341726,95422.74283770265,95422.74283770265,0.0,95422.74283770265,False,25157.830329218108,20377.842566666666,45535.672895884774
0.99,0.25,CVaR99-L25,2025-12-28,60945.466493810396,0.0,60945.466493810396,1656.0994683541676,62601.56596216456,95419.24462967299,95419.24462967299,424.36806377186736,95843.61269344485,True,25157.830329218108,20377.842566666666,45535.672895884774
0.99,0.25,CVaR99-L25,2025-12-29,60991.158697769584,0.0,60991.158697769584,1939.87865411667,62931.037351886254,95497.9730802445,95497.9730802445,556.3012668504374,96054.27434709494,True,25157.830329218108,20377.842566666666,45535.672895884774
0.99,0.25,CVaR99-L25,2025-12-30,61030.3983478719,0.0,61030.3983478719,1034.353207466666,62064.75155533857,95561.08348506643,95561.08348506643,223.64301666666654,95784.7265017331,True,25170.171275720164,20387.83873333333,45558.0100090535
0.99,0.25,CVaR99-L25,2025-12-31,61041.29530159553,0.0,61041.29530159553,2875.1164579166652,63916.41175951219,95581.89100481599,95581.89100481599,780.7259317905402,96362.61693660653,True,25170.171275720164,20387.83873333333,45558.0100090535
0.99,0.5,CVaR99-L50,2025-02-01,63530.72654760572,0.0,63530.72654760572,0.0,63530.72654760572,99129.11007607314,99129.11007607314,0.0,99129.11007607314,False,25531.624423868314,20680.61578333333,46212.24020720164
0.99,0.5,CVaR99-L50,2025-02-02,63565.160800362544,0.0,63565.160800362544,43.838484333333454,63608.99928469588,99131.620483569,99131.620483569,10.073499999999967,99141.693983569,True,25531.624423868314,20680.615783333335,46212.24020720165
0.99,0.5,CVaR99-L50,2025-02-03,63167.99119331164,0.0,63167.99119331164,14.580700733333295,63182.57189404497,98585.96863939636,98585.96863939636,6.771799999999985,98592.74043939637,True,25528.59534979424,20678.162233333333,46206.757583127575
0.99,0.5,CVaR99-L50,2025-02-04,63167.991193311645,0.0,63167.991193311645,200.8054616000002,63368.796654911646,98588.2995695697,98588.2995695697,73.2158833333333,98661.51545290304,True,25528.59534979424,20678.162233333333,46206.757583127575
0.99,0.5,CVaR99-L50,2025-02-05,63194.45934051831,0.0,63194.45934051831,45.74717872500185,63240.206519243315,98620.90559413056,98620.90559413056,7.5488350808059295,98628.45442921136,True,25528.59534979424,20678.162233333333,46206.757583127575
0.99,0.5,CVaR99-L50,2025-02-06,63179.29228749165,0.0,63179.29228749165,15.003368333332702,63194.29565582498,98567.3352282772,98567.3352282772,2.2283333333332394,98569.56356161053,True,25528.59534979424,20678.162233333333,46206.757583127575
0.99,0.5,CVaR99-L50,2025-02-07,63063.21276705727,0.0,63063.21276705727,0.0,63063.21276705727,98467.50847049677,98467.50847049677,0.0,98467.50847049677,False,25528.59534979424,20678.162233333336,46206.757583127575
0.99,0.5,CVaR99-L50,2025-02-08,62303.35712944862,0.0,62303.35712944862,0.0,62303.35712944862,97349.9765578524,97349.9765578524,0.0,97349.9765578524,False,25374.950102880655,20553.709583333333,45928.659686213985
0.99,0.5,CVaR99-L50,2025-02-09,62176.361720125366,0.0,62176.361720125366,48.38760937500019,62224.749329500366,97196.30470978806,97196.30470978806,19.258750000000077,97215.56345978806,True,25390.912037037036,20566.63875,45957.550787037035
0.99,0.5,CVaR99-L50,2025-02-10,62091.699621559805,0.0,62091.699621559805,32.918202633333436,62124.61782419314,97044.35090918464,97044.35090918464,9.71365000000003,97054.06455918464,True,25259.17053069427,20459.92812986236,45719.09866055663
0.99,0.5,CVaR99-L50,2025-02-11,62110.98616672698,0.0,62110.98616672698,0.0,62110.98616672698,97070.8211012057,97070.8211012057,0.0,97070.8211012057,False,25262.647838459055,20462.74474915184,45725.3925876109
0.99,0.5,CVaR99-L50,2025-02-12,62106.468264041425,0.0,62106.468264041425,25.270210574999663,62131.738474616424,97064.4409456794,97064.4409456794,4.060449999999946,97068.5013956794,True,25261.83327379997,20462.08495177798,45723.918225577945
0.99,0.5,CVaR99-L50,2025-02-13,61863.23066502743,0.0,61863.23066502743,43.86352191666573,61907.0941869441,96631.10183555738,96631.10183555738,6.5031166666665285,96637.60495222404,True,25335.631213991768,20521.86128333333,45857.4924973251
0.99,0.5,CVaR99-L50,2025-02-14,61810.226852435764,0.0,61810.226852435764,0.0,61810.226852435764,96532.73549863804,96532.73549863804,0.0,96532.73549863804,False,25335.631213991768,20521.86128333333,45857.4924973251
0.99,0.5,CVaR99-L50,2025-02-15,61775.4736505779,0.0,61775.4736505779,0.0,61775.4736505779,96448.52858007235,96448.52858007235,0.0,96448.52858007235,False,25335.631213991768,20521.86128333333,45857.4924973251
0.99,0.5,CVaR99-L50,2025-02-16,61435.21096902863,0.0,61435.21096902863,144.8758893333323,61580.08685836196,96038.73739154536,96038.73739154536,21.44233333333318,96060.1797248787,True,25188.056069958846,20402.325416666667,45590.38148662551
0.99,0.5,CVaR99-L50,2025-02-17,60599.764109259675,0.0,60599.764109259675,242.54244455833248,60842.30655381801,95086.08131913574,95086.08131913574,35.96856666666656,95122.04988580241,True,25180.655437511745,20396.33090438451,45576.986341896256
0.99,0.5,CVaR99-L50,2025-02-18,60599.764109259675,0.0,60599.764109259675,51.891689750000175,60651.65579900968,95086.08131913574,95086.08131913574,8.288083333333361,95094.36940246908,True,25180.655437511745,20396.33090438451,45576.986341896256
0.99,0.5,CVaR99-L50,2025-02-19,60599.764109259675,0.0,60599.764109259675,410.66448653333464,61010.42859579301,95075.01731469278,95075.01731469278,90.11180000000024,95165.12911469278,True,25180.65543751174,20396.33090438451,45576.98634189625
0.99,0.5,CVaR99-L50,2025-02-20,60609.830724432424,0.0,60609.830724432424,325.1999208333326,60935.03064526575,95314.48750979465,95314.48750979465,52.38041666666663,95366.86792646132,True,25162.686769547323,20381.776283333333,45544.46305288066
0.99,0.5,CVaR99-L50,2025-02-21,60804.1438958432,0.0,60804.1438958432,0.0,60804.1438958432,95516.20700215775,95516.20700215775,0.0,95516.20700215775,False,25298.053209876543,20491.4231,45789.47630987654
0.99,0.5,CVaR99-L50,2025-02-22,60810.75950566083,0.0,60810.75950566083,0.0,60810.75950566083,95480.72656228613,95480.72656228613,0.0,95480.72656228613,False,25298.053209876543,20491.4231,45789.47630987654
0.99,0.5,CVaR99-L50,2025-02-23,60277.26358342671,0.0,60277.26358342671,105.40693524166774,60382.67051866838,94804.83784183553,94804.83784183553,21.69836666666697,94826.53620850219,True,25011.90927983539,20259.646516666668,45271.555796502056
0.99,0.5,CVaR99-L50,2025-02-24,59009.189333034425,0.0,59009.189333034425,160.86308116666638,59170.05241420109,93043.62594327818,93043.62594327818,37.56155000000001,93081.18749327818,True,24969.563065843617,20225.34608333333,45194.90914917695
0.99,0.5,CVaR99-L50,2025-02-25,59027.20168697415,0.0,59027.20168697415,377.30930273333405,59404.51098970748,93064.8868426986,93064.8868426986,82.47445000000005,93147.3612926986,True,24969.563065843617,20225.34608333333,45194.90914917695
0.99,0.5,CVaR99-L50,2025-02-26,59038.91491786076,0.0,59038.91491786076,170.82187000000025,59209.73678786076,93084.52801525581,93084.52801525581,41.95166666666671,93126.47968192247,True,24969.563065843617,20225.34608333333,45194.90914917695
0.99,0.5,CVaR99-L50,2025-02-27,58365.78385955631,0.0,58365.78385955631,48.214741983333326,58413.99860153964,92065.35385803675,92065.35385803675,7.481400000000008,92072.83525803675,True,24870.789999999997,20145.3399,45016.1299
0.99,0.5,CVaR99-L50,2025-02-28,58608.27245037224,0.0,58608.27245037224,0.0,58608.27245037224,92456.77876220676,92456.77876220676,0.0,92456.77876220676,False,24870.789999999997,20145.3399,45016.1299
0.99,0.5,CVaR99-L50,2025-03-01,56421.54544306664,0.0,56421.54544306664,0.0,56421.54544306664,89339.24479499838,89339.24479499838,0.0,89339.24479499838,False,24715.18403292181,20019.299066666666,44734.48309958848
0.99,0.5,CVaR99-L50,2025-03-02,56360.52446887056,0.0,56360.52446887056,1582.3555637166687,57942.88003258723,89172.8966599683,89172.8966599683,431.54947103197213,89604.44613100028,True,24729.055679012345,20030.535099999997,44759.590779012346
0.99,0.5,CVaR99-L50,2025-03-03,54934.28420027644,0.0,54934.28420027644,1432.7738863999984,56367.058086676436,87459.79302263682,87459.79302263682,263.2502499999998,87723.04327263682,True,24655.53557613169,19970.983816666667,44626.51939279836
0.99,0.5,CVaR99-L50,2025-03-04,54926.75387036537,0.0,54926.75387036537,766.3989940750016,55693.15286444037,87442.34548761578,87442.34548761578,202.108166666667,87644.45365428245,True,24655.53557613169,19970.983816666667,44626.51939279836
0.99,0.5,CVaR99-L50,2025-03-05,54935.45309615038,0.0,54935.45309615038,822.000869416668,55757.453965567045,87459.84978496238,87459.84978496238,141.30280000000016,87601.15258496239,True,24655.53557613169,19970.983816666667,44626.51939279836
0.99,0.5,CVaR99-L50,2025-03-06,54926.45338122493,0.0,54926.45338122493,781.291834083333,55707.74521530826,87438.40274827492,87438.40274827492,183.93321666666668,87622.3359649416,True,24655.53557613169,19970.983816666667,44626.51939279836
0.99,0.5,CVaR99-L50,2025-03-07,54967.749577772964,0.0,54967.749577772964,0.0,54967.749577772964,87499.33392625308,87499.33392625308,0.0,87499.33392625308,False,24693.213868312756,20001.50323333333,44694.717101646085
0.99,0.5,CVaR99-L50,2025-03-08,54183.62945898786,0.0,54183.62945898786,0.0,54183.62945898786,86555.46023570771,86555.46023570771,0.0,86555.46023570771,False,24456.19376207453,19809.51694728037,44265.7107093549
0.99,0.5,CVaR99-L50,2025-03-09,53901.8048732474,0.0,53901.8048732474,806.314102341668,54708.11897558907,86072.4497059719,86072.4497059719,133.29368333333355,86205.74338930524,True,24475.83730452675,19825.428216666667,44301.26552119342
0.99,0.5,CVaR99-L50,2025-03-10,52917.95954599512,0.0,52917.95954599512,927.9352986916647,53845.89484468679,84691.13311723771,84691.13311723771,257.72704999999956,84948.86016723771,True,24461.229281597956,19813.595718094344,44274.8249996923
0.99,0.5,CVaR99-L50,2025-03-11,52924.745307925055,0.0,52924.745307925055,416.95208610832555,53341.69739403338,84704.3043540153,84704.3043540153,126.07009327918979,84830.3744472945,True,24463.387933430913,19815.34422607904,44278.73215950995
0.99,0.5,CVaR99-L50,2025-03-12,52925.99883119816,0.0,52925.99883119816,865.9970842916656,53791.995915489824,84706.12123548685,84706.12123548685,251.73274999999967,84957.85398548684,True,24463.856934156378,19815.724116666664,44279.58105082304
0.99,0.5,CVaR99-L50,2025-03-13,51451.923991520496,0.0,51451.923991520496,1786.5977923083296,53238.52178382882,82578.70113323614,82578.70113323614,459.87599374279966,83038.57712697894,True,23884.227839506173,19346.22455,43230.45238950617
0.99,0.5,CVaR99-L50,2025-03-14,51370.34947388203,0.0,51370.34947388203,0.0,51370.34947388203,82481.72288098208,82481.72288098208,0.0,82481.72288098208,False,23884.227839506173,19346.22455,43230.45238950617
0.99,0.5,CVaR99-L50,2025-03-15,51277.89802583301,0.0,51277.89802583301,19.356026666666803,51297.25405249968,82363.96665795556,82363.96665795556,9.053333333333399,82373.0199912889,True,23894.474588477366,19354.524416666667,43248.99900514403
0.99,0.5,CVaR99-L50,2025-03-16,51026.401576282544,0.0,51026.401576282544,90.25780544999986,51116.65938173254,82112.23021529682,82112.23021529682,41.41624999999988,82153.64646529681,True,23884.227839506173,19346.224550000003,43230.45238950617
0.99,0.5,CVaR99-L50,2025-03-17,50999.12740712959,0.0,50999.12740712959,957.4519672666663,51956.57937439626,82073.57214192374,82073.57214192374,178.47591666666654,82252.0480585904,True,23884.227839506173,19346.22455,43230.45238950617
0.99,0.5,CVaR99-L50,2025-03-18,51004.59942318538,0.0,51004.59942318538,187.02754400833345,51191.62696719371,82074.112804106,82074.112804106,72.46893333333321,82146.58173743934,True,23884.227839506173,19346.22455,43230.45238950617
0.99,0.5,CVaR99-L50,2025-03-19,51005.031424365676,0.0,51005.031424365676,90.71083667499998,51095.74226104068,82077.32277784887,82077.32277784887,36.022350000000074,82113.34512784886,True,23884.227839506173,19346.22455,43230.45238950617
0.99,0.5,CVaR99-L50,2025-03-20,49719.55604563434,0.0,49719.55604563434,813.1478519749995,50532.70389760934,80376.48913072454,80376.48913072454,164.48396666666667,80540.97309739121,True,23810.221982960247,19286.279806197796,43096.50178915804
0.99,0.5,CVaR99-L50,2025-03-21,49659.732596290436,0.0,49659.732596290436,0.0,49659.732596290436,80288.74789222996,80288.74789222996,0.0,80288.74789222996,False,23792.672009323454,19272.064327551998,43064.73633687545
0.99,0.5,CVaR99-L50,2025-03-22,49616.796273664644,0.0,49616.796273664644,23.98479666666673,49640.78107033131,80203.79424365493,80203.79424365493,11.218333333333362,80215.01257698827,True,23809.942131797714,19286.05312675615,43095.99525855386
0.99,0.5,CVaR99-L50,2025-03-23,49850.539456096594,0.0,49850.539456096594,683.6667516833368,50534.206207779935,80438.92407978125,80438.92407978125,150.39135000000056,80589.31542978126,True,23884.227839506173,19346.224550000006,43230.45238950618
0.99,0.5,CVaR99-L50,2025-03-24,49472.01579517636,0.0,49472.01579517636,222.1766939083339,49694.19248908469,79913.67565404948,79913.67565404948,104.38930000000028,80018.06495404948,True,23894.228689506173,19354.3252385,43248.55392800618
0.99,0.5,CVaR99-L50,2025-03-25,49479.78672529636,0.0,49479.78672529636,522.0553281583329,50001.8420534547,79926.23356871157,79926.23356871157,147.7144833333332,80073.9480520449,True,23894.228689506173,19354.3252385,43248.55392800618
0.99,0.5,CVaR99-L50,2025-03-26,49485.26968847114,0.0,49485.26968847114,392.1908328916669,49877.46052136281,79934.72939370303,79934.72939370303,114.95541666666679,80049.6848103697,True,23894.228689506173,19354.3252385,43248.55392800618
0.99,0.5,CVaR99-L50,2025-03-27,49060.18479890376,0.0,49060.18479890376,642.2532049250005,49702.43800382876,79400.05419641493,79400.05419641493,203.48748333333344,79603.54167974826,True,23894.228689506173,19354.3252385,43248.55392800618
0.99,0.5,CVaR99-L50,2025-03-28,48649.874530821384,0.0,48649.874530821384,0.0,48649.874530821384,78933.23660209306,78933.23660209306,0.0,78933.23660209306,False,23894.228689506173,19354.325238499998,43248.55392800617
0.99,0.5,CVaR99-L50,2025-03-29,48663.88114400128,0.0,48663.88114400128,0.0,48663.88114400128,78930.30689263446,78930.30689263446,0.0,78930.30689263446,False,23894.228689506173,19354.3252385,43248.55392800618
0.99,0.5,CVaR99-L50,2025-03-30,48577.63504982443,0.0,48577.63504982443,577.5943076333335,49155.22935745776,78796.77437646501,78796.77437646501,228.05047533944492,79024.82485180446,True,23880.762806971128,19343.417873646613,43224.18068061774
0.99,0.5,CVaR99-L50,2025-03-31,48974.12738109081,0.0,48974.12738109081,134.61149394166705,49108.738875032475,79158.33010716538,79158.33010716538,62.938783333333504,79221.26889049872,True,23904.47543847737,19362.625105166666,43267.10054364403
0.99,0.5,CVaR99-L50,2025-04-01,48979.99764487581,0.0,48979.99764487581,809.6828756666666,49789.680520542475,79167.8645951045,79167.8645951045,263.7021333333332,79431.56672843784,True,23904.47543847737,19362.625105166666,43267.10054364403
0.99,0.5,CVaR99-L50,2025-04-02,49005.720955455814,0.0,49005.720955455814,967.4108517166677,49973.13180717248,79209.13009089814,79209.13009089814,297.07161666666696,79506.2017075648,True,23904.47543847737,19362.625105166666,43267.10054364403
0.99,0.5,CVaR99-L50,2025-04-03,48111.496468870675,0.0,48111.496468870675,804.3409287750006,48915.83739764568,77963.70349191097,77963.70349191097,286.5927333333334,78250.29622524431,True,23203.866666666665,18795.132,41998.99866666667
0.99,0.5,CVaR99-L50,2025-04-04,46374.36963187974,0.0,46374.36963187974,0.0,46374.36963187974,75955.74487070832,75955.74487070832,0.0,75955.74487070832,False,23203.866666666665,18795.131999999998,41998.99866666667
0.99,0.5,CVaR99-L50,2025-04-05,45187.12166600219,0.0,45187.12166600219,0.0,45187.12166600219,74364.87112576293,74364.87112576293,0.0,74364.87112576293,False,22711.789859096276,18396.54978586798,41108.33964496426
0.99,0.5,CVaR99-L50,2025-04-06,45747.99425223097,0.0,45747.99425223097,822.4516637499987,46570.44591598097,75156.32532703222,75156.32532703222,226.0417333333329,75382.36706036555,True,23196.762916666667,18789.377962500002,41986.14087916667
0.99,0.5,CVaR99-L50,2025-04-07,44982.896072575226,0.0,44982.896072575226,356.40180544166583,45339.29787801689,74096.0978055177,74096.0978055177,124.56979999999987,74220.6676055177,True,22760.096988851034,18435.67856096934,41195.77554982038
0.99,0.5,CVaR99-L50,2025-04-08,45005.10448669917,0.0,45005.10448669917,500.09803378333135,45505.202520482504,74128.84817892159,74128.84817892159,149.72829999999942,74278.57647892159,True,22768.653412254935,18442.6092639265,41211.26267618143
0.99,0.5,CVaR99-L50,2025-04-09,45038.642314637575,0.0,45038.642314637575,716.0884246666658,45754.73073930424,74180.57917786195,74180.57917786195,240.0894833333332,74420.66866119528,True,22803.770027861945,18471.053722568176,41274.82375043012
0.99,0.5,CVaR99-L50,2025-04-10,45094.31292561584,0.0,45094.31292561584,1050.553442591663,46144.866368207506,74261.12072784085,74261.12072784085,288.95676666666577,74550.07749450752,True,22846.220027031835,18505.438221895787,41351.65824892762
0.99,0.5,CVaR99-L50,2025-04-11,44473.02950645782,0.0,44473.02950645782,0.0,44473.02950645782,73091.80490661899,73091.80490661899,0.0,73091.80490661899,False,22377.255987654316,18125.57735,40502.833337654316
0.99,0.5,CVaR99-L50,2025-04-12,44112.59570894947,0.0,44112.59570894947,0.0,44112.59570894947,72642.22660181153,72642.22660181153,0.0,72642.22660181153,False,22206.901025342035,17987.58983052705,40194.49085586908
0.99,0.5,CVaR99-L50,2025-04-13,44203.33297656824,0.0,44203.33297656824,731.7535085333344,44935.08648510158,72817.34991680735,72817.34991680735,210.2733166666667,73027.62323347402,True,22399.73239713523,18143.783241679535,40543.515638814766
0.99,0.5,CVaR99-L50,2025-04-14,42443.62439094266,0.0,42443.62439094266,822.2298825499961,43265.85427349266,70312.65084272661,70312.65084272661,205.14738109972166,70517.79822382634,True,21999.533758959376,17819.6223447571,39819.15610371648
0.99,0.5,CVaR99-L50,2025-04-15,42470.554454068595,0.0,42470.554454068595,707.7460138000026,43178.3004678686,70345.09853501087,70345.09853501087,159.6380500000006,70504.73658501086,True,22009.10668781104,17827.376417126943,39836.483104937986
0.99,0.5,CVaR99-L50,2025-04-16,42478.423042031114,0.0,42478.423042031114,920.0550573333339,43398.478099364445,70340.7786471038,70340.7786471038,290.8627833333337,70631.64143043713,True,22011.222289962534,17829.09005486965,39840.312344832186
0.99,0.5,CVaR99-L50,2025-04-17,41204.017285368114,0.0,41204.017285368114,417.57213464166773,41621.58942000978,68524.38061770226,68524.38061770226,114.8784833333334,68639.2591010356,True,21681.325843621402,17561.87393333333,39243.19977695473
0.99,0.5,CVaR99-L50,2025-04-18,41196.04298877691,0.0,41196.04298877691,0.0,41196.04298877691,68515.58105725297,68515.58105725297,0.0,68515.58105725297,False,21681.325843621402,17561.87393333333,39243.19977695473
0.99,0.5,CVaR99-L50,2025-04-19,41104.366578549656,0.0,41104.366578549656,1.9633966666665823,41106.32997521632,68430.68087001625,68430.68087001625,0.9183333333332939,68431.59920334959,True,21653.431193415636,17539.279266666665,39192.7104600823
0.99,0.5,CVaR99-L50,2025-04-20,41026.64320526262,0.0,41026.64320526262,198.7485168583332,41225.39172212095,68325.92133099037,68325.92133099037,84.21195,68410.13328099037,True,21647.805905349793,17534.72278333333,39182.52868868312
0.99,0.5,CVaR99-L50,2025-04-21,40668.33716184611,0.0,40668.33716184611,648.28236405,41316.61952589611,67915.36220012968,67915.36220012968,250.05612380300443,68165.41832393268,True,21594.37030561495,17491.43994754811,39085.81025316306
0.99,0.5,CVaR99-L50,2025-04-22,40684.27399592184,0.0,40684.27399592184,638.9231953166664,41323.197191238505,67942.52764403832,67942.52764403832,182.25681666666662,68124.78446070498,True,21596.716147403306,17493.340079396683,39090.05622679999
0.99,0.5,CVaR99-L50,2025-04-23,40688.32345980049,0.0,40688.32345980049,942.376290258333,41630.699750058826,67948.7582262602,67948.7582262602,265.95701666666685,68214.71524292686,True,21596.869934583483,17493.464647012624,39090.33458159611
0.99,0.5,CVaR99-L50,2025-04-24,40697.6952907372,0.0,40697.6952907372,686.2191157500007,41383.9144064872,67966.95434789988,67966.95434789988,166.76570000000027,68133.72004789989,True,21605.14917695473,17500.17083333333,39105.32001028806
0.99,0.5,CVaR99-L50,2025-04-25,40592.07986461764,0.0,40592.07986461764,0.0,40592.07986461764,67843.31577065808,67843.31577065808,0.0,67843.31577065808,False,21573.882716049382,17474.845,39048.72771604938
0.99,0.5,CVaR99-L50,2025-04-26,40349.60452289873,0.0,40349.60452289873,0.0,40349.60452289873,67481.35542111198,67481.35542111198,0.0,67481.35542111198,False,21578.933127572014,17478.93583333333,39057.86896090534
0.99,0.5,CVaR99-L50,2025-04-27,40337.81453988818,0.0,40337.81453988818,543.4530994416658,40881.267639329846,67513.90314753092,67513.90314753092,239.26473333333297,67753.16788086425,True,21578.933127572014,17478.93583333333,39057.86896090534
0.99,0.5,CVaR99-L50,2025-04-28,40521.57358724036,0.0,40521.57358724036,1442.592853416667,41964.16644065703,67827.4027873692,67827.4027873692,514.8267000000001,68342.2294873692,True,21789.60788797507,17649.582389259805,39439.19027723488
0.99,0.5,CVaR99-L50,2025-04-29,40532.18385507912,0.0,40532.18385507912,197.0243036250002,40729.208158704125,67936.62003108967,67936.62003108967,67.47260000000006,68004.09263108966,True,21785.829432475348,17646.521840305028,39432.351272780375
0.99,0.5,CVaR99-L50,2025-04-30,40563.09496445484,0.0,40563.09496445484,971.3678998416672,41534.4628642965,67973.80928675733,67973.80928675733,292.2834333333334,68266.09272009066,True,21789.851805362432,17649.77996234357,39439.631767706
0.99,0.5,CVaR99-L50,2025-05-01,40550.43828156401,0.0,40550.43828156401,9479.198406433334,50029.63668799735,67955.62036947923,67955.62036947923,2075.5888921480782,70031.20926162731,True,21785.897899891497,17646.57729891211,39432.47519880361
0.99,0.5,CVaR99-L50,2025-05-02,40916.35860457516,0.0,40916.35860457516,0.0,40916.35860457516,67927.55656680571,67927.55656680571,0.0,67927.55656680571,False,21556.265061728394,17460.574699999997,39016.83976172839
0.99,0.5,CVaR99-L50,2025-05-03,40829.977629348665,0.0,40829.977629348665,68.02046999999988,40897.99809934867,67660.74708664879,67660.74708664879,31.81499999999994,67692.56208664879,True,21555.691468667283,17460.110089620495,39015.80155828778
0.99,0.5,CVaR99-L50,2025-05-04,39153.96534221218,0.0,39153.96534221218,4743.064785750001,43897.03012796218,65338.44787026214,65338.44787026214,1212.8302333333331,66551.27810359547,True,21516.88442386831,17428.67638333333,38945.56080720164
0.99,0.5,CVaR99-L50,2025-05-05,39229.47568134783,0.0,39229.47568134783,3995.802647602809,43225.27832895064,65557.41077985373,65557.41077985373,979.1861030680617,66536.59688292179,True,21516.477366255138,17428.346666666665,38944.8240329218
0.99,0.5,CVaR99-L50,2025-05-06,39121.37127205599,0.0,39121.37127205599,4141.941855233327,43263.31312728932,65451.63846705639,65451.63846705639,1062.7666539477177,66514.4051210041,True,21516.477366255138,17428.346666666668,38944.82403292181
0.99,0.5,CVaR99-L50,2025-05-07,39121.34748655188,0.0,39121.34748655188,4417.130954041666,43538.47844059355,65436.53659001513,65436.53659001513,987.8624203124408,66424.39901032757,True,21516.477366255138,17428.346666666665,38944.8240329218
0.99,0.5,CVaR99-L50,2025-05-08,39170.02419866233,0.0,39170.02419866233,5617.580016149999,44787.60421481233,65457.06126993474,65457.06126993474,1359.8444741723847,66816.90574410712,True,21500.015,17415.01215,38915.027149999994
0.99,0.5,CVaR99-L50,2025-05-09,39275.31657219805,0.0,39275.31657219805,0.0,39275.31657219805,65655.4100035018,65655.4100035018,0.0,65655.4100035018,False,21579.41812757201,17479.328683333333,39058.746810905344
0.99,0.5,CVaR99-L50,2025-05-10,39368.956721163515,0.0,39368.956721163515,12.931336666666573,39381.88805783018,65779.6549262706,65779.6549262706,6.048333333333289,65785.70325960394,True,21553.569691922195,17458.39145045698,39011.96114237918
0.99,0.5,CVaR99-L50,2025-05-11,38784.89948683267,0.0,38784.89948683267,3581.9674171083316,42366.866903941,64663.03995284628,64663.03995284628,883.2231166666662,65546.26306951295,True,21333.851959102038,17280.420086872655,38614.27204597469
0.99,0.5,CVaR99-L50,2025-05-12,38661.75297295274,0.0,38661.75297295274,3417.035097341666,42078.7880702944,64379.32047470288,64379.32047470288,1129.6785333333332,65508.99900803621,True,20989.09358024691,17001.1658,37990.259380246905
0.99,0.5,CVaR99-L50,2025-05-13,38668.63674142616,0.0,38668.63674142616,1452.491458075001,40121.12819950117,64423.415684776526,64423.415684776526,381.68618333333353,64805.10186810986,True,20999.40241145829,17009.51595328121,38008.9183647395
0.99,0.5,CVaR99-L50,2025-05-14,38696.7051343468,0.0,38696.7051343468,1315.9120235166706,40012.61715786347,64455.385739450954,64455.385739450954,381.28822414137176,64836.67396359233,True,21000.111873164067,17010.09061726289,38010.20249042696
0.99,0.5,CVaR99-L50,2025-05-15,38735.55660127259,0.0,38735.55660127259,1812.3471721555557,40547.903773428145,64530.64594739293,64530.64594739293,458.56927644980385,64989.21522384273,True,20927.570679879176,16951.332250702133,37878.90293058131
0.99,0.5,CVaR99-L50,2025-05-16,38767.8128487472,0.0,38767.8128487472,0.0,38767.8128487472,64571.92158007334,64571.92158007334,0.0,64571.92158007334,False,20912.00956278628,16938.727745856886,37850.73730864316
0.99,0.5,CVaR99-L50,2025-05-17,38771.21145849877,0.0,38771.21145849877,7.614843333333213,38778.82630183211,64579.94492923102,64579.94492923102,3.5616666666666106,64583.506595897685,True,20886.105458007092,16917.745420985746,37803.85087899284
0.99,0.5,CVaR99-L50,2025-05-18,38690.84079634983,0.0,38690.84079634983,2928.330501616665,41619.171297966495,64393.60946195939,64393.60946195939,1128.959316666666,65522.56877862606,True,20806.477617224555,16853.246869951887,37659.72448717644
0.99,0.5,CVaR99-L50,2025-05-19,38774.309565812175,0.0,38774.309565812175,1279.735090908332,40054.04465672051,64533.88637819788,64533.88637819788,234.83639999999968,64768.72277819788,True,20816.92437429256,16861.708743176972,37678.63311746954
0.99,0.5,CVaR99-L50,2025-05-20,38791.22503438802,0.0,38791.22503438802,4386.5834931499985,43177.80852753802,64565.82478313012,64565.82478313012,1092.6090516550744,65658.43383478519,True,20815.262576857152,16860.36268725429,37675.62526411144
0.99,0.5,CVaR99-L50,2025-05-21,38825.463272825364,0.0,38825.463272825364,2304.0068592500006,41129.47013207537,64615.01389588941,64615.01389588941,671.34225,65286.35614588941,True,20781.32338860477,16832.871944769868,37614.195333374635
0.99,0.5,CVaR99-L50,2025-05-22,38827.83780043639,0.0,38827.83780043639,427.5645862499998,39255.40238668639,64604.67132195897,64604.67132195897,107.53748983610322,64712.20881179508,True,20780.74883230547,16832.406554167428,37613.1553864729
0.99,0.5,CVaR99-L50,2025-05-23,38834.055181564996,0.0,38834.055181564996,0.0,38834.055181564996,64608.69490103325,64608.69490103325,0.0,64608.69490103325,False,20751.962673168542,16809.08976526652,37561.05243843506
0.99,0.5,CVaR99-L50,2025-05-24,38807.96914948112,0.0,38807.96914948112,0.0,38807.96914948112,64559.75102241106,64559.75102241106,0.0,64559.75102241106,False,20731.86821252277,16792.81325214344,37524.68146466621
0.99,0.5,CVaR99-L50,2025-05-25,38786.03685238089,0.0,38786.03685238089,1181.796294141667,39967.83314652256,64513.670706006844,64513.670706006844,263.49496666666664,64777.16567267351,True,20721.813869988586,16784.669234690755,37506.48310467934
0.99,0.5,CVaR99-L50,2025-05-26,38819.551560612366,0.0,38819.551560612366,3087.521796125001,41907.07335673737,64550.98631942659,64550.98631942659,955.9463333333337,65506.932652759926,True,20741.713784336687,16800.788165312715,37542.501949649406
0.99,0.5,CVaR99-L50,2025-05-27,38883.15507416752,0.0,38883.15507416752,982.4712161750033,39865.62629034252,64665.5909084626,64665.5909084626,302.2607473123208,64967.85165577492,True,20742.29243975436,16801.25687620103,37543.54931595539
0.99,0.5,CVaR99-L50,2025-05-28,38918.736589341774,0.0,38918.736589341774,2338.3437623875006,41257.08035172927,64718.090915403314,64718.090915403314,710.0836322560131,65428.17454765933,True,20756.470591290145,16812.741178945013,37569.21177023515
0.99,0.5,CVaR99-L50,2025-05-29,38933.806682885705,0.0,38933.806682885705,1840.262234666664,40774.068917552366,64745.90191790124,64745.90191790124,506.94716407543353,65252.849081976674,True,20735.78666704637,16795.98720030756,37531.77386735393
0.99,0.5,CVaR99-L50,2025-05-30,38371.11473123896,0.0,38371.11473123896,0.0,38371.11473123896,63650.67812304187,63650.67812304187,0.0,63650.67812304187,False,19943.667421171565,16154.370611148972,36098.03803232054
0.99,0.5,CVaR99-L50,2025-05-31,38369.29937844862,0.0,38369.29937844862,186.5796966666664,38555.879075115285,63649.06784276679,63649.06784276679,87.2683333333332,63736.33617610012,True,19945.89541371495,16156.175285109113,36102.07069882406
0.99,0.5,CVaR99-L50,2025-06-01,38356.864107826674,0.0,38356.864107826674,48403.55026001666,86760.41436784333,63620.85797068926,63620.85797068926,12599.489339039115,76220.34730972839,True,19946.111502594693,16156.35031710171,36102.4618196964
0.99,0.5,CVaR99-L50,2025-06-02,47001.25614969356,0.0,47001.25614969356,12895.677429524985,59896.933579218545,76533.15198768556,76533.15198768556,3264.624863960529,79797.7768516461,True,21753.48220164609,17620.320583333334,39373.80278497942
0.99,0.5,CVaR99-L50,2025-06-03,48570.660349904996,0.0,48570.660349904996,3747.447035758335,52318.10738566333,78240.4496632917,78240.4496632917,948.9479166666669,79189.39757995837,True,22333.333333333332,18090.0,40423.33333333333
0.99,0.5,CVaR99-L50,2025-06-04,47968.54094119999,0.0,47968.54094119999,6180.14588995833,54148.686831158324,77297.12288599153,77297.12288599153,2094.9023166666657,79392.02520265819,True,22333.333333333332,18090.0,40423.33333333333
0.99,0.5,CVaR99-L50,2025-06-05,47414.53519310166,0.0,47414.53519310166,9531.584739716665,56946.11993281833,76806.68349876195,76806.68349876195,2506.2784,79312.96189876195,True,22333.333333333332,18090.0,40423.33333333333
0.99,0.5,CVaR99-L50,2025-06-06,48156.65641064203,0.0,48156.65641064203,0.0,48156.65641064203,77922.84174833258,77922.84174833258,0.0,77922.84174833258,False,22333.333333333332,18090.0,40423.33333333333
0.99,0.5,CVaR99-L50,2025-06-07,48116.81700477588,0.0,48116.81700477588,35.847133333333296,48152.66413810922,77877.7284741767,77877.7284741767,16.76666666666665,77894.49514084337,True,22333.333333333332,18090.0,40423.33333333333
0.99,0.5,CVaR99-L50,2025-06-08,48072.99370412994,0.0,48072.99370412994,3160.8746697083347,51233.868373838275,77829.84334191258,77829.84334191258,854.2704204336704,78684.11376234626,True,22333.333333333332,18090.0,40423.33333333333
0.99,0.5,CVaR99-L50,2025-06-09,48260.39927802705,0.0,48260.39927802705,8539.441541008338,56799.84081903539,78046.70332008161,78046.70332008161,2164.115213868085,80210.8185339497,True,22333.333333333332,18090.0,40423.33333333333
0.99,0.5,CVaR99-L50,2025-06-10,48668.1308684975,0.0,48668.1308684975,5326.422799966664,53994.55366846416,78506.0609025979,78506.0609025979,1544.8027337827293,80050.86363638063,True,22333.333333333332,18090.0,40423.33333333333
0.99,0.5,CVaR99-L50,2025-06-11,49155.370831605,0.0,49155.370831605,14078.284699725,63233.655531330005,79204.16489310248,79204.16489310248,3375.6887505938716,82579.85364369635,True,22333.333333333332,18090.0,40423.33333333333
0.99,0.5,CVaR99-L50,2025-06-12,50924.38342786128,0.0,50924.38342786128,4656.381426991669,55580.76485485295,81598.95540316984,81598.95540316984,1138.54842637381,82737.50382954364,True,23430.157539456202,18978.42760695952,42408.585146415724
0.99,0.5,CVaR99-L50,2025-06-13,50897.22723379253,0.0,50897.22723379253,0.0,50897.22723379253,81517.6158919984,81517.6158919984,0.0,81517.6158919984,False,23420.30843805162,18970.449834821808,42390.75827287343
0.99,0.5,CVaR99-L50,2025-06-14,50894.973819832536,0.0,50894.973819832536,0.0,50894.973819832536,81514.58931072362,81514.58931072362,0.0,81514.58931072362,False,23420.308438051616,18970.449834821808,42390.75827287343
0.99,0.5,CVaR99-L50,2025-06-15,50885.20184599261,0.0,50885.20184599261,2046.7920834416645,52931.99392943428,81500.69261838964,81500.69261838964,585.1375336600913,82085.83015204973,True,23417.955189573604,18968.543703554613,42386.49889312821
0.99,0.5,CVaR99-L50,2025-06-16,50888.54827286542,0.0,50888.54827286542,2974.5084022916694,53863.05667515709,81525.66853819846,81525.66853819846,844.0945035740633,82369.76304177252,True,23416.80488118065,18967.611953756325,42384.41683493697
0.99,0.5,CVaR99-L50,2025-06-17,50928.195877505175,0.0,50928.195877505175,9536.217125616668,60464.413003121845,81577.75438293374,81577.75438293374,2477.5909402768507,84055.34532321058,True,23430.25935750857,18978.510079581938,42408.76943709051
0.99,0.5,CVaR99-L50,2025-06-18,51629.581663003366,0.0,51629.581663003366,1528.1982766083324,53157.7799396117,82573.35156634773,82573.35156634773,525.3557666666663,83098.70733301439,True,23525.196637757534,19055.4092765836,42580.60591434113
0.99,0.5,CVaR99-L50,2025-06-19,51644.26984464075,0.0,51644.26984464075,2573.3889866666677,54217.65883130742,82610.83247391792,82610.83247391792,518.4842467494642,83129.31672066738,True,23519.719001403075,19050.97239113649,42570.691392539564
0.99,0.5,CVaR99-L50,2025-06-20,51667.88919094333,0.0,51667.88919094333,0.0,51667.88919094333,82629.12973457099,82629.12973457099,0.0,82629.12973457099,False,23528.617330517314,19058.180037719023,42586.79736823634
0.99,0.5,CVaR99-L50,2025-06-21,51666.98469034176,0.0,51666.98469034176,0.0,51666.98469034176,82627.67782161407,82627.67782161407,0.0,82627.67782161407,False,23528.31780558388,19057.937422522944,42586.25522810682
0.99,0.5,CVaR99-L50,2025-06-22,51659.7014812594,0.0,51659.7014812594,1128.4862681750008,52788.1877494344,82616.45457446505,82616.45457446505,356.01555000000025,82972.47012446505,True,23525.905974445508,19055.98383930086,42581.88981374637
0.99,0.5,CVaR99-L50,2025-06-23,51664.98005922082,0.0,51664.98005922082,512.716052333332,52177.69611155415,82620.93778874318,82620.93778874318,149.7808666666662,82770.71865540984,True,23524.91442028444,19055.180680430396,42580.09510071484
0.99,0.5,CVaR99-L50,2025-06-24,51676.47923608352,0.0,51676.47923608352,8252.48749701667,59928.96673310019,82638.1013306293,82638.1013306293,2186.4344500000007,84824.5357806293,True,23525.55745670527,19055.70153993127,42581.25899663654
0.99,0.5,CVaR99-L50,2025-06-25,52112.895157180465,0.0,52112.895157180465,2825.749968416666,54938.64512559713,83318.6748438088,83318.6748438088,855.4046499999997,84174.0794938088,True,24032.417283950617,19466.257999999998,43498.675283950615
0.99,0.5,CVaR99-L50,2025-06-26,52151.45400658778,0.0,52151.45400658778,1003.9795855000002,53155.43359208778,83361.47234457103,83361.47234457103,233.5728666666668,83595.0452112377,True,24032.417283950617,19466.258,43498.67528395062
0.99,0.5,CVaR99-L50,2025-06-27,52155.476140134444,0.0,52155.476140134444,0.0,52155.476140134444,83370.92099558527,83370.92099558527,0.0,83370.92099558527,False,24032.417283950617,19466.258,43498.67528395062
0.99,0.5,CVaR99-L50,2025-06-28,52153.36396413444,0.0,52153.36396413444,0.0,52153.36396413444,83367.43442511391,83367.43442511391,0.0,83367.43442511391,False,24032.417283950617,19466.258,43498.67528395062
0.99,0.5,CVaR99-L50,2025-06-29,52153.36396413444,0.0,52153.36396413444,1158.9202312249975,53312.28419535944,83367.80638510761,83367.80638510761,430.7994333333328,83798.60581844095,True,24032.417283950617,19466.258,43498.67528395062
0.99,0.5,CVaR99-L50,2025-06-30,52170.21451652611,0.0,52170.21451652611,1993.0514768749986,54163.26599340111,83403.72877552366,83403.72877552366,590.3684999999996,83994.09727552366,True,24032.417283950617,19466.258,43498.67528395062
0.99,0.5,CVaR99-L50,2025-07-01,52182.03761482944,0.0,52182.03761482944,20952.003380641665,73134.0409954711,83425.28687298228,83425.28687298228,6126.963216666667,89552.25008964895,True,24032.417283950617,19466.258,43498.67528395062
0.99,0.5,CVaR99-L50,2025-07-02,55192.4551933417,0.0,55192.4551933417,7460.218928624994,62652.674121966695,87244.58796338126,87244.58796338126,2546.4060347744944,89790.99399815575,True,23871.531995884772,19335.940916666666,43207.47291255144
0.99,0.5,CVaR99-L50,2025-07-03,54599.222831057166,0.0,54599.222831057166,10793.101617774993,65392.32444883216,87135.32763315177,87135.32763315177,2696.1819036693832,89831.50953682115,True,23577.855720154494,19098.06313332514,42675.918853479634
0.99,0.5,CVaR99-L50,2025-07-04,55719.77228635813,0.0,55719.77228635813,0.0,55719.77228635813,88437.32440455066,88437.32440455066,0.0,88437.32440455066,False,23871.531995884772,19335.940916666666,43207.47291255144
0.99,0.5,CVaR99-L50,2025-07-05,55719.77228635813,0.0,55719.77228635813,152.46790666666655,55872.240193024794,88437.02137990575,88437.02137990575,71.31333333333328,88508.33471323909,True,23871.531995884772,19335.940916666666,43207.47291255144
0.99,0.5,CVaR99-L50,2025-07-06,55719.77228635813,0.0,55719.77228635813,9530.908117883331,65250.68040424146,88431.99510562608,88431.99510562608,2440.6935999999996,90872.68870562607,True,23871.531995884772,19335.940916666666,43207.47291255144
0.99,0.5,CVaR99-L50,2025-07-07,55219.12588782086,0.0,55219.12588782086,4561.050378516667,59780.17626633753,87694.25518782878,87694.25518782878,1529.7873895073278,89224.0425773361,True,23540.251969816032,19067.60409555099,42607.85606536702
0.99,0.5,CVaR99-L50,2025-07-08,55219.487487235165,0.0,55219.487487235165,7379.7276950999985,62599.21518233516,87697.88752709693,87697.88752709693,2016.5425160813622,89714.43004317829,True,23538.811776511626,19066.437538974416,42605.24931548604
0.99,0.5,CVaR99-L50,2025-07-09,55415.42225399442,0.0,55415.42225399442,4376.89816738333,59792.32042137775,87964.39818306602,87964.39818306602,1156.9596999999985,89121.35788306601,True,23452.58841628961,18996.596617194587,42449.1850334842
0.99,0.5,CVaR99-L50,2025-07-10,55492.30452327445,0.0,55492.30452327445,4341.725389658333,59834.02991293278,88120.88839543567,88120.88839543567,1188.215266666667,89309.10366210234,True,23476.430112102338,19015.908390802895,42492.33850290523
0.99,0.5,CVaR99-L50,2025-07-11,55491.94027038144,0.0,55491.94027038144,0.0,55491.94027038144,88040.8450392784,88040.8450392784,0.0,88040.8450392784,False,23475.717049539686,19015.330810127147,42491.04785966683
0.99,0.5,CVaR99-L50,2025-07-12,55491.697307281545,0.0,55491.697307281545,0.0,55491.697307281545,88037.62393515924,88037.62393515924,0.0,88037.62393515924,False,23478.253198807855,19017.385091034364,42495.638289842216
0.99,0.5,CVaR99-L50,2025-07-13,55320.918705480726,0.0,55320.918705480726,3750.256920608333,59071.17562608906,87894.79620620659,87894.79620620659,835.1783833333328,88729.97458953992,True,23229.56413681647,18815.946950821344,42045.51108763782
0.99,0.5,CVaR99-L50,2025-07-14,55356.418934107256,0.0,55356.418934107256,3916.396252158335,59272.815186265594,87926.47805272086,87926.47805272086,971.4324992049222,88897.91055192579,True,23213.228968592466,18802.715464559897,42015.94443315236
0.99,0.5,CVaR99-L50,2025-07-15,55462.15650237589,0.0,55462.15650237589,3701.3434391833334,59163.499941559225,88050.0859895584,88050.0859895584,1004.9546671682136,89055.04065672662,True,23236.150133603587,18821.281608218902,42057.43174182249
0.99,0.5,CVaR99-L50,2025-07-16,55540.27130863829,0.0,55540.27130863829,3909.5583871166623,59449.82969575495,88193.86353247573,88193.86353247573,1069.5781646562752,89263.441697132,True,23307.731704429367,18879.262680587784,42186.994385017155
0.99,0.5,CVaR99-L50,2025-07-17,55533.21457414468,0.0,55533.21457414468,3935.436332924998,59468.65090706968,88139.42410655624,88139.42410655624,1085.1356666666657,89224.5597732229,True,23358.08104660782,18920.04564775233,42278.12669436015
0.99,0.5,CVaR99-L50,2025-07-18,55673.62746530383,0.0,55673.62746530383,0.0,55673.62746530383,88343.0064549951,88343.0064549951,0.0,88343.0064549951,False,23443.4352998657,18989.18259289122,42432.61789275692
0.99,0.5,CVaR99-L50,2025-07-19,57135.711566872895,0.0,57135.711566872895,27.020756666666884,57162.73232353956,90229.6297607359,90229.6297607359,12.638333333333435,90242.26809406924,True,23723.414463275905,19215.965715253486,42939.38017852939
0.99,0.5,CVaR99-L50,2025-07-20,57142.791315737544,0.0,57142.791315737544,1030.9497448249995,58173.74106056254,90214.62384009575,90214.62384009575,232.47097874757367,90447.09481884332,True,23743.976666666662,19232.6211,42976.59776666666
0.99,0.5,CVaR99-L50,2025-07-21,57153.071205769185,0.0,57153.071205769185,1770.7752883416642,58923.84649411085,90219.86650861274,90219.86650861274,433.51004272934165,90653.37655134208,True,23721.728135858648,19214.599790045508,42936.32792590416
0.99,0.5,CVaR99-L50,2025-07-22,57128.37080855316,0.0,57128.37080855316,1712.6300537499976,58841.00086230316,90170.41599338013,90170.41599338013,479.8524466352687,90650.2684400154,True,23709.798459410416,19204.93675212244,42914.735211532854
0.99,0.5,CVaR99-L50,2025-07-23,57217.743702654996,0.0,57217.743702654996,1602.0957811500007,58819.83948380499,90307.23227541771,90307.23227541771,394.31841666666713,90701.55069208438,True,23743.976666666662,19232.621099999997,42976.59776666666
0.99,0.5,CVaR99-L50,2025-07-24,57227.06545029997,0.0,57227.06545029997,1897.5196971416683,59124.585147441634,90340.7614779553,90340.7614779553,459.96343333333334,90800.72491128863,True,23727.034337236124,19218.89781316126,42945.932150397384
0.99,0.5,CVaR99-L50,2025-07-25,57222.36204155798,0.0,57222.36204155798,0.0,57222.36204155798,90325.90706178217,90325.90706178217,0.0,90325.90706178217,False,23651.04038406722,19157.342711094447,42808.38309516167
0.99,0.5,CVaR99-L50,2025-07-26,55067.33765207585,0.0,55067.33765207585,0.0,55067.33765207585,87352.1910410012,87352.1910410012,0.0,87352.1910410012,False,22768.803588683128,18442.730906833334,41211.53449551646
0.99,0.5,CVaR99-L50,2025-07-27,55286.2595971042,0.0,55286.2595971042,2171.0389918749975,57457.2985889792,87623.54859741163,87623.54859741163,551.7544833333325,88175.30308074497,True,22746.243485802468,18424.4572235,41170.70070930247
0.99,0.5,CVaR99-L50,2025-07-28,55293.5275195172,0.0,55293.5275195172,4321.365265274998,59614.892784792195,87634.75717261867,87634.75717261867,1121.3147947456864,88756.07196736436,True,22753.939285802466,18430.6908215,41184.630107302466
0.99,0.5,CVaR99-L50,2025-07-29,55343.10562788534,0.0,55343.10562788534,2553.049533566662,57896.15516145201,87756.73401699337,87756.73401699337,738.2175621433523,88494.95157913673,True,22807.895735802467,18474.395546,41282.29128180246
0.99,0.5,CVaR99-L50,2025-07-30,55376.99214288891,0.0,55376.99214288891,1582.8649807333343,56959.85712362224,87799.01677674106,87799.01677674106,371.52913155940274,88170.54590830047,True,22807.895735802467,18474.395546,41282.29128180246
0.99,0.5,CVaR99-L50,2025-07-31,55268.936769734086,0.0,55268.936769734086,1070.6397123416677,56339.576482075754,87619.84016043195,87619.84016043195,277.77241569482686,87897.61257612678,True,22806.5172191358,18473.2789475,41279.7961666358
0.99,0.5,CVaR99-L50,2025-08-01,55148.6762824389,0.0,55148.6762824389,0.0,55148.6762824389,87397.72197892547,87397.72197892547,0.0,87397.72197892547,False,22807.895735802467,18474.395546,41282.29128180246
0.99,0.5,CVaR99-L50,2025-08-02,55567.98771113292,0.0,55567.98771113292,58.55982000000021,55626.54753113292,87850.07153059251,87850.07153059251,27.3900000000001,87877.46153059251,True,22807.895735802467,18474.395546,41282.29128180246
0.99,0.5,CVaR99-L50,2025-08-03,55546.25547677163,0.0,55546.25547677163,969.1569686000016,56515.41244537163,87805.55187921955,87805.55187921955,228.00858333333338,88033.56046255288,True,22807.895735802467,18474.395546,41282.29128180246
0.99,0.5,CVaR99-L50,2025-08-04,54339.868855026245,0.0,54339.868855026245,504.00795098333253,54843.876806009575,86023.46015724013,86023.46015724013,155.1786333333331,86178.63879057346,True,22789.370752469134,18459.3903095,41248.76106196913
0.99,0.5,CVaR99-L50,2025-08-05,54373.04150895472,0.0,54373.04150895472,363.25726710833453,54736.29877606305,86068.58633122941,86068.58633122941,109.30101666666701,86177.88734789607,True,22789.370752469134,18459.3903095,41248.76106196913
0.99,0.5,CVaR99-L50,2025-08-06,54373.6971913282,0.0,54373.6971913282,1153.6256490416677,55527.322840369874,86070.62392494548,86070.62392494548,300.5338833333335,86371.15780827882,True,22789.370752469134,18459.3903095,41248.76106196913
0.99,0.5,CVaR99-L50,2025-08-07,53002.2284725843,0.0,53002.2284725843,959.0407461083352,53961.269218692636,84297.46553338575,84297.46553338575,301.24951666666664,84598.71505005241,True,21929.43289755452,17762.840647019162,39692.27354457368
0.99,0.5,CVaR99-L50,2025-08-08,53017.88743051039,0.0,53017.88743051039,0.0,53017.88743051039,84299.73068178304,84299.73068178304,0.0,84299.73068178304,False,21965.334819341562,17791.921203666665,39757.25602300823
0.99,0.5,CVaR99-L50,2025-08-09,52661.29673793889,0.0,52661.29673793889,0.0,52661.29673793889,83904.63671546624,83904.63671546624,0.0,83904.63671546624,False,21898.301914599277,17737.624550825414,39635.926465424694
0.99,0.5,CVaR99-L50,2025-08-10,52607.386719329166,0.0,52607.386719329166,338.48958114999607,52945.87630047916,83815.1072102102,83815.1072102102,128.41212250058334,83943.51933271078,True,21877.429060193263,17720.717538756544,39598.14659894981
0.99,0.5,CVaR99-L50,2025-08-11,52624.54011500144,0.0,52624.54011500144,1019.1669056666677,53643.7070206681,83847.83084295195,83847.83084295195,285.2357333333337,84133.06657628529,True,21881.385647029856,17723.92237409418,39605.30802112404
0.99,0.5,CVaR99-L50,2025-08-12,52636.09466876884,0.0,52636.09466876884,1124.2004275166664,53760.29509628551,83855.68483800317,83855.68483800317,244.76993333333326,84100.4547713365,True,21889.398975720163,17730.413170333333,39619.8121460535
0.99,0.5,CVaR99-L50,2025-08-13,52717.30259603978,0.0,52717.30259603978,1332.9130187083342,54050.215614748115,83950.87470738942,83950.87470738942,339.73056666666696,84290.60527405608,True,21889.398975720163,17730.413170333333,39619.8121460535
0.99,0.5,CVaR99-L50,2025-08-14,52646.52164246215,0.0,52646.52164246215,1528.414847350006,54174.93648981215,83871.10784749033,83871.10784749033,339.19230576403135,84210.30015325437,True,21888.388709373805,17729.594854592782,39617.98356396658
0.99,0.5,CVaR99-L50,2025-08-15,52660.666567035645,0.0,52660.666567035645,0.0,52660.666567035645,83894.15494810995,83894.15494810995,0.0,83894.15494810995,False,21884.433117884902,17726.39082548677,39610.82394337167
0.99,0.5,CVaR99-L50,2025-08-16,52619.91594806397,0.0,52619.91594806397,0.0,52619.91594806397,83834.92952544709,83834.92952544709,0.0,83834.92952544709,False,21888.811465432096,17729.937287,39618.7487524321
0.99,0.5,CVaR99-L50,2025-08-17,52534.200521523824,0.0,52534.200521523824,1759.772264950001,54293.97278647382,83740.59840512584,83740.59840512584,347.60603333333336,84088.20443845917,True,21904.893431935656,17742.963679867884,39647.85711180354
0.99,0.5,CVaR99-L50,2025-08-18,52532.432416928896,0.0,52532.432416928896,1591.004542975003,54123.4369599039,83713.93486235017,83713.93486235017,367.38581882048254,84081.32068117065,True,21918.733852263373,17754.17442033333,39672.9082725967
0.99,0.5,CVaR99-L50,2025-08-19,52553.11787845128,0.0,52553.11787845128,1888.7348247083328,54441.85270315962,83739.99804578052,83739.99804578052,366.74618693100115,84106.74423271153,True,21918.457937214065,17753.950929143393,39672.40886635746
0.99,0.5,CVaR99-L50,2025-08-20,52563.81326482094,0.0,52563.81326482094,3664.3190887875026,56228.132353608446,83749.01422788503,83749.01422788503,812.7591070841136,84561.77333496914,True,21918.733852263373,17754.17442033333,39672.9082725967
0.99,0.5,CVaR99-L50,2025-08-21,52585.8818942677,0.0,52585.8818942677,1129.0230542388858,53714.90494850659,83749.25146186666,83749.25146186666,212.85145314121428,83962.10291500787,True,21909.50490772217,17746.69897525496,39656.20388297713
0.99,0.5,CVaR99-L50,2025-08-22,52565.74156674949,0.0,52565.74156674949,0.0,52565.74156674949,83730.18399468099,83730.18399468099,0.0,83730.18399468099,False,21907.836093020425,17745.347235346548,39653.18332836697
0.99,0.5,CVaR99-L50,2025-08-23,52543.86567238638,0.0,52543.86567238638,0.0,52543.86567238638,83639.65510930054,83639.65510930054,0.0,83639.65510930054,False,21848.62475483732,17697.38605141823,39546.01080625555
0.99,0.5,CVaR99-L50,2025-08-24,52481.57243342022,0.0,52481.57243342022,1872.2045154749972,54353.77694889521,83517.00287087189,83517.00287087189,356.19755324166294,83873.20042411356,True,21836.64856279536,17687.68533586424,39524.3338986596
0.99,0.5,CVaR99-L50,2025-08-25,52497.605291829925,0.0,52497.605291829925,2703.3510119166613,55200.956303746585,83565.09334899098,83565.09334899098,695.5380467762794,84260.63139576725,True,22144.07514801282,17936.70086989039,40080.776017903205
0.99,0.5,CVaR99-L50,2025-08-26,52603.63527242825,0.0,52603.63527242825,1008.6898815583345,53612.32515398658,83706.75160966063,83706.75160966063,208.8309506307453,83915.58256029137,True,22182.915307548752,17968.16139911449,40151.07670666324
0.99,0.5,CVaR99-L50,2025-08-27,52695.19537599619,0.0,52695.19537599619,1659.474820491668,54354.67019648786,83806.70011167799,83806.70011167799,391.34575000000024,84198.04586167798,True,22196.324921461302,17979.02318638366,40175.34810784496
0.99,0.5,CVaR99-L50,2025-08-28,52615.93735530222,0.0,52615.93735530222,3174.640330733325,55790.57768603555,83629.72344722754,83629.72344722754,765.4911594004758,84395.21460662803,True,22104.487394077307,17904.634789202617,40009.12218327992
0.99,0.5,CVaR99-L50,2025-08-29,52014.862237799374,0.0,52014.862237799374,0.0,52014.862237799374,82716.16255870656,82716.16255870656,0.0,82716.16255870656,False,21840.946989718992,17691.167061672386,39532.11405139138
0.99,0.5,CVaR99-L50,2025-08-30,51488.64839758213,0.0,51488.64839758213,0.0,51488.64839758213,81836.69374047106,81836.69374047106,0.0,81836.69374047106,False,22031.39118943124,17845.42686343931,39876.81805287055
0.99,0.5,CVaR99-L50,2025-08-31,50801.44731859272,0.0,50801.44731859272,2186.456493650002,52987.90381224272,80715.82309122696,80715.82309122696,532.0281666666672,81247.85125789364,True,21849.356521103997,17697.978782094244,39547.33530319824
0.99,0.5,CVaR99-L50,2025-09-01,50023.33243105521,0.0,50023.33243105521,0.0,50023.33243105521,79565.5036541885,79565.5036541885,0.0,79565.5036541885,False,21994.82868312757,17815.811233333334,39810.6399164609
0.99,0.5,CVaR99-L50,2025-09-02,50023.332431055205,0.0,50023.332431055205,58.65303238333474,50081.98546343854,79565.9570183189,79565.9570183189,19.5088833333337,79585.46590165223,True,21994.82868312757,17815.811233333334,39810.6399164609
0.99,0.5,CVaR99-L50,2025-09-03,50030.16349368596,0.0,50030.16349368596,9.92630713333328,50040.089800819296,79575.36131743238,79575.36131743238,3.4780333333333147,79578.83935076572,True,21994.82868312757,17815.811233333334,39810.6399164609
0.99,0.5,CVaR99-L50,2025-09-04,50038.11397304117,0.0,50038.11397304117,116.00053335833347,50154.1145063995,79594.14491995884,79594.14491995884,26.436583333333374,79620.58150329217,True,21993.984024166726,17815.127059575047,39809.11108374177
0.99,0.5,CVaR99-L50,2025-09-05,50007.4304151183,0.0,50007.4304151183,0.0,50007.4304151183,79535.2538001939,79535.2538001939,0.0,79535.2538001939,False,21995.430003292182,17816.298302666666,39811.72830595885
0.99,0.5,CVaR99-L50,2025-09-06,49954.98954230654,0.0,49954.98954230654,0.0,49954.98954230654,79454.75630881087,79454.75630881087,0.0,79454.75630881087,False,21995.430003292182,17816.298302666666,39811.72830595885
0.99,0.5,CVaR99-L50,2025-09-07,50186.684323461595,0.0,50186.684323461595,12.446417849999882,50199.130741311594,79670.03913253057,79670.03913253057,6.052233333333277,79676.0913658639,True,21839.04923209876,17689.629878,39528.67911009876
0.99,0.5,CVaR99-L50,2025-09-08,50153.70560043912,0.0,50153.70560043912,496.12649046666627,50649.83209090579,79619.48158584902,79619.48158584902,140.7432833333332,79760.22486918235,True,21839.04923209876,17689.629878,39528.67911009876
0.99,0.5,CVaR99-L50,2025-09-09,50153.70560043912,0.0,50153.70560043912,12.65264439999956,50166.35824483912,79622.36221082,79622.36221082,2.9421333333332313,79625.30434415334,True,21839.04923209876,17689.629878,39528.67911009876
0.99,0.5,CVaR99-L50,2025-09-10,50153.55584585245,0.0,50153.55584585245,2593.1726850166633,52746.728530869106,79619.61949834901,79619.61949834901,642.1658166666659,80261.78531501567,True,21839.04923209876,17689.629878,39528.67911009876
0.99,0.5,CVaR99-L50,2025-09-11,50153.73957044219,0.0,50153.73957044219,64.16992876666637,50217.90949920885,79621.55636260631,79621.55636260631,17.07298333333324,79638.62934593964,True,21839.04923209876,17689.629878,39528.67911009876
0.99,0.5,CVaR99-L50,2025-09-12,50104.70206378984,0.0,50104.70206378984,0.0,50104.70206378984,79557.46306214764,79557.46306214764,0.0,79557.46306214764,False,21839.04923209876,17689.629878,39528.67911009876
0.99,0.5,CVaR99-L50,2025-09-13,50101.79235085449,0.0,50101.79235085449,0.0,50101.79235085449,79489.35228409979,79489.35228409979,0.0,79489.35228409979,False,21839.04923209876,17689.629878,39528.67911009876
0.99,0.5,CVaR99-L50,2025-09-14,50099.057916369515,0.0,50099.057916369515,537.2949027500006,50636.352819119515,79466.70692409795,79466.70692409795,147.74818333333354,79614.45510743128,True,21839.04923209876,17689.629878,39528.67911009876
0.99,0.5,CVaR99-L50,2025-09-15,50097.57664244497,0.0,50097.57664244497,2452.790369950004,52550.36701239497,79470.72953485764,79470.72953485764,605.0401469302335,80075.76968178788,True,21839.04923209876,17689.629878,39528.67911009876
0.99,0.5,CVaR99-L50,2025-09-16,50108.84068928425,0.0,50108.84068928425,588.7604920833334,50697.60118136758,79481.34358145331,79481.34358145331,143.68700000000004,79625.03058145332,True,21839.04923209876,17689.629878,39528.67911009876
0.99,0.5,CVaR99-L50,2025-09-17,50108.74418198424,0.0,50108.74418198424,1085.3630767416703,51194.10725872591,79476.99379136055,79476.99379136055,251.28018670821962,79728.27397806877,True,21839.04923209876,17689.629878000003,39528.67911009876
0.99,0.5,CVaR99-L50,2025-09-18,50110.94654374424,0.0,50110.94654374424,939.2571413833346,51050.20368512758,79438.86241969225,79438.86241969225,213.29225000000025,79652.15466969225,True,21839.04923209876,17689.629878000003,39528.67911009876
0.99,0.5,CVaR99-L50,2025-09-19,50050.648509253086,0.0,50050.648509253086,0.0,50050.648509253086,79367.25326944559,79367.25326944559,0.0,79367.25326944559,False,21839.04923209876,17689.629878000003,39528.67911009876
0.99,0.5,CVaR99-L50,2025-09-20,50109.66505534258,0.0,50109.66505534258,0.0,50109.66505534258,79362.90468366038,79362.90468366038,0.0,79362.90468366038,False,21839.04923209876,17689.629878,39528.67911009876
0.99,0.5,CVaR99-L50,2025-09-21,49585.096235026445,0.0,49585.096235026445,1653.7960330166652,51238.89226804311,78610.6770516671,78610.6770516671,435.50118112750954,79046.1782327946,True,21854.268465432095,17701.957457,39556.225922432095
0.99,0.5,CVaR99-L50,2025-09-22,49740.26402546478,0.0,49740.26402546478,2401.2553791666624,52141.51940463144,78820.11778430492,78820.11778430492,543.5604586381544,79363.67824294308,True,21854.268465432095,17701.957457,39556.225922432095
0.99,0.5,CVaR99-L50,2025-09-23,49719.17169891381,0.0,49719.17169891381,3034.954545974993,52754.1262448888,78783.05858351549,78783.05858351549,741.3663370324582,79524.42492054796,True,21854.268465432095,17701.957456999997,39556.22592243209
0.99,0.5,CVaR99-L50,2025-09-24,49721.360031711774,0.0,49721.360031711774,5391.054573983341,55112.414605695114,78798.05176938542,78798.05176938542,1214.9565095191983,80013.00827890461,True,21854.268465432095,17701.957457,39556.225922432095
0.99,0.5,CVaR99-L50,2025-09-25,50374.01107437245,0.0,50374.01107437245,1595.9778591000004,51969.98893347245,79567.51297507214,79567.51297507214,393.31948333333344,79960.83245840548,True,21854.268465432095,17701.957456999997,39556.22592243209
0.99,0.5,CVaR99-L50,2025-09-26,48813.10814279403,0.0,48813.10814279403,0.0,48813.10814279403,77321.75070386386,77321.75070386386,0.0,77321.75070386386,False,21958.339197530862,17786.25475,39744.59394753086
0.99,0.5,CVaR99-L50,2025-09-27,48617.79147245654,0.0,48617.79147245654,0.0,48617.79147245654,76847.28453021692,76847.28453021692,0.0,76847.28453021692,False,21958.339197530862,17786.25475,39744.59394753086
0.99,0.5,CVaR99-L50,2025-09-28,47908.68833250681,0.0,47908.68833250681,5819.807269025003,53728.49560153182,75724.23860341315,75724.23860341315,1345.8101608193551,77070.0487642325,True,21651.12450617284,17537.41085,39188.53535617284
0.99,0.5,CVaR99-L50,2025-09-29,47431.57812445906,0.0,47431.57812445906,2883.803166650001,50315.381291109064,74688.23526386953,74688.23526386953,713.6212833333335,75401.85654720286,True,21718.92934156378,17592.332766666666,39311.26210823045
0.99,0.5,CVaR99-L50,2025-09-30,47577.91303390238,0.0,47577.91303390238,9058.908964340228,56636.82199824261,74918.87684454242,74918.87684454242,2069.267460215432,76988.14430475785,True,21718.92934156378,17592.332766666666,39311.26210823045
0.99,0.5,CVaR99-L50,2025-10-01,48846.4620203309,0.0,48846.4620203309,194.41199518333406,49040.87401551424,76790.35088090066,76790.35088090066,45.79850000000022,76836.14938090066,True,22094.778117283953,17896.770274999995,39991.54839228395
0.99,0.5,CVaR99-L50,2025-10-02,44533.908607232166,0.0,44533.908607232166,339.15929170833283,44873.0678989405,71510.7972969638,71510.7972969638,117.35653333333312,71628.15383029715,True,22094.778117283953,17896.770275,39991.54839228395
0.99,0.5,CVaR99-L50,2025-10-03,44493.320168420054,0.0,44493.320168420054,0.0,44493.320168420054,71452.10381975867,71452.10381975867,0.0,71452.10381975867,False,22094.778117283953,17896.770274999995,39991.54839228395
0.99,0.5,CVaR99-L50,2025-10-04,44446.78123084517,0.0,44446.78123084517,0.0,44446.78123084517,71393.62512031793,71393.62512031793,0.0,71393.62512031793,False,22094.778117283953,17896.770275000003,39991.548392283956
0.99,0.5,CVaR99-L50,2025-10-05,44418.32606185175,0.0,44418.32606185175,581.098735583333,44999.42479743509,71373.34157163493,71373.34157163493,168.21394999999995,71541.55552163493,True,22094.778117283953,17896.770275000003,39991.548392283956
0.99,0.5,CVaR99-L50,2025-10-06,44360.455270164384,0.0,44360.455270164384,786.5816712583337,45147.03694142272,71315.34176840163,71315.34176840163,219.64825000000002,71534.99001840163,True,22099.398117283956,17900.512475000003,39999.91059228396
0.99,0.5,CVaR99-L50,2025-10-07,44402.61874563109,0.0,44402.61874563109,544.601411291665,44947.220156922755,71374.88972359619,71374.88972359619,169.05605115323095,71543.94577474942,True,22099.398117283956,17900.512475,39999.91059228395
0.99,0.5,CVaR99-L50,2025-10-08,44426.921981503205,0.0,44426.921981503205,2013.1985283374988,46440.1205098407,71410.49602768126,71410.49602768126,558.3429925713419,71968.8390202526,True,22099.398117283956,17900.512474999996,39999.91059228395
0.99,0.5,CVaR99-L50,2025-10-09,44431.53694479631,0.0,44431.53694479631,1383.6501978333317,45815.18714262964,71413.43929868846,71413.43929868846,356.1275316231808,71769.56683031164,True,22099.398117283956,17900.512474999996,39999.91059228395
0.99,0.5,CVaR99-L50,2025-10-10,44452.02372932671,0.0,44452.02372932671,0.0,44452.02372932671,71433.90503516071,71433.90503516071,0.0,71433.90503516071,False,22099.398117283956,17900.512475,39999.91059228395
0.99,0.5,CVaR99-L50,2025-10-11,44430.58216792515,0.0,44430.58216792515,0.0,44430.58216792515,71405.18210104672,71405.18210104672,0.0,71405.18210104672,False,22099.398117283956,17900.512475,39999.91059228395
0.99,0.5,CVaR99-L50,2025-10-12,44308.119003744614,0.0,44308.119003744614,1515.7746482999992,45823.893652044615,71227.9876302428,71227.9876302428,394.1041999999998,71622.0918302428,True,22094.778117283953,17896.770274999995,39991.54839228395
0.99,0.5,CVaR99-L50,2025-10-13,44301.06099713176,0.0,44301.06099713176,962.6953275750002,45263.75632470676,71211.00915975179,71211.00915975179,237.22115000000008,71448.23030975179,True,22094.778117283953,17896.770274999995,39991.54839228395
0.99,0.5,CVaR99-L50,2025-10-14,44307.72904039048,0.0,44307.72904039048,3730.231670866675,48037.960711257154,71225.73122673573,71225.73122673573,854.8201514192426,72080.55137815498,True,22094.778117283953,17896.770274999995,39991.54839228395
0.99,0.5,CVaR99-L50,2025-10-15,44299.640540410706,0.0,44299.640540410706,2414.670734399999,46714.31127481071,71167.04665130397,71167.04665130397,664.4839333333331,71831.53058463731,True,22055.728312757205,17865.139933333332,39920.86824609054
0.99,0.5,CVaR99-L50,2025-10-16,44306.12961341438,0.0,44306.12961341438,6802.757995141661,51108.88760855604,71180.67338346443,71180.67338346443,1679.0358112760196,72859.70919474044,True,22055.7283127572,17865.139933333332,39920.86824609053
0.99,0.5,CVaR99-L50,2025-10-17,44878.841926834,0.0,44878.841926834,0.0,44878.841926834,71922.64862592876,71922.64862592876,0.0,71922.64862592876,False,22145.22475308642,17937.632049999997,40082.85680308641
0.99,0.5,CVaR99-L50,2025-10-18,44518.16845017941,0.0,44518.16845017941,0.0,44518.16845017941,71416.0794297663,71416.0794297663,0.0,71416.0794297663,False,22145.22475308641,17937.63205,40082.85680308641
0.99,0.5,CVaR99-L50,2025-10-19,44448.277449413574,0.0,44448.277449413574,5941.151685983335,50389.42913539691,71315.11309627886,71315.11309627886,1469.480239733185,72784.59333601204,True,22145.22475308642,17937.63205,40082.85680308642
0.99,0.5,CVaR99-L50,2025-10-20,44778.72974507282,0.0,44778.72974507282,7237.070317091664,52015.80006216449,71777.29156186267,71777.29156186267,1581.050117836902,73358.34167969957,True,22362.006049382715,18113.2249,40475.23094938272
0.99,0.5,CVaR99-L50,2025-10-21,44733.464615138146,0.0,44733.464615138146,7701.6975432499985,52435.16215838814,71743.93751586202,71743.93751586202,2340.192984149582,74084.13050001161,True,22258.40211849402,18029.305715980154,40287.707834474175
0.99,0.5,CVaR99-L50,2025-10-22,45466.83088526901,0.0,45466.83088526901,7192.907292066664,52659.738177335676,72843.66430760123,72843.66430760123,1759.446566425161,74603.11087402639,True,22330.14123688535,18087.414401877133,40417.55563876248
0.99,0.5,CVaR99-L50,2025-10-23,45646.309290368394,0.0,45646.309290368394,1510.512089008344,47156.821379376735,73136.30873498468,73136.30873498468,441.085583860827,73577.3943188455,True,22566.297633093625,18278.70108280584,40844.99871589946
0.99,0.5,CVaR99-L50,2025-10-24,45715.3682346743,0.0,45715.3682346743,0.0,45715.3682346743,73217.78906766613,73217.78906766613,0.0,73217.78906766613,False,22603.641056239543,18308.949255554035,40912.59031179358
0.99,0.5,CVaR99-L50,2025-10-25,45483.401419061396,0.0,45483.401419061396,0.0,45483.401419061396,73025.84738782956,73025.84738782956,0.0,73025.84738782956,False,22478.860808901623,18207.87725521032,40686.73806411194
0.99,0.5,CVaR99-L50,2025-10-26,45415.94157330642,0.0,45415.94157330642,2251.226401783334,47667.16797508976,72967.79528182623,72967.79528182623,651.5405166666667,73619.33579849289,True,22442.75771330618,18178.633747778003,40621.39146108418
0.99,0.5,CVaR99-L50,2025-10-27,45415.0041229529,0.0,45415.0041229529,5490.608023475002,50905.612146427906,72922.54129053143,72922.54129053143,1363.0458500000004,74285.58714053142,True,22541.24890115653,18258.411609936793,40799.66051109332
0.99,0.5,CVaR99-L50,2025-10-28,45449.978953227546,0.0,45449.978953227546,6208.601427216663,51658.58038044421,72930.33764515104,72930.33764515104,1521.6954870974675,74452.03313224851,True,22562.768621399176,18275.84258333333,40838.61120473251
0.99,0.5,CVaR99-L50,2025-10-29,45836.580349028234,0.0,45836.580349028234,10710.814827674993,56547.39517670323,73399.63909240784,73399.63909240784,2908.629026460031,76308.26811886787,True,22533.010300737504,18251.73834359738,40784.74864433488
0.99,0.5,CVaR99-L50,2025-10-30,47126.81052997067,0.0,47126.81052997067,2478.8500429416667,49605.66057291234,75355.74859591,75355.74859591,599.8576037605301,75955.60619967052,True,23183.714938271605,18778.8091,41962.5240382716
0.99,0.5,CVaR99-L50,2025-10-31,47555.114906405644,0.0,47555.114906405644,0.0,47555.114906405644,75722.39341462246,75722.39341462246,0.0,75722.39341462246,False,23227.79541095956,18814.514282877244,42042.3096938368
0.99,0.5,CVaR99-L50,2025-11-01,45988.19376962751,0.0,45988.19376962751,0.0,45988.19376962751,74375.37855376177,74375.37855376177,0.0,74375.37855376177,False,23243.49364197531,18827.22985,42070.72349197531
0.99,0.5,CVaR99-L50,2025-11-02,45980.45178556847,0.0,45980.45178556847,4667.339486216664,50647.79127178513,74356.13813053939,74356.13813053939,1214.7263239074364,75570.86445444683,True,23243.49364197531,18827.22985,42070.72349197531
0.99,0.5,CVaR99-L50,2025-11-03,46629.868813767855,0.0,46629.868813767855,4407.156743358331,51037.02555712619,75270.13885847761,75270.13885847761,1530.872188180379,76801.011046658,True,23350.609032921813,18913.993316666667,42264.60234958848
0.99,0.5,CVaR99-L50,2025-11-04,46627.253584950515,0.0,46627.253584950515,2236.556725324999,48863.81031027551,75525.26564599955,75525.26564599955,578.0017356161695,76103.26738161572,True,23255.536543209877,18836.9846,42092.52114320987
0.99,0.5,CVaR99-L50,2025-11-05,46697.13711098267,0.0,46697.13711098267,4295.581013841668,50992.71812482434,75611.00231241007,75611.00231241007,1077.7218616899227,76688.72417409999,True,23255.53654320988,18836.9846,42092.52114320988
0.99,0.5,CVaR99-L50,2025-11-06,46870.07273125722,0.0,46870.07273125722,9881.144736808325,56751.217468065544,75832.84796877159,75832.84796877159,2317.7185614929926,78150.56653026458,True,23353.08109053498,18915.995683333334,42269.07677386831
0.99,0.5,CVaR99-L50,2025-11-07,48125.5263434394,0.0,48125.5263434394,0.0,48125.5263434394,77390.52069669445,77390.52069669445,0.0,77390.52069669445,False,23293.634242363463,18867.843736314404,42161.47797867787
0.99,0.5,CVaR99-L50,2025-11-08,48122.98973408062,0.0,48122.98973408062,0.0,48122.98973408062,77377.11073990236,77377.11073990236,0.0,77377.11073990236,False,23293.03146253877,18867.3554846564,42160.38694719517
0.99,0.5,CVaR99-L50,2025-11-09,48098.03566358046,0.0,48098.03566358046,5566.820486274997,53664.856149855455,77348.12533768709,77348.12533768709,1446.798708673165,78794.92404636025,True,23281.59522751211,18858.09213428481,42139.68736179692
0.99,0.5,CVaR99-L50,2025-11-10,48848.616832340005,0.0,48848.616832340005,6451.366529433331,55299.98336177334,78372.4722595888,78372.4722595888,1898.323757271979,80270.79601686078,True,23376.492583333333,18934.958992499996,42311.45157583333
0.99,0.5,CVaR99-L50,2025-11-11,49360.066230245146,0.0,49360.066230245146,1673.5393546499995,51033.605584895144,79185.0750413554,79185.0750413554,439.24783333333335,79624.32287468873,True,23325.280816666665,18893.4774615,42218.758278166664
0.99,0.5,CVaR99-L50,2025-11-12,49373.85632894137,0.0,49373.85632894137,2152.710446349998,51526.56677529137,79189.24784545232,79189.24784545232,473.1511666666661,79662.39901211899,True,23327.907333333333,18895.604939999997,42223.51227333333
0.99,0.5,CVaR99-L50,2025-11-13,49373.83863297997,0.0,49373.83863297997,4376.212147958332,53750.0507809383,79149.1408904052,79149.1408904052,1162.4526333333329,80311.59352373853,True,23325.280816666665,18893.4774615,42218.758278166664
0.99,0.5,CVaR99-L50,2025-11-14,49928.22895846676,0.0,49928.22895846676,0.0,49928.22895846676,79887.75607979126,79887.75607979126,0.0,79887.75607979126,False,23355.897414197527,18918.276905500003,42274.17431969753
0.99,0.5,CVaR99-L50,2025-11-15,49928.08346507044,0.0,49928.08346507044,0.0,49928.08346507044,79881.53535249058,79881.53535249058,0.0,79881.53535249058,False,23355.897414197527,18918.276905500003,42274.17431969753
0.99,0.5,CVaR99-L50,2025-11-16,49916.68704466945,0.0,49916.68704466945,7068.18075089167,56984.86779556112,79865.65292406615,79865.65292406615,1809.1462333333336,81674.79915739948,True,23355.897414197527,18918.2769055,42274.17431969753
0.99,0.5,CVaR99-L50,2025-11-17,50471.28355578998,0.0,50471.28355578998,2180.460166541659,52651.74372233164,80493.5793052123,80493.5793052123,546.7699812250125,81040.34928643731,True,23357.218967078188,18919.347363333334,42276.56633041152
0.99,0.5,CVaR99-L50,2025-11-18,50435.76945127788,0.0,50435.76945127788,5564.001640583335,55999.77109186122,80485.9148220965,80485.9148220965,1592.014085077985,82077.92890717449,True,23278.379249999998,18855.487192499997,42133.866442499995
0.99,0.5,CVaR99-L50,2025-11-19,50981.73367022236,0.0,50981.73367022236,3695.5125121500023,54677.246182372364,81375.14213771153,81375.14213771153,934.4488833333339,82309.59102104486,True,23545.977839506173,19072.24205,42618.219889506174
0.99,0.5,CVaR99-L50,2025-11-20,51090.922051479036,0.0,51090.922051479036,3550.311676033336,54641.23372751237,81550.66613887684,81550.66613887684,889.8733333333339,82440.53947221018,True,23545.511913580245,19071.86465,42617.37656358024
0.99,0.5,CVaR99-L50,2025-11-21,51312.29852208217,0.0,51312.29852208217,0.0,51312.29852208217,81820.00232128214,81820.00232128214,0.0,81820.00232128214,False,23571.05639917696,19092.555683333332,42663.61208251029
0.99,0.5,CVaR99-L50,2025-11-22,51308.15413911401,0.0,51308.15413911401,0.0,51308.15413911401,81812.64953960349,81812.64953960349,0.0,81812.64953960349,False,23572.599993548618,19093.80599477438,42666.40598832299
0.99,0.5,CVaR99-L50,2025-11-23,51301.73917461363,0.0,51301.73917461363,6202.514466125002,57504.25364073863,81803.13962061514,81803.13962061514,1505.9994204958266,83309.13904111096,True,23571.05639917696,19092.555683333332,42663.61208251029
0.99,0.5,CVaR99-L50,2025-11-24,51967.61531314744,0.0,51967.61531314744,2549.065146591666,54516.68045973911,82664.8645269002,82664.8645269002,677.5382269731834,83342.40275387338,True,23871.34560703308,19335.789941696792,43207.13554872987
0.99,0.5,CVaR99-L50,2025-11-25,52134.93094249475,0.0,52134.93094249475,3159.601911833336,55294.532854328085,82883.5160407253,82883.5160407253,825.0873419830418,83708.60338270834,True,23875.728779630474,19339.34031150068,43215.069091131154
0.99,0.5,CVaR99-L50,2025-11-26,51963.09581550208,0.0,51963.09581550208,4239.004348908334,56202.10016441041,82599.87883326708,82599.87883326708,1206.382184603672,83806.26101787075,True,23757.369938271604,19243.46965,43000.8395882716
0.99,0.5,CVaR99-L50,2025-11-27,52330.33065168378,0.0,52330.33065168378,3308.377796233338,55638.70844791712,83156.37859701244,83156.37859701244,807.3021059985008,83963.68070301095,True,23845.90897968913,19315.1862735482,43161.095253237334
0.99,0.5,CVaR99-L50,2025-11-28,52398.847240535266,0.0,52398.847240535266,0.0,52398.847240535266,83233.34457303077,83233.34457303077,0.0,83233.34457303077,False,23987.34487973244,19429.74935258328,43417.09423231572
0.99,0.5,CVaR99-L50,2025-11-29,52391.259812129676,0.0,52391.259812129676,0.0,52391.259812129676,83222.33769471821,83222.33769471821,0.0,83222.33769471821,False,23986.543186120296,19429.09998075744,43415.64316687774
0.99,0.5,CVaR99-L50,2025-11-30,52356.7613421275,0.0,52356.7613421275,10655.817182449999,63012.578524577504,83164.11066679344,83164.11066679344,3001.842470121173,86165.95313691461,True,23975.368241281016,19420.048275437624,43395.416516718644
0.99,0.5,CVaR99-L50,2025-12-01,54131.39108516062,0.0,54131.39108516062,23111.432771733336,77242.82385689396,85701.30674772311,85701.30674772311,6225.572317590689,91926.8790653138,True,24760.15905349794,20055.728833333327,44815.88788683127
0.99,0.5,CVaR99-L50,2025-12-02,58261.81896112499,0.0,58261.81896112499,11595.26931654167,69857.08827766665,91306.23852222122,91306.23852222122,3242.643983697984,94548.8825059192,True,24833.333333333332,20115.0,44948.33333333333
0.99,0.5,CVaR99-L50,2025-12-03,60366.09551945862,0.0,60366.09551945862,4192.120630866676,64558.216150325294,94242.8827609645,94242.8827609645,1436.140319565728,95679.02308053023,True,24982.954176954736,20236.192883333333,45219.14706028807
0.99,0.5,CVaR99-L50,2025-12-04,60315.37218774705,0.0,60315.37218774705,4819.074840266667,65134.44702801372,94083.32842383877,94083.32842383877,1270.8496999999998,95354.17812383878,True,25121.638353909464,20348.52706666667,45470.16542057613
0.99,0.5,CVaR99-L50,2025-12-05,59697.74947025096,0.0,59697.74947025096,0.0,59697.74947025096,93460.96843192332,93460.96843192332,0.0,93460.96843192332,False,25083.418847736626,20317.569266666665,45400.98811440329
0.99,0.5,CVaR99-L50,2025-12-06,59697.2180640422,0.0,59697.2180640422,0.0,59697.2180640422,93460.40550738957,93460.40550738957,0.0,93460.40550738957,False,25083.418847736626,20317.569266666665,45400.98811440329
0.99,0.5,CVaR99-L50,2025-12-07,59697.2180640422,0.0,59697.2180640422,4943.789058625001,64641.0071226672,93460.55625522914,93460.55625522914,1310.554335442057,94771.11059067119,True,25083.418847736626,20317.569266666665,45400.98811440329
0.99,0.5,CVaR99-L50,2025-12-08,59986.89509679819,0.0,59986.89509679819,4877.632959750003,64864.52805654819,93881.0647423887,93881.0647423887,1376.6885056908345,95257.75324807953,True,25077.11016637398,20312.459234762926,45389.569401136905
0.99,0.5,CVaR99-L50,2025-12-09,60145.50570085793,0.0,60145.50570085793,4741.539147466672,64887.0448483246,94127.99410370423,94127.99410370423,1068.1249330678543,95196.11903677208,True,25071.21282371862,20307.68238721208,45378.8952109307
0.99,0.5,CVaR99-L50,2025-12-10,60444.73621264503,0.0,60444.73621264503,5234.010748016671,65678.74696066171,94455.86579697728,94455.86579697728,1551.034041750957,96006.89983872823,True,25217.184341563785,20425.919316666666,45643.10365823045
0.99,0.5,CVaR99-L50,2025-12-11,60602.22820768932,0.0,60602.22820768932,1343.760149216662,61945.98835690598,94790.40625506741,94790.40625506741,460.8141040424516,95251.22035910987,True,25166.228209876543,20384.64485,45550.87305987654
0.99,0.5,CVaR99-L50,2025-12-12,60640.16682330931,0.0,60640.16682330931,0.0,60640.16682330931,94843.91086189343,94843.91086189343,0.0,94843.91086189343,False,25166.228209876543,20384.64485,45550.87305987654
0.99,0.5,CVaR99-L50,2025-12-13,60635.970322319314,0.0,60635.970322319314,0.0,60635.970322319314,94841.09449777665,94841.09449777665,0.0,94841.09449777665,False,25166.228209876543,20384.644850000004,45550.87305987655
0.99,0.5,CVaR99-L50,2025-12-14,60635.70833958844,0.0,60635.70833958844,3591.7364760333285,64227.44481562177,94840.91867540363,94840.91867540363,1004.6441540318348,95845.56282943547,True,25166.228209876543,20384.644850000004,45550.87305987655
0.99,0.5,CVaR99-L50,2025-12-15,60706.83239600605,0.0,60706.83239600605,5071.693230230559,65778.52562623662,94866.98311969337,94866.98311969337,1614.8174213881657,96481.80054108154,True,25187.07855384177,20401.53362861184,45588.61218245361
0.99,0.5,CVaR99-L50,2025-12-16,60914.764436772806,0.0,60914.764436772806,3728.1009493833308,64642.86538615614,95291.17520017861,95291.17520017861,1069.2128672504064,96360.38806742901,True,25165.482037037036,20384.04045,45549.52248703704
0.99,0.5,CVaR99-L50,2025-12-17,61067.648479211755,0.0,61067.648479211755,1807.2804847166653,62874.92896392842,95569.58360055888,95569.58360055888,558.3621863065622,96127.94578686544,True,25162.771106000633,20381.84459586051,45544.61570186114
0.99,0.5,CVaR99-L50,2025-12-18,61114.81079623421,0.0,61114.81079623421,2134.4363770333384,63249.24717326755,95647.92007758256,95647.92007758256,641.0214223832915,96288.94149996585,True,25163.70942725994,20382.604636080552,45546.31406334049
0.99,0.5,CVaR99-L50,2025-12-19,61175.39841340159,0.0,61175.39841340159,0.0,61175.39841340159,95709.71044655121,95709.71044655121,0.0,95709.71044655121,False,25175.092119341563,20391.824616666665,45566.91673600823
0.99,0.5,CVaR99-L50,2025-12-20,61172.686852497645,0.0,61172.686852497645,0.0,61172.686852497645,95707.24958145162,95707.24958145162,0.0,95707.24958145162,False,25175.092119341563,20391.82461666667,45566.916736008236
0.99,0.5,CVaR99-L50,2025-12-21,61162.19797842298,0.0,61162.19797842298,3745.6767442333357,64907.874722656314,95698.1434573978,95698.1434573978,1152.1854387296712,96850.32889612748,True,25175.092119341563,20391.824616666672,45566.916736008236
0.99,0.5,CVaR99-L50,2025-12-22,61182.64970407698,0.0,61182.64970407698,2768.267236100004,63950.91694017699,95729.13205619727,95729.13205619727,736.6462666666675,96465.77832286393,True,25136.532962962963,20360.5917,45497.12466296296
0.99,0.5,CVaR99-L50,2025-12-23,61308.27896440139,0.0,61308.27896440139,919.4919890250054,62227.77095342639,95894.15646802794,95894.15646802794,227.31614607487097,96121.47261410281,True,25162.678311070402,20381.769431967026,45544.447743037425
0.99,0.5,CVaR99-L50,2025-12-24,61323.724404237786,0.0,61323.724404237786,2153.351899149995,63477.07630338778,95911.68367348018,95911.68367348018,552.7497040785095,96464.43337755869,True,25164.18682194424,20382.99132577484,45547.17814771908
0.99,0.5,CVaR99-L50,2025-12-25,61345.080954826255,0.0,61345.080954826255,1825.998575533335,63171.07953035959,95931.94334682153,95931.94334682153,579.7110833333338,96511.65443015486,True,25175.262823521713,20391.96288705259,45567.225710574305
0.99,0.5,CVaR99-L50,2025-12-26,61360.70614036129,0.0,61360.70614036129,0.0,61360.70614036129,95965.72498944815,95965.72498944815,0.0,95965.72498944815,False,25175.720837186473,20392.333878121044,45568.05471530752
0.99,0.5,CVaR99-L50,2025-12-27,61363.89444343593,0.0,61363.89444343593,0.0,61363.89444343593,95970.92042970736,95970.92042970736,0.0,95970.92042970736,False,25177.27596869206,20393.59353464057,45570.86950333264
0.99,0.5,CVaR99-L50,2025-12-28,61363.89444343593,0.0,61363.89444343593,1284.7843737333324,62648.67881716926,95970.92042970736,95970.92042970736,312.05361666666636,96282.97404637403,True,25177.27596869206,20393.59353464057,45570.86950333264
0.99,0.5,CVaR99-L50,2025-12-29,61389.78712323998,0.0,61389.78712323998,1650.674984891668,63040.46210813164,96014.4116339191,96014.4116339191,482.4640087106095,96496.8756426297,True,25173.23291105686,20390.318657956057,45563.55156901292
0.99,0.5,CVaR99-L50,2025-12-30,61416.824448624226,0.0,61416.824448624226,878.6640835333362,62295.488532157564,96065.02770522168,96065.02770522168,202.06030339344852,96267.08800861513,True,25179.24326068173,20395.187041152203,45574.430301833934
0.99,0.5,CVaR99-L50,2025-12-31,61443.3237618392,0.0,61443.3237618392,2172.353179716665,63615.67694155587,96100.81081350529,96100.81081350529,610.5065499999997,96711.3173635053,True,25188.638927500935,20402.797531275763,45591.4364587767
0.99,0.75,CVaR99-L75,2025-02-01,63925.14938490438,0.0,63925.14938490438,0.0,63925.14938490438,99624.6932851756,99624.6932851756,0.0,99624.6932851756,False,25541.856934156378,20688.904116666665,46230.76105082304
0.99,0.75,CVaR99-L75,2025-02-02,63989.977324438645,0.0,63989.977324438645,38.11992183333346,64028.09724627198,99682.31015045823,99682.31015045823,7.448499999999967,99689.75865045823,True,25537.592714441937,20685.45009869797,46223.04281313991
0.99,0.75,CVaR99-L75,2025-02-03,63620.286768702135,0.0,63620.286768702135,9.845041237501288,63630.13180993964,99178.5998310843,99178.5998310843,4.511934572640371,99183.11176565694,True,25538.827860082303,20686.450566666666,46225.27842674897
0.99,0.75,CVaR99-L75,2025-02-04,63620.286768702135,0.0,63620.286768702135,155.82941163333373,63776.11618033547,99181.55732288977,99181.55732288977,54.53218333333348,99236.0895062231,True,25538.827860082303,20686.450566666666,46225.27842674897
0.99,0.75,CVaR99-L75,2025-02-05,63620.74904490297,0.0,63620.74904490297,75.79150387500029,63696.54054877797,99181.96464898661,99181.96464898661,12.067750000000046,99194.03239898662,True,25538.827860082303,20686.450566666666,46225.27842674897
0.99,0.75,CVaR99-L75,2025-02-06,63752.19131378969,0.0,63752.19131378969,15.003368333332702,63767.19468212302,99319.01913844609,99319.01913844609,2.2283333333332394,99321.24747177942,True,25553.252242798353,20698.134316666667,46251.38655946502
0.99,0.75,CVaR99-L75,2025-02-07,63389.70653718166,0.0,63389.70653718166,0.0,63389.70653718166,98879.29053373245,98879.29053373245,0.0,98879.29053373245,False,25550.139588477366,20695.61306666667,46245.75265514404
0.99,0.75,CVaR99-L75,2025-02-08,62746.05229410015,0.0,62746.05229410015,0.0,62746.05229410015,97883.72092741779,97883.72092741779,0.0,97883.72092741779,False,25400.527098765433,20574.42695,45974.95404876543
0.99,0.75,CVaR99-L75,2025-02-09,63055.01735835528,0.0,63055.01735835528,47.59800583333364,63102.61536418862,98397.21859015975,98397.21859015975,19.59833333333347,98416.81692349308,True,25424.441152263375,20593.797333333336,46018.23848559671
0.99,0.75,CVaR99-L75,2025-02-10,62534.65361335573,0.0,62534.65361335573,0.0,62534.65361335573,97629.31200300154,97629.31200300154,0.0,97629.31200300154,False,25344.111355605964,20528.730198040834,45872.841553646795
0.99,0.75,CVaR99-L75,2025-02-11,62534.65361335573,0.0,62534.65361335573,0.0,62534.65361335573,97629.31200300154,97629.31200300154,0.0,97629.31200300154,False,25344.111355605964,20528.730198040834,45872.841553646795
0.99,0.75,CVaR99-L75,2025-02-12,62534.151412613115,0.0,62534.151412613115,0.0,62534.151412613115,97625.102766047,97625.102766047,0.0,97625.102766047,False,25347.97485431057,20531.859631991563,45879.834486302134
0.99,0.75,CVaR99-L75,2025-02-13,62191.67026525774,0.0,62191.67026525774,43.86352191666573,62235.533787174405,97047.16658032907,97047.16658032907,6.5031166666665285,97053.66969699573,True,25357.051810699584,20539.211966666666,45896.26377736625
0.99,0.75,CVaR99-L75,2025-02-14,62155.25574639921,0.0,62155.25574639921,0.0,62155.25574639921,96985.81120941207,96985.81120941207,0.0,96985.81120941207,False,25357.051810699584,20539.211966666666,45896.26377736625
0.99,0.75,CVaR99-L75,2025-02-15,62174.70189512361,0.0,62174.70189512361,0.0,62174.70189512361,96972.37458886892,96972.37458886892,0.0,96972.37458886892,False,25343.300141602875,20528.07311469833,45871.3732563012
0.99,0.75,CVaR99-L75,2025-02-16,62206.92914682759,0.0,62206.92914682759,119.72813433333297,62326.65728116092,97079.39474600705,97079.39474600705,17.70733333333328,97097.10207934039,True,25389.786059878676,20565.726708501727,45955.5127683804
0.99,0.75,CVaR99-L75,2025-02-17,61667.58916799129,0.0,61667.58916799129,102.59248287499982,61770.18165086629,96503.03913952253,96503.03913952253,15.260133333333329,96518.29927285586,True,25477.79296296296,20637.012300000002,46114.80526296297
0.99,0.75,CVaR99-L75,2025-02-18,61667.58916799129,0.0,61667.58916799129,0.0,61667.58916799129,96502.80500939522,96502.80500939522,0.0,96502.80500939522,False,25477.79296296296,20637.012300000002,46114.80526296297
0.99,0.75,CVaR99-L75,2025-02-19,61667.58916799129,0.0,61667.58916799129,209.40651944166774,61876.99568743296,96498.49636876251,96498.49636876251,37.60378333333347,96536.10015209585,True,25477.79296296296,20637.012300000002,46114.80526296297
0.99,0.75,CVaR99-L75,2025-02-20,61361.87352518797,0.0,61361.87352518797,248.13596249999947,61610.00948768797,96165.54847764605,96165.54847764605,40.87833333333333,96206.42681097938,True,25314.845946502053,20505.02521666667,45819.87116316872
0.99,0.75,CVaR99-L75,2025-02-21,61080.34718395343,0.0,61080.34718395343,0.0,61080.34718395343,95837.63329178287,95837.63329178287,0.0,95837.63329178287,False,25298.053209876543,20491.423099999996,45789.47630987654
0.99,0.75,CVaR99-L75,2025-02-22,61180.55205622774,0.0,61180.55205622774,0.0,61180.55205622774,95936.17831783272,95936.17831783272,0.0,95936.17831783272,False,25309.244156436696,20500.487766713723,45809.73192315042
0.99,0.75,CVaR99-L75,2025-02-23,60698.52112608391,0.0,60698.52112608391,44.036722491667895,60742.55784857558,95361.57944113831,95361.57944113831,12.595916666666994,95374.17535780498,True,25062.055432098765,20300.264900000002,45362.32033209877
0.99,0.75,CVaR99-L75,2025-02-24,59615.12170861617,0.0,59615.12170861617,62.05017085833319,59677.1718794745,93841.88033791086,93841.88033791086,10.720333333333315,93852.60067124419,True,24969.563065843617,20225.346083333337,45194.90914917695
0.99,0.75,CVaR99-L75,2025-02-25,59637.46708615617,0.0,59637.46708615617,216.58102219999975,59854.04810835617,93871.53504563181,93871.53504563181,35.01986918151738,93906.55491481333,True,24969.563065843617,20225.346083333337,45194.90914917695
0.99,0.75,CVaR99-L75,2025-02-26,59637.46708615617,0.0,59637.46708615617,3.3618983333333783,59640.828984489504,93874.31622048971,93874.31622048971,1.6016666666666879,93875.91788715638,True,24969.563065843617,20225.346083333337,45194.90914917695
0.99,0.75,CVaR99-L75,2025-02-27,58885.67539109028,0.0,58885.67539109028,48.214741983333326,58933.89013307361,92838.30899040801,92838.30899040801,7.481400000000008,92845.79039040802,True,24875.909897119338,20149.48701666667,45025.39691378601
0.99,0.75,CVaR99-L75,2025-02-28,58643.74164145962,0.0,58643.74164145962,0.0,58643.74164145962,92507.79664516734,92507.79664516734,0.0,92507.79664516734,False,24870.789999999997,20145.3399,45016.1299
0.99,0.75,CVaR99-L75,2025-03-01,56742.00675962055,0.0,56742.00675962055,0.0,56742.00675962055,89823.27222509502,89823.27222509502,0.0,89823.27222509502,False,24729.055679012345,20030.5351,44759.590779012346
0.99,0.75,CVaR99-L75,2025-03-02,56813.94404152555,0.0,56813.94404152555,1008.6373452833338,57822.58138680889,89830.95245209118,89830.95245209118,278.2304200116249,90109.1828721028,True,24729.055679012345,20030.535099999997,44759.590779012346
0.99,0.75,CVaR99-L75,2025-03-03,55416.42694840302,0.0,55416.42694840302,1187.7793312333338,56604.20627963635,88156.61650569204,88156.61650569204,220.7540333333335,88377.37053902537,True,24693.213868312756,20001.503233333333,44694.71710164609
0.99,0.75,CVaR99-L75,2025-03-04,55417.754797858746,0.0,55417.754797858746,604.8094967333323,56022.56429459208,88154.48845388394,88154.48845388394,153.97249800948362,88308.46095189343,True,24693.213868312756,20001.503233333333,44694.71710164609
0.99,0.75,CVaR99-L75,2025-03-05,55417.736754827085,0.0,55417.736754827085,704.3696844583341,56122.10643928542,88154.18324292297,88154.18324292297,109.9063000000001,88264.08954292297,True,24693.213868312756,20001.503233333337,44694.71710164609
0.99,0.75,CVaR99-L75,2025-03-06,55419.14090277584,0.0,55419.14090277584,749.6693949416667,56168.81029771751,88147.2660058192,88147.2660058192,174.61288333333334,88321.87888915253,True,24693.213868312756,20001.503233333337,44694.71710164609
0.99,0.75,CVaR99-L75,2025-03-07,55082.23892309441,0.0,55082.23892309441,0.0,55082.23892309441,87671.52883845328,87671.52883845328,0.0,87671.52883845328,False,24693.213868312756,20001.503233333337,44694.71710164609
0.99,0.75,CVaR99-L75,2025-03-08,54655.05095367538,0.0,54655.05095367538,0.0,54655.05095367538,87181.63983444955,87181.63983444955,0.0,87181.63983444955,False,24582.496389031177,19911.822075115255,44494.31846414643
0.99,0.75,CVaR99-L75,2025-03-09,54664.32720176055,0.0,54664.32720176055,685.6335779750004,55349.96077973555,86986.58483256254,86986.58483256254,109.64788333333343,87096.23271589588,True,24643.30327160494,19961.07565,44604.37892160493
0.99,0.75,CVaR99-L75,2025-03-10,53218.739677047604,0.0,53218.739677047604,841.3191578583312,54060.05883490593,85115.39193629999,85115.39193629999,225.19646666666648,85340.58840296665,True,24545.490163064587,19881.847032082318,44427.3371951469
0.99,0.75,CVaR99-L75,2025-03-11,53219.52136044944,0.0,53219.52136044944,334.733258491666,53554.25461894111,85125.72332557704,85125.72332557704,99.55914999999993,85225.28247557704,True,24540.27578296444,19877.623384201193,44417.89916716563
0.99,0.75,CVaR99-L75,2025-03-12,53221.679332724074,0.0,53221.679332724074,757.0010917749926,53978.68042449906,85129.88918538489,85129.88918538489,204.82534903233716,85334.71453441723,True,24540.86910907356,19878.10397834958,44418.97308742314
0.99,0.75,CVaR99-L75,2025-03-13,51911.523477998344,0.0,51911.523477998344,1491.3076330083354,53402.83111100668,83159.28195343251,83159.28195343251,380.6668500000005,83539.9488034325,True,23894.474588477366,19354.524416666667,43248.99900514403
0.99,0.75,CVaR99-L75,2025-03-14,51851.71358054806,0.0,51851.71358054806,0.0,51851.71358054806,83082.46260243753,83082.46260243753,0.0,83082.46260243753,False,23894.474588477366,19354.524416666674,43248.99900514404
0.99,0.75,CVaR99-L75,2025-03-15,51775.73903217146,0.0,51775.73903217146,14.117926666666708,51789.85695883813,83030.36812018715,83030.36812018715,6.603333333333353,83036.97145352048,True,23895.300905349795,19355.193733333334,43250.49463868313
0.99,0.75,CVaR99-L75,2025-03-16,51566.22322011487,0.0,51566.22322011487,69.83263628333384,51636.055856398205,82788.55731899779,82788.55731899779,31.64063333333354,82820.19795233112,True,23884.227839506173,19346.22455,43230.45238950617
0.99,0.75,CVaR99-L75,2025-03-17,51624.00692759327,0.0,51624.00692759327,781.8352260333347,52405.8421536266,82851.27233123913,82851.27233123913,151.03186666666682,83002.3041979058,True,23884.227839506173,19346.22455,43230.45238950617
0.99,0.75,CVaR99-L75,2025-03-18,51623.3536465184,0.0,51623.3536465184,171.55140015000322,51794.905046668406,82838.50039128496,82838.50039128496,65.1106792151752,82903.61107050013,True,23884.227839506173,19346.22455,43230.45238950617
0.99,0.75,CVaR99-L75,2025-03-19,51623.3536465184,0.0,51623.3536465184,95.29781176666673,51718.651458285065,82840.3736158224,82840.3736158224,38.00450000000012,82878.3781158224,True,23884.227839506173,19346.22455,43230.45238950617
0.99,0.75,CVaR99-L75,2025-03-20,51300.85773141774,0.0,51300.85773141774,502.6375888000035,51803.49532021774,82310.51911481567,82310.51911481567,109.38244954488346,82419.90156436055,True,23894.474588477366,19354.524416666667,43248.99900514403
0.99,0.75,CVaR99-L75,2025-03-21,51381.91015473411,0.0,51381.91015473411,0.0,51381.91015473411,82410.48966167739,82410.48966167739,0.0,82410.48966167739,False,23894.474588477366,19354.524416666667,43248.99900514403
0.99,0.75,CVaR99-L75,2025-03-22,51381.91015473411,0.0,51381.91015473411,19.409476666666755,51401.31963140078,82402.30327201034,82402.30327201034,9.078333333333376,82411.38160534367,True,23894.474588477366,19354.524416666667,43248.99900514403
0.99,0.75,CVaR99-L75,2025-03-23,51083.16746025237,0.0,51083.16746025237,396.6090805500022,51479.77654080237,82002.77175401227,82002.77175401227,90.59456666666699,82093.36632067894,True,23894.474588477366,19354.52441666667,43248.99900514404
0.99,0.75,CVaR99-L75,2025-03-24,50058.8327480552,0.0,50058.8327480552,202.5040067166672,50261.33675477187,80661.52622684369,80661.52622684369,95.12143333333358,80756.64766017703,True,23894.474588477366,19354.524416666667,43248.99900514403
0.99,0.75,CVaR99-L75,2025-03-25,50059.15472316798,0.0,50059.15472316798,410.01295877499945,50469.16768194298,80662.26953430998,80662.26953430998,110.48116666666647,80772.75070097664,True,23894.474588477366,19354.524416666667,43248.99900514403
0.99,0.75,CVaR99-L75,2025-03-26,50059.33641112823,0.0,50059.33641112823,213.2574086499992,50272.59381977823,80662.26573687744,80662.26573687744,68.0854999999998,80730.35123687744,True,23894.474588477366,19354.524416666667,43248.99900514403
0.99,0.75,CVaR99-L75,2025-03-27,49373.665095758435,0.0,49373.665095758435,439.0621088416675,49812.7272046001,79815.90974395705,79815.90974395705,151.98365000000013,79967.89339395704,True,23894.228689506173,19354.3252385,43248.55392800618
0.99,0.75,CVaR99-L75,2025-03-28,49652.779664037604,0.0,49652.779664037604,0.0,49652.779664037604,80153.38423609106,80153.38423609106,0.0,80153.38423609106,False,23894.474588477366,19354.524416666667,43248.99900514403
0.99,0.75,CVaR99-L75,2025-03-29,49943.41095332487,0.0,49943.41095332487,0.0,49943.41095332487,80488.9403383178,80488.9403383178,0.0,80488.9403383178,False,23894.474588477366,19354.52441666667,43248.99900514404
0.99,0.75,CVaR99-L75,2025-03-30,49773.897681067436,0.0,49773.897681067436,354.29068395,50128.188365017435,80232.08951320268,80232.08951320268,146.62725000000012,80378.71676320268,True,23894.474588477366,19354.52441666667,43248.99900514404
0.99,0.75,CVaR99-L75,2025-03-31,49841.51521843251,0.0,49841.51521843251,75.98998110000012,49917.50519953251,80247.547489772,80247.547489772,35.68621666666672,80283.23370643867,True,23894.474588477366,19354.524416666667,43248.99900514403
0.99,0.75,CVaR99-L75,2025-04-01,49841.56035928513,0.0,49841.56035928513,699.8683982583331,50541.428757543465,80246.87605991859,80246.87605991859,213.35608333333312,80460.23214325192,True,23894.474588477366,19354.524416666667,43248.99900514403
0.99,0.75,CVaR99-L75,2025-04-02,49841.6160401845,0.0,49841.6160401845,831.9601563583326,50673.57619654283,80249.0770776434,80249.0770776434,251.86533333333318,80500.94241097673,True,23894.474588477366,19354.524416666667,43248.99900514403
0.99,0.75,CVaR99-L75,2025-04-03,48474.365235762365,0.0,48474.365235762365,659.2999226416669,49133.66515840403,78460.08402708222,78460.08402708222,223.39319999999987,78683.47722708223,True,23196.762916666667,18789.377962500002,41986.14087916667
0.99,0.75,CVaR99-L75,2025-04-04,46596.04451113925,0.0,46596.04451113925,0.0,46596.04451113925,76187.61576772499,76187.61576772499,0.0,76187.61576772499,False,23203.866666666665,18795.131999999998,41998.99866666667
0.99,0.75,CVaR99-L75,2025-04-05,46411.10832961946,0.0,46411.10832961946,0.0,46411.10832961946,75969.95004830643,75969.95004830643,0.0,75969.95004830643,False,23196.762916666667,18789.377962500002,41986.14087916667
0.99,0.75,CVaR99-L75,2025-04-06,46172.55692819007,0.0,46172.55692819007,604.8147966666662,46777.37172485673,75698.76052511478,75698.76052511478,144.21478333333323,75842.9753084481,True,23196.762916666667,18789.377962500002,41986.14087916667
0.99,0.75,CVaR99-L75,2025-04-07,45567.55208951664,0.0,45567.55208951664,228.0870449916664,45795.63913450831,74913.8667569408,74913.8667569408,85.80956666666657,74999.67632360746,True,23049.795864197527,18670.334649999997,41720.130514197524
0.99,0.75,CVaR99-L75,2025-04-08,45568.145088487974,0.0,45568.145088487974,375.9406255583324,45944.085714046305,74917.60700747924,74917.60700747924,108.7644166666663,75026.37142414591,True,23049.795864197527,18670.334649999997,41720.130514197524
0.99,0.75,CVaR99-L75,2025-04-09,45568.757311871246,0.0,45568.757311871246,466.74112395000043,46035.498435821246,74918.59960249506,74918.59960249506,147.56011666666677,75066.15971916172,True,23049.795864197527,18670.334649999997,41720.130514197524
0.99,0.75,CVaR99-L75,2025-04-10,45532.32218269215,0.0,45532.32218269215,834.1118131833307,46366.43399587548,74909.13937301809,74909.13937301809,215.28784999999937,75124.42722301808,True,23089.080710465325,18702.155375476912,41791.23608594223
0.99,0.75,CVaR99-L75,2025-04-11,45025.51431208543,0.0,45025.51431208543,0.0,45025.51431208543,73991.71171472083,73991.71171472083,0.0,73991.71171472083,False,22649.646598458872,18346.213744751687,40995.86034321056
0.99,0.75,CVaR99-L75,2025-04-12,44761.07273087952,0.0,44761.07273087952,0.0,44761.07273087952,73685.84056852308,73685.84056852308,0.0,73685.84056852308,False,22558.494924370498,18272.380888740103,40830.8758131106
0.99,0.75,CVaR99-L75,2025-04-13,44562.87229406512,0.0,44562.87229406512,684.7605476208366,45247.632841685954,73378.00324230337,73378.00324230337,185.73835817765143,73563.74160048102,True,22599.9542647288,18305.962954430328,40905.91721915913
0.99,0.75,CVaR99-L75,2025-04-14,42679.418990671475,0.0,42679.418990671475,699.5926140083338,43379.01160467981,70618.46750540398,70618.46750540398,175.99225000000024,70794.45975540398,True,22015.87783950617,17832.86105,39848.738889506174
0.99,0.75,CVaR99-L75,2025-04-15,42678.98754087025,0.0,42678.98754087025,611.3447677750024,43290.33230864525,70612.66316762216,70612.66316762216,139.65976569878455,70752.32293332095,True,22015.87783950617,17832.86105,39848.738889506174
0.99,0.75,CVaR99-L75,2025-04-16,42696.39587703216,0.0,42696.39587703216,880.143362024999,43576.53923905716,70633.26077022853,70633.26077022853,283.37286836161195,70916.63363859014,True,22015.87783950617,17832.86105,39848.738889506174
0.99,0.75,CVaR99-L75,2025-04-17,41478.63842121561,0.0,41478.63842121561,360.5584196166728,41839.19684083229,68869.2482232572,68869.2482232572,95.8635932095483,68965.11181646674,True,21687.87965020576,17567.18251666666,39255.06216687242
0.99,0.75,CVaR99-L75,2025-04-18,41463.29819446521,0.0,41463.29819446521,0.0,41463.29819446521,68851.69812456972,68851.69812456972,0.0,68851.69812456972,False,21687.87965020576,17567.182516666664,39255.06216687242
0.99,0.75,CVaR99-L75,2025-04-19,41446.77039886874,0.0,41446.77039886874,1.9633966666665823,41448.73379553541,68876.58060379786,68876.58060379786,0.9183333333332939,68877.4989371312,True,21653.431193415636,17539.279266666665,39192.7104600823
0.99,0.75,CVaR99-L75,2025-04-20,41446.549132265325,0.0,41446.549132265325,155.98026009999944,41602.52939236532,68891.92452326982,68891.92452326982,64.5818499999998,68956.50637326982,True,21653.431193415636,17539.279266666665,39192.7104600823
0.99,0.75,CVaR99-L75,2025-04-21,41109.87002641644,0.0,41109.87002641644,652.244041866668,41762.11406828311,68522.80444421395,68522.80444421395,242.75628591199836,68765.56073012594,True,21702.234864633367,17578.81024035303,39281.04510498639
0.99,0.75,CVaR99-L75,2025-04-22,41111.756392066454,0.0,41111.756392066454,664.8807068166649,41776.63709888312,68523.73042941409,68523.73042941409,188.01437448506226,68711.74480389916,True,21702.649504987778,17579.146099040103,39281.79560402788
0.99,0.75,CVaR99-L75,2025-04-23,41112.06501195232,0.0,41112.06501195232,912.0494195416667,42024.11443149399,68525.28935801392,68525.28935801392,272.5565968019089,68797.84595481583,True,21701.809819519935,17578.46595381115,39280.27577333109
0.99,0.75,CVaR99-L75,2025-04-24,41147.47301946684,0.0,41147.47301946684,686.2191157500007,41833.692135216836,68594.76850960526,68594.76850960526,166.76570000000027,68761.53420960526,True,21703.859362139916,17580.126083333333,39283.98544547325
0.99,0.75,CVaR99-L75,2025-04-25,41197.066724735654,0.0,41197.066724735654,0.0,41197.066724735654,68691.74004838802,68691.74004838802,0.0,68691.74004838802,False,21597.112993197108,17493.66152448966,39090.77451768677
0.99,0.75,CVaR99-L75,2025-04-26,41218.77321718712,0.0,41218.77321718712,0.0,41218.77321718712,68803.35473322615,68803.35473322615,0.0,68803.35473322615,False,21720.968958667745,17593.98485652087,39314.953815188615
0.99,0.75,CVaR99-L75,2025-04-27,41213.412324109915,0.0,41213.412324109915,476.26422141666717,41689.676545526585,68801.15813044844,68801.15813044844,212.48648333333347,69013.64461378177,True,21721.832407407404,17594.68425,39316.5166574074
0.99,0.75,CVaR99-L75,2025-04-28,40877.462500312235,0.0,40877.462500312235,1123.0506260583336,42000.51312637057,68365.49588469492,68365.49588469492,377.80503333333337,68743.30091802825,True,21820.010205761315,17674.208266666665,39494.21847242798
0.99,0.75,CVaR99-L75,2025-04-29,40877.518954062034,0.0,40877.518954062034,103.39657161666591,40980.9155256787,68367.5284600704,68367.5284600704,42.155716666666535,68409.68417673706,True,21820.010205761315,17674.20826666666,39494.21847242798
0.99,0.75,CVaR99-L75,2025-04-30,40877.518954062034,0.0,40877.518954062034,918.2554833250049,41795.77443738704,68367.5284600704,68367.5284600704,281.12960546566774,68648.65806553607,True,21820.010205761315,17674.20826666666,39494.21847242798
0.99,0.75,CVaR99-L75,2025-05-01,40883.21275842396,0.0,40883.21275842396,9159.056871091667,50042.26962951562,68370.41449505917,68370.41449505917,1999.301246501307,70369.71574156047,True,21808.072865129772,17664.539020755117,39472.61188588489
0.99,0.75,CVaR99-L75,2025-05-02,42305.94482661229,0.0,42305.94482661229,0.0,42305.94482661229,69738.89488634048,69738.89488634048,0.0,69738.89488634048,False,21630.548148148147,17520.744,39151.292148148146
0.99,0.75,CVaR99-L75,2025-05-03,41305.039032729415,0.0,41305.039032729415,45.97768999999999,41351.016722729415,68304.08054410885,68304.08054410885,21.504999999999995,68325.58554410885,True,21604.81709876543,17499.901849999995,39104.718948765425
0.99,0.75,CVaR99-L75,2025-05-04,40078.25898100588,0.0,40078.25898100588,3658.7896680333324,43737.04864903921,66482.35278152394,66482.35278152394,965.0591414828657,67447.4119230068,True,21636.892242822392,17525.882716686137,39162.77495950853
0.99,0.75,CVaR99-L75,2025-05-05,39668.986711774516,0.0,39668.986711774516,3653.5842936083363,43322.57100538285,66120.26953395302,66120.26953395302,879.357936070479,66999.6274700235,True,21535.370209549485,17443.649869735083,38979.02007928457
0.99,0.75,CVaR99-L75,2025-05-06,39571.575565893305,0.0,39571.575565893305,3378.1031183916675,42949.67868428497,66047.71994773518,66047.71994773518,905.829174380857,66953.54912211603,True,21529.57440329218,17438.955266666664,38968.52966995884
0.99,0.75,CVaR99-L75,2025-05-07,39630.98046593496,0.0,39630.98046593496,3782.5104040749948,43413.490870009955,66174.82223627082,66174.82223627082,842.0254738814745,67016.84771015229,True,21527.762860082305,17437.487916666665,38965.25077674897
0.99,0.75,CVaR99-L75,2025-05-08,39745.48562832353,0.0,39745.48562832353,4682.640696558332,44428.12632488186,66199.51479353014,66199.51479353014,1165.6139963299825,67365.12878986011,True,21510.686970928313,17423.656446451936,38934.34341738025
0.99,0.75,CVaR99-L75,2025-05-09,39942.47169115456,0.0,39942.47169115456,0.0,39942.47169115456,66551.47437103203,66551.47437103203,0.0,66551.47437103203,False,21654.587490164013,17540.21586703285,39194.80335719686
0.99,0.75,CVaR99-L75,2025-05-10,39781.83722811888,0.0,39781.83722811888,21.73989666666658,39803.577124785545,66303.55978493107,66303.55978493107,10.168333333333294,66313.72811826441,True,21521.980308211863,17432.80404965161,38954.78435786348
0.99,0.75,CVaR99-L75,2025-05-11,39209.8999608339,0.0,39209.8999608339,3036.7698079583347,42246.669768792235,65288.891531080175,65288.891531080175,747.8823368024673,66036.77386788264,True,21662.96233109682,17546.999488188427,39209.96181928525
0.99,0.75,CVaR99-L75,2025-05-12,39089.098568198606,0.0,39089.098568198606,3090.0948291722216,42179.19339737083,65004.622231076086,65004.622231076086,1045.5248732298671,66050.14710430596,True,21170.116796359987,17147.79460505159,38317.91140141158
0.99,0.75,CVaR99-L75,2025-05-13,39109.41747031487,0.0,39109.41747031487,1331.881834750001,40441.299305064866,65045.51660849196,65045.51660849196,366.2648666666668,65411.78147515863,True,21036.702170543627,17039.728758140336,38076.43092868396
0.99,0.75,CVaR99-L75,2025-05-14,39121.251204275715,0.0,39121.251204275715,1098.0899726916682,40219.341176967384,65063.28532197424,65063.28532197424,320.9761188325467,65384.26144080679,True,21049.22767451775,17049.87441635938,38099.10209087713
0.99,0.75,CVaR99-L75,2025-05-15,39406.63982807002,0.0,39406.63982807002,1327.1155254750008,40733.75535354502,65526.14792036351,65526.14792036351,324.7872500000003,65850.9351703635,True,21170.12895194374,17147.80445107443,38317.93340301817
0.99,0.75,CVaR99-L75,2025-05-16,39396.77419118263,0.0,39396.77419118263,0.0,39396.77419118263,65506.983178704555,65506.983178704555,0.0,65506.983178704555,False,21109.836245059607,17098.96735849828,38208.803603557884
0.99,0.75,CVaR99-L75,2025-05-17,39387.211904939875,0.0,39387.211904939875,7.614843333333213,39394.82674827321,65499.78586571402,65499.78586571402,3.5616666666666106,65503.347532380685,True,21103.221052589717,17093.609052597676,38196.83010518739
0.99,0.75,CVaR99-L75,2025-05-18,39323.48823167047,0.0,39323.48823167047,2153.175880474998,41476.66411214547,65388.818726981044,65388.818726981044,861.6898499999991,66250.50857698104,True,21080.29962235863,17075.04269411049,38155.34231646912
0.99,0.75,CVaR99-L75,2025-05-19,39198.770415189014,0.0,39198.770415189014,1051.9848055749994,40250.75522076401,65217.21924152393,65217.21924152393,188.40129999999988,65405.62054152393,True,21003.40628712802,17012.759092573688,38016.165379701706
0.99,0.75,CVaR99-L75,2025-05-20,39202.822725189464,0.0,39202.822725189464,3677.059323974998,42879.88204916446,65223.81092450475,65223.81092450475,905.8788864578217,66129.68981096258,True,21006.246713879584,17015.05983824246,38021.30655212204
0.99,0.75,CVaR99-L75,2025-05-21,39266.95543985572,0.0,39266.95543985572,1953.192461441664,41220.14790129739,65237.95187178219,65237.95187178219,558.5710360449727,65796.52290782717,True,20861.32295585465,16897.671594242267,37758.99455009692
0.99,0.75,CVaR99-L75,2025-05-22,39268.24271141579,0.0,39268.24271141579,213.68755040833562,39481.93026182413,65244.578649378556,65244.578649378556,58.67891929384646,65303.2575686724,True,20860.047207371346,16896.638237970794,37756.68544534214
0.99,0.75,CVaR99-L75,2025-05-23,39268.18560765426,0.0,39268.18560765426,0.0,39268.18560765426,65245.57047794147,65245.57047794147,0.0,65245.57047794147,False,20859.273538082816,16896.011565847075,37755.28510392989
0.99,0.75,CVaR99-L75,2025-05-24,39270.87674356978,0.0,39270.87674356978,0.0,39270.87674356978,65252.57844066862,65252.57844066862,0.0,65252.57844066862,False,20859.359489249502,16896.081186292096,37755.4406755416
0.99,0.75,CVaR99-L75,2025-05-25,39273.17772465808,0.0,39273.17772465808,976.7120310041687,40249.889755662254,65253.558403742994,65253.558403742994,213.63873155014187,65467.197135293136,True,20861.909559644242,16898.146743311838,37760.05630295608
0.99,0.75,CVaR99-L75,2025-05-26,39274.12837067734,0.0,39274.12837067734,2763.0246331083354,42037.15300378567,65252.398745702005,65252.398745702005,828.9384166666672,66081.33716236867,True,20861.43566705878,16897.762890317616,37759.198557376396
0.99,0.75,CVaR99-L75,2025-05-27,39314.088926515695,0.0,39314.088926515695,764.7826919333335,40078.871618449026,65347.194567419014,65347.194567419014,239.86863333333332,65587.06320075235,True,20915.608913055927,16941.6432195753,37857.25213263123
0.99,0.75,CVaR99-L75,2025-05-28,39314.088926515695,0.0,39314.088926515695,1753.1990913333357,41067.28801784903,65351.35089681616,65351.35089681616,544.4274229708473,65895.77831978702,True,20915.608913055927,16941.6432195753,37857.25213263123
0.99,0.75,CVaR99-L75,2025-05-29,39314.409863770416,0.0,39314.409863770416,1425.0521061250022,40739.46196989542,65352.600264438726,65352.600264438726,416.54303380766686,65769.14329824639,True,20907.53080994536,16935.099956055747,37842.63076600111
0.99,0.75,CVaR99-L75,2025-05-30,38959.13889793821,0.0,38959.13889793821,0.0,38959.13889793821,64551.113235529534,64551.113235529534,0.0,64551.113235529534,False,20122.730239945417,16299.411494355785,36422.1417343012
0.99,0.75,CVaR99-L75,2025-05-31,38959.13889793821,0.0,38959.13889793821,193.83464333333325,39152.973541271545,64551.113235529534,64551.113235529534,90.66166666666663,64641.7749021962,True,20122.730239945417,16299.411494355785,36422.1417343012
0.99,0.75,CVaR99-L75,2025-06-01,38960.64708428357,0.0,38960.64708428357,45424.67931892325,84385.32640320683,64549.30740349645,64549.30740349645,11893.741883160475,76443.04928665693,True,20122.691933712777,16299.380466307348,36422.07240002012
0.99,0.75,CVaR99-L75,2025-06-02,47232.019606084126,0.0,47232.019606084126,12161.831824766663,59393.85143085079,76913.17307239735,76913.17307239735,3048.691038154138,79961.86411055148,True,21861.024409985257,17707.429772088057,39568.454182073314
0.99,0.75,CVaR99-L75,2025-06-03,49384.352846099995,0.0,49384.352846099995,3066.8046998833343,52451.157545983326,79724.90054784718,79724.90054784718,690.8723274213544,80415.77287526854,True,22333.333333333332,18090.0,40423.33333333333
0.99,0.75,CVaR99-L75,2025-06-04,49309.31562073332,0.0,49309.31562073332,4486.786083074997,53796.10170380832,79352.84146348308,79352.84146348308,1556.6819666666659,80909.52343014975,True,22333.333333333332,18090.0,40423.33333333333
0.99,0.75,CVaR99-L75,2025-06-05,49265.12534033547,0.0,49265.12534033547,6863.673364691667,56128.79870502714,79365.6681426435,79365.6681426435,1840.2531147477564,81205.92125739125,True,22333.333333333332,18089.999999999996,40423.33333333333
0.99,0.75,CVaR99-L75,2025-06-06,48910.493349076656,0.0,48910.493349076656,0.0,48910.493349076656,78933.21040542082,78933.21040542082,0.0,78933.21040542082,False,22333.333333333332,18090.0,40423.33333333333
0.99,0.75,CVaR99-L75,2025-06-07,48910.493349076656,0.0,48910.493349076656,0.0,48910.493349076656,78929.14905802942,78929.14905802942,0.0,78929.14905802942,False,22333.333333333332,18090.0,40423.33333333333
0.99,0.75,CVaR99-L75,2025-06-08,48860.07577622999,0.0,48860.07577622999,2214.1208755166695,51074.19665174666,78836.21207627654,78836.21207627654,629.1742833333336,79465.38635960987,True,22333.333333333332,18090.0,40423.33333333333
0.99,0.75,CVaR99-L75,2025-06-09,49149.12658223881,0.0,49149.12658223881,6631.861459141661,55780.98804138047,79238.760872874,79238.760872874,1683.7251166666658,80922.48598954067,True,22333.333333333332,18090.0,40423.33333333333
0.99,0.75,CVaR99-L75,2025-06-10,49933.388796258325,0.0,49933.388796258325,3007.248213108336,52940.63700936666,80261.82407808324,80261.82407808324,888.0679042989076,81149.89198238215,True,22333.333333333332,18090.0,40423.33333333333
0.99,0.75,CVaR99-L75,2025-06-11,50083.94070713605,0.0,50083.94070713605,11772.083139708333,61856.02384684438,80504.85488303078,80504.85488303078,2733.917952015112,83238.7728350459,True,22333.333333333332,18090.0,40423.33333333333
0.99,0.75,CVaR99-L75,2025-06-12,51758.48616623387,0.0,51758.48616623387,3870.223265541662,55628.70943177553,82758.54152096168,82758.54152096168,918.8242665590531,83677.36578752073,True,23684.108075597796,19184.127541234215,42868.23561683201
0.99,0.75,CVaR99-L75,2025-06-13,51635.93124080628,0.0,51635.93124080628,0.0,51635.93124080628,82655.75609637517,82655.75609637517,0.0,82655.75609637517,False,23831.02440125326,19303.129765015135,43134.154166268396
0.99,0.75,CVaR99-L75,2025-06-14,51635.93124080629,0.0,51635.93124080629,0.0,51635.93124080629,82655.71720788776,82655.71720788776,0.0,82655.71720788776,False,23831.02440125326,19303.129765015135,43134.154166268396
0.99,0.75,CVaR99-L75,2025-06-15,51635.93124080628,0.0,51635.93124080628,1085.9568761250073,52721.88811693129,82652.65264544995,82652.65264544995,297.53076095751874,82950.18340640748,True,23831.02440125326,19303.129765015135,43134.154166268396
0.99,0.75,CVaR99-L75,2025-06-16,51635.970123946536,0.0,51635.970123946536,1959.8814095333364,53595.85153347987,82654.48687356838,82654.48687356838,579.4580166666672,83233.94489023506,True,23825.22094748496,19298.42896746281,43123.64991494777
0.99,0.75,CVaR99-L75,2025-06-17,51636.391641504204,0.0,51636.391641504204,8167.691099916672,59804.082741420876,82664.47934431699,82664.47934431699,2116.292399359607,84780.7717436766,True,23774.179342354393,19257.08526730706,43031.26460966145
0.99,0.75,CVaR99-L75,2025-06-18,52510.143548283755,0.0,52510.143548283755,1025.6572735416667,53535.800821825425,83751.50466711656,83751.50466711656,388.6883000000002,84140.19296711656,True,23856.909452555225,19324.09665656973,43181.00610912495
0.99,0.75,CVaR99-L75,2025-06-19,52510.191191669226,0.0,52510.191191669226,1908.2230477749995,54418.414239444224,83778.8538315889,83778.8538315889,365.01011666666653,84143.86394825557,True,23856.259314929688,19323.570045093045,43179.82936002273
0.99,0.75,CVaR99-L75,2025-06-20,52510.33396013893,0.0,52510.33396013893,0.0,52510.33396013893,83778.6408296984,83778.6408296984,0.0,83778.6408296984,False,23856.466255746775,19323.737667154885,43180.20392290166
0.99,0.75,CVaR99-L75,2025-06-21,52510.33396013893,0.0,52510.33396013893,0.0,52510.33396013893,83778.6408296984,83778.6408296984,0.0,83778.6408296984,False,23856.466255746775,19323.737667154885,43180.20392290166
0.99,0.75,CVaR99-L75,2025-06-22,52510.33396013893,0.0,52510.33396013893,666.6000874250022,53176.93404756393,83778.6408296984,83778.6408296984,237.17915000000073,84015.8199796984,True,23856.466255746775,19323.737667154885,43180.20392290166
0.99,0.75,CVaR99-L75,2025-06-23,52510.48971664933,0.0,52510.48971664933,259.62846482500186,52770.11818147433,83792.3736500934,83792.3736500934,68.21779137244738,83860.59144146585,True,23854.340815524127,19322.01606057454,43176.35687609867
0.99,0.75,CVaR99-L75,2025-06-24,52511.02022133475,0.0,52511.02022133475,6535.553189141665,59046.57341047641,83786.72895120773,83786.72895120773,1754.4343495860746,85541.1633007938,True,23853.359362650936,19321.22108374726,43174.58044639819
0.99,0.75,CVaR99-L75,2025-06-25,53136.166097528745,0.0,53136.166097528745,2021.477223633336,55157.64332116208,84707.16638205912,84707.16638205912,615.0563459090614,85322.22272796818,True,24073.275823045267,19499.353416666665,43572.62923971193
0.99,0.75,CVaR99-L75,2025-06-26,53136.115455471336,0.0,53136.115455471336,780.5963965166668,53916.711851988,84703.45945458113,84703.45945458113,154.08103333333327,84857.54048791446,True,24073.275823045267,19499.35341666666,43572.629239711925
0.99,0.75,CVaR99-L75,2025-06-27,53136.11554167551,0.0,53136.11554167551,0.0,53136.11554167551,84706.68322707858,84706.68322707858,0.0,84706.68322707858,False,24073.275823045267,19499.353416666665,43572.62923971193
0.99,0.75,CVaR99-L75,2025-06-28,53136.11554167551,0.0,53136.11554167551,0.0,53136.11554167551,84706.7126752855,84706.7126752855,0.0,84706.7126752855,False,24073.275823045267,19499.353416666665,43572.62923971193
0.99,0.75,CVaR99-L75,2025-06-29,53136.11554167551,0.0,53136.11554167551,1010.2299911166656,54146.34553279217,84706.7126752855,84706.7126752855,376.658833333333,85083.37150861883,True,24073.275823045267,19499.353416666665,43572.62923971193
0.99,0.75,CVaR99-L75,2025-06-30,53136.191638447286,0.0,53136.191638447286,1589.1598848583299,54725.35152330562,84711.04418640007,84711.04418640007,473.30970607151335,85184.35389247158,True,24073.275823045267,19499.353416666665,43572.62923971193
0.99,0.75,CVaR99-L75,2025-07-01,53137.25056598236,0.0,53137.25056598236,19255.92751645,72393.17808243237,84723.99443983109,84723.99443983109,5593.387908389917,90317.38234822101,True,24072.614759009914,19498.817954798033,43571.432713807946
0.99,0.75,CVaR99-L75,2025-07-02,56797.29323734978,0.0,56797.29323734978,5730.590634174995,62527.88387152478,89730.46714918752,89730.46714918752,1768.876367663213,91499.34351685073,True,24120.392821999383,19537.5181858195,43657.91100781888
0.99,0.75,CVaR99-L75,2025-07-03,55901.73916903029,0.0,55901.73916903029,8646.468639591665,64548.207808621955,88569.61038390045,88569.61038390045,2319.1857166666664,90888.79610056711,True,23975.13491769547,19419.85928333333,43394.99420102881
0.99,0.75,CVaR99-L75,2025-07-04,56502.90846930866,0.0,56502.90846930866,0.0,56502.90846930866,89352.93066734805,89352.93066734805,0.0,89352.93066734805,False,23975.13491769547,19419.85928333333,43394.99420102881
0.99,0.75,CVaR99-L75,2025-07-05,56502.90846930866,0.0,56502.90846930866,0.0,56502.90846930866,89352.03522441201,89352.03522441201,0.0,89352.03522441201,False,23975.13491769547,19419.85928333333,43394.99420102881
0.99,0.75,CVaR99-L75,2025-07-06,56502.90846930867,0.0,56502.90846930867,8478.112580024996,64981.02104933366,89345.56972066,89345.56972066,2170.508267174583,91516.07798783458,True,23975.13491769547,19419.85928333333,43394.99420102881
0.99,0.75,CVaR99-L75,2025-07-07,58082.65215821703,0.0,58082.65215821703,1980.4449255499999,60063.09708376703,91372.3511789268,91372.3511789268,780.4878666666663,92152.83904559346,True,24196.217798353908,19598.936416666664,43795.15421502057
0.99,0.75,CVaR99-L75,2025-07-08,58082.652158217024,0.0,58082.652158217024,3521.8519212583315,61604.50407947536,91474.76454544018,91474.76454544018,960.1953887779091,92434.95993421809,True,24196.217798353908,19598.936416666664,43795.15421502057
0.99,0.75,CVaR99-L75,2025-07-09,57912.76103104289,0.0,57912.76103104289,2664.4055406083326,60577.16657165123,91294.80010344995,91294.80010344995,662.6553833333328,91957.45548678328,True,24196.217798353908,19598.936416666667,43795.15421502058
0.99,0.75,CVaR99-L75,2025-07-10,57913.38176067375,0.0,57913.38176067375,2354.3717728249994,60267.75353349875,91289.40621833457,91289.40621833457,657.9479387394625,91947.35415707403,True,24174.556379074842,19581.390667050626,43755.94704612547
0.99,0.75,CVaR99-L75,2025-07-11,57913.78938166669,0.0,57913.78938166669,0.0,57913.78938166669,91302.69575968881,91302.69575968881,0.0,91302.69575968881,False,24150.21652355765,19561.675384081696,43711.89190763935
0.99,0.75,CVaR99-L75,2025-07-12,57913.584255676105,0.0,57913.584255676105,0.0,57913.584255676105,91300.79430386903,91300.79430386903,0.0,91300.79430386903,False,24150.21652355765,19561.675384081696,43711.89190763935
0.99,0.75,CVaR99-L75,2025-07-13,57911.84116302192,0.0,57911.84116302192,2358.3762089583342,60270.21737198025,91306.45152714784,91306.45152714784,511.36384999999973,91817.81537714784,True,24185.405880143153,19590.17876291595,43775.584643059105
0.99,0.75,CVaR99-L75,2025-07-14,57913.17084763982,0.0,57913.17084763982,2281.078446074999,60194.24929371482,91268.49238624392,91268.49238624392,543.3919666666662,91811.88435291058,True,24133.20672839506,19547.89745,43681.104178395064
0.99,0.75,CVaR99-L75,2025-07-15,57913.17084763982,0.0,57913.17084763982,1854.2252892916667,59767.396136931486,91270.24266919306,91270.24266919306,521.2838166666666,91791.52648585972,True,24133.20672839506,19547.89745,43681.104178395064
0.99,0.75,CVaR99-L75,2025-07-16,57913.71512281148,0.0,57913.71512281148,2744.268223241664,60657.983346053144,91292.3140496091,91292.3140496091,718.2711435195783,92010.58519312867,True,24133.20672839506,19547.897449999997,43681.10417839506
0.99,0.75,CVaR99-L75,2025-07-17,57912.47774988922,0.0,57912.47774988922,2147.2133429750047,60059.691092864225,91292.47115216793,91292.47115216793,617.2430619091808,91909.7142140771,True,24131.77187242798,19546.735216666664,43678.507089094644
0.99,0.75,CVaR99-L75,2025-07-18,57913.97777349733,0.0,57913.97777349733,0.0,57913.97777349733,91247.33189789744,91247.33189789744,0.0,91247.33189789744,False,24079.425989956406,19504.33505186469,43583.7610418211
0.99,0.75,CVaR99-L75,2025-07-19,57606.04661931046,0.0,57606.04661931046,27.020756666666884,57633.06737597712,90782.9552812195,90782.9552812195,12.638333333333435,90795.59361455284,True,23757.147259981703,19243.28928058518,43000.43654056688
0.99,0.75,CVaR99-L75,2025-07-20,57604.76097156015,0.0,57604.76097156015,697.7868888583351,58302.54786041848,90834.69314423694,90834.69314423694,160.97530502722736,90995.66844926417,True,23782.700721426474,19263.987584355447,43046.68830578192
0.99,0.75,CVaR99-L75,2025-07-21,57605.478283400575,0.0,57605.478283400575,1451.911171858335,59057.38945525891,90829.46882038671,90829.46882038671,369.020585324805,91198.48940571152,True,23772.200123364615,19255.482099925342,43027.68222328996
0.99,0.75,CVaR99-L75,2025-07-22,57604.79779710247,0.0,57604.79779710247,1186.799662241664,58791.59745934413,90822.5437195293,90822.5437195293,375.599793055592,91198.1435125849,True,23781.725365395316,19263.197545970208,43044.922911365524
0.99,0.75,CVaR99-L75,2025-07-23,57604.781655850195,0.0,57604.781655850195,1418.3825361583365,59023.16419200853,90822.39150574934,90822.39150574934,359.1576844438555,91181.5491901932,True,23782.152880287555,19263.54383303292,43045.696713320474
0.99,0.75,CVaR99-L75,2025-07-24,57605.16812204712,0.0,57605.16812204712,1575.2715566833338,59180.43967873046,90849.54437524707,90849.54437524707,398.2176333333333,91247.76200858041,True,23771.91699203333,19255.252763547,43027.169755580326
0.99,0.75,CVaR99-L75,2025-07-25,57606.55583618177,0.0,57606.55583618177,0.0,57606.55583618177,90869.75101901627,90869.75101901627,0.0,90869.75101901627,False,23716.179156378596,19210.105116666666,42926.28427304526
0.99,0.75,CVaR99-L75,2025-07-26,55547.49060806789,0.0,55547.49060806789,0.0,55547.49060806789,88017.84171472277,88017.84171472277,0.0,88017.84171472277,False,22859.227498167547,18515.974273515712,41375.20177168326
0.99,0.75,CVaR99-L75,2025-07-27,55754.52213253885,0.0,55754.52213253885,2011.6979329583332,57766.22006549718,88383.7527085002,88383.7527085002,498.7792936666664,88882.53200216686,True,22900.63401011238,18549.51354819103,41450.147558303404
0.99,0.75,CVaR99-L75,2025-07-28,55729.38303252806,0.0,55729.38303252806,3894.948098224996,59624.33113075305,88338.85420549614,88338.85420549614,989.2302255490707,89328.08443104521,True,22889.70991155283,18540.66502835779,41430.37493991062
0.99,0.75,CVaR99-L75,2025-07-29,55697.53390773182,0.0,55697.53390773182,2095.6709037333367,57793.204811465155,88229.3776859002,88229.3776859002,642.3494197718078,88871.727105672,True,22930.022098614798,18573.317899877984,41503.33999849278
0.99,0.75,CVaR99-L75,2025-07-30,55737.70658224264,0.0,55737.70658224264,1256.9053741083344,56994.61195635097,88275.7683121907,88275.7683121907,307.2091353246384,88582.97744751534,True,22921.301795621606,18566.254454453498,41487.556250075104
0.99,0.75,CVaR99-L75,2025-07-31,55748.75023204746,0.0,55748.75023204746,971.386326516667,56720.136558564125,88288.07080747932,88288.07080747932,252.72138333333334,88540.79219081266,True,22918.91265405742,18564.31924978651,41483.23190384393
0.99,0.75,CVaR99-L75,2025-08-01,56007.63679247581,0.0,56007.63679247581,0.0,56007.63679247581,88528.81939305052,88528.81939305052,0.0,88528.81939305052,False,22960.212383019207,18597.772030245556,41557.98441326476
0.99,0.75,CVaR99-L75,2025-08-02,55813.34029589535,0.0,55813.34029589535,58.55982000000021,55871.900115895354,88166.69139689908,88166.69139689908,27.3900000000001,88194.08139689908,True,22949.715071604936,18589.269207999998,41538.984279604934
0.99,0.75,CVaR99-L75,2025-08-03,56004.43545173973,0.0,56004.43545173973,708.6309373916674,56713.066389131396,88431.72473465424,88431.72473465424,171.42916666666667,88603.15390132091,True,22948.336554938272,18588.1526095,41536.48916443827
0.99,0.75,CVaR99-L75,2025-08-04,54933.531653238046,0.0,54933.531653238046,472.713161216666,55406.24481445471,86883.50989604295,86883.50989604295,136.27208859377436,87019.78198463672,True,22948.336554938272,18588.152609499997,41536.48916443827
0.99,0.75,CVaR99-L75,2025-08-05,54996.8908414666,0.0,54996.8908414666,339.4611837250008,55336.3520251916,86971.83022051405,86971.83022051405,97.09831666666685,87068.92853718072,True,22948.336554938272,18588.152609499997,41536.48916443827
0.99,0.75,CVaR99-L75,2025-08-06,55000.62301082495,0.0,55000.62301082495,875.302852758335,55875.92586358329,86979.10182101435,86979.10182101435,219.85206128871653,87198.95388230307,True,22948.336554938272,18588.152609499994,41536.489164438266
0.99,0.75,CVaR99-L75,2025-08-07,53633.40918430024,0.0,53633.40918430024,829.6636436666678,54463.072827966906,85237.02436865593,85237.02436865593,262.27345,85499.29781865592,True,22219.939149875874,17998.15071139946,40218.08986127534
0.99,0.75,CVaR99-L75,2025-08-08,53630.48377442443,0.0,53630.48377442443,0.0,53630.48377442443,85228.25445686697,85228.25445686697,0.0,85228.25445686697,False,22256.74878687232,18027.966517366578,40284.715304238896
0.99,0.75,CVaR99-L75,2025-08-09,53085.16461033968,0.0,53085.16461033968,0.0,53085.16461033968,84501.72938989263,84501.72938989263,0.0,84501.72938989263,False,22017.370699320312,17834.070266449457,39851.44096576977
0.99,0.75,CVaR99-L75,2025-08-10,53084.672556631966,0.0,53084.672556631966,242.59603136666533,53327.26858799863,84479.85487812938,84479.85487812938,93.843883333333,84573.69876146271,True,22017.33166558415,17834.038649123162,39851.37031470731
0.99,0.75,CVaR99-L75,2025-08-11,53063.7648412017,0.0,53063.7648412017,735.9238174833307,53799.68865868503,84482.43723822714,84482.43723822714,219.57073942798274,84702.00797765513,True,22095.989793613728,17897.75173282712,39993.74152644085
0.99,0.75,CVaR99-L75,2025-08-12,53080.985451140696,0.0,53080.985451140696,1041.5116504874986,54122.49710162819,84513.3256502403,84513.3256502403,217.37788803572766,84730.70353827602,True,22097.805316476202,17899.222306345724,39997.02762282193
0.99,0.75,CVaR99-L75,2025-08-13,53099.33440994572,0.0,53099.33440994572,1206.1627854458347,54305.49719539155,84539.039007591,84539.039007591,311.9533875800454,84850.99239517104,True,22105.851546346596,17905.739752540743,40011.59129888734
0.99,0.75,CVaR99-L75,2025-08-14,53083.55684078191,0.0,53083.55684078191,1406.7945796833415,54490.35142046525,84513.1699881664,84513.1699881664,311.48276041460423,84824.652748581,True,22097.158622050556,17898.69848386095,39995.857105911506
0.99,0.75,CVaR99-L75,2025-08-15,53076.84870857527,0.0,53076.84870857527,0.0,53076.84870857527,84495.14253576672,84495.14253576672,0.0,84495.14253576672,False,22081.94246315273,17886.37339515371,39968.315858306436
0.99,0.75,CVaR99-L75,2025-08-16,53090.56889732492,0.0,53090.56889732492,0.0,53090.56889732492,84526.60889331496,84526.60889331496,0.0,84526.60889331496,False,22123.76003463684,17920.245628055844,40044.00566269268
0.99,0.75,CVaR99-L75,2025-08-17,53147.01335128316,0.0,53147.01335128316,1733.1282998916688,54880.14165117483,84629.15405187773,84629.15405187773,329.0716500000002,84958.22570187773,True,22358.43585012921,18110.333038604665,40468.76888873387
0.99,0.75,CVaR99-L75,2025-08-18,53244.376498907695,0.0,53244.376498907695,1488.6818475333303,54733.05834644102,84731.61432056772,84731.61432056772,337.31490228825066,85068.92922285598,True,22392.71195186483,18138.09668101051,40530.80863287534
0.99,0.75,CVaR99-L75,2025-08-19,53244.740316216805,0.0,53244.740316216805,1765.0595200083353,55009.79983622514,84734.29264622045,84734.29264622045,344.5282166666667,85078.82086288712,True,22404.67488176262,18147.78665422772,40552.46153599034
0.99,0.75,CVaR99-L75,2025-08-20,53245.93933343313,0.0,53245.93933343313,3010.781135224996,56256.72046865813,84738.31048059228,84738.31048059228,658.9642574402883,85397.27473803256,True,22406.34579255736,18149.140091971465,40555.485884528825
0.99,0.75,CVaR99-L75,2025-08-21,53367.108841654226,0.0,53367.108841654226,1100.2412139166668,54467.350055570896,84817.01133572133,84817.01133572133,203.9866833333333,85020.99801905466,True,22383.998041795992,18131.038413854752,40515.03645565074
0.99,0.75,CVaR99-L75,2025-08-22,53353.057505967736,0.0,53353.057505967736,0.0,53353.057505967736,84819.21181054332,84819.21181054332,0.0,84819.21181054332,False,22369.85483136629,18119.582413406693,40489.437244772984
0.99,0.75,CVaR99-L75,2025-08-23,53264.22967639096,0.0,53264.22967639096,0.0,53264.22967639096,84698.09536675696,84698.09536675696,0.0,84698.09536675696,False,22333.333333333332,18089.999999999996,40423.33333333333
0.99,0.75,CVaR99-L75,2025-08-24,53144.28682106134,0.0,53144.28682106134,1804.5106262333363,54948.79744729467,84509.00728151479,84509.00728151479,338.40721666666724,84847.41449818146,True,22333.333333333332,18089.999999999996,40423.33333333333
0.99,0.75,CVaR99-L75,2025-08-25,53064.49917739802,0.0,53064.49917739802,2065.512262537501,55130.01143993552,84287.33691896028,84287.33691896028,542.7460590416702,84830.08297800196,True,22296.58467721669,18060.233588545525,40356.81826576222
0.99,0.75,CVaR99-L75,2025-08-26,53088.141717922044,0.0,53088.141717922044,692.0467904083398,53780.188508330386,84322.18756529053,84322.18756529053,142.86964872238116,84465.05721401291,True,22303.694728173807,18065.992729820784,40369.68745799459
0.99,0.75,CVaR99-L75,2025-08-27,53122.08134666819,0.0,53122.08134666819,1519.7420544166666,54641.823401084854,84356.25503074656,84356.25503074656,367.73936666666674,84723.99439741322,True,22314.13259074522,18074.44739850363,40388.57998924885
0.99,0.75,CVaR99-L75,2025-08-28,53038.75912768053,0.0,53038.75912768053,2844.0568498750054,55882.81597755554,84209.54845161235,84209.54845161235,695.8180367143236,84905.36648832668,True,22263.58304781227,18033.502268727938,40297.08531654021
0.99,0.75,CVaR99-L75,2025-08-29,52581.88636093309,0.0,52581.88636093309,0.0,52581.88636093309,83449.136744665,83449.136744665,0.0,83449.136744665,False,21905.22200919693,17743.229827449508,39648.45183664643
0.99,0.75,CVaR99-L75,2025-08-30,51855.0642719539,0.0,51855.0642719539,0.0,51855.0642719539,82352.68890356958,82352.68890356958,0.0,82352.68890356958,False,22004.666478258703,17823.77984738955,39828.446325648256
0.99,0.75,CVaR99-L75,2025-08-31,51413.67700449402,0.0,51413.67700449402,1939.690359683336,53353.36736417736,81525.17057451517,81525.17057451517,465.8907833333341,81991.0613578485,True,21998.670435862674,17818.92305304877,39817.59348891144
0.99,0.75,CVaR99-L75,2025-09-01,50484.247541746125,0.0,50484.247541746125,0.0,50484.247541746125,80149.72766918055,80149.72766918055,0.0,80149.72766918055,False,21825.810396432542,17678.90642111036,39504.7168175429
0.99,0.75,CVaR99-L75,2025-09-02,50484.247541746125,0.0,50484.247541746125,69.32576113333415,50553.57330287946,80149.58953992369,80149.58953992369,22.07013333333356,80171.65967325702,True,21825.810396432542,17678.90642111036,39504.7168175429
0.99,0.75,CVaR99-L75,2025-09-03,50490.739506752565,0.0,50490.739506752565,21.092201600000323,50511.83170835256,80158.20817823979,80158.20817823979,7.390400000000113,80165.59857823979,True,21824.192802850383,17677.596170308814,39501.7889731592
0.99,0.75,CVaR99-L75,2025-09-04,50692.70756292469,0.0,50692.70756292469,116.00053335833347,50808.70809628302,80464.43116868718,80464.43116868718,26.436583333333374,80490.86775202051,True,21852.54032697933,17700.557664853262,39553.09799183259
0.99,0.75,CVaR99-L75,2025-09-05,50691.41226316338,0.0,50691.41226316338,0.0,50691.41226316338,80465.746327715,80465.746327715,0.0,80465.746327715,False,21870.358248235498,17714.990181070752,39585.34842930625
0.99,0.75,CVaR99-L75,2025-09-06,50691.31132565795,0.0,50691.31132565795,0.0,50691.31132565795,80469.76767638742,80469.76767638742,0.0,80469.76767638742,False,21866.17,17711.597700000002,39577.7677
0.99,0.75,CVaR99-L75,2025-09-07,50582.786803937575,0.0,50582.786803937575,12.446417849999882,50595.233221787574,80256.76376078394,80256.76376078394,6.052233333333277,80262.81599411728,True,21839.04923209876,17689.629878,39528.67911009876
0.99,0.75,CVaR99-L75,2025-09-08,50582.786803937575,0.0,50582.786803937575,496.12649046666627,51078.91329440424,80253.48944991147,80253.48944991147,140.7432833333332,80394.2327332448,True,21839.04923209876,17689.629878,39528.67911009876
0.99,0.75,CVaR99-L75,2025-09-09,50582.78680393758,0.0,50582.78680393758,0.0,50582.78680393758,80250.78863782706,80250.78863782706,0.0,80250.78863782706,False,21839.04923209876,17689.629878,39528.67911009876
0.99,0.75,CVaR99-L75,2025-09-10,50582.786803937575,0.0,50582.786803937575,2234.941217400001,52817.72802133758,80251.00461059937,80251.00461059937,558.1429886039712,80809.14759920334,True,21839.04923209876,17689.629878,39528.67911009876
0.99,0.75,CVaR99-L75,2025-09-11,50557.525338764244,0.0,50557.525338764244,64.16992876666637,50621.69526753091,80217.89731178095,80217.89731178095,17.07298333333324,80234.97029511428,True,21839.04923209876,17689.629878,39528.67911009876
0.99,0.75,CVaR99-L75,2025-09-12,50557.525338764244,0.0,50557.525338764244,0.0,50557.525338764244,80213.55929115915,80213.55929115915,0.0,80213.55929115915,False,21839.04923209876,17689.629878,39528.67911009876
0.99,0.75,CVaR99-L75,2025-09-13,50553.99838449701,0.0,50553.99838449701,0.0,50553.99838449701,80150.23008701151,80150.23008701151,0.0,80150.23008701151,False,21839.04923209876,17689.629878,39528.67911009876
0.99,0.75,CVaR99-L75,2025-09-14,50554.24286590489,0.0,50554.24286590489,375.804432250001,50930.04729815489,80090.66753747709,80090.66753747709,93.6710002751941,80184.33853775228,True,21839.04923209876,17689.629878,39528.67911009876
0.99,0.75,CVaR99-L75,2025-09-15,50581.93999180425,0.0,50581.93999180425,2318.3382175499987,52900.27820935425,80140.37513980933,80140.37513980933,572.8823491637395,80713.25748897307,True,21839.04923209876,17689.629878,39528.67911009876
0.99,0.75,CVaR99-L75,2025-09-16,50514.74827355893,0.0,50514.74827355893,536.2680881749989,51051.01636173393,80012.34496726829,80012.34496726829,128.93800259941023,80141.2829698677,True,21839.04923209876,17689.629878,39528.67911009876
0.99,0.75,CVaR99-L75,2025-09-17,50514.78647005322,0.0,50514.78647005322,992.7851909750001,51507.571661028225,80013.75088640547,80013.75088640547,228.14898333333335,80241.8998697388,True,21839.04923209876,17689.629878,39528.67911009876
0.99,0.75,CVaR99-L75,2025-09-18,50511.35543604687,0.0,50511.35543604687,952.577032183334,51463.9324682302,79984.32524211064,79984.32524211064,216.13595000000015,80200.46119211064,True,21839.04923209876,17689.629878,39528.67911009876
0.99,0.75,CVaR99-L75,2025-09-19,50506.94313145972,0.0,50506.94313145972,0.0,50506.94313145972,79949.87132235692,79949.87132235692,0.0,79949.87132235692,False,21839.04923209876,17689.629878,39528.67911009876
0.99,0.75,CVaR99-L75,2025-09-20,50708.33402338532,0.0,50708.33402338532,0.0,50708.33402338532,80276.21358371433,80276.21358371433,0.0,80276.21358371433,False,21839.04923209876,17689.629878,39528.67911009876
0.99,0.75,CVaR99-L75,2025-09-21,50067.61336227942,0.0,50067.61336227942,1228.787271683334,51296.40063396276,79312.01918330132,79312.01918330132,320.8038531656928,79632.82303646702,True,21823.764782098762,17677.2494735,39501.01425559876
0.99,0.75,CVaR99-L75,2025-09-22,49980.98252011178,0.0,49980.98252011178,2130.204480075,52111.18700018678,79186.35244487811,79186.35244487811,480.0470441833989,79666.39948906151,True,21854.268465432095,17701.957456999997,39556.22592243209
0.99,0.75,CVaR99-L75,2025-09-23,49973.511493643935,0.0,49973.511493643935,2601.337946908348,52574.84944055228,79178.73480740935,79178.73480740935,619.241399434912,79797.97620684427,True,21854.268465432095,17701.957456999997,39556.22592243209
0.99,0.75,CVaR99-L75,2025-09-24,50201.59997736507,0.0,50201.59997736507,4698.060874916668,54899.66085228174,79484.96465653495,79484.96465653495,1062.0527289386132,80547.01738547356,True,21842.52918020723,17692.448635967856,39534.97781617509
0.99,0.75,CVaR99-L75,2025-09-25,50992.33797518817,0.0,50992.33797518817,897.9203716333337,51890.25834682151,80525.32796473755,80525.32796473755,222.55626666666672,80747.88423140421,True,22033.188959162195,17846.88305692138,39880.07201608358
0.99,0.75,CVaR99-L75,2025-09-26,49316.709237778276,0.0,49316.709237778276,0.0,49316.709237778276,78054.61123836476,78054.61123836476,0.0,78054.61123836476,False,21958.339197530862,17786.25475,39744.59394753086
0.99,0.75,CVaR99-L75,2025-09-27,49315.74757898527,0.0,49315.74757898527,0.0,49315.74757898527,77999.95720697506,77999.95720697506,0.0,77999.95720697506,False,21958.339197530862,17786.25475,39744.59394753086
0.99,0.75,CVaR99-L75,2025-09-28,49514.73354362718,0.0,49514.73354362718,3068.4929572000074,52583.22650082719,78179.15852536127,78179.15852536127,717.6771131536867,78896.83563851495,True,21702.328004115225,17578.885683333334,39281.21368744856
0.99,0.75,CVaR99-L75,2025-09-29,48098.01290422979,0.0,48098.01290422979,2077.0782887916666,50175.09119302146,75852.91432591678,75852.91432591678,529.3419666666667,76382.25629258344,True,21793.543960905346,17652.770608333332,39446.314569238675
0.99,0.75,CVaR99-L75,2025-09-30,48030.572060078994,0.0,48030.572060078994,7454.622616791663,55485.194676870655,75714.404048553,75714.404048553,1712.8271597513587,77427.23120830435,True,21746.105419250474,17614.345389592883,39360.45080884336
0.99,0.75,CVaR99-L75,2025-10-01,49120.28486346851,0.0,49120.28486346851,88.35051309166728,49208.635376560174,77249.54719933055,77249.54719933055,21.863800000000197,77271.41099933056,True,22094.778117283953,17896.770274999995,39991.54839228395
0.99,0.75,CVaR99-L75,2025-10-02,44770.32294570035,0.0,44770.32294570035,322.6247461541627,45092.94769185451,71866.343704716,71866.343704716,112.43167069545177,71978.77537541145,True,22094.778117283953,17896.770275000003,39991.548392283956
0.99,0.75,CVaR99-L75,2025-10-03,44764.74781762171,0.0,44764.74781762171,0.0,44764.74781762171,71858.39868396928,71858.39868396928,0.0,71858.39868396928,False,22094.778117283953,17896.770274999995,39991.54839228395
0.99,0.75,CVaR99-L75,2025-10-04,44754.95731140167,0.0,44754.95731140167,0.0,44754.95731140167,71845.81383698771,71845.81383698771,0.0,71845.81383698771,False,22094.778117283953,17896.770274999995,39991.54839228395
0.99,0.75,CVaR99-L75,2025-10-05,44750.17163107561,0.0,44750.17163107561,512.7211183499953,45262.892749425606,71855.613411014,71855.613411014,144.29865880908778,71999.91206982308,True,22094.778117283953,17896.770275000003,39991.548392283956
0.99,0.75,CVaR99-L75,2025-10-06,44800.12461447468,0.0,44800.12461447468,621.67577196667,45421.80038644135,71936.2194801154,71936.2194801154,163.82976879935273,72100.04924891474,True,22094.778117283953,17896.770275000003,39991.548392283956
0.99,0.75,CVaR99-L75,2025-10-07,44802.71235799338,0.0,44802.71235799338,457.6812649277779,45260.39362292116,71942.39062709287,71942.39062709287,137.46965996667967,72079.86028705955,True,22094.778117283953,17896.770274999995,39991.54839228395
0.99,0.75,CVaR99-L75,2025-10-08,44799.71972744819,0.0,44799.71972744819,1723.8517547583374,46523.57148220653,71939.33714414082,71939.33714414082,471.24061522765544,72410.57775936848,True,22094.778117283953,17896.770274999995,39991.54839228395
0.99,0.75,CVaR99-L75,2025-10-09,44803.172424263816,0.0,44803.172424263816,1155.5515341583352,45958.72395842215,71944.93241737002,71944.93241737002,295.93654618034327,72240.86896355035,True,22094.778117283953,17896.770275,39991.54839228395
0.99,0.75,CVaR99-L75,2025-10-10,44803.13582826141,0.0,44803.13582826141,0.0,44803.13582826141,71937.97442978654,71937.97442978654,0.0,71937.97442978654,False,22094.778117283953,17896.770275,39991.54839228395
0.99,0.75,CVaR99-L75,2025-10-11,44802.83035948376,0.0,44802.83035948376,0.0,44802.83035948376,71936.29667179371,71936.29667179371,0.0,71936.29667179371,False,22094.778117283953,17896.770274999995,39991.54839228395
0.99,0.75,CVaR99-L75,2025-10-12,44639.313443944746,0.0,44639.313443944746,1502.6957546083327,46142.00919855308,71680.6162373759,71680.6162373759,386.4075666666665,72067.02380404256,True,22094.778117283953,17896.770274999995,39991.54839228395
0.99,0.75,CVaR99-L75,2025-10-13,44572.6304177232,0.0,44572.6304177232,977.1152507333454,45549.74566845655,71600.85632385622,71600.85632385622,240.96189940061925,71841.81822325684,True,22094.778117283953,17896.770274999995,39991.54839228395
0.99,0.75,CVaR99-L75,2025-10-14,44590.73025585324,0.0,44590.73025585324,3619.2017405583347,48209.93199641157,71624.14504543226,71624.14504543226,824.9435303828445,72449.08857581511,True,22094.778117283953,17896.770274999995,39991.54839228395
0.99,0.75,CVaR99-L75,2025-10-15,44644.72116793743,0.0,44644.72116793743,2209.181942533328,46853.90311047076,71629.92024694313,71629.92024694313,609.7972145206721,72239.7174614638,True,22094.778117283953,17896.770274999995,39991.54839228395
0.99,0.75,CVaR99-L75,2025-10-16,44630.49782165375,0.0,44630.49782165375,6374.926275749995,51005.424097403746,71601.55558222163,71601.55558222163,1581.7773965821648,73183.3329788038,True,22094.778117283953,17896.770274999995,39991.54839228395
0.99,0.75,CVaR99-L75,2025-10-17,45338.82192885058,0.0,45338.82192885058,0.0,45338.82192885058,72516.03709969952,72516.03709969952,0.0,72516.03709969952,False,22175.807807934856,17962.404324427232,40138.21213236209
0.99,0.75,CVaR99-L75,2025-10-18,45368.556062348245,0.0,45368.556062348245,0.0,45368.556062348245,72493.96502217198,72493.96502217198,0.0,72493.96502217198,False,22172.3862654321,17959.632875,40132.019140432094
0.99,0.75,CVaR99-L75,2025-10-19,45284.162847217034,0.0,45284.162847217034,4838.017336825001,50122.18018404204,72376.48172737974,72376.48172737974,1197.1452666666669,73573.62699404641,True,22177.0062654321,17963.375074999996,40140.3813404321
0.99,0.75,CVaR99-L75,2025-10-20,45415.11728493354,0.0,45415.11728493354,6592.769000200004,52007.88628513354,72653.06168077842,72653.06168077842,1444.2259846414008,74097.28766541982,True,22358.411306584363,18110.313158333334,40468.7244649177
0.99,0.75,CVaR99-L75,2025-10-21,45542.08926796686,0.0,45542.08926796686,7135.357169169443,52677.44643713631,72734.12193868068,72734.12193868068,2203.8812311583115,74938.003169839,True,22357.822139917695,18109.835933333332,40467.65807325103
0.99,0.75,CVaR99-L75,2025-10-22,46061.52156196476,0.0,46061.52156196476,6425.630802983331,52487.15236494809,73621.63152466598,73621.63152466598,1529.0973187763268,75150.72884344231,True,22426.091296296298,18165.133950000003,40591.2252462963
0.99,0.75,CVaR99-L75,2025-10-23,46290.878755822836,0.0,46290.878755822836,1258.1896371999997,47549.06839302283,74067.54683612878,74067.54683612878,376.5930166666667,74444.13985279544,True,22892.676095939038,18543.06763771062,41435.74373364966
0.99,0.75,CVaR99-L75,2025-10-24,46288.1993393886,0.0,46288.1993393886,0.0,46288.1993393886,74020.8438664216,74020.8438664216,0.0,74020.8438664216,False,22920.895679610814,18565.925500484762,41486.821180095576
0.99,0.75,CVaR99-L75,2025-10-25,46134.35224926285,0.0,46134.35224926285,0.0,46134.35224926285,73962.16578735053,73962.16578735053,0.0,73962.16578735053,False,22917.22595825279,18562.95302618476,41480.17898443755
0.99,0.75,CVaR99-L75,2025-10-26,46134.16012198332,0.0,46134.16012198332,1740.687196175001,47874.84731815832,73914.37756409135,73914.37756409135,511.82326666666677,74426.20083075803,True,22918.4083922508,18563.910797723143,41482.31918997395
0.99,0.75,CVaR99-L75,2025-10-27,45919.128020029195,0.0,45919.128020029195,5181.713402350002,51100.8414223792,73625.74694392204,73625.74694392204,1297.4740250604386,74923.22096898248,True,22852.98685109488,18510.91934938685,41363.90620048173
0.99,0.75,CVaR99-L75,2025-10-28,46175.483949675945,0.0,46175.483949675945,4873.815619000001,51049.299568675946,73943.96424826152,73943.96424826152,1194.7245258493986,75138.68877411091,True,22741.843257011264,18420.893038179125,41162.73629519039
0.99,0.75,CVaR99-L75,2025-10-29,46406.21724191815,0.0,46406.21724191815,9325.142073491683,55731.359315409834,74260.63877174069,74260.63877174069,2490.3469772366307,76750.98574897733,True,22715.68337506937,18399.703533806198,41115.38690887557
0.99,0.75,CVaR99-L75,2025-10-30,48101.49031045633,0.0,48101.49031045633,1798.9282986416642,49900.41860909799,76404.47129100055,76404.47129100055,429.1740666666662,76833.6453576672,True,23233.158683127574,18818.858533333332,42052.01721646091
0.99,0.75,CVaR99-L75,2025-10-31,48236.472876437656,0.0,48236.472876437656,0.0,48236.472876437656,76673.58601267354,76673.58601267354,0.0,76673.58601267354,False,23233.158683127574,18818.858533333332,42052.01721646091
0.99,0.75,CVaR99-L75,2025-11-01,46350.77851793651,0.0,46350.77851793651,0.0,46350.77851793651,74903.26418030067,74903.26418030067,0.0,74903.26418030067,False,23243.49364197531,18827.22985,42070.72349197531
0.99,0.75,CVaR99-L75,2025-11-02,46350.359140389584,0.0,46350.359140389584,3850.797211566665,50201.15635195625,74903.90180892043,74903.90180892043,1003.5051520403732,75907.40696096081,True,23243.49364197531,18827.229849999996,42070.72349197531
0.99,0.75,CVaR99-L75,2025-11-03,46874.62192046043,0.0,46874.62192046043,3958.902250383327,50833.52417084375,75651.86900518453,75651.86900518453,1354.0207351027382,77005.88974028727,True,23432.214588477367,18980.093816666667,42412.30840514404
0.99,0.75,CVaR99-L75,2025-11-04,47258.59275049835,0.0,47258.59275049835,1639.1569149333313,48897.74966543168,76325.43258963479,76325.43258963479,456.9676833333333,76782.40027296812,True,23354.438022819762,18917.09479848401,42271.53282130377
0.99,0.75,CVaR99-L75,2025-11-05,47067.823809758054,0.0,47067.823809758054,3765.9712931875024,50833.79510294556,76106.18668853785,76106.18668853785,941.2067073503775,77047.39339588823,True,23277.093086419758,18854.4454,42131.538486419755
0.99,0.75,CVaR99-L75,2025-11-06,47141.42662937274,0.0,47141.42662937274,8796.305814316675,55937.73244368941,76208.10578220671,76208.10578220671,2075.3802013996683,78283.48598360637,True,23353.081090534975,18915.995683333334,42269.076773868306
0.99,0.75,CVaR99-L75,2025-11-07,48299.07578055622,0.0,48299.07578055622,0.0,48299.07578055622,77646.71531371197,77646.71531371197,0.0,77646.71531371197,False,23302.560858451234,18875.074295345505,42177.63515379674
0.99,0.75,CVaR99-L75,2025-11-08,48298.63670884758,0.0,48298.63670884758,0.0,48298.63670884758,77634.8388267387,77634.8388267387,0.0,77634.8388267387,False,23302.560858451234,18875.0742953455,42177.635153796735
0.99,0.75,CVaR99-L75,2025-11-09,48298.33518150742,0.0,48298.33518150742,5091.612900141666,53389.94808164908,77632.43251244075,77632.43251244075,1314.5272834656325,78946.95979590638,True,23304.95766249744,18877.015706622926,42181.973369120366
0.99,0.75,CVaR99-L75,2025-11-10,49131.552637455956,0.0,49131.552637455956,5928.299299516673,55059.85193697263,78729.52150800294,78729.52150800294,1754.0403579184986,80483.56186592144,True,23325.980333333333,18894.044069999996,42220.02440333333
0.99,0.75,CVaR99-L75,2025-11-11,49670.566434252054,0.0,49670.566434252054,1176.9432083083298,50847.509642560384,79532.97428387823,79532.97428387823,325.0651403238641,79858.03942420208,True,23325.280816666665,18893.4774615,42218.758278166664
0.99,0.75,CVaR99-L75,2025-11-12,49671.34628904463,0.0,49671.34628904463,1773.987403574992,51445.33369261962,79538.90787058644,79538.90787058644,398.39740847996893,79937.30527906641,True,23325.280816666665,18893.4774615,42218.758278166664
0.99,0.75,CVaR99-L75,2025-11-13,49656.51709115392,0.0,49656.51709115392,3905.0728205166924,53561.58991167061,79507.26076028576,79507.26076028576,1056.3028551339246,80563.56361541968,True,23306.053633333333,18877.903442999996,42183.95707633333
0.99,0.75,CVaR99-L75,2025-11-14,50275.4967153607,0.0,50275.4967153607,0.0,50275.4967153607,80334.5987085675,80334.5987085675,0.0,80334.5987085675,False,23355.897414197527,18918.2769055,42274.17431969753
0.99,0.75,CVaR99-L75,2025-11-15,50275.24401129772,0.0,50275.24401129772,0.0,50275.24401129772,80329.76462175249,80329.76462175249,0.0,80329.76462175249,False,23355.897414197527,18918.2769055,42274.17431969753
0.99,0.75,CVaR99-L75,2025-11-16,50274.803136123955,0.0,50274.803136123955,6029.846124358333,56304.649260482285,80328.46793771994,80328.46793771994,1546.6743323696796,81875.14227008962,True,23355.897414197527,18918.2769055,42274.17431969753
0.99,0.75,CVaR99-L75,2025-11-17,51004.071987573916,0.0,51004.071987573916,1472.6887352499957,52476.760722823914,81167.3780514597,81167.3780514597,385.5752739742949,81552.95332543399,True,23379.785844444443,18937.626534000003,42317.412378444445
0.99,0.75,CVaR99-L75,2025-11-18,50883.54231598338,0.0,50883.54231598338,4784.5303579833335,55668.072673966715,81048.24089417275,81048.24089417275,1406.6587833333335,82454.89967750608,True,23407.54911111111,18960.11478,42367.66389111111
0.99,0.75,CVaR99-L75,2025-11-19,51297.207065086666,0.0,51297.207065086666,3322.2014108083345,54619.408475895,81772.04059637069,81772.04059637069,859.3556018368366,82631.39619820753,True,23622.18216049383,19133.96755,42756.14971049383
0.99,0.75,CVaR99-L75,2025-11-20,51393.04592663476,0.0,51393.04592663476,3288.839605416665,54681.88553205143,81927.19053860017,81927.19053860017,812.3479451966818,82739.53848379686,True,23607.670905349794,19122.21343333333,42729.88433868313
0.99,0.75,CVaR99-L75,2025-11-21,51576.07104228431,0.0,51576.07104228431,0.0,51576.07104228431,82154.44018694136,82154.44018694136,0.0,82154.44018694136,False,23651.105679012348,19157.395599999996,42808.501279012344
0.99,0.75,CVaR99-L75,2025-11-22,51575.987271180325,0.0,51575.987271180325,0.0,51575.987271180325,82151.60799858588,82151.60799858588,0.0,82151.60799858588,False,23651.105679012348,19157.395599999996,42808.501279012344
0.99,0.75,CVaR99-L75,2025-11-23,51575.57594409432,0.0,51575.57594409432,5622.821529224999,57198.39747331932,82145.8524895562,82145.8524895562,1386.545216476114,83532.39770603231,True,23651.105679012348,19157.395599999996,42808.501279012344
0.99,0.75,CVaR99-L75,2025-11-24,52151.08155463442,0.0,52151.08155463442,2316.3582015000025,54467.439756134416,82927.06644740944,82927.06644740944,611.7877603071986,83538.85420771663,True,24023.535476109675,19459.063735648837,43482.59921175851
0.99,0.75,CVaR99-L75,2025-11-25,52277.581192919824,0.0,52277.581192919824,3049.6614023583334,55327.242595278156,83102.63958639062,83102.63958639062,789.7875845340252,83892.42717092465,True,24009.468770709944,19447.669704275053,43457.138474985
0.99,0.75,CVaR99-L75,2025-11-26,52617.02596337306,0.0,52617.02596337306,3001.4760893999937,55618.50205277305,83565.99809121026,83565.99809121026,866.0980322331588,84432.09612344342,True,24160.010531043037,19569.60853014486,43729.6190611879
0.99,0.75,CVaR99-L75,2025-11-27,52589.37924294531,0.0,52589.37924294531,2848.881517691669,55438.26076063698,83562.02142901006,83562.02142901006,693.9269000000006,84255.94832901006,True,24001.306182393735,19441.058007738924,43442.36419013266
0.99,0.75,CVaR99-L75,2025-11-28,52595.29240596643,0.0,52595.29240596643,0.0,52595.29240596643,83481.52749908232,83481.52749908232,0.0,83481.52749908232,False,24120.014345533218,19537.211619881906,43657.22596541513
0.99,0.75,CVaR99-L75,2025-11-29,52594.79338281731,0.0,52594.79338281731,0.0,52594.79338281731,83480.88337864494,83480.88337864494,0.0,83480.88337864494,False,24119.883797486476,19537.105875964047,43656.989673450524
0.99,0.75,CVaR99-L75,2025-11-30,52588.35419329001,0.0,52588.35419329001,9849.633407941677,62437.98760123169,83470.42107294,83470.42107294,2820.257191433942,86290.67826437393,True,24122.684437421587,19539.37439431149,43662.05883173308
0.99,0.75,CVaR99-L75,2025-12-01,54261.93525378055,0.0,54261.93525378055,22553.254462599994,76815.18971638056,85891.38195762792,85891.38195762792,6070.1417170995155,91961.52367472743,True,24760.15905349794,20055.728833333334,44815.887886831275
0.99,0.75,CVaR99-L75,2025-12-02,58487.244034561125,0.0,58487.244034561125,10840.81059078333,69328.05462534446,91672.9794260493,91672.9794260493,2984.4548494345095,94657.43427548381,True,24833.333333333332,20115.0,44948.33333333333
0.99,0.75,CVaR99-L75,2025-12-03,60482.642406889645,0.0,60482.642406889645,3981.8507118374996,64464.49311872714,94425.129470697,94425.129470697,1360.5431600331117,95785.6726307301,True,24982.954176954736,20236.19288333333,45219.147060288065
0.99,0.75,CVaR99-L75,2025-12-04,61057.386444850985,0.0,61057.386444850985,3788.795168116668,64846.18161296765,95379.6716203113,95379.6716203113,953.0767860270928,96332.74840633839,True,25131.709341563786,20356.68456666667,45488.39390823046
0.99,0.75,CVaR99-L75,2025-12-05,61244.21324721372,0.0,61244.21324721372,0.0,61244.21324721372,95378.90155662807,95378.90155662807,0.0,95378.90155662807,False,25121.638353909464,20348.52706666667,45470.16542057613
0.99,0.75,CVaR99-L75,2025-12-06,61242.40704515039,0.0,61242.40704515039,0.0,61242.40704515039,95376.55205658697,95376.55205658697,0.0,95376.55205658697,False,25121.638353909464,20348.52706666667,45470.16542057613
0.99,0.75,CVaR99-L75,2025-12-07,61242.40704515038,0.0,61242.40704515038,2894.4270149999993,64136.83406015038,95376.27687921401,95376.27687921401,779.2723024311772,96155.54918164518,True,25121.638353909464,20348.52706666667,45470.16542057613
0.99,0.75,CVaR99-L75,2025-12-08,60773.10042667218,0.0,60773.10042667218,3527.2675908833335,64300.36801755551,94791.38607825412,94791.38607825412,1051.4527193920444,95842.83879764617,True,25182.47563449542,20397.80526394129,45580.28089843671
0.99,0.75,CVaR99-L75,2025-12-09,60949.941784865834,0.0,60949.941784865834,3593.4860488500003,64543.42783371583,95192.41132698441,95192.41132698441,820.9776333863032,96013.3889603707,True,25207.304629564234,20417.916749947028,45625.22137951126
0.99,0.75,CVaR99-L75,2025-12-10,61052.991358966035,0.0,61052.991358966035,3933.6326094333344,64986.62396839937,95297.19061224631,95297.19061224631,1151.7890339258518,96448.97964617216,True,25257.684320987653,20458.724299999998,45716.408620987655
0.99,0.75,CVaR99-L75,2025-12-11,61887.03504434897,0.0,61887.03504434897,1028.2805209833318,62915.315565332305,96398.43218477115,96398.43218477115,357.34734564893193,96755.77953042008,True,25370.999835390943,20550.509866666667,45921.50970205761
0.99,0.75,CVaR99-L75,2025-12-12,61923.71003083771,0.0,61923.71003083771,0.0,61923.71003083771,96460.48683110545,96460.48683110545,0.0,96460.48683110545,False,25370.999835390943,20550.509866666667,45921.50970205761
0.99,0.75,CVaR99-L75,2025-12-13,61923.71003083771,0.0,61923.71003083771,0.0,61923.71003083771,96460.48683110545,96460.48683110545,0.0,96460.48683110545,False,25370.999835390943,20550.509866666667,45921.50970205761
0.99,0.75,CVaR99-L75,2025-12-14,61923.71003083771,0.0,61923.71003083771,1972.412206533335,63896.12223737105,96460.73020094715,96460.73020094715,611.1209863701158,97071.85118731727,True,25370.999835390943,20550.509866666667,45921.50970205761
0.99,0.75,CVaR99-L75,2025-12-15,61704.42069867552,0.0,61704.42069867552,3973.920689759096,65678.34138843462,96167.6250318985,96167.6250318985,1277.529249413883,97445.15428131238,True,25367.614954044388,20547.768112775957,45915.383066820345
0.99,0.75,CVaR99-L75,2025-12-16,61570.820431102075,0.0,61570.820431102075,2751.5654459750017,64322.385877077075,96168.00156488681,96168.00156488681,798.8880500000004,96966.88961488681,True,25292.80919145548,20487.175445078945,45779.98463653443
0.99,0.75,CVaR99-L75,2025-12-17,61571.807939193386,0.0,61571.807939193386,1438.7362325166623,63010.54417171005,96167.2076930593,96167.2076930593,458.99204443090514,96626.19973749021,True,25240.136872088544,20444.51086639172,45684.647738480264
0.99,0.75,CVaR99-L75,2025-12-18,61573.25942499942,0.0,61573.25942499942,1466.0606418666669,63039.32006686609,96175.66840928924,96175.66840928924,470.56473333333327,96646.23314262257,True,25236.20862646606,20441.32898743751,45677.53761390357
0.99,0.75,CVaR99-L75,2025-12-19,61572.503107809214,0.0,61572.503107809214,0.0,61572.503107809214,96177.86483533174,96177.86483533174,0.0,96177.86483533174,False,25234.032059666253,20439.565968329665,45673.59802799592
0.99,0.75,CVaR99-L75,2025-12-20,61572.503107809214,0.0,61572.503107809214,0.0,61572.503107809214,96177.86483533174,96177.86483533174,0.0,96177.86483533174,False,25234.032059666253,20439.565968329665,45673.59802799592
0.99,0.75,CVaR99-L75,2025-12-21,61572.09374191219,0.0,61572.09374191219,3269.6522213666667,64841.74596327886,96185.70197534852,96185.70197534852,1035.8850943091568,97221.58706965767,True,25253.374892377487,20455.23366282577,45708.60855520326
0.99,0.75,CVaR99-L75,2025-12-22,61629.63877128552,0.0,61629.63877128552,2055.0173422500047,63684.65611353553,96362.73346416545,96362.73346416545,567.1962428804752,96929.92970704591,True,25215.68616930729,20424.705797138908,45640.3919664462
0.99,0.75,CVaR99-L75,2025-12-23,61609.307457891664,0.0,61609.307457891664,778.0352746166675,62387.34273250833,96341.30203416216,96341.30203416216,189.04875000000015,96530.35078416216,True,25234.099020889236,20439.620206920285,45673.71922780952
0.99,0.75,CVaR99-L75,2025-12-24,61606.984472914395,0.0,61606.984472914395,1843.4087114666672,63450.393184381064,96334.07626920036,96334.07626920036,477.61468582064197,96811.69095502101,True,25234.427744749402,20439.886473247017,45674.31421799642
0.99,0.75,CVaR99-L75,2025-12-25,61612.61576300215,0.0,61612.61576300215,1651.79899776666,63264.41476076881,96345.23872862087,96345.23872862087,516.6311418286521,96861.86987044952,True,25238.156453003638,20442.90672693295,45681.06317993659
0.99,0.75,CVaR99-L75,2025-12-26,61610.27286200244,0.0,61610.27286200244,0.0,61610.27286200244,96344.00158707725,96344.00158707725,0.0,96344.00158707725,False,25236.375340703464,20441.464025969806,45677.83936667327
0.99,0.75,CVaR99-L75,2025-12-27,61609.03109215301,0.0,61609.03109215301,0.0,61609.03109215301,96342.68121593131,96342.68121593131,0.0,96342.68121593131,False,25235.8133551407,20441.00881766397,45676.82217280467
0.99,0.75,CVaR99-L75,2025-12-28,61609.031092153,0.0,61609.031092153,1132.5456375749977,62741.576729728,96342.97068567367,96342.97068567367,279.08598053602987,96622.0566662097,True,25235.8133551407,20441.00881766397,45676.82217280467
0.99,0.75,CVaR99-L75,2025-12-29,61630.83513514382,0.0,61630.83513514382,1359.7734645750006,62990.60859971882,96370.2715858167,96370.2715858167,400.4242666666669,96770.69585248338,True,25239.711869109713,20444.16661397887,45683.878483088585
0.99,0.75,CVaR99-L75,2025-12-30,61635.21618616913,0.0,61635.21618616913,812.4949708916749,62447.7111570608,96374.7657695332,96374.7657695332,186.01083268159425,96560.7766022148,True,25236.74142694815,20441.760555828005,45678.50198277616
0.99,0.75,CVaR99-L75,2025-12-31,61645.12322117486,0.0,61645.12322117486,2038.57668230833,63683.69990348319,96390.59562139501,96390.59562139501,582.3501076544155,96972.94572904943,True,25235.892440686745,20441.072876956263,45676.96531764301
0.99,1.0,CVaR99-L100,2025-02-01,64139.093122065984,0.0,64139.093122065984,0.0,64139.093122065984,99886.5258335777,99886.5258335777,0.0,99886.5258335777,False,25568.787653454907,20710.71799929847,46279.505652753374
0.99,1.0,CVaR99-L100,2025-02-02,64188.60364652102,0.0,64188.60364652102,30.42638316666787,64219.03002968769,99916.55032588397,99916.55032588397,6.2196965074803074,99922.77002239146,True,25570.691224510265,20712.25989185331,46282.951116363576
0.99,1.0,CVaR99-L100,2025-02-03,64022.124545401915,0.0,64022.124545401915,0.0,64022.124545401915,99622.67454330236,99622.67454330236,0.0,99622.67454330236,False,25564.181255144034,20706.986816666667,46271.1680718107
0.99,1.0,CVaR99-L100,2025-02-04,64022.12454540191,0.0,64022.12454540191,147.03110330000004,64169.15564870191,99621.92615896356,99621.92615896356,50.340516666666645,99672.26667563022,True,25564.181255144034,20706.986816666667,46271.1680718107
0.99,1.0,CVaR99-L100,2025-02-05,64022.124545401915,0.0,64022.124545401915,75.79150387500029,64097.916049276915,99622.6747174052,99622.6747174052,12.067750000000046,99634.7424674052,True,25564.181255144034,20706.986816666667,46271.1680718107
0.99,1.0,CVaR99-L100,2025-02-06,63836.71554139333,0.0,63836.71554139333,15.003368333332702,63851.71890972666,99373.66864483178,99373.66864483178,2.2283333333332394,99375.89697816511,True,25555.83557613169,20700.22681666667,46256.062392798354
0.99,1.0,CVaR99-L100,2025-02-07,63754.05705385664,0.0,63754.05705385664,0.0,63754.05705385664,99290.61343414124,99290.61343414124,0.0,99290.61343414124,False,25555.83557613169,20700.226816666665,46256.062392798354
0.99,1.0,CVaR99-L100,2025-02-08,63146.19361871687,0.0,63146.19361871687,0.0,63146.19361871687,98266.81162226734,98266.81162226734,0.0,98266.81162226734,False,25443.2141563786,20609.003466666665,46052.21762304526
0.99,1.0,CVaR99-L100,2025-02-09,63235.331923175254,0.0,63235.331923175254,38.219312500000086,63273.55123567525,98456.12398096961,98456.12398096961,15.211666666666702,98471.33564763628,True,25435.496574637746,20602.752225456574,46038.24880009432
0.99,1.0,CVaR99-L100,2025-02-10,62863.60777888101,0.0,62863.60777888101,0.0,62863.60777888101,97926.58386530477,97926.58386530477,0.0,97926.58386530477,False,25395.730041152263,20570.54133333333,45966.271374485594
0.99,1.0,CVaR99-L100,2025-02-11,62863.60777888101,0.0,62863.60777888101,0.0,62863.60777888101,97927.96745985327,97927.96745985327,0.0,97927.96745985327,False,25395.730041152263,20570.54133333333,45966.271374485594
0.99,1.0,CVaR99-L100,2025-02-12,62863.60777888101,0.0,62863.60777888101,0.0,62863.60777888101,97926.95413924848,97926.95413924848,0.0,97926.95413924848,False,25395.730041152263,20570.54133333333,45966.271374485594
0.99,1.0,CVaR99-L100,2025-02-13,62354.24418991929,0.0,62354.24418991929,31.6866610000002,62385.93085091929,97245.91214331069,97245.91214331069,4.697800000000029,97250.60994331069,True,25398.310557834666,20572.63155184608,45970.94210968075
0.99,1.0,CVaR99-L100,2025-02-14,62484.686438030454,0.0,62484.686438030454,0.0,62484.686438030454,97364.02356475336,97364.02356475336,0.0,97364.02356475336,False,25404.190041152262,20577.393933333333,45981.58397448559
0.99,1.0,CVaR99-L100,2025-02-15,62472.61075665758,0.0,62472.61075665758,0.0,62472.61075665758,97299.81442956967,97299.81442956967,0.0,97299.81442956967,False,25406.960102880657,20579.637683333334,45986.59778621399
0.99,1.0,CVaR99-L100,2025-02-16,62268.015728562954,0.0,62268.015728562954,119.72813433333297,62387.743862896285,96981.76964119944,96981.76964119944,17.70733333333328,96999.47697453278,True,25477.79296296296,20637.0123,46114.80526296296
0.99,1.0,CVaR99-L100,2025-02-17,61775.799214101295,0.0,61775.799214101295,102.59248287499982,61878.391696976294,96499.77886325773,96499.77886325773,15.260133333333329,96515.03899659106,True,25477.79296296296,20637.012300000002,46114.80526296297
0.99,1.0,CVaR99-L100,2025-02-18,61775.79921410129,0.0,61775.79921410129,0.0,61775.79921410129,96499.35245582496,96499.35245582496,0.0,96499.35245582496,False,25477.79296296296,20637.012300000002,46114.80526296297
0.99,1.0,CVaR99-L100,2025-02-19,61775.79921410129,0.0,61775.79921410129,199.80796992500137,61975.60718402629,96501.0302482913,96501.0302482913,33.119083333333606,96534.14933162463,True,25477.79296296296,20637.012300000002,46114.80526296297
0.99,1.0,CVaR99-L100,2025-02-20,61660.22897476074,0.0,61660.22897476074,248.13596249999947,61908.36493726074,96476.08821727525,96476.08821727525,40.87833333333333,96516.96655060857,True,25325.428765432098,20513.597299999998,45839.026065432095
0.99,1.0,CVaR99-L100,2025-02-21,61346.5254026617,0.0,61346.5254026617,0.0,61346.5254026617,96134.9137990553,96134.9137990553,0.0,96134.9137990553,False,25313.83222222222,20504.2041,45818.03632222222
0.99,1.0,CVaR99-L100,2025-02-22,61486.736882884776,0.0,61486.736882884776,0.0,61486.736882884776,96315.72693649965,96315.72693649965,0.0,96315.72693649965,False,25313.83222222222,20504.2041,45818.03632222222
0.99,1.0,CVaR99-L100,2025-02-23,60930.01269321039,0.0,60930.01269321039,44.036722491667895,60974.04941570206,95642.40063712708,95642.40063712708,12.595916666666994,95654.99655379375,True,25062.055432098765,20300.264900000002,45362.32033209877
0.99,1.0,CVaR99-L100,2025-02-24,59774.49584129543,0.0,59774.49584129543,59.08042133333316,59833.57626262876,94063.88810644142,94063.88810644142,16.747299999999996,94080.63540644142,True,24969.563065843617,20225.34608333333,45194.90914917695
0.99,1.0,CVaR99-L100,2025-02-25,59774.49584129543,0.0,59774.49584129543,216.28662437500074,59990.78246567043,94064.77443572972,94064.77443572972,36.13550000000009,94100.90993572972,True,24969.563065843617,20225.34608333333,45194.90914917695
0.99,1.0,CVaR99-L100,2025-02-26,59774.49584129543,0.0,59774.49584129543,64.29615166666629,59838.7919929621,94064.06347211413,94064.06347211413,19.29833333333329,94083.36180544746,True,24969.563065843617,20225.34608333333,45194.90914917695
0.99,1.0,CVaR99-L100,2025-02-27,59021.582006593686,0.0,59021.582006593686,148.20678117499767,59169.78878776868,93046.92414928917,93046.92414928917,23.43021311279358,93070.35436240197,True,24875.909897119338,20149.487016666666,45025.396913786004
0.99,1.0,CVaR99-L100,2025-02-28,58674.95571986833,0.0,58674.95571986833,0.0,58674.95571986833,92524.34529746365,92524.34529746365,0.0,92524.34529746365,False,24870.789999999997,20145.3399,45016.1299
0.99,1.0,CVaR99-L100,2025-03-01,57020.56801926772,0.0,57020.56801926772,0.0,57020.56801926772,90173.3334071762,90173.3334071762,0.0,90173.3334071762,False,24741.199320987653,20040.37145,44781.57077098765
0.99,1.0,CVaR99-L100,2025-03-02,56986.928937548095,0.0,56986.928937548095,872.5557579916684,57859.484695539766,90070.00228554226,90070.00228554226,234.89976666666706,90304.90205220893,True,24729.055679012345,20030.5351,44759.590779012346
0.99,1.0,CVaR99-L100,2025-03-03,55576.97832377236,0.0,55576.97832377236,1349.0556882624978,56926.034012034856,88361.02852611287,88361.02852611287,243.57828068429626,88604.60680679716,True,24696.531790123456,20004.190749999998,44700.722540123454
0.99,1.0,CVaR99-L100,2025-03-04,55453.4595474985,0.0,55453.4595474985,651.424578274998,56104.884125773504,88144.63929593076,88144.63929593076,169.6697799803444,88314.30907591111,True,24693.213868312756,20001.503233333333,44694.71710164609
0.99,1.0,CVaR99-L100,2025-03-05,55453.459547498496,0.0,55453.459547498496,745.7232201250013,56199.1827676235,88144.72459774194,88144.72459774194,125.81063333333339,88270.53523107526,True,24693.213868312756,20001.503233333333,44694.71710164609
0.99,1.0,CVaR99-L100,2025-03-06,55453.45954749851,0.0,55453.45954749851,835.5770335166671,56289.03658101518,88136.85668003873,88136.85668003873,195.5977333333335,88332.45441337206,True,24693.213868312756,20001.503233333333,44694.71710164609
0.99,1.0,CVaR99-L100,2025-03-07,55588.571160252555,0.0,55588.571160252555,0.0,55588.571160252555,88207.29892555307,88207.29892555307,0.0,88207.29892555307,False,24705.357510288064,20011.339583333334,44716.6970936214
0.99,1.0,CVaR99-L100,2025-03-08,55048.70813361015,0.0,55048.70813361015,0.0,55048.70813361015,87472.74155216917,87472.74155216917,0.0,87472.74155216917,False,24643.30327160494,19961.075650000002,44604.37892160494
0.99,1.0,CVaR99-L100,2025-03-09,54700.512320656344,0.0,54700.512320656344,685.6335779750004,55386.145898631345,86986.65652051005,86986.65652051005,109.64788333333343,87096.30440384339,True,24643.30327160494,19961.07565,44604.37892160493
0.99,1.0,CVaR99-L100,2025-03-10,53448.510223560086,0.0,53448.510223560086,784.2328646833325,54232.74308824342,85411.55524334323,85411.55524334323,215.75040341728078,85627.3056467605,True,24553.113415637858,19888.021866666666,44441.13528230452
0.99,1.0,CVaR99-L100,2025-03-11,53448.510223560086,0.0,53448.510223560086,353.4064252083326,53801.91664876842,85411.98429535041,85411.98429535041,109.30861666666658,85521.29291201707,True,24553.113415637858,19888.021866666666,44441.13528230452
0.99,1.0,CVaR99-L100,2025-03-12,53448.51022356009,0.0,53448.51022356009,651.2030794916645,54099.71330305176,85412.2517259436,85412.2517259436,186.86669988120582,85599.11842582481,True,24553.113415637858,19888.021866666666,44441.13528230452
0.99,1.0,CVaR99-L100,2025-03-13,52284.736840610174,0.0,52284.736840610174,1425.984233233333,53710.72107384351,83558.581451292,83558.581451292,360.89138870646747,83919.47283999847,True,23894.474588477366,19354.524416666667,43248.99900514403
0.99,1.0,CVaR99-L100,2025-03-14,52280.892175099914,0.0,52280.892175099914,0.0,52280.892175099914,83506.55610731535,83506.55610731535,0.0,83506.55610731535,False,23905.175331781247,19363.192018742815,43268.36735052406
0.99,1.0,CVaR99-L100,2025-03-15,52373.99824619187,0.0,52373.99824619187,14.117926666666708,52388.116172858536,83653.32179753954,83653.32179753954,6.603333333333353,83659.92513087287,True,23895.300905349795,19355.193733333337,43250.49463868313
0.99,1.0,CVaR99-L100,2025-03-16,52028.09968716942,0.0,52028.09968716942,78.18922119166652,52106.288908361086,83276.75954467828,83276.75954467828,35.828483333333224,83312.58802801161,True,23894.474588477366,19354.52441666667,43248.99900514404
0.99,1.0,CVaR99-L100,2025-03-17,52002.348401539115,0.0,52002.348401539115,518.4174284833338,52520.76583002245,83074.75545276489,83074.75545276489,111.89381666666668,83186.64926943155,True,23894.474588477366,19354.524416666667,43248.99900514403
0.99,1.0,CVaR99-L100,2025-03-18,52002.348401539115,0.0,52002.348401539115,174.14911930833125,52176.49752084745,83074.55450405178,83074.55450405178,74.71580227182108,83149.2703063236,True,23894.474588477366,19354.524416666667,43248.99900514403
0.99,1.0,CVaR99-L100,2025-03-19,52002.348401539115,0.0,52002.348401539115,118.87676547500031,52121.22516701411,83074.11770155601,83074.11770155601,49.09908333333351,83123.21678488934,True,23894.474588477366,19354.524416666667,43248.99900514403
0.99,1.0,CVaR99-L100,2025-03-20,51354.3062598691,0.0,51354.3062598691,520.0569387333347,51874.36319860244,82261.22290794784,82261.22290794784,124.48380000000043,82385.70670794784,True,23894.474588477366,19354.524416666667,43248.99900514403
0.99,1.0,CVaR99-L100,2025-03-21,51626.653801324166,0.0,51626.653801324166,0.0,51626.653801324166,82566.78194824516,82566.78194824516,0.0,82566.78194824516,False,23894.474588477366,19354.524416666667,43248.99900514403
0.99,1.0,CVaR99-L100,2025-03-22,51626.653801324166,0.0,51626.653801324166,23.98479666666673,51650.63859799083,82566.10652239187,82566.10652239187,11.218333333333362,82577.32485572521,True,23894.474588477366,19354.524416666667,43248.99900514403
0.99,1.0,CVaR99-L100,2025-03-23,51443.318039947684,0.0,51443.318039947684,335.2745764666687,51778.59261641435,82435.99086227884,82435.99086227884,77.01943333333361,82513.01029561217,True,23894.474588477366,19354.524416666667,43248.99900514403
0.99,1.0,CVaR99-L100,2025-03-24,50563.16232553091,0.0,50563.16232553091,224.3158482083339,50787.47817373924,81203.63693834984,81203.63693834984,105.4261833333336,81309.06312168317,True,23894.474588477366,19354.524416666667,43248.99900514403
0.99,1.0,CVaR99-L100,2025-03-25,50563.16232553091,0.0,50563.16232553091,460.5849889916652,51023.747314522574,81203.6493374324,81203.6493374324,133.70233333333294,81337.35167076574,True,23894.474588477366,19354.524416666667,43248.99900514403
0.99,1.0,CVaR99-L100,2025-03-26,50563.16232553091,0.0,50563.16232553091,288.32797318333763,50851.49029871425,81203.68668907967,81203.68668907967,99.1627902685068,81302.84947934817,True,23894.474588477366,19354.524416666667,43248.99900514403
0.99,1.0,CVaR99-L100,2025-03-27,50335.55752573816,0.0,50335.55752573816,377.9137898333345,50713.47131557149,80935.36197681993,80935.36197681993,128.3408333617856,81063.70281018171,True,23894.474588477366,19354.524416666667,43248.99900514403
0.99,1.0,CVaR99-L100,2025-03-28,50699.6888345621,0.0,50699.6888345621,0.0,50699.6888345621,81467.37084432183,81467.37084432183,0.0,81467.37084432183,False,23894.474588477366,19354.524416666667,43248.99900514403
0.99,1.0,CVaR99-L100,2025-03-29,50489.55246775744,0.0,50489.55246775744,0.0,50489.55246775744,81020.87351336991,81020.87351336991,0.0,81020.87351336991,False,23894.474588477366,19354.524416666667,43248.99900514403
0.99,1.0,CVaR99-L100,2025-03-30,50602.165870651006,0.0,50602.165870651006,506.6864816416678,51108.85235229268,81180.59431033961,81180.59431033961,218.34837494807357,81398.9426852877,True,23894.474588477366,19354.524416666667,43248.99900514403
0.99,1.0,CVaR99-L100,2025-03-31,49997.18070092411,0.0,49997.18070092411,111.79619126666697,50108.976892190774,80418.38230412666,80418.38230412666,52.590000000000146,80470.97230412666,True,23894.474588477366,19354.524416666667,43248.99900514403
0.99,1.0,CVaR99-L100,2025-04-01,49997.18070092411,0.0,49997.18070092411,616.1604716083335,50613.34117253244,80412.05653218419,80412.05653218419,215.13303333333317,80627.18956551752,True,23894.474588477366,19354.524416666667,43248.99900514403
0.99,1.0,CVaR99-L100,2025-04-02,49997.18070092412,0.0,49997.18070092412,686.552072966666,50683.732773890784,80412.6173679585,80412.6173679585,245.31261217421104,80657.92998013271,True,23894.474588477366,19354.524416666667,43248.99900514403
0.99,1.0,CVaR99-L100,2025-04-03,48612.08025101391,0.0,48612.08025101391,665.9527202958359,49278.032971309745,78624.63513577386,78624.63513577386,215.38698703941793,78840.02212281327,True,23196.762916666667,18789.377962500002,41986.14087916667
0.99,1.0,CVaR99-L100,2025-04-04,46942.37121294608,0.0,46942.37121294608,0.0,46942.37121294608,76531.7435824206,76531.7435824206,0.0,76531.7435824206,False,23196.762916666667,18789.377962500002,41986.14087916667
0.99,1.0,CVaR99-L100,2025-04-05,46608.99926138875,0.0,46608.99926138875,0.0,46608.99926138875,76131.48702761637,76131.48702761637,0.0,76131.48702761637,False,23196.762916666667,18789.3779625,41986.14087916666
0.99,1.0,CVaR99-L100,2025-04-06,46336.42601035436,0.0,46336.42601035436,606.4076566666663,46942.83366702103,75832.61290536761,75832.61290536761,144.94478333333325,75977.55768870095,True,23196.762916666667,18789.377962500002,41986.14087916667
0.99,1.0,CVaR99-L100,2025-04-07,45899.65112769865,0.0,45899.65112769865,251.85092789166765,46151.50205559032,75289.19793862192,75289.19793862192,98.23903858899769,75387.43697721092,True,23154.38537452188,18755.05215336272,41909.4375278846
0.99,1.0,CVaR99-L100,2025-04-08,45899.65112769866,0.0,45899.65112769866,402.77491411666546,46302.42604181532,75289.57783474794,75289.57783474794,121.15079999999955,75410.72863474794,True,23154.38537452188,18755.05215336272,41909.4375278846
0.99,1.0,CVaR99-L100,2025-04-09,45899.65112769866,0.0,45899.65112769866,410.5328370999996,46310.183964798656,75287.39395405944,75287.39395405944,147.7655645321703,75435.15951859161,True,23154.38537452188,18755.05215336272,41909.4375278846
0.99,1.0,CVaR99-L100,2025-04-10,45851.977643195365,0.0,45851.977643195365,804.7726883833315,46656.750331578696,75249.02054978075,75249.02054978075,213.13991666666607,75462.16046644741,True,23196.762916666667,18789.3779625,41986.14087916666
0.99,1.0,CVaR99-L100,2025-04-11,45362.0309596845,0.0,45362.0309596845,0.0,45362.0309596845,74485.35597971012,74485.35597971012,0.0,74485.35597971012,False,22794.167968999678,18463.27605488974,41257.44402388942
0.99,1.0,CVaR99-L100,2025-04-12,44854.8104945975,0.0,44854.8104945975,0.0,44854.8104945975,73795.935226027,73795.935226027,0.0,73795.935226027,False,22709.117924698337,18394.385519005657,41103.503443703994
0.99,1.0,CVaR99-L100,2025-04-13,44980.59474230278,0.0,44980.59474230278,419.61179312500076,45400.20653542778,73925.60948781835,73925.60948781835,151.6275833333333,74077.23707115169,True,22710.450989919518,18395.465301834807,41105.91629175433
0.99,1.0,CVaR99-L100,2025-04-14,42772.33253892179,0.0,42772.33253892179,850.9833808249989,43623.31591974679,70699.61377925513,70699.61377925513,209.07778762308203,70908.69156687822,True,22030.83378600823,17844.975366666666,39875.80915267489
0.99,1.0,CVaR99-L100,2025-04-15,42772.33253892178,0.0,42772.33253892178,743.1333406333338,43515.465879555115,70701.42539357967,70701.42539357967,161.98083944737039,70863.40623302704,True,22030.83378600823,17844.975366666666,39875.80915267489
0.99,1.0,CVaR99-L100,2025-04-16,42772.332538921786,0.0,42772.332538921786,822.3942645249999,43594.726803446785,70701.36604288111,70701.36604288111,266.91655000000003,70968.2825928811,True,22030.83378600823,17844.975366666666,39875.80915267489
0.99,1.0,CVaR99-L100,2025-04-17,41683.92559667415,0.0,41683.92559667415,440.46072380833584,42124.38632048248,69150.19243260132,69150.19243260132,122.27345030819981,69272.46588290953,True,21701.087160493826,17577.880599999997,39278.96776049382
0.99,1.0,CVaR99-L100,2025-04-18,41681.4051036247,0.0,41681.4051036247,0.0,41681.4051036247,69116.49419392746,69116.49419392746,0.0,69116.49419392746,False,21701.087160493826,17577.8806,39278.967760493826
0.99,1.0,CVaR99-L100,2025-04-19,42071.50187128611,0.0,42071.50187128611,1.9633966666665823,42073.46526795278,69720.23208846126,69720.23208846126,0.9183333333332939,69721.15042179459,True,21723.612901234563,17596.12645,39319.73935123456
0.99,1.0,CVaR99-L100,2025-04-20,42218.56436084953,0.0,42218.56436084953,175.4885033833328,42394.052864232865,69929.46548477813,69929.46548477813,73.51731666666649,70002.9828014448,True,21709.86416135365,17584.989970696457,39294.85413205011
0.99,1.0,CVaR99-L100,2025-04-21,41593.08868496602,0.0,41593.08868496602,702.9103952416674,42295.999080207686,69209.79245084681,69209.79245084681,244.28696666666667,69454.07941751348,True,21703.859362139916,17580.12608333333,39283.98544547324
0.99,1.0,CVaR99-L100,2025-04-22,41593.08868496602,0.0,41593.08868496602,630.7926605083326,42223.88134547435,69210.08203893792,69210.08203893792,180.1180499999998,69390.20008893793,True,21703.859362139916,17580.12608333333,39283.98544547324
0.99,1.0,CVaR99-L100,2025-04-23,41593.08868496602,0.0,41593.08868496602,904.4854353999988,42497.574120366015,69211.35237582627,69211.35237582627,275.70456666666655,69487.05694249294,True,21703.859362139916,17580.12608333333,39283.98544547324
0.99,1.0,CVaR99-L100,2025-04-24,41380.63134153909,0.0,41380.63134153909,822.0124783666649,42202.64381990575,68921.73947887069,68921.73947887069,189.43676666666659,69111.17624553735,True,21720.932407407403,17593.95525,39314.8876574074
0.99,1.0,CVaR99-L100,2025-04-25,41789.728809027554,0.0,41789.728809027554,0.0,41789.728809027554,69560.14078734812,69560.14078734812,0.0,69560.14078734812,False,21698.16611711452,17575.514554862766,39273.68067197729
0.99,1.0,CVaR99-L100,2025-04-26,41431.03081079594,0.0,41431.03081079594,0.0,41431.03081079594,69105.98354383386,69105.98354383386,0.0,69105.98354383386,False,21744.908368577308,17613.375778547623,39358.28414712493
0.99,1.0,CVaR99-L100,2025-04-27,41445.62725064825,0.0,41445.62725064825,477.9057514083337,41923.53300205658,69107.70349480302,69107.70349480302,213.36100014117835,69321.06449494419,True,21759.465546238756,17625.167092453397,39384.63263869216
0.99,1.0,CVaR99-L100,2025-04-28,41048.11672566996,0.0,41048.11672566996,1080.121554024999,42128.23827969496,68606.53670329083,68606.53670329083,373.8292166666665,68980.36591995749,True,21820.010205761315,17674.20826666667,39494.21847242798
0.99,1.0,CVaR99-L100,2025-04-29,41048.116725669955,0.0,41048.116725669955,122.91851814999927,41171.035243819955,68602.08210156459,68602.08210156459,37.89646666666658,68639.97856823126,True,21820.010205761315,17674.20826666667,39494.21847242798
0.99,1.0,CVaR99-L100,2025-04-30,41048.11672566996,0.0,41048.11672566996,894.907914687499,41943.024640357464,68604.79656319208,68604.79656319208,277.41511693041446,68882.21168012249,True,21820.010205761315,17674.20826666667,39494.21847242798
0.99,1.0,CVaR99-L100,2025-05-01,41048.0992404094,0.0,41048.0992404094,8916.318165854167,49964.417406263565,68597.11023255062,68597.11023255062,1943.6804209839897,70540.79065353461,True,21820.010205761315,17674.20826666667,39494.21847242798
0.99,1.0,CVaR99-L100,2025-05-02,42381.50235683449,0.0,42381.50235683449,0.0,42381.50235683449,69846.05166897408,69846.05166897408,0.0,69846.05166897408,False,21630.548148148144,17520.744,39151.292148148146
0.99,1.0,CVaR99-L100,2025-05-03,41655.2629949163,0.0,41655.2629949163,45.97768999999999,41701.2406849163,68691.04592644157,68691.04592644157,21.504999999999995,68712.55092644157,True,21621.638082379046,17513.52684672703,39135.164929106075
0.99,1.0,CVaR99-L100,2025-05-04,40590.887519490105,0.0,40590.887519490105,2871.771833549996,43462.6593530401,67135.20715861692,67135.20715861692,785.9627753732665,67921.16993399018,True,21668.110308641975,17551.169349999996,39219.27965864197
0.99,1.0,CVaR99-L100,2025-05-05,40282.18232220247,0.0,40282.18232220247,2862.0355405166674,43144.21786271914,66759.50504599288,66759.50504599288,759.8052065560173,67519.3102525489,True,21635.03894686242,17524.38154695856,39159.42049382098
0.99,1.0,CVaR99-L100,2025-05-06,40435.25827549417,0.0,40435.25827549417,2751.9742916666683,43187.232567160834,67008.74909374639,67008.74909374639,809.1059129279954,67817.85500667438,True,21668.110308641975,17551.169349999996,39219.27965864197
0.99,1.0,CVaR99-L100,2025-05-07,40094.55970551006,0.0,40094.55970551006,3112.3826270416675,43206.94233255173,66663.73917308592,66663.73917308592,724.6326195611146,67388.37179264704,True,21604.81709876543,17499.90185,39104.718948765425
0.99,1.0,CVaR99-L100,2025-05-08,40275.820055764474,0.0,40275.820055764474,4021.9230851083453,44297.74314087282,66885.01763131784,66885.01763131784,1031.5714449597754,67916.58907627761,True,21591.244285507586,17488.907871261148,39080.15215676873
0.99,1.0,CVaR99-L100,2025-05-09,40627.31582148362,0.0,40627.31582148362,0.0,40627.31582148362,67432.03322815854,67432.03322815854,0.0,67432.03322815854,False,21729.78211934156,17601.123516666667,39330.905636008225
0.99,1.0,CVaR99-L100,2025-05-10,40225.66758403774,0.0,40225.66758403774,21.73989666666658,40247.40748070441,66950.6008579599,66950.6008579599,10.168333333333294,66960.76919129324,True,21683.772946824214,17563.856086927615,39247.62903375183
0.99,1.0,CVaR99-L100,2025-05-11,39838.48629390901,0.0,39838.48629390901,2548.1642693666636,42386.650563275674,66229.17678589838,66229.17678589838,598.0821912364456,66827.25897713483,True,21767.676358024684,17631.81785,39399.494208024684
0.99,1.0,CVaR99-L100,2025-05-12,39621.91965453574,0.0,39621.91965453574,2558.8583057916667,42180.77796032741,65850.77413561451,65850.77413561451,881.124037825377,66731.89817343988,True,21518.267044149998,17429.796305761498,38948.06334991149
0.99,1.0,CVaR99-L100,2025-05-13,39703.382975382876,0.0,39703.382975382876,1049.0367394000014,40752.419714782875,65999.04099429052,65999.04099429052,271.11130000000026,66270.15229429053,True,21463.813265567846,17385.688745109957,38849.5020106778
0.99,1.0,CVaR99-L100,2025-05-14,39703.382975382876,0.0,39703.382975382876,952.8478342333349,40656.23080961621,66000.2621996963,66000.2621996963,290.1615000000003,66290.4236996963,True,21463.813265567846,17385.688745109957,38849.5020106778
0.99,1.0,CVaR99-L100,2025-05-15,39617.026676784604,0.0,39617.026676784604,1247.2319956916622,40864.258672476266,65867.83872079414,65867.83872079414,299.0400834810865,66166.87880427523,True,21278.076525944154,17235.241986014764,38513.31851195892
0.99,1.0,CVaR99-L100,2025-05-16,39643.04832071968,0.0,39643.04832071968,0.0,39643.04832071968,65909.69338412964,65909.69338412964,0.0,65909.69338412964,False,21178.535733176115,17154.613943872653,38333.14967704877
0.99,1.0,CVaR99-L100,2025-05-17,39727.69082460258,0.0,39727.69082460258,0.0,39727.69082460258,66038.66480433004,66038.66480433004,0.0,66038.66480433004,False,21215.19960862751,17184.311682988282,38399.511291615796
0.99,1.0,CVaR99-L100,2025-05-18,39694.57701600505,0.0,39694.57701600505,2162.597800774998,41857.174816780054,65904.15378492213,65904.15378492213,866.4131833333327,66770.56696825547,True,21225.840427519754,17192.930746291,38418.771173810754
0.99,1.0,CVaR99-L100,2025-05-19,39649.01938971921,0.0,39649.01938971921,1038.1297467000009,40687.14913641921,65914.1348632975,65914.1348632975,183.1110500000001,66097.2459132975,True,21193.144695009043,17166.44720295732,38359.59189796636
0.99,1.0,CVaR99-L100,2025-05-20,39649.01938971921,0.0,39649.01938971921,3426.0972114583346,43075.11660117754,65918.0581507107,65918.0581507107,836.5485333333335,66754.60668404403,True,21193.144695009043,17166.44720295732,38359.59189796636
0.99,1.0,CVaR99-L100,2025-05-21,39651.71271727114,0.0,39651.71271727114,1788.2957825666685,41440.00849983781,65905.64188745839,65905.64188745839,507.8610333333338,66413.50292079173,True,21053.194743884687,17053.087742546595,38106.282486431286
0.99,1.0,CVaR99-L100,2025-05-22,39651.74892259357,0.0,39651.74892259357,179.00769501666744,39830.75661761024,65894.56421388272,65894.56421388272,48.2228333333336,65942.78704721606,True,21071.238059425945,17067.702828135014,38138.94088756096
0.99,1.0,CVaR99-L100,2025-05-23,39651.74892259357,0.0,39651.74892259357,0.0,39651.74892259357,65896.64760506075,65896.64760506075,0.0,65896.64760506075,False,21071.238059425945,17067.702828135014,38138.94088756096
0.99,1.0,CVaR99-L100,2025-05-24,39651.74892259357,0.0,39651.74892259357,0.0,39651.74892259357,65896.82655846723,65896.82655846723,0.0,65896.82655846723,False,21071.238059425945,17067.702828135014,38138.94088756096
0.99,1.0,CVaR99-L100,2025-05-25,39651.74892259357,0.0,39651.74892259357,970.8678006583332,40622.61672325191,65893.87775996985,65893.87775996985,214.17687127318197,66108.05463124304,True,21071.238059425945,17067.702828135014,38138.94088756096
0.99,1.0,CVaR99-L100,2025-05-26,39651.74892259357,0.0,39651.74892259357,2304.8411989166752,41956.59012151025,65895.47671666704,65895.47671666704,708.280119728885,66603.75683639591,True,21071.238059425945,17067.702828135014,38138.94088756096
0.99,1.0,CVaR99-L100,2025-05-27,39554.85096322867,0.0,39554.85096322867,680.0345425666665,40234.88550579534,65744.67148034934,65744.67148034934,200.51343333333335,65945.18491368266,True,21006.03371086757,17014.887305802727,38020.9210166703
0.99,1.0,CVaR99-L100,2025-05-28,39554.85096322867,0.0,39554.85096322867,1529.2432726499865,41084.094235878656,65744.75863924052,65744.75863924052,450.5717336903414,66195.33037293087,True,21006.03371086757,17014.887305802727,38020.9210166703
0.99,1.0,CVaR99-L100,2025-05-29,39554.85096322867,0.0,39554.85096322867,1116.3492143499898,40671.20017757866,65743.64776193464,65743.64776193464,299.0439084977791,66042.69167043242,True,21006.03371086757,17014.88730580273,38020.9210166703
0.99,1.0,CVaR99-L100,2025-05-30,39115.13133030174,0.0,39115.13133030174,0.0,39115.13133030174,64798.07710338244,64798.07710338244,0.0,64798.07710338244,False,20187.263504032588,16351.683438266395,36538.94694229898
0.99,1.0,CVaR99-L100,2025-05-31,39115.13133030174,0.0,39115.13133030174,193.90234666666652,39309.03367696841,64799.672096825074,64799.672096825074,90.69333333333327,64890.36543015841,True,20187.263504032588,16351.683438266395,36538.94694229898
0.99,1.0,CVaR99-L100,2025-06-01,39115.13133030174,0.0,39115.13133030174,44486.130620949974,83601.26195125171,64798.07710338244,64798.07710338244,11665.2529406388,76463.33004402125,True,20187.263504032588,16351.683438266395,36538.94694229898
0.99,1.0,CVaR99-L100,2025-06-02,47299.22794778584,0.0,47299.22794778584,11925.046176349995,59224.27412413583,77003.34288319899,77003.34288319899,2981.785682648571,79985.12856584755,True,21880.639770432485,17723.31821405031,39603.9579844828
0.99,1.0,CVaR99-L100,2025-06-03,49513.47868650423,0.0,49513.47868650423,2885.4985255500005,52398.97721205423,79969.13645675487,79969.13645675487,615.8708333333333,80585.00729008821,True,22333.333333333332,18090.0,40423.33333333333
0.99,1.0,CVaR99-L100,2025-06-04,49971.81311395687,0.0,49971.81311395687,3667.268962041664,53639.082075998536,80389.42822504754,80389.42822504754,1239.3289594809276,81628.75718452847,True,22333.333333333332,18090.0,40423.33333333333
0.99,1.0,CVaR99-L100,2025-06-05,50002.68925141166,0.0,50002.68925141166,5206.709145108331,55209.398396519995,80498.80301388708,80498.80301388708,1387.6664827494976,81886.46949663658,True,22333.333333333332,18090.0,40423.33333333333
0.99,1.0,CVaR99-L100,2025-06-06,50196.16005646666,0.0,50196.16005646666,0.0,50196.16005646666,80585.46174123514,80585.46174123514,0.0,80585.46174123514,False,22333.333333333332,18090.0,40423.33333333333
0.99,1.0,CVaR99-L100,2025-06-07,50196.16005646666,0.0,50196.16005646666,0.0,50196.16005646666,80586.07313790079,80586.07313790079,0.0,80586.07313790079,False,22333.333333333332,18090.0,40423.33333333333
0.99,1.0,CVaR99-L100,2025-06-08,50196.16005646666,0.0,50196.16005646666,1187.1818545083365,51383.341910974996,80589.96865366565,80589.96865366565,399.53624890208494,80989.50490256774,True,22333.333333333332,18090.0,40423.33333333333
0.99,1.0,CVaR99-L100,2025-06-09,50196.16005646666,0.0,50196.16005646666,4270.261502316673,54466.42155878333,80585.7759420026,80585.7759420026,1155.7082386096379,81741.48418061224,True,22333.333333333332,18090.0,40423.33333333333
0.99,1.0,CVaR99-L100,2025-06-10,50755.851543436656,0.0,50755.851543436656,2450.8355933833354,53206.68713681999,81311.4753135393,81311.4753135393,715.9631666666672,82027.43848020596,True,22333.333333333332,18090.0,40423.33333333333
0.99,1.0,CVaR99-L100,2025-06-11,50410.662124661714,0.0,50410.662124661714,11215.887693208337,61626.54981787005,80909.5923958271,80909.5923958271,2606.218122235673,83515.81051806278,True,22333.333333333332,18090.0,40423.33333333333
0.99,1.0,CVaR99-L100,2025-06-12,52052.206691425185,0.0,52052.206691425185,3741.0560559333308,55793.262747358516,83136.9821679662,83136.9821679662,906.2665393459417,84043.24870731214,True,23702.04372478558,19198.65541707632,42900.6991418619
0.99,1.0,CVaR99-L100,2025-06-13,52184.9146345153,0.0,52184.9146345153,0.0,52184.9146345153,83307.05736154696,83307.05736154696,0.0,83307.05736154696,False,23985.029992233343,19427.874293709006,43412.90428594235
0.99,1.0,CVaR99-L100,2025-06-14,52184.9146345153,0.0,52184.9146345153,0.0,52184.9146345153,83310.45307239439,83310.45307239439,0.0,83310.45307239439,False,23985.029992233343,19427.874293709006,43412.90428594235
0.99,1.0,CVaR99-L100,2025-06-15,52184.9146345153,0.0,52184.9146345153,793.712263508334,52978.626898023635,83310.70342448339,83310.70342448339,228.1656346219301,83538.86905910532,True,23985.029992233343,19427.874293709006,43412.90428594235
0.99,1.0,CVaR99-L100,2025-06-16,52184.9146345153,0.0,52184.9146345153,1707.1360323916658,53892.050666906965,83309.28989112536,83309.28989112536,544.7466467806955,83854.03653790605,True,23985.029992233343,19427.874293709006,43412.90428594235
0.99,1.0,CVaR99-L100,2025-06-17,52186.366914778715,0.0,52186.366914778715,7421.148853858339,59607.51576863705,83333.65680048917,83333.65680048917,1934.1737036714906,85267.83050416067,True,23987.017544997292,19429.4842114478,43416.5017564451
0.99,1.0,CVaR99-L100,2025-06-18,52693.19064893847,0.0,52693.19064893847,1116.7627210166654,53809.95336995514,83834.56887890544,83834.56887890544,441.1121666666662,84275.68104557211,True,23955.342842358496,19403.82770231038,43359.17054466887
0.99,1.0,CVaR99-L100,2025-06-19,52693.19064893847,0.0,52693.19064893847,1931.4672532749985,54624.65790221347,83830.63543441329,83830.63543441329,379.4790999999995,84210.11453441328,True,23955.342842358496,19403.82770231038,43359.17054466887
0.99,1.0,CVaR99-L100,2025-06-20,52669.44778469182,0.0,52669.44778469182,0.0,52669.44778469182,83803.50761314228,83803.50761314228,0.0,83803.50761314228,False,23922.79277300669,19377.46214613542,43300.25491914211
0.99,1.0,CVaR99-L100,2025-06-21,52669.44778469182,0.0,52669.44778469182,0.0,52669.44778469182,83802.87507060842,83802.87507060842,0.0,83802.87507060842,False,23922.79277300669,19377.46214613542,43300.25491914211
0.99,1.0,CVaR99-L100,2025-06-22,52669.44778469182,0.0,52669.44778469182,723.3465911000017,53392.794375791826,83806.62705683609,83806.62705683609,262.2447000000004,84068.87175683609,True,23922.79277300669,19377.46214613542,43300.25491914211
0.99,1.0,CVaR99-L100,2025-06-23,52669.44778469182,0.0,52669.44778469182,124.41523364999595,52793.86301834182,83802.87507060842,83802.87507060842,45.405413245846944,83848.28048385427,True,23922.79277300669,19377.46214613542,43300.25491914211
0.99,1.0,CVaR99-L100,2025-06-24,52669.44778469183,0.0,52669.44778469183,6423.943949516666,59093.3917342085,83806.87873308889,83806.87873308889,1799.1202737776387,85605.99900686652,True,23922.79277300669,19377.46214613542,43300.25491914211
0.99,1.0,CVaR99-L100,2025-06-25,53563.20504435522,0.0,53563.20504435522,1440.9316708333326,55004.13671518856,85192.96478486176,85192.96478486176,457.52449906679533,85650.48928392856,True,24190.691532750083,19594.46014152757,43785.15167427765
0.99,1.0,CVaR99-L100,2025-06-26,53563.20504435523,0.0,53563.20504435523,833.8235594166632,54397.02860377189,85191.50445021185,85191.50445021185,179.15379253402386,85370.65824274588,True,24190.691532750083,19594.46014152757,43785.15167427765
0.99,1.0,CVaR99-L100,2025-06-27,53563.20504435523,0.0,53563.20504435523,0.0,53563.20504435523,85191.30836958822,85191.30836958822,0.0,85191.30836958822,False,24190.691532750083,19594.46014152757,43785.15167427765
0.99,1.0,CVaR99-L100,2025-06-28,53563.20504435523,0.0,53563.20504435523,0.0,53563.20504435523,85192.67080490832,85192.67080490832,0.0,85192.67080490832,False,24190.691532750083,19594.46014152757,43785.15167427765
0.99,1.0,CVaR99-L100,2025-06-29,53563.20504435523,0.0,53563.20504435523,1137.0730932249985,54700.27813758023,85195.90003524485,85195.90003524485,438.1635166666662,85634.06355191152,True,24190.691532750083,19594.46014152757,43785.15167427765
0.99,1.0,CVaR99-L100,2025-06-30,53563.20504435523,0.0,53563.20504435523,1578.518787533331,55141.72383188856,85193.9166395556,85193.9166395556,475.71544999999935,85669.6320895556,True,24190.691532750083,19594.46014152757,43785.15167427765
0.99,1.0,CVaR99-L100,2025-07-01,53563.20963915054,0.0,53563.20963915054,18817.08879428333,72380.29843343387,85220.82756903669,85220.82756903669,5518.05966755973,90738.88723659642,True,24190.589676898606,19594.37763828787,43784.96731518648
0.99,1.0,CVaR99-L100,2025-07-02,57410.94527542015,0.0,57410.94527542015,5128.246623233328,62539.19189865347,90607.19519615242,90607.19519615242,1517.2688424605035,92124.46403861292,True,24303.70004425536,19685.99703584684,43989.6970801022
0.99,1.0,CVaR99-L100,2025-07-03,57362.195330596645,0.0,57362.195330596645,6796.102011175002,64158.29734177165,90132.59572741241,90132.59572741241,1955.480403348025,92088.07613076043,True,24171.29364197531,19578.74785,43750.04149197531
0.99,1.0,CVaR99-L100,2025-07-04,57215.01803069441,0.0,57215.01803069441,0.0,57215.01803069441,90173.9607938918,90173.9607938918,0.0,90173.9607938918,False,24007.36878950547,19445.968719499433,43453.33750900491
0.99,1.0,CVaR99-L100,2025-07-05,57215.01803069441,0.0,57215.01803069441,0.0,57215.01803069441,90165.80710335512,90165.80710335512,0.0,90165.80710335512,False,24007.36878950547,19445.968719499433,43453.33750900491
0.99,1.0,CVaR99-L100,2025-07-06,57215.01803069441,0.0,57215.01803069441,7833.499537133336,65048.517567827745,90166.05232864583,90166.05232864583,1924.8723449628187,92090.92467360865,True,24007.36878950547,19445.968719499433,43453.33750900491
0.99,1.0,CVaR99-L100,2025-07-07,58135.52065782572,0.0,58135.52065782572,2145.9203354249994,60281.44099325072,91189.55862560478,91189.55862560478,870.9778333333328,92060.53645893812,True,24196.217798353908,19598.936416666664,43795.15421502057
0.99,1.0,CVaR99-L100,2025-07-08,58135.52065782572,0.0,58135.52065782572,3567.0079250083254,61702.52858283404,91204.994770888,91204.994770888,1081.4777630434858,92286.47253393149,True,24196.217798353908,19598.936416666664,43795.15421502057
0.99,1.0,CVaR99-L100,2025-07-09,58230.10551435036,0.0,58230.10551435036,2267.430009774999,60497.535524125364,91426.11482913865,91426.11482913865,596.4961283017142,92022.61095744037,True,24196.217798353908,19598.936416666667,43795.15421502058
0.99,1.0,CVaR99-L100,2025-07-10,58230.10551435037,0.0,58230.10551435037,2256.6663774416656,60486.771891792036,91459.469246241,91459.469246241,670.9261283017145,92130.39537454271,True,24196.217798353908,19598.936416666667,43795.15421502058
0.99,1.0,CVaR99-L100,2025-07-11,58230.10551435037,0.0,58230.10551435037,0.0,58230.10551435037,91483.76032628986,91483.76032628986,0.0,91483.76032628986,False,24196.217798353908,19598.936416666667,43795.15421502058
0.99,1.0,CVaR99-L100,2025-07-12,58230.10551435036,0.0,58230.10551435036,0.0,58230.10551435036,91484.66381894461,91484.66381894461,0.0,91484.66381894461,False,24196.217798353908,19598.936416666667,43795.15421502058
0.99,1.0,CVaR99-L100,2025-07-13,58230.10551435036,0.0,58230.10551435036,2111.3980086791703,60341.50352302953,91403.87119855527,91403.87119855527,475.5984969731929,91879.46969552846,True,24196.217798353908,19598.936416666667,43795.15421502058
0.99,1.0,CVaR99-L100,2025-07-14,58230.10551435037,0.0,58230.10551435037,1781.9456210500016,60012.05113540037,91392.5754870383,91392.5754870383,468.31257525713283,91860.88806229543,True,24196.217798353908,19598.936416666667,43795.15421502058
0.99,1.0,CVaR99-L100,2025-07-15,58230.10551435037,0.0,58230.10551435037,1647.8795130666624,59877.98502741703,91393.58875842698,91393.58875842698,498.69911290935056,91892.28787133633,True,24196.217798353908,19598.936416666667,43795.15421502058
0.99,1.0,CVaR99-L100,2025-07-16,58230.10551435036,0.0,58230.10551435036,2445.3042759333316,60675.409790283695,91404.39203491606,91404.39203491606,688.939350002262,92093.33138491832,True,24196.217798353908,19598.936416666667,43795.15421502058
0.99,1.0,CVaR99-L100,2025-07-17,58230.10551435037,0.0,58230.10551435037,1881.5105756166733,60111.61608996704,91423.76893853288,91423.76893853288,566.9095466744476,91990.67848520733,True,24196.217798353908,19598.936416666667,43795.15421502058
0.99,1.0,CVaR99-L100,2025-07-18,58230.10551435036,0.0,58230.10551435036,0.0,58230.10551435036,91416.65575077925,91416.65575077925,0.0,91416.65575077925,False,24196.217798353908,19598.936416666667,43795.15421502058
0.99,1.0,CVaR99-L100,2025-07-19,57701.266019165196,0.0,57701.266019165196,64.95600333333331,57766.22202249853,90840.17293057078,90840.17293057078,30.38166666666666,90870.55459723745,True,23809.097921810702,19285.369316666667,43094.46723847737
0.99,1.0,CVaR99-L100,2025-07-20,57701.266019165196,0.0,57701.266019165196,649.814209200001,58351.080228365194,90830.98180914739,90830.98180914739,150.93145000000015,90981.91325914739,True,23809.097921810702,19285.369316666667,43094.46723847737
0.99,1.0,CVaR99-L100,2025-07-21,57701.266019165196,0.0,57701.266019165196,1488.1126434833382,59189.37866264853,90829.60579397899,90829.60579397899,373.5705889858705,91203.17638296486,True,23809.097921810702,19285.369316666667,43094.46723847737
0.99,1.0,CVaR99-L100,2025-07-22,57701.266019165196,0.0,57701.266019165196,1176.390921283334,58877.65694044853,90833.02362137292,90833.02362137292,367.70204321270995,91200.72566458563,True,23809.097921810702,19285.369316666667,43094.46723847737
0.99,1.0,CVaR99-L100,2025-07-23,57701.266019165196,0.0,57701.266019165196,1386.234478591668,59087.50049775686,90832.35842937659,90832.35842937659,355.3223650547961,91187.68079443139,True,23809.097921810702,19285.369316666667,43094.46723847737
0.99,1.0,CVaR99-L100,2025-07-24,57701.266019165196,0.0,57701.266019165196,1636.711531783334,59337.97755094853,90831.99935875853,90831.99935875853,406.1265849122159,91238.12594367075,True,23809.097921810702,19285.369316666667,43094.46723847737
0.99,1.0,CVaR99-L100,2025-07-25,57701.266019165196,0.0,57701.266019165196,0.0,57701.266019165196,90832.80212139364,90832.80212139364,0.0,90832.80212139364,False,23809.097921810702,19285.369316666667,43094.46723847737
0.99,1.0,CVaR99-L100,2025-07-26,55816.86930099604,0.0,55816.86930099604,0.0,55816.86930099604,88311.50442236506,88311.50442236506,0.0,88311.50442236506,False,22939.89604938271,18581.3158,41521.211849382715
0.99,1.0,CVaR99-L100,2025-07-27,55907.11383760082,0.0,55907.11383760082,1781.1475215416626,57688.26135914248,88571.64493689354,88571.64493689354,459.3486123258251,89030.99354921936,True,22940.289232716044,18581.634278499998,41521.92351121604
0.99,1.0,CVaR99-L100,2025-07-28,55915.18465187437,0.0,55915.18465187437,3693.0294998333284,59608.214151707696,88587.10078982211,88587.10078982211,933.3402282111247,89520.44101803323,True,22937.7554536106,18579.581917424584,41517.33737103519
0.99,1.0,CVaR99-L100,2025-07-29,56068.39685125062,0.0,56068.39685125062,2219.8831737499963,58288.28002500061,88707.51370733423,88707.51370733423,639.1785926218205,89346.69229995605,True,22940.289232716044,18581.6342785,41521.923511216046
0.99,1.0,CVaR99-L100,2025-07-30,56069.68246916811,0.0,56069.68246916811,1250.7571089416651,57320.43957810978,88679.08551997392,88679.08551997392,300.37377706339817,88979.45929703732,True,22940.289232716044,18581.6342785,41521.923511216046
0.99,1.0,CVaR99-L100,2025-07-31,56069.6824691681,0.0,56069.6824691681,994.3398324666681,57064.02230163477,88679.80423000205,88679.80423000205,283.73576004471187,88963.53999004676,True,22940.289232716044,18581.6342785,41521.923511216046
0.99,1.0,CVaR99-L100,2025-08-01,56146.43457682246,0.0,56146.43457682246,0.0,56146.43457682246,88552.13604163018,88552.13604163018,0.0,88552.13604163018,False,22970.93266604938,18606.4554595,41577.388125549376
0.99,1.0,CVaR99-L100,2025-08-02,56032.42656543401,0.0,56032.42656543401,66.78755666666693,56099.21412210068,88291.60678939024,88291.60678939024,31.238333333333458,88322.84512272356,True,22944.492346869156,18585.03880096402,41529.53114783317
0.99,1.0,CVaR99-L100,2025-08-03,56145.404237963696,0.0,56145.404237963696,657.458017308334,56802.862255272026,88456.27490433672,88456.27490433672,161.42386300004944,88617.69876733677,True,22974.92196466014,18609.68679137472,41584.60875603486
0.99,1.0,CVaR99-L100,2025-08-04,55431.72107280433,0.0,55431.72107280433,347.22599504167204,55778.947067846,87603.07563430327,87603.07563430327,118.89257124236019,87721.96820554564,True,22939.89604938271,18581.3158,41521.211849382715
0.99,1.0,CVaR99-L100,2025-08-05,55431.72107280433,0.0,55431.72107280433,233.72737869167017,55665.448451496,87596.01701794777,87596.01701794777,69.27430642927868,87665.29132437705,True,22939.89604938271,18581.3158,41521.211849382715
0.99,1.0,CVaR99-L100,2025-08-06,55431.72107280433,0.0,55431.72107280433,845.6988197750038,56277.41989257933,87598.17401527146,87598.17401527146,215.54976481308188,87813.72378008455,True,22939.89604938271,18581.3158,41521.211849382715
0.99,1.0,CVaR99-L100,2025-08-07,53801.75252345772,0.0,53801.75252345772,746.8568195416681,54548.609342999385,85496.63210295851,85496.63210295851,224.5869333333335,85721.21903629185,True,22368.885175730084,18118.79699234137,40487.68216807145
0.99,1.0,CVaR99-L100,2025-08-08,53801.75252345772,0.0,53801.75252345772,0.0,53801.75252345772,85496.63210295851,85496.63210295851,0.0,85496.63210295851,False,22368.885175730084,18118.79699234137,40487.68216807145
0.99,1.0,CVaR99-L100,2025-08-09,53362.17880098552,0.0,53362.17880098552,0.0,53362.17880098552,84915.04560273401,84915.04560273401,0.0,84915.04560273401,False,22293.773866727213,18057.956832049043,40351.73069877626
0.99,1.0,CVaR99-L100,2025-08-10,53362.17880098552,0.0,53362.17880098552,227.36690678333224,53589.545707768855,84915.04560273401,84915.04560273401,89.18596666666645,85004.23156940068,True,22293.773866727213,18057.956832049043,40351.73069877626
0.99,1.0,CVaR99-L100,2025-08-11,53616.752155502785,0.0,53616.752155502785,490.32454642499783,54107.076701927785,85308.85968439444,85308.85968439444,154.56794139054693,85463.42762578499,True,22361.223987254903,18112.59142967647,40473.81541693138
0.99,1.0,CVaR99-L100,2025-08-12,53616.752155502785,0.0,53616.752155502785,849.9806281416662,54466.73278364445,85308.85968439444,85308.85968439444,180.9988833333332,85489.85856772777,True,22361.223987254903,18112.59142967647,40473.81541693138
0.99,1.0,CVaR99-L100,2025-08-13,53616.752155502785,0.0,53616.752155502785,1120.3601664333328,54737.11232193612,85308.92294161642,85308.92294161642,294.93634999999995,85603.85929161642,True,22361.223987254903,18112.591429676475,40473.81541693138
0.99,1.0,CVaR99-L100,2025-08-14,53616.752155502785,0.0,53616.752155502785,1297.2178459250033,54913.97000142779,85308.85968439444,85308.85968439444,292.73418997974335,85601.59387437419,True,22361.223987254903,18112.59142967647,40473.81541693138
0.99,1.0,CVaR99-L100,2025-08-15,53611.790995854186,0.0,53611.790995854186,0.0,53611.790995854186,85310.04621563104,85310.04621563104,0.0,85310.04621563104,False,22333.333333333332,18090.0,40423.33333333333
0.99,1.0,CVaR99-L100,2025-08-16,53561.294903253154,0.0,53561.294903253154,0.0,53561.294903253154,85138.82252168683,85138.82252168683,0.0,85138.82252168683,False,22373.251821405924,18122.3339753388,40495.58579674472
0.99,1.0,CVaR99-L100,2025-08-17,53634.0369637776,0.0,53634.0369637776,1543.6223057666562,55177.65926954426,85235.47735312536,85235.47735312536,290.1580894081062,85525.63544253347,True,22333.333333333332,18090.0,40423.33333333333
0.99,1.0,CVaR99-L100,2025-08-18,53786.66758080716,0.0,53786.66758080716,1424.217463574998,55210.88504438216,85352.36144610573,85352.36144610573,342.4981602816522,85694.85960638738,True,22333.564445538912,18090.187200886518,40423.75164642543
0.99,1.0,CVaR99-L100,2025-08-19,53786.66758080716,0.0,53786.66758080716,1852.0150800833362,55638.682660890496,85352.34941444325,85352.34941444325,375.40726028165295,85727.75667472491,True,22333.564445538912,18090.187200886518,40423.75164642543
0.99,1.0,CVaR99-L100,2025-08-20,53797.29458324844,0.0,53797.29458324844,2579.8452736916624,56377.139856940106,85387.41231828595,85387.41231828595,592.2464334187437,85979.65875170469,True,22333.333333333332,18090.0,40423.33333333333
0.99,1.0,CVaR99-L100,2025-08-21,53731.762575361296,0.0,53731.762575361296,1087.8851021361095,54819.64767749741,85181.43705732208,85181.43705732208,210.6679568092403,85392.10501413132,True,22354.642733333334,18107.260614,40461.90334733333
0.99,1.0,CVaR99-L100,2025-08-22,53731.762575361296,0.0,53731.762575361296,0.0,53731.762575361296,85181.13231431514,85181.13231431514,0.0,85181.13231431514,False,22354.642733333334,18107.260614,40461.90334733333
0.99,1.0,CVaR99-L100,2025-08-23,53800.6108490411,0.0,53800.6108490411,0.0,53800.6108490411,85277.72695657605,85277.72695657605,0.0,85277.72695657605,False,22333.333333333332,18090.0,40423.33333333333
0.99,1.0,CVaR99-L100,2025-08-24,53819.30336904041,0.0,53819.30336904041,1688.3852662250013,55507.68863526541,85273.49404851545,85273.49404851545,316.0241666666669,85589.51821518212,True,22333.333333333332,18090.0,40423.33333333333
0.99,1.0,CVaR99-L100,2025-08-25,53461.070490886465,0.0,53461.070490886465,1612.5534296666606,55073.623920553124,84683.54295877453,84683.54295877453,447.4111088568342,85130.95406763136,True,22368.035649999998,18118.1088765,40486.14452649999
0.99,1.0,CVaR99-L100,2025-08-26,53461.070490886465,0.0,53461.070490886465,409.90835689166767,53870.97884777813,84683.92637869823,84683.92637869823,87.62625000000014,84771.55262869823,True,22368.035649999998,18118.1088765,40486.14452649999
0.99,1.0,CVaR99-L100,2025-08-27,53461.070490886465,0.0,53461.070490886465,1404.8166838500003,54865.88717473647,84684.63642134113,84684.63642134113,341.23791666666676,85025.8743380078,True,22368.035649999998,18118.1088765,40486.14452649999
0.99,1.0,CVaR99-L100,2025-08-28,53561.01421518141,0.0,53561.01421518141,2281.156724416667,55842.17093959807,84776.84046714472,84776.84046714472,571.8443666666667,85348.68483381139,True,22366.51078333333,18116.8737345,40483.38451783333
0.99,1.0,CVaR99-L100,2025-08-29,52685.49463415773,0.0,52685.49463415773,0.0,52685.49463415773,83560.80317675705,83560.80317675705,0.0,83560.80317675705,False,21973.888186541786,17798.849431098843,39772.737617640625
0.99,1.0,CVaR99-L100,2025-08-30,52026.45932819418,0.0,52026.45932819418,0.0,52026.45932819418,82602.10268958186,82602.10268958186,0.0,82602.10268958186,False,22077.73797716049,17882.9677615,39960.70573866049
0.99,1.0,CVaR99-L100,2025-08-31,51828.80060577481,0.0,51828.80060577481,1996.9921819250003,53825.792787699815,81945.87901312695,81945.87901312695,501.6593648498913,82447.53837797685,True,22191.454259259255,17975.07795,40166.532209259254
0.99,1.0,CVaR99-L100,2025-09-01,51288.78408508154,0.0,51288.78408508154,0.0,51288.78408508154,80941.28488459224,80941.28488459224,0.0,80941.28488459224,False,21882.15526748971,17724.54576666667,39606.70103415638
0.99,1.0,CVaR99-L100,2025-09-02,51288.78408508154,0.0,51288.78408508154,22.800207700000435,51311.58429278154,80945.13055636224,80945.13055636224,7.894483333333426,80953.02503969558,True,21882.15526748971,17724.54576666667,39606.70103415638
0.99,1.0,CVaR99-L100,2025-09-03,51288.78408508154,0.0,51288.78408508154,0.0,51288.78408508154,80944.15571021738,80944.15571021738,0.0,80944.15571021738,False,21882.15526748971,17724.54576666667,39606.70103415638
0.99,1.0,CVaR99-L100,2025-09-04,50831.56152487156,0.0,50831.56152487156,47.97554172500024,50879.53706659656,80675.19638139124,80675.19638139124,10.902216666666732,80686.09859805791,True,21882.15526748971,17724.54576666667,39606.70103415638
0.99,1.0,CVaR99-L100,2025-09-05,50831.56152487156,0.0,50831.56152487156,0.0,50831.56152487156,80675.47414587073,80675.47414587073,0.0,80675.47414587073,False,21882.15526748971,17724.54576666667,39606.70103415638
0.99,1.0,CVaR99-L100,2025-09-06,50831.56152487156,0.0,50831.56152487156,0.0,50831.56152487156,80675.41316151853,80675.41316151853,0.0,80675.41316151853,False,21882.15526748971,17724.54576666667,39606.70103415638
0.99,1.0,CVaR99-L100,2025-09-07,50688.59068706508,0.0,50688.59068706508,12.446417849999882,50701.03710491508,80330.00756839407,80330.00756839407,6.052233333333277,80336.0598017274,True,21839.04923209876,17689.629878,39528.67911009876
0.99,1.0,CVaR99-L100,2025-09-08,50682.27228269425,0.0,50682.27228269425,484.3637194333329,51166.63600212758,80303.39509731217,80303.39509731217,140.43614999999986,80443.83124731216,True,21839.04923209876,17689.629878,39528.67911009876
0.99,1.0,CVaR99-L100,2025-09-09,50682.27228269425,0.0,50682.27228269425,0.0,50682.27228269425,80301.81502531271,80301.81502531271,0.0,80301.81502531271,False,21839.04923209876,17689.629878,39528.67911009876
0.99,1.0,CVaR99-L100,2025-09-10,50682.27228269425,0.0,50682.27228269425,2213.192826624999,52895.465109319244,80302.17403355337,80302.17403355337,558.7044057258195,80860.87843927919,True,21839.04923209876,17689.629878,39528.67911009876
0.99,1.0,CVaR99-L100,2025-09-11,50788.749159221974,0.0,50788.749159221974,36.30598376666628,50825.05514298864,80473.28246850561,80473.28246850561,11.124233333333223,80484.40670183895,True,21839.04923209876,17689.629878,39528.67911009876
0.99,1.0,CVaR99-L100,2025-09-12,50788.749159221974,0.0,50788.749159221974,0.0,50788.749159221974,80473.32246369182,80473.32246369182,0.0,80473.32246369182,False,21839.04923209876,17689.629878,39528.67911009876
0.99,1.0,CVaR99-L100,2025-09-13,50758.23537148257,0.0,50758.23537148257,0.0,50758.23537148257,80392.53192053497,80392.53192053497,0.0,80392.53192053497,False,21839.04923209876,17689.629878,39528.67911009876
0.99,1.0,CVaR99-L100,2025-09-14,50758.23537148257,0.0,50758.23537148257,187.18537703333362,50945.420748515906,80354.90553639575,80354.90553639575,46.21525000000014,80401.12078639574,True,21839.04923209876,17689.629878,39528.67911009876
0.99,1.0,CVaR99-L100,2025-09-15,50663.39798792757,0.0,50663.39798792757,2089.5182000416717,52752.91618796924,80140.03938134541,80140.03938134541,522.1164506075972,80662.15583195302,True,21839.04923209876,17689.629878,39528.67911009876
0.99,1.0,CVaR99-L100,2025-09-16,50635.03792640734,0.0,50635.03792640734,410.88116770833244,51045.91909411568,80093.94827052121,80093.94827052121,101.92177716161385,80195.87004768282,True,21839.04923209876,17689.629878,39528.67911009876
0.99,1.0,CVaR99-L100,2025-09-17,50635.037926407334,0.0,50635.037926407334,870.6314383333325,51505.669364740665,80094.3909024367,80094.3909024367,202.0700438282805,80296.46094626498,True,21839.04923209876,17689.629878,39528.67911009876
0.99,1.0,CVaR99-L100,2025-09-18,50629.052898544905,0.0,50629.052898544905,830.4232795416665,51459.476178086574,80035.38296255875,80035.38296255875,190.0570104949473,80225.4399730537,True,21839.04923209876,17689.629878,39528.67911009876
0.99,1.0,CVaR99-L100,2025-09-19,51241.100377272276,0.0,51241.100377272276,0.0,51241.100377272276,80890.26572060194,80890.26572060194,0.0,80890.26572060194,False,21839.04923209876,17689.629878,39528.67911009876
0.99,1.0,CVaR99-L100,2025-09-20,51106.61126466228,0.0,51106.61126466228,0.0,51106.61126466228,80712.07747669489,80712.07747669489,0.0,80712.07747669489,False,21836.494318109544,17687.560397668734,39524.05471577828
0.99,1.0,CVaR99-L100,2025-09-21,50474.237904872076,0.0,50474.237904872076,1008.0097004999988,51482.247605372075,79804.99032959706,79804.99032959706,282.3632443411974,80087.35357393825,True,21780.94894876543,17642.568648499997,39423.517597265425
0.99,1.0,CVaR99-L100,2025-09-22,50534.45094515041,0.0,50534.45094515041,1614.7796551999961,52149.230600350405,79869.76832201664,79869.76832201664,363.0947198927795,80232.86304190941,True,21811.452632098764,17667.276632,39478.729264098765
0.99,1.0,CVaR99-L100,2025-09-23,50565.87143098524,0.0,50565.87143098524,1932.9556359852772,52498.827066970516,79914.72732752888,79914.72732752888,457.66267584648597,80372.39000337536,True,21811.452632098764,17667.276632,39478.729264098765
0.99,1.0,CVaR99-L100,2025-09-24,50676.51212892551,0.0,50676.51212892551,3950.0432586333304,54626.555387558845,80049.21506501833,80049.21506501833,907.9546471516219,80957.16971216995,True,21811.452632098764,17667.276632,39478.729264098765
0.99,1.0,CVaR99-L100,2025-09-25,51129.64257150099,0.0,51129.64257150099,834.9925405000035,51964.63511200099,80721.38980050173,80721.38980050173,213.23451469998344,80934.62431520171,True,22077.009949814747,17882.378059349947,39959.38800916469
0.99,1.0,CVaR99-L100,2025-09-26,50250.20364834726,0.0,50250.20364834726,0.0,50250.20364834726,79425.46770706249,79425.46770706249,0.0,79425.46770706249,False,21977.867530864198,17802.072699999997,39779.940230864195
0.99,1.0,CVaR99-L100,2025-09-27,50928.24626492725,0.0,50928.24626492725,0.0,50928.24626492725,80344.15326443358,80344.15326443358,0.0,80344.15326443358,False,22007.763081564757,17826.288096067452,39834.05117763221
0.99,1.0,CVaR99-L100,2025-09-28,50515.678609496244,0.0,50515.678609496244,2148.3744317666697,52664.053041262916,79770.20006865216,79770.20006865216,499.0230617276976,80269.22313037986,True,21958.043600823046,17786.015316666664,39744.05891748971
0.99,1.0,CVaR99-L100,2025-09-29,48921.49578170516,0.0,48921.49578170516,1432.4981965166646,50353.99397822183,77193.56287087745,77193.56287087745,364.2987344218863,77557.86160529933,True,21897.257267702935,17736.778386839378,39634.03565454231
0.99,1.0,CVaR99-L100,2025-09-30,48433.264782975515,0.0,48433.264782975515,6252.648465058333,54685.913248033845,76370.10016652575,76370.10016652575,1458.8011333333334,77828.90129985908,True,21809.441385636565,17665.647522365616,39475.08890800218
0.99,1.0,CVaR99-L100,2025-10-01,49640.595949226365,0.0,49640.595949226365,10.587088983333611,49651.183038209696,78075.96962479399,78075.96962479399,4.770033333333458,78080.73965812732,True,22094.778117283953,17896.770275,39991.54839228395
0.99,1.0,CVaR99-L100,2025-10-02,44939.51510350069,0.0,44939.51510350069,316.72004222500004,45256.235145725695,72086.75425663037,72086.75425663037,110.71460000000002,72197.46885663038,True,22094.778117283953,17896.770274999995,39991.54839228395
0.99,1.0,CVaR99-L100,2025-10-03,44939.51510350069,0.0,44939.51510350069,0.0,44939.51510350069,72087.890794548,72087.890794548,0.0,72087.890794548,False,22094.778117283953,17896.770274999995,39991.54839228395
0.99,1.0,CVaR99-L100,2025-10-04,44939.5151035007,0.0,44939.5151035007,0.0,44939.5151035007,72086.69241349962,72086.69241349962,0.0,72086.69241349962,False,22094.778117283953,17896.770274999995,39991.54839228395
0.99,1.0,CVaR99-L100,2025-10-05,44931.33691751519,0.0,44931.33691751519,455.21015160833315,45386.547069123524,72098.22762068451,72098.22762068451,125.73073333333332,72223.95835401784,True,22094.778117283953,17896.770274999995,39991.54839228395
0.99,1.0,CVaR99-L100,2025-10-06,44992.98244422329,0.0,44992.98244422329,566.142624175,45559.125068398294,72171.59364848072,72171.59364848072,149.55526666666668,72321.14891514738,True,22094.778117283953,17896.770274999995,39991.54839228395
0.99,1.0,CVaR99-L100,2025-10-07,44992.98244422329,0.0,44992.98244422329,365.38541211666507,45358.36785633996,72175.06428076974,72175.06428076974,110.87433333333286,72285.93861410307,True,22094.778117283953,17896.770274999995,39991.54839228395
0.99,1.0,CVaR99-L100,2025-10-08,44992.98244422329,0.0,44992.98244422329,1458.5195276666686,46451.501971889964,72171.59364848072,72171.59364848072,410.4725387460283,72582.06618722675,True,22094.778117283953,17896.770274999995,39991.54839228395
0.99,1.0,CVaR99-L100,2025-10-09,44876.86389453026,0.0,44876.86389453026,1010.3249421500005,45887.18883668026,72022.28495965136,72022.28495965136,264.4739000000002,72286.75885965135,True,22094.778117283953,17896.770275000003,39991.548392283956
0.99,1.0,CVaR99-L100,2025-10-10,44876.86389453026,0.0,44876.86389453026,0.0,44876.86389453026,72022.30762515617,72022.30762515617,0.0,72022.30762515617,False,22094.778117283953,17896.770275000003,39991.548392283956
0.99,1.0,CVaR99-L100,2025-10-11,44876.86389453027,0.0,44876.86389453027,0.0,44876.86389453027,72022.28781776801,72022.28781776801,0.0,72022.28781776801,False,22094.778117283953,17896.770275000003,39991.548392283956
0.99,1.0,CVaR99-L100,2025-10-12,44927.692474578675,0.0,44927.692474578675,1233.874063958334,46161.56653853701,71983.53874660628,71983.53874660628,320.97969984513077,72304.51844645142,True,22094.778117283953,17896.770274999995,39991.54839228395
0.99,1.0,CVaR99-L100,2025-10-13,44923.64752795802,0.0,44923.64752795802,832.9383681083326,45756.58589606635,71957.8540679807,71957.8540679807,212.90316421000898,72170.75723219072,True,22094.778117283953,17896.770274999995,39991.54839228395
0.99,1.0,CVaR99-L100,2025-10-14,44923.64752795802,0.0,44923.64752795802,3341.752144591661,48265.39967254968,71960.25426634404,71960.25426634404,756.1421375371078,72716.39640388115,True,22094.778117283953,17896.770274999995,39991.54839228395
0.99,1.0,CVaR99-L100,2025-10-15,44970.13619483484,0.0,44970.13619483484,1882.164469124998,46852.30066395984,72055.5567072744,72055.5567072744,516.6686371330816,72572.22534440749,True,22094.778117283953,17896.770275,39991.54839228395
0.99,1.0,CVaR99-L100,2025-10-16,44985.25979731067,0.0,44985.25979731067,5856.909525166659,50842.169322477326,72056.5403112798,72056.5403112798,1460.444054310687,73516.98436559048,True,22094.778117283953,17896.770274999995,39991.54839228395
0.99,1.0,CVaR99-L100,2025-10-17,45705.152291046004,0.0,45705.152291046004,0.0,45705.152291046004,72993.29417322288,72993.29417322288,0.0,72993.29417322288,False,22215.0308127572,17994.174958333337,40209.205771090536
0.99,1.0,CVaR99-L100,2025-10-18,45630.491917168314,0.0,45630.491917168314,0.0,45630.491917168314,72804.41407123339,72804.41407123339,0.0,72804.41407123339,False,22215.0308127572,17994.17495833333,40209.20577109053
0.99,1.0,CVaR99-L100,2025-10-19,45630.491917168314,0.0,45630.491917168314,4465.349087633337,50095.84100480165,72805.65104954795,72805.65104954795,1122.1973005379696,73927.84835008591,True,22215.0308127572,17994.17495833333,40209.20577109053
0.99,1.0,CVaR99-L100,2025-10-20,45823.76226832979,0.0,45823.76226832979,5842.917724666677,51666.67999299646,73155.80211533734,73155.80211533734,1268.3544374209057,74424.15655275824,True,22358.411306584363,18110.313158333334,40468.7244649177
0.99,1.0,CVaR99-L100,2025-10-21,46463.93307512138,0.0,46463.93307512138,5645.8284417833365,52109.76151690471,73972.62947330755,73972.62947330755,1848.5304493524554,75821.15992266001,True,22569.243633688086,18281.08734328735,40850.330976975434
0.99,1.0,CVaR99-L100,2025-10-22,46134.17956603289,0.0,46134.17956603289,6428.4502735,52562.62983953289,73681.89082068976,73681.89082068976,1542.2293779595368,75224.1201986493,True,22448.31281893004,18183.133383333334,40631.446202263374
0.99,1.0,CVaR99-L100,2025-10-23,46774.47586460739,0.0,46774.47586460739,1244.684629825,48019.16049443239,74680.1058037646,74680.1058037646,371.6977666666667,75051.80357043126,True,23102.87000430649,18713.324703488255,41816.19470779474
0.99,1.0,CVaR99-L100,2025-10-24,47201.24936435747,0.0,47201.24936435747,0.0,47201.24936435747,75203.01318155738,75203.01318155738,0.0,75203.01318155738,False,23242.196954732513,18826.179533333332,42068.37648806584
0.99,1.0,CVaR99-L100,2025-10-25,46714.22552719684,0.0,46714.22552719684,0.0,46714.22552719684,74726.61920188848,74726.61920188848,0.0,74726.61920188848,False,23148.856477340254,18750.573746645605,41899.43022398586
0.99,1.0,CVaR99-L100,2025-10-26,46714.22530542643,0.0,46714.22530542643,1446.0122297277765,48160.23753515421,74663.39030989581,74663.39030989581,450.27090274483896,75113.66121264065,True,23148.856477340254,18750.573746645605,41899.43022398586
0.99,1.0,CVaR99-L100,2025-10-27,46968.73330085928,0.0,46968.73330085928,3991.8690312416643,50960.60233210095,74969.27529772198,74969.27529772198,1024.8123225139711,75994.08762023595,True,23265.512798353913,18845.065366666666,42110.578165020575
0.99,1.0,CVaR99-L100,2025-10-28,47284.50324825439,0.0,47284.50324825439,3354.6303914916616,50639.133639746055,75312.60991247473,75312.60991247473,834.5976024348337,76147.20751490956,True,23122.153621399175,18728.944433333334,41851.09805473251
0.99,1.0,CVaR99-L100,2025-10-29,46941.78316200187,0.0,46941.78316200187,8311.308876816669,55253.09203881854,74919.35277467832,74919.35277467832,2278.616007895949,77197.96878257427,True,22984.957062628455,18617.81522072905,41602.77228335751
0.99,1.0,CVaR99-L100,2025-10-30,48701.82166419683,0.0,48701.82166419683,1241.4480661333318,49943.26973033016,77092.17349020601,77092.17349020601,308.286133333333,77400.45962353934,True,23233.15868312757,18818.858533333332,42052.0172164609
0.99,1.0,CVaR99-L100,2025-10-31,48438.20356890757,0.0,48438.20356890757,0.0,48438.20356890757,76969.53110959887,76969.53110959887,0.0,76969.53110959887,False,23244.714883548833,18828.21905567455,42072.93393922338
0.99,1.0,CVaR99-L100,2025-11-01,46555.77855792482,0.0,46555.77855792482,0.0,46555.77855792482,75173.3812459663,75173.3812459663,0.0,75173.3812459663,False,23284.262762497103,18860.25283762265,42144.515600119754
0.99,1.0,CVaR99-L100,2025-11-02,46555.77855792483,0.0,46555.77855792483,3516.7274804916715,50072.506038416504,75175.58011511782,75175.58011511782,937.13819962394,76112.71831474175,True,23284.262762497103,18860.25283762265,42144.515600119754
0.99,1.0,CVaR99-L100,2025-11-03,47050.15613341961,0.0,47050.15613341961,3577.1481278833307,50627.30426130294,75870.29457410544,75870.29457410544,1248.5125999999993,77118.80717410544,True,23479.14987654321,19018.1114,42497.26127654321
0.99,1.0,CVaR99-L100,2025-11-04,47479.75799624329,0.0,47479.75799624329,1608.7853305,49088.54332674329,76637.60243082792,76637.60243082792,437.3969134543654,77074.99934428227,True,23432.966233333333,18980.702648999995,42413.668882333324
0.99,1.0,CVaR99-L100,2025-11-05,47392.72163311568,0.0,47392.72163311568,3280.9345870250027,50673.656220140685,76450.9011721322,76450.9011721322,860.0841712990624,77310.98534343127,True,23393.93949379636,18949.09098997505,42343.03048377141
0.99,1.0,CVaR99-L100,2025-11-06,47531.40535270677,0.0,47531.40535270677,8245.559654166667,55776.96500687344,76651.0734513706,76651.0734513706,1949.6910930267086,78600.7645443973,True,23424.55198996452,18973.88711187126,42398.43910183578
0.99,1.0,CVaR99-L100,2025-11-07,48852.565903520226,0.0,48852.565903520226,0.0,48852.565903520226,78241.89280741889,78241.89280741889,0.0,78241.89280741889,False,23325.980333333333,18894.04407,42220.02440333333
0.99,1.0,CVaR99-L100,2025-11-08,48852.565903520226,0.0,48852.565903520226,0.0,48852.565903520226,78234.00796661027,78234.00796661027,0.0,78234.00796661027,False,23325.980333333333,18894.04407,42220.02440333333
0.99,1.0,CVaR99-L100,2025-11-09,48852.565903520226,0.0,48852.565903520226,4115.748174816668,52968.314078336894,78232.29070312662,78232.29070312662,1054.5957636224311,79286.88646674906,True,23325.980333333333,18894.04407,42220.02440333333
0.99,1.0,CVaR99-L100,2025-11-10,49337.145323891935,0.0,49337.145323891935,5287.548922083326,54624.69424597526,78860.7915534933,78860.7915534933,1631.7546922761585,80492.54624576945,True,23325.980333333333,18894.044069999996,42220.02440333333
0.99,1.0,CVaR99-L100,2025-11-11,50203.03669619722,0.0,50203.03669619722,1036.582586933334,51239.61928313055,80171.04776579657,80171.04776579657,308.2699082761159,80479.31767407268,True,23296.06392157129,18869.811776472743,42165.87569804404
0.99,1.0,CVaR99-L100,2025-11-12,49882.44690864757,0.0,49882.44690864757,1437.781169841665,51320.228078489235,79763.51255870305,79763.51255870305,326.9700666666663,80090.48262536971,True,23288.278216666666,18863.5053555,42151.78357216666
0.99,1.0,CVaR99-L100,2025-11-13,49964.49058727514,0.0,49964.49058727514,3461.335962858321,53425.82655013346,79880.54304841568,79880.54304841568,989.6050747604304,80870.14812317611,True,23301.625566666666,18874.316709,42175.94227566666
0.99,1.0,CVaR99-L100,2025-11-14,50465.40620163469,0.0,50465.40620163469,0.0,50465.40620163469,80518.7214087375,80518.7214087375,0.0,80518.7214087375,False,23362.648072633743,18923.74493883333,42286.39301146707
0.99,1.0,CVaR99-L100,2025-11-15,50465.40620163469,0.0,50465.40620163469,0.0,50465.40620163469,80518.77897558597,80518.77897558597,0.0,80518.77897558597,False,23362.648072633743,18923.74493883333,42286.39301146707
0.99,1.0,CVaR99-L100,2025-11-16,50465.40620163469,0.0,50465.40620163469,5501.415336025004,55966.82153765969,80518.03217152628,80518.03217152628,1425.738845671724,81943.77101719801,True,23362.648072633743,18923.74493883333,42286.39301146707
0.99,1.0,CVaR99-L100,2025-11-17,51235.29558257977,0.0,51235.29558257977,1220.977922941664,52456.273505521436,81381.69721262474,81381.69721262474,360.01950030730217,81741.71671293204,True,23377.159327777776,18935.4990555,42312.658383277776
0.99,1.0,CVaR99-L100,2025-11-18,51124.867662922064,0.0,51124.867662922064,4490.927421916668,55615.79508483873,81283.19570500402,81283.19570500402,1355.9627085828583,82639.15841358688,True,23382.814703027303,18940.079909452113,42322.89461247942
0.99,1.0,CVaR99-L100,2025-11-19,51519.6004097006,0.0,51519.6004097006,2931.9549739333356,54451.55538363394,82017.96229769455,82017.96229769455,776.3760602748761,82794.33835796943,True,23622.18216049383,19133.96755,42756.14971049383
0.99,1.0,CVaR99-L100,2025-11-20,51822.52551343952,0.0,51822.52551343952,2447.8998352666686,54270.42534870619,82406.15406775135,82406.15406775135,612.5215789085757,83018.67564665993,True,23622.18216049383,19133.96755,42756.14971049383
0.99,1.0,CVaR99-L100,2025-11-21,51877.70726085401,0.0,51877.70726085401,0.0,51877.70726085401,82476.58205783254,82476.58205783254,0.0,82476.58205783254,False,23779.200123456794,19261.1521,43040.35222345679
0.99,1.0,CVaR99-L100,2025-11-22,51877.70726085401,0.0,51877.70726085401,0.0,51877.70726085401,82476.47587197155,82476.47587197155,0.0,82476.47587197155,False,23779.200123456794,19261.1521,43040.35222345679
0.99,1.0,CVaR99-L100,2025-11-23,51877.70726085401,0.0,51877.70726085401,5178.2563623916585,57055.96362324567,82476.3790816467,82476.3790816467,1291.449174411217,83767.82825605791,True,23779.200123456794,19261.1521,43040.35222345679
0.99,1.0,CVaR99-L100,2025-11-24,52442.12253989633,0.0,52442.12253989633,1978.5010384583377,54420.623578354665,83292.19477808128,83292.19477808128,546.865924905287,83839.06070298656,True,24208.673221003923,19609.025309013174,43817.69853001709
0.99,1.0,CVaR99-L100,2025-11-25,52552.04187269671,0.0,52552.04187269671,2645.953233783333,55197.99510648004,83444.37384538009,83444.37384538009,720.3920699725574,84164.76591535265,True,24231.10583501672,19627.195726363538,43858.301561380256
0.99,1.0,CVaR99-L100,2025-11-26,52682.14393941061,0.0,52682.14393941061,2901.0124007083323,55583.15634011895,83642.95127528756,83642.95127528756,845.3629402483348,84488.3142155359,True,24275.049103075522,19662.78977349117,43937.83887656669
0.99,1.0,CVaR99-L100,2025-11-27,52887.287012773915,0.0,52887.287012773915,2601.941021495841,55489.228034269756,83963.58444277542,83963.58444277542,635.6230658239505,84599.20750859937,True,24272.31257175141,19660.573183118642,43932.88575487005
0.99,1.0,CVaR99-L100,2025-11-28,53124.490398025126,0.0,53124.490398025126,0.0,53124.490398025126,84205.3914379102,84205.3914379102,0.0,84205.3914379102,False,24348.572379599424,19722.343627475537,44070.916007074964
0.99,1.0,CVaR99-L100,2025-11-29,53124.490398025126,0.0,53124.490398025126,0.0,53124.490398025126,84205.74576150208,84205.74576150208,0.0,84205.74576150208,False,24348.572379599424,19722.343627475537,44070.916007074964
0.99,1.0,CVaR99-L100,2025-11-30,53124.490398025126,0.0,53124.490398025126,8405.803726854145,61530.29412487927,84205.19201721731,84205.19201721731,2408.5105244638303,86613.70254168114,True,24348.572379599424,19722.343627475537,44070.916007074964
0.99,1.0,CVaR99-L100,2025-12-01,54435.66181201773,0.0,54435.66181201773,22062.435830841663,76498.09764285939,86120.84558760971,86120.84558760971,5956.549353281611,92077.39494089133,True,24760.15905349794,20055.728833333334,44815.887886831275
0.99,1.0,CVaR99-L100,2025-12-02,58546.00747022221,0.0,58546.00747022221,10654.386114033337,69200.39358425555,91754.49965899874,91754.49965899874,2930.894512283983,94685.39417128272,True,24833.333333333332,20115.0,44948.33333333333
0.99,1.0,CVaR99-L100,2025-12-03,60549.65844934887,0.0,60549.65844934887,3917.7040615416677,64467.36251089054,94525.3449662608,94525.3449662608,1343.474255004102,95868.8192212649,True,24982.954176954736,20236.19288333333,45219.147060288065
0.99,1.0,CVaR99-L100,2025-12-04,61219.212320389976,0.0,61219.212320389976,3478.843385916667,64698.055706306644,95656.0415563214,95656.0415563214,861.5455930425836,96517.58714936399,True,25131.709341563786,20356.684566666667,45488.39390823046
0.99,1.0,CVaR99-L100,2025-12-05,61786.953115409946,0.0,61786.953115409946,0.0,61786.953115409946,96299.1603917754,96299.1603917754,0.0,96299.1603917754,False,25131.709341563786,20356.684566666667,45488.39390823046
0.99,1.0,CVaR99-L100,2025-12-06,61768.747315430075,0.0,61768.747315430075,0.0,61768.747315430075,96274.31476531588,96274.31476531588,0.0,96274.31476531588,False,25131.709341563786,20356.684566666667,45488.39390823046
0.99,1.0,CVaR99-L100,2025-12-07,61768.74731543008,0.0,61768.74731543008,2230.8734094333327,63999.62072486342,96273.32079145536,96273.32079145536,579.778573809099,96853.09936526447,True,25131.709341563786,20356.684566666667,45488.39390823046
0.99,1.0,CVaR99-L100,2025-12-08,61797.97071033503,0.0,61797.97071033503,2713.8295127583306,64511.80022309336,96146.69572060823,96146.69572060823,783.2446882975302,96929.94040890576,True,25205.980967078187,20416.84458333333,45622.82555041152
0.99,1.0,CVaR99-L100,2025-12-09,61192.487431882655,0.0,61192.487431882655,3191.982025416663,64384.46945729932,95395.69474688721,95395.69474688721,754.395662722524,96150.09040960974,True,25294.31320987654,20488.3937,45782.70690987654
0.99,1.0,CVaR99-L100,2025-12-10,61542.47450016282,0.0,61542.47450016282,3402.3422321083335,64944.81673227115,95874.03310281762,95874.03310281762,987.1850949051691,96861.21819772279,True,25363.754259259258,20544.64095,45908.39520925926
0.99,1.0,CVaR99-L100,2025-12-11,62021.720043394496,0.0,62021.720043394496,1052.5881982250012,63074.308241619496,96494.39638428898,96494.39638428898,368.496016666667,96862.89240095565,True,25370.999835390943,20550.509866666667,45921.50970205761
0.99,1.0,CVaR99-L100,2025-12-12,62021.720043394496,0.0,62021.720043394496,0.0,62021.720043394496,96496.78777601366,96496.78777601366,0.0,96496.78777601366,False,25370.999835390943,20550.509866666667,45921.50970205761
0.99,1.0,CVaR99-L100,2025-12-13,62021.720043394496,0.0,62021.720043394496,0.0,62021.720043394496,96496.86574695261,96496.86574695261,0.0,96496.86574695261,False,25370.999835390943,20550.509866666667,45921.50970205761
0.99,1.0,CVaR99-L100,2025-12-14,62021.720043394496,0.0,62021.720043394496,1953.055509283333,63974.77555267783,96497.00200219022,96497.00200219022,621.0177333333334,97118.01973552354,True,25370.999835390943,20550.509866666667,45921.50970205761
0.99,1.0,CVaR99-L100,2025-12-15,62089.974425910936,0.0,62089.974425910936,3418.3836907333402,65508.358116644275,96626.69049173302,96626.69049173302,1133.5238745429617,97760.21436627599,True,25407.810720164605,20580.326683333333,45988.13740349794
0.99,1.0,CVaR99-L100,2025-12-16,62215.72806335478,0.0,62215.72806335478,2060.504336091668,64276.232399446446,96840.49665172436,96840.49665172436,675.533952873014,97516.03060459737,True,25399.192898537458,20573.346247815345,45972.53914635281
0.99,1.0,CVaR99-L100,2025-12-17,62146.0208961356,0.0,62146.0208961356,1148.8267474124982,63294.84764354809,96918.15920184329,96918.15920184329,376.4281225742072,97294.58732441749,True,25361.33737879482,20542.68327682381,45904.02065561863
0.99,1.0,CVaR99-L100,2025-12-18,62146.0208961356,0.0,62146.0208961356,1221.045412695836,63367.06630883143,96918.25632137008,96918.25632137008,411.30318240332474,97329.5595037734,True,25361.33737879482,20542.68327682381,45904.02065561863
0.99,1.0,CVaR99-L100,2025-12-19,62148.508586648095,0.0,62148.508586648095,0.0,62148.508586648095,96923.04608316565,96923.04608316565,0.0,96923.04608316565,False,25361.33737879482,20542.68327682381,45904.02065561863
0.99,1.0,CVaR99-L100,2025-12-20,62148.508586648095,0.0,62148.508586648095,0.0,62148.508586648095,96923.04985166763,96923.04985166763,0.0,96923.04985166763,False,25361.33737879482,20542.68327682381,45904.02065561863
0.99,1.0,CVaR99-L100,2025-12-21,62148.508586648095,0.0,62148.508586648095,2572.4128978499984,64720.921484498096,96923.05234212364,96923.05234212364,830.8830092627496,97753.93535138639,True,25361.33737879482,20542.68327682381,45904.02065561863
0.99,1.0,CVaR99-L100,2025-12-22,61934.81541379592,0.0,61934.81541379592,1943.57939895,63878.39481274592,96716.30038231405,96716.30038231405,557.4841246013833,97273.78450691543,True,25304.70222293122,20496.80880057429,45801.51102350551
0.99,1.0,CVaR99-L100,2025-12-23,61920.50960723199,0.0,61920.50960723199,713.6777325000006,62634.18733973199,96719.02431016936,96719.02431016936,178.58073333333337,96897.6050435027,True,25266.20176266827,20465.623427761297,45731.82519042956
0.99,1.0,CVaR99-L100,2025-12-24,61920.50960723199,0.0,61920.50960723199,1579.8067334000025,63500.31634063199,96719.02431016936,96719.02431016936,414.3506185541894,97133.37492872356,True,25266.20176266827,20465.623427761297,45731.82519042956
0.99,1.0,CVaR99-L100,2025-12-25,61855.46118792335,0.0,61855.46118792335,1543.2983886499994,63398.75957657335,96622.64808688102,96622.64808688102,510.3198660914396,97132.96795297245,True,25246.989238683127,20450.061283333333,45697.05052201646
0.99,1.0,CVaR99-L100,2025-12-26,61855.46118792334,0.0,61855.46118792334,0.0,61855.46118792334,96622.74784314685,96622.74784314685,0.0,96622.74784314685,False,25246.989238683127,20450.061283333333,45697.05052201646
0.99,1.0,CVaR99-L100,2025-12-27,61855.461187923356,0.0,61855.461187923356,0.0,61855.461187923356,96622.74541074803,96622.74541074803,0.0,96622.74541074803,False,25246.989238683127,20450.061283333333,45697.05052201646
0.99,1.0,CVaR99-L100,2025-12-28,61855.461187923356,0.0,61855.461187923356,979.7329107099968,62835.19409863335,96622.74541074803,96622.74541074803,247.16714586085186,96869.91255660888,True,25246.989238683127,20450.061283333333,45697.05052201646
0.99,1.0,CVaR99-L100,2025-12-29,61855.46118792335,0.0,61855.46118792335,1335.6933833733353,63191.15457129668,96622.74541074803,96622.74541074803,403.80798951546046,97026.5534002635,True,25246.989238683127,20450.06128333333,45697.050522016456
0.99,1.0,CVaR99-L100,2025-12-30,61855.46118792335,0.0,61855.46118792335,719.4470375766682,62574.90822550002,96622.65051927985,96622.65051927985,166.96910523114877,96789.619624511,True,25246.989238683127,20450.061283333333,45697.05052201646
0.99,1.0,CVaR99-L100,2025-12-31,61855.46118792334,0.0,61855.46118792334,1883.5741087883334,63739.03529671168,96622.87880266353,96622.87880266353,542.9744808155984,97165.85328347913,True,25246.989238683127,20450.061283333333,45697.05052201646
