method,date,plan_cost,adjustment_cost,contract_cost,emergency_cost,total_cost,planned_grid_kwh,contract_grid_kwh,emergency_kwh,total_grid_kwh,emergency_day,charge_kwh,discharge_kwh,throughput_kwh
DET,2025-02-01,48572.23354766301,0.0,48572.23354766301,63.812863010752494,48636.04641067376,79738.57032728661,79738.57032728661,29.84698924731174,79768.41731653392,True,23475.89753750166,19015.477005376342,42491.374542878
DET,2025-02-02,47125.72637021671,0.0,47125.72637021671,25603.021951785202,72728.74832200192,77847.41463789328,77847.41463789328,5501.970473655911,83349.38511154919,True,23311.409882516924,18882.24200483871,42193.651887355634
DET,2025-02-03,46782.9683025019,0.0,46782.9683025019,32060.036820149457,78843.00512265135,77366.53239498206,77366.53239498206,7427.475406989246,84794.00780197131,True,23247.16740143369,18830.205595161293,42077.37299659498
DET,2025-02-04,47690.38156954651,0.0,47690.38156954651,32586.427816311014,80276.80938585752,78502.24892151865,78502.24892151865,7284.86867473118,85787.11759624982,True,23331.248418292842,18898.311218817205,42229.55963711005
DET,2025-02-05,48632.24063890991,0.0,48632.24063890991,25197.555605176072,73829.79624408598,79696.1486107195,79696.1486107195,5801.167046236558,85497.31565695605,True,23429.99693813885,18978.29751989247,42408.29445803132
DET,2025-02-06,48379.602636579424,0.0,48379.602636579424,25533.29925784462,73912.90189442405,79354.53878778707,79354.53878778707,5938.61730483871,85293.15609262578,True,23378.618127572016,18936.680683333332,42315.29881090535
DET,2025-02-07,48128.29295379875,0.0,48128.29295379875,0.0,48128.29295379875,79015.08390213725,79015.08390213725,0.0,79015.08390213725,False,23351.16862471791,18914.446586021506,42265.615210739415
DET,2025-02-08,46619.42817628902,0.0,46619.42817628902,0.0,46619.42817628902,77023.186680543,77023.186680543,0.0,77023.186680543,False,23183.49585967742,18778.631646338712,41962.12750601613
DET,2025-02-09,45169.83280341785,0.0,45169.83280341785,37642.97603744193,82812.80884085977,75163.19184022043,75163.19184022043,8901.3023844086,84064.49422462903,True,23232.561827419355,18818.375080209677,42050.93690762903
DET,2025-02-10,44890.35570728946,0.0,44890.35570728946,24831.47444866262,69721.83015595208,74793.4502292742,74793.4502292742,5543.639608602147,80337.08983787634,True,23245.150997311826,18828.57230782258,42073.72330513441
DET,2025-02-11,45649.30325954968,0.0,45649.30325954968,22097.974052436017,67747.2773119857,75719.9063497688,75719.9063497688,4631.478251075267,80351.38460084407,True,23225.48527043011,18812.64306904839,42038.1283394785
DET,2025-02-12,46448.975186750686,0.0,46448.975186750686,20231.0896863637,66680.06487311439,76694.56076937096,76694.56076937096,4280.47187096774,80975.0326403387,True,23201.6442672043,18793.331856435485,41994.97612363979
DET,2025-02-13,46093.4035696951,0.0,46093.4035696951,16532.387174189502,62625.7907438846,76195.27790362365,76195.27790362365,3687.7053139784916,79882.98321760214,True,23222.252659139784,18810.024653903227,42032.277313043014
DET,2025-02-14,45695.88132540887,0.0,45695.88132540887,0.0,45695.88132540887,75651.07263850537,75651.07263850537,0.0,75651.07263850537,False,23234.835805376344,18820.217002354842,42055.05280773119
DET,2025-02-15,44214.377120612255,0.0,44214.377120612255,30.05786612903263,44244.43498674129,73746.64661342473,73746.64661342473,14.05887096774211,73760.70548439247,True,23309.76014139785,18880.90571453226,42190.66585593011
DET,2025-02-16,42711.19183937265,0.0,42711.19183937265,35402.41898497658,78113.61082434923,71765.15396443647,71765.15396443647,8255.71060053763,80020.8645649741,True,23201.777070888085,18793.439427419355,41995.21649830744
DET,2025-02-17,42385.686551844716,0.0,42385.686551844716,24657.8776628653,67043.56421471002,71313.32873072481,71313.32873072481,5684.922044623651,76998.25077534847,True,23149.177767821588,18750.833991935484,41900.01175975707
DET,2025-02-18,43128.93939750169,0.0,43128.93939750169,23926.932453510464,67055.87185101215,72241.93657277976,72241.93657277976,5329.625164516126,77571.56173729588,True,23198.76917761848,18791.003033870966,41989.77221148944
DET,2025-02-19,43884.61931320475,0.0,43884.61931320475,23768.113038391642,67652.7323515964,73185.91927140582,73185.91927140582,5409.922994086017,78595.84226549184,True,23269.157104739148,18848.017254838713,42117.17435957786
DET,2025-02-20,43522.68559508928,0.0,43522.68559508928,21148.26809465724,64670.953689746515,72661.77419980089,72661.77419980089,4783.696563440857,77445.47076324174,True,23193.65877937077,18786.863611290326,41980.52239066109
DET,2025-02-21,43121.87404321219,0.0,43121.87404321219,0.0,43121.87404321219,72094.46224620336,72094.46224620336,0.0,72094.46224620336,False,23106.608228461435,18716.35266505376,41822.96089351519
DET,2025-02-22,41691.37946571084,0.0,41691.37946571084,125.93268290322575,41817.312148614066,70194.95180271473,70194.95180271473,58.902096774193524,70253.85389948892,True,22942.06135271472,18583.069695698923,41525.13104841365
DET,2025-02-23,40207.3183013924,0.0,40207.3183013924,33613.8205461473,73821.1388475397,68098.07101542546,68098.07101542546,7932.239975268816,76030.31099069428,True,22271.55151865127,18039.95673010753,40311.5082487588
DET,2025-02-24,39800.24161725817,0.0,39800.24161725817,27643.24533275295,67443.48695001112,67473.83374684057,67473.83374684057,6238.78243172043,73712.616178561,True,22047.90408071153,17858.802305376343,39906.70638608787
DET,2025-02-25,40530.32686518492,0.0,40530.32686518492,21884.90463779677,62415.2315029817,68431.6760081508,68431.6760081508,4977.232545698924,73408.90855384972,True,22271.926089871227,18040.260132795698,40312.186222666925
DET,2025-02-26,41245.10460645777,0.0,41245.10460645777,22819.28400734301,64064.38861380078,69358.86411149608,69358.86411149608,5316.621116666665,74675.48522816274,True,22503.00986525952,18227.437990860213,40730.44785611973
DET,2025-02-27,40819.74916162613,0.0,40819.74916162613,23337.918025202685,64157.66718682882,68702.47590611974,68702.47590611974,4995.883513440858,73698.3594195606,True,22254.471263108986,18026.12172311828,40280.59298622727
DET,2025-02-28,40460.73477334139,0.0,40460.73477334139,0.0,40460.73477334139,68116.90690903358,68116.90690903358,0.0,68116.90690903358,False,22099.24098699057,17900.385199462362,39999.62618645294
DET,2025-03-01,38951.11054095775,0.0,38951.11054095775,44.6499460215056,38995.760486979256,65994.31279834727,65994.31279834727,20.88397849462376,66015.19677684188,True,21740.563293508563,17609.856267741936,39350.4195612505
DET,2025-03-02,37596.3880086263,0.0,37596.3880086263,53041.317582737625,90637.70559136392,64115.18270692286,64115.18270692286,12717.350564516128,76832.533271439,True,21651.15790853577,17537.437905913976,39188.59581444974
DET,2025-03-03,37328.23423233369,0.0,37328.23423233369,54061.56486261451,91389.7990949482,63748.26816357361,63748.26816357361,12652.502900537633,76400.77106411124,True,21652.84294636931,17538.802786559143,39191.64573292845
DET,2025-03-04,38164.80467758796,0.0,38164.80467758796,36850.73961855296,75015.54429614093,64833.664290435416,64833.664290435416,8845.956122580646,73679.62041301606,True,21719.813464091327,17593.04890591398,39312.86237000531
DET,2025-03-05,39019.78648736076,0.0,39019.78648736076,23933.197116603216,62952.98360396398,65965.53008723615,65965.53008723615,5382.798422580644,71348.3285098168,True,21765.069440461964,17629.706246774193,39394.77568723616
DET,2025-03-06,38743.92425806548,0.0,38743.92425806548,25023.951891879304,63767.87614994479,65567.96002917163,65567.96002917163,5733.9317672043,71301.89179637593,True,21748.284064117877,17616.110091935483,39364.39415605336
DET,2025-03-07,38430.770850777015,0.0,38430.770850777015,0.0,38430.770850777015,65105.5136722023,65105.5136722023,0.0,65105.5136722023,False,21738.169514137793,17607.917306451614,39346.08682058941
DET,2025-03-08,37023.67536062864,0.0,37023.67536062864,52.9835481720427,37076.65890880068,63142.66876576397,63142.66876576397,24.781827956989105,63167.45059372096,True,21640.442233505906,17528.758209139785,39169.20044264569
DET,2025-03-09,35611.07658411682,0.0,35611.07658411682,32708.603204648913,68319.67978876573,61137.81160042479,61137.81160042479,7412.061858064513,68549.87345848931,True,21561.44653590866,17464.77169408602,39026.21822999468
DET,2025-03-10,35263.600339118646,0.0,35263.600339118646,46662.1116284395,81925.71196755815,60587.41429951546,60587.41429951546,11763.743304838707,72351.15760435417,True,21540.260769945573,17447.611223655917,38987.87199360149
DET,2025-03-11,36100.9645403648,0.0,36100.9645403648,30434.774317746484,66535.73885811129,61762.997012783744,61762.997012783744,7156.34444193548,68919.34145471922,True,21575.349450418158,17476.03305483871,39051.38250525687
DET,2025-03-12,36878.734446400354,0.0,36878.734446400354,22516.247686401075,59394.98213280143,62813.02050710871,62813.02050710871,5215.651370967742,68028.67187807645,True,21607.43302270012,17502.020748387098,39109.45377108722
DET,2025-03-13,36531.54844171947,0.0,36531.54844171947,40713.99916824166,77245.54760996113,62256.158749588474,62256.158749588474,10114.898168279567,72371.05691786805,True,21583.18290388955,17482.378152150537,39065.56105604008
DET,2025-03-14,36367.7429130419,0.0,36367.7429130419,0.0,36367.7429130419,62033.73509308377,62033.73509308377,0.0,62033.73509308377,False,21563.8087468472,17466.685084946235,39030.493831793436
DET,2025-03-15,35021.613677031535,0.0,35021.613677031535,137.1893678494625,35158.803044880995,60113.14090982344,60113.14090982344,64.16715053763448,60177.30806036108,True,21504.853138855702,17418.931042473116,38923.78418132882
DET,2025-03-16,33768.503479391715,0.0,33768.503479391715,40497.669769538436,74266.17324893015,58350.69332747245,58350.69332747245,9614.724280107524,67965.41760757998,True,21455.062974246644,17378.601009139784,38833.66398338643
DET,2025-03-17,33591.20461949917,0.0,33591.20461949917,26250.06752096236,59841.27214046153,58091.97487374883,58091.97487374883,6038.174559139783,64130.14943288862,True,21447.959411920878,17372.847123655913,38820.80653557679
DET,2025-03-18,34276.273892893354,0.0,34276.273892893354,29292.70568307553,63568.979575968886,59000.5191417629,59000.5191417629,6513.14062956989,65513.659771332794,True,21466.387712730648,17387.77404731183,38854.16176004248
DET,2025-03-19,35035.375204722164,0.0,35035.375204722164,22121.863384204833,57157.23858892699,60032.245081461566,60032.245081461566,4910.746259139784,64942.99134060135,True,21489.75560135404,17406.702037096773,38896.45763845081
DET,2025-03-20,34714.07439045312,0.0,34714.07439045312,31294.350010682792,66008.42440113591,59518.00586429708,59518.00586429708,7392.371237634408,66910.37710193149,True,21484.745909996018,17402.644187096776,38887.39009709279
DET,2025-03-21,34528.216875658836,0.0,34528.216875658836,0.0,34528.216875658836,59226.678548805256,59226.678548805256,0.0,59226.678548805256,False,21475.196600955795,17394.909246774194,38870.10584772999
DET,2025-03-22,33207.244589744005,0.0,33207.244589744005,139.93819215053796,33347.182781894546,57280.995298393726,57280.995298393726,65.45284946236575,57346.44814785609,True,21431.34982742599,17359.39336021505,38790.74318764104
DET,2025-03-23,31981.5611894439,0.0,31981.5611894439,34941.26483789811,66922.826027342,55386.536641258455,55386.536641258455,8321.319764516127,63707.85640577458,True,21137.616258462764,17121.469169354838,38259.0854278176
DET,2025-03-24,31751.98368525984,0.0,31751.98368525984,33009.14596800429,64761.12965326413,54961.58525471923,54961.58525471923,7698.579986559138,62660.16524127837,True,20976.312461170844,16990.813093548386,37967.12555471923
DET,2025-03-25,32489.97996024418,0.0,32489.97996024418,38688.11227066989,71178.09223091407,56048.49678995088,56048.49678995088,9327.551804301074,65376.04859425195,True,21189.559072746582,17163.542848924735,38353.10192167132
DET,2025-03-26,33239.74330612058,0.0,33239.74330612058,21327.031572811815,54566.774878932396,57160.29559054825,57160.29559054825,4976.535568817202,62136.83115936545,True,21420.526981946106,17350.626855376344,38771.15383732245
DET,2025-03-27,32947.80387740174,0.0,32947.80387740174,30194.008016076867,63141.8118934786,56613.0526797292,56613.0526797292,7142.022659677417,63755.07533940661,True,21246.463922739946,17209.635777419357,38456.099700159306
DET,2025-03-28,32761.999855288028,0.0,32761.999855288028,0.0,32761.999855288028,56279.00325450683,56279.00325450683,0.0,56279.00325450683,False,21098.84287601221,17090.062729569894,38188.905605582106
DET,2025-03-29,31606.849944164598,0.0,31606.849944164598,111.21036892473138,31718.06031308933,54414.82079673436,54414.82079673436,52.0160752688173,54466.83687200318,True,20625.122379530065,16706.34912741936,37331.47150694943
DET,2025-03-30,30362.910955090643,0.0,30362.910955090643,32616.896041386008,62979.80699647665,52459.757629358486,52459.757629358486,7671.850702150535,60131.60833150902,True,20710.12758519182,16775.203344005375,37485.3309291972
DET,2025-03-31,30137.010634863018,0.0,30137.010634863018,38194.921959998115,68331.93259486114,52077.98288000796,52077.98288000796,9268.859420967741,61346.8423009757,True,20672.088072481085,16744.391338709676,37416.47941119076
DET,2025-04-01,30879.67485971998,0.0,30879.67485971998,42078.69872685591,72958.3735865759,53142.32939229882,53142.32939229882,11290.870796774194,64433.20018907302,True,20559.345448997745,16653.06981368817,37212.415262685914
DET,2025-04-02,31664.71719628806,0.0,31664.71719628806,42565.20001088224,74229.9172071703,54268.541195162354,54268.541195162354,10468.146149462362,64736.68734462472,True,20281.328522925793,16427.87610356989,36709.20462649569
DET,2025-04-03,31430.969038773568,0.0,31430.969038773568,29707.054324537625,61138.02336331119,53911.09768505748,53911.09768505748,6924.921748924731,60836.01943398221,True,20424.320518412318,16543.699619913976,36968.02013832629
DET,2025-04-04,31136.436750034693,0.0,31136.436750034693,0.0,31136.436750034693,53435.67933732365,53435.67933732365,0.0,53435.67933732365,False,20664.668156259126,16738.381206569888,37403.04936282901
DET,2025-04-05,29880.016913575193,0.0,29880.016913575193,71.55989451612909,29951.576808091322,51339.676362445236,51339.676362445236,33.47048387096777,51373.1468463162,True,20289.891154918354,16434.81183548387,36724.70299040222
DET,2025-04-06,28792.397170435128,0.0,28792.397170435128,36333.10769345563,65125.50486389076,49508.65870272799,49508.65870272799,8869.052424193545,58377.71112692154,True,19835.699233373154,16066.916379032258,35902.61561240541
DET,2025-04-07,28585.14418311089,0.0,28585.14418311089,34916.20889609838,63501.35307920927,49119.811948884904,49119.811948884904,8928.156679569891,58047.96862845479,True,19746.790659099956,15994.900433870967,35741.69109297093
DET,2025-04-08,29274.496981769917,0.0,29274.496981769917,38053.69519681047,67328.19217858039,50198.22694421876,50198.22694421876,8717.937639247306,58916.16458346607,True,19935.318860347797,16147.608276881721,36082.92713722952
DET,2025-04-09,30037.469608177824,0.0,30037.469608177824,45932.86935431183,75970.33896248965,51385.39941081907,51385.39941081907,11629.23897849462,63014.63838931369,True,20192.074779636263,16355.580571505376,36547.65535114164
DET,2025-04-10,29943.58692200415,0.0,29943.58692200415,34982.23288035914,64925.81980236329,51233.233035152,51233.233035152,8043.216970430106,59276.450005582104,True,20104.138682463825,16284.352332795697,36388.491015259526
DET,2025-04-11,29718.125048841186,0.0,29718.125048841186,0.0,29718.125048841186,50772.32928993761,50772.32928993761,0.0,50772.32928993761,False,19984.175600690298,16187.182236559138,36171.35783724944
DET,2025-04-12,28554.052130637276,0.0,28554.052130637276,117.21148204301085,28671.263612680286,48799.9914085424,48799.9914085424,54.82295698924736,48854.81436553165,True,19556.29687574671,15840.600469354838,35396.89734510155
DET,2025-04-13,27470.094550222122,0.0,27470.094550222122,45650.01215804892,73120.10670827105,46988.384756710475,46988.384756710475,10986.503317204299,57974.88807391477,True,19089.50025886101,15462.49520967742,34551.99546853843
DET,2025-04-14,27263.562472516605,0.0,27263.562472516605,38657.02130955699,65920.5837820736,46589.3430784747,46589.3430784747,9592.12271827957,56181.46579675427,True,19008.457345679017,15396.85045,34405.307795679015
DET,2025-04-15,27982.873840666118,0.0,27982.873840666118,32108.683382799732,60091.55722346585,47765.504911496086,47765.504911496086,7397.591184408601,55163.096095904686,True,19235.744488915436,15580.953036021503,34816.69752493694
DET,2025-04-16,28635.44547041601,0.0,28635.44547041601,41736.97532280671,70372.42079322273,48742.794756358686,48742.794756358686,10750.677508064513,59493.472264423195,True,19419.221824638254,15729.56967795699,35148.791502595246
DET,2025-04-17,28487.11373657582,0.0,28487.11373657582,35602.86839755188,64089.9821341277,48475.85437866056,48475.85437866056,8379.517449462364,56855.37182812292,True,19299.748696402494,15632.796444086021,34932.54514048852
DET,2025-04-18,28383.67849005571,0.0,28383.67849005571,0.0,28383.67849005571,48303.0011861277,48303.0011861277,0.0,48303.0011861277,False,19237.15788397717,15582.097886021505,34819.25576999867
DET,2025-04-19,27389.892535925843,0.0,27389.892535925843,124.74436870967723,27514.63690463552,46677.19264940263,46677.19264940263,58.34629032258056,46735.53893972521,True,18790.63354241338,15220.413169354839,34011.04671176822
DET,2025-04-20,26593.093427084998,0.0,26593.093427084998,42652.27101655994,69245.36444364494,45518.62018112306,45518.62018112306,10375.27408225806,55893.89426338112,True,18388.792037037038,14894.92155,33283.71358703704
DET,2025-04-21,26469.055571330733,0.0,26469.055571330733,31354.592020718545,57823.64759204928,45345.852197471126,45345.852197471126,7837.865236021504,53183.71743349263,True,18313.331234567908,14833.7983,33147.12953456791
DET,2025-04-22,27056.36799453617,0.0,27056.36799453617,39201.07057735887,66257.43857189504,46183.76881763573,46183.76881763573,10010.084391935485,56193.853209571214,True,18520.16899774326,15001.336888172042,33521.50588591531
DET,2025-04-23,27630.446662371454,0.0,27630.446662371454,31965.054321898115,59595.50098426957,46993.73690156643,46993.73690156643,8484.017179569892,55477.75408113632,True,18715.83583167396,15159.827023655915,33875.66285532988
DET,2025-04-24,27518.29349508202,0.0,27518.29349508202,23490.205535482786,51008.49903056481,46824.17929980751,46824.17929980751,5817.030927419352,52641.21022722686,True,18614.96538099031,15078.12195860215,33693.08733959246
DET,2025-04-25,27393.806231586732,0.0,27393.806231586732,0.0,27393.806231586732,46617.35649573875,46617.35649573875,0.0,46617.35649573875,False,18500.62622262047,14985.50724032258,33486.13346294305
DET,2025-04-26,26542.187341397006,0.0,26542.187341397006,93.52612032258041,26635.713461719588,45368.62768825168,45368.62768825168,43.74467741935473,45412.372365671035,True,18068.52986459578,14635.50919032258,32704.03905491836
DET,2025-04-27,25756.652359578773,0.0,25756.652359578773,42606.25866927096,68362.91102884973,44209.869797086154,44209.869797086154,9924.050432795697,54133.92022988185,True,17646.234792247444,14293.45018172043,31939.684973967873
DET,2025-04-28,25664.137868117705,0.0,25664.137868117705,63380.77968404676,89044.91755216446,44068.17107814284,44068.17107814284,16249.521813440855,60317.6928915837,True,17578.28178083101,14238.408242473119,31816.69002330413
DET,2025-04-29,26257.723162183545,0.0,26257.723162183545,32069.9339445723,58327.65710675585,44893.83185232975,44893.83185232975,7966.557647311827,52860.38949964158,True,17756.234050179213,14382.549580645162,32138.783630824375
DET,2025-04-30,26846.165362271757,0.0,26846.165362271757,27416.661185923913,54262.82654819567,45706.62420929909,45706.62420929909,7494.201137634407,53200.825346933496,True,17934.941664675425,14527.302748387094,32462.24441306252
DET,2025-05-01,26727.795855513898,0.0,26727.795855513898,45965.38277511128,72693.17863062517,45516.435135536965,45516.435135536965,10385.373699999998,55901.80883553696,True,17831.216468870305,14443.285339784947,32274.50180865525
DET,2025-05-02,26752.185170666045,0.0,26752.185170666045,0.0,26752.185170666045,45520.90459612371,45520.90459612371,0.0,45520.90459612371,False,17799.681105801137,14417.741695698924,32217.422801500063
DET,2025-05-03,26097.690613122115,0.0,26097.690613122115,169.95490752688173,26267.645520648995,44560.710274525416,44560.710274525416,79.49247311827958,44640.20274764369,True,17495.3743820523,14171.253249462365,31666.627631514668
DET,2025-05-04,25435.52792110076,0.0,25435.52792110076,54349.47484152661,79785.00276262737,43557.73011497411,43557.73011497411,13715.204249462364,57272.93436443647,True,17118.902500995617,13866.311025806448,30985.213526802065
DET,2025-05-05,25401.164393716805,0.0,25401.164393716805,66434.14977534677,91835.31416906358,43449.32143748175,43449.32143748175,15648.84960860215,59098.171046083895,True,16992.95956060003,13764.297244086021,30757.25680468605
DET,2025-05-06,26106.51618211902,0.0,26106.51618211902,52215.63299381585,78322.14917593487,44427.122858615425,44427.122858615425,12208.758184946233,56635.88104356166,True,17238.00734302403,13962.785947849461,31200.79329087349
DET,2025-05-07,26790.60733665018,0.0,26790.60733665018,58027.8627920559,84818.47012870607,45387.73386796097,45387.73386796097,13634.785879569888,59022.51974753085,True,17492.36618677817,14168.816611290324,31661.182798068494
DET,2025-05-08,26833.736310094064,0.0,26833.736310094064,58297.05328814247,85130.78959823653,45407.147541212,45407.147541212,14355.417536021505,59762.56507723351,True,17438.450692287264,14125.145060752688,31563.595753039954
DET,2025-05-09,26855.97021014395,0.0,26855.97021014395,0.0,26855.97021014395,45395.40907555423,45395.40907555423,0.0,45395.40907555423,False,17389.593009425196,14085.570337634408,31475.163347059606
DET,2025-05-10,26170.415747216608,0.0,26170.415747216608,129.81981978494605,26300.235567001553,44382.45380175892,44382.45380175892,60.720215053763354,44443.174016812685,True,17053.55437541484,13813.379044086021,30866.93341950086
DET,2025-05-11,25524.78192215891,0.0,25524.78192215891,64188.32105213333,89713.10297429224,43424.681789300404,43424.681789300404,15732.599404301076,59157.28119360148,True,16742.479909730515,13561.408726881718,30303.88863661223
DET,2025-05-12,25524.455524213514,0.0,25524.455524213514,53656.0574482344,79180.51297244792,43386.38386975309,43386.38386975309,13920.215323655913,57306.599193409,True,16675.830075667065,13507.422361290322,30183.252436957388
DET,2025-05-13,26187.798092343866,0.0,26187.798092343866,52362.70465601074,78550.5027483546,44277.22484975441,44277.22484975441,12619.00807096774,56896.232920722156,True,16836.817299216782,13637.822012365592,30474.639311582374
DET,2025-05-14,26869.918436308097,0.0,26869.918436308097,48095.85431710644,74965.77275341454,45225.48955662418,45225.48955662418,11875.620023655913,57101.1095802801,True,17093.10067436612,13845.411546236559,30938.51222060268
DET,2025-05-15,26871.336391489334,0.0,26871.336391489334,49379.25899332661,76250.59538481594,45199.01810253551,45199.01810253551,11837.106934946236,57036.12503748175,True,17036.37977565379,13799.467618279568,30835.847393933356
DET,2025-05-16,26905.672482009337,0.0,26905.672482009337,0.0,26905.672482009337,45209.58722550777,45209.58722550777,0.0,45209.58722550777,False,16993.990669056155,13765.132441935484,30759.12311099164
DET,2025-05-17,26238.762705593603,0.0,26238.762705593603,161.08071322580628,26399.843418819408,44221.42460070357,44221.42460070357,75.3417741935483,44296.76637489712,True,16656.860524359487,13492.057024731184,30148.91754909067
DET,2025-05-18,25608.43849163341,0.0,25608.43849163341,58044.86705787553,83653.30554950894,43246.45058807249,43246.45058807249,15034.990177419353,58281.44076549185,True,16311.266835921946,13212.126137096775,29523.392973018723
DET,2025-05-19,25605.5474134044,0.0,25605.5474134044,39130.230854634945,64735.77826803934,43235.90231795433,43235.90231795433,9036.607080107526,52272.509398061855,True,16276.88490773928,13184.276775268818,29461.161683008097
DET,2025-05-20,26267.027968874623,0.0,26267.027968874623,58671.50087781396,84938.52884668858,44151.63449933625,44151.63449933625,14670.849422043004,58822.48392137926,True,16487.058601486788,13354.5174672043,29841.576068691087
DET,2025-05-21,26950.076733054942,0.0,26950.076733054942,41821.56441988493,68771.64115293988,45089.75638846409,45089.75638846409,10115.356228494622,55205.112616958715,True,16695.97896588345,13523.742962365592,30219.72192824904
DET,2025-05-22,26978.700122399696,0.0,26978.700122399696,40455.21190565268,67433.91202805238,45062.76930039824,45062.76930039824,9849.120819354837,54911.89011975308,True,16600.102118677816,13446.082716129033,30046.18483480685
DET,2025-05-23,27004.99383783197,0.0,27004.99383783197,0.0,27004.99383783197,45048.972719534046,45048.972719534046,0.0,45048.972719534046,False,16556.801792114697,13411.009451612903,29967.8112437276
DET,2025-05-24,26391.93554934705,0.0,26391.93554934705,53.04837784946224,26444.983927196514,44108.78654255277,44108.78654255277,24.812150537634352,44133.598693090404,True,16238.410133412985,13153.112208064516,29391.522341477503
DET,2025-05-25,25768.081235514946,0.0,25768.081235514946,41126.87336805672,66894.95460357166,43184.57572096774,43184.57572096774,9944.698356451612,53129.27407741935,True,15999.999999999998,12960.0,28960.0
DET,2025-05-26,25802.15280860253,0.0,25802.15280860253,58601.1090904594,84403.26189906194,43199.068592473115,43199.068592473115,14873.48830483871,58072.55689731182,True,16000.0,12959.999999999998,28960.0
DET,2025-05-27,26509.86243735194,0.0,26509.86243735194,39095.19291052742,65605.05534787936,44170.51180388291,44170.51180388291,9170.600704301076,53341.112508183985,True,16137.770119474317,13071.593796774194,29209.363916248512
DET,2025-05-28,27180.40216881643,0.0,27180.40216881643,41728.5780632148,68908.98023203123,45116.02625700916,45116.02625700916,10807.876373118284,55923.90263012744,True,16378.27942851454,13266.40633709677,29644.68576561131
DET,2025-05-29,27200.835914110707,0.0,27200.835914110707,52030.04833068146,79230.88424479216,45120.937202475776,45120.937202475776,12464.689259139785,57585.62646161556,True,16348.537780432765,13242.315602150538,29590.853382583304
DET,2025-05-30,27254.354501256195,0.0,27254.354501256195,0.0,27254.354501256195,45169.40839349528,45169.40839349528,0.0,45169.40839349528,False,16353.151649409267,13246.052836021505,29599.20448543077
DET,2025-05-31,26662.93357462847,0.0,26662.93357462847,343.1873920430102,27006.120966671482,44306.899887116684,44306.899887116684,160.51795698924707,44467.417844105934,True,16118.810772600558,13056.236725806451,29175.04749840701
DET,2025-06-01,26083.764035788226,0.0,26083.764035788226,122027.34876104112,148111.11279682934,43478.390974731185,43478.390974731185,30786.435325268816,74264.8263,True,16000.000000000002,12960.0,28960.0
DET,2025-06-02,26223.829257165642,0.0,26223.829257165642,116996.5776207207,143220.40687788633,43657.52874677419,43657.52874677419,28331.79993655914,71989.32868333333,True,16000.0,12960.0,28960.0
DET,2025-06-03,27033.401347798,0.0,27033.401347798,109558.19538666584,136591.59673446385,44773.19400037833,44773.19400037833,26478.455371505373,71251.6493718837,True,16101.48704500199,13042.204506451613,29143.6915514536
DET,2025-06-04,27861.465008312472,0.0,27861.465008312472,106453.44868812631,134314.91369643877,45967.58290194478,45967.58290194478,26796.628956989243,72764.21185893402,True,16415.531801407138,13296.58075913978,29712.11256054692
DET,2025-06-05,28074.39611180615,0.0,28074.39611180615,113481.04166022498,141555.43777203112,46311.73254398646,46311.73254398646,27979.291613440855,74291.02415742731,True,16477.677481083232,13346.91875967742,29824.596240760653
DET,2025-06-06,28364.93352729216,0.0,28364.93352729216,3693.240122766668,32058.173650058827,46832.57498510554,46832.57498510554,968.8016817204302,47801.37666682597,True,16490.03817005177,13356.930917741935,29846.969087793703
DET,2025-06-07,27899.379761503435,0.0,27899.379761503435,3362.849552335485,31262.22931383892,46073.98573809239,46073.98573809239,1075.1547553763444,47149.14049346874,True,16235.168952608525,13150.486851612903,29385.655804221427
DET,2025-06-08,27375.213571401906,0.0,27375.213571401906,92059.40803183333,119434.62160323524,45259.87736015531,45259.87736015531,22967.920687096776,68227.79804725209,True,16015.13042413381,12972.255643548386,28987.386067682193
DET,2025-06-09,27579.294823804485,0.0,27579.294823804485,116890.29449039543,144469.58931419993,45563.21216305588,45563.21216305588,28413.825932258063,73977.03809531394,True,16022.765063055887,12978.439701075265,29001.20476413115
DET,2025-06-10,28791.89022331793,0.0,28791.89022331793,109895.9502455473,138687.84046886524,47636.35535168591,47636.35535168591,27085.579145698925,74721.93449738483,True,16334.15928448161,13230.669020430105,29564.828304911716
DET,2025-06-11,29995.54627022001,0.0,29995.54627022001,123666.35107795376,153661.89734817378,49610.76039740475,49610.76039740475,29632.310295161285,79243.07069256603,True,16624.33882052303,13465.714444623656,30090.053265146686
DET,2025-06-12,30381.090956647276,0.0,30381.090956647276,105320.3212079766,135701.41216462388,50292.47183168061,50292.47183168061,25431.908726881717,75724.38055856232,True,16714.7780784548,13538.970243548385,30253.748322003186
DET,2025-06-13,30770.376087421624,0.0,30770.376087421624,0.0,30770.376087421624,50977.45814132484,50977.45814132484,0.0,50977.45814132484,False,16835.895124120536,13637.075050537635,30472.97017465817
DET,2025-06-14,30244.830318111817,0.0,30244.830318111817,517.2181536427423,30762.04847175456,50139.5211785809,50139.5211785809,236.23675053763458,50375.75792911853,True,16633.493294172305,13473.12956827957,30106.622862451877
DET,2025-06-15,29682.435225607387,0.0,29682.435225607387,101083.98171239032,130766.41693799771,49224.78379701977,49224.78379701977,24513.00417204301,73737.78796906277,True,16372.70334594451,13261.889710215053,29634.593056159563
DET,2025-06-16,30007.848016204363,0.0,30007.848016204363,107686.91468031344,137694.7626965178,49806.9866748241,49806.9866748241,26003.89181505376,75810.87848987785,True,16404.34564848002,13287.519975268817,29691.865623748836
DET,2025-06-17,31393.674572748074,0.0,31393.674572748074,105056.60539350672,136450.27996625478,52146.89649657507,52146.89649657507,25689.47775430107,77836.37425087614,True,16838.752811628838,13639.389777419354,30478.14258904819
DET,2025-06-18,32683.91559524185,0.0,32683.91559524185,80161.83398252875,112845.7495777706,54300.72347204301,54300.72347204301,19910.269949462367,74210.99342150538,True,17276.855376344087,13994.252854838709,31271.108231182796
DET,2025-06-19,33037.562827774134,0.0,33037.562827774134,70307.69539779355,103345.25822556768,54867.29444406611,54867.29444406611,16708.153858064514,71575.44830213062,True,17329.73777578654,14037.087598387096,31366.825374173633
DET,2025-06-20,33445.89565179492,0.0,33445.89565179492,0.0,33445.89565179492,55559.81145082304,55559.81145082304,0.0,55559.81145082304,False,17452.613762113368,14136.617147311827,31589.230909425194
DET,2025-06-21,32782.013286372785,0.0,32782.013286372785,14.560814516129158,32796.574100888916,54467.757600902696,54467.757600902696,6.810483870967801,54474.568084773666,True,17159.4294869242,13899.1378844086,31058.5673713328
DET,2025-06-22,32098.860793036467,0.0,32098.860793036467,69775.95389545592,101874.81468849239,53390.56156573078,53390.56156573078,17285.88769408602,70676.4492598168,True,16927.64642970927,13711.393608064518,30639.04003777379
DET,2025-06-23,32409.452647047645,0.0,32409.452647047645,70737.14885305995,103146.60150010759,53935.50552660294,53935.50552660294,16375.402805913976,70310.90833251692,True,16970.524613699716,13746.124937096774,30716.64955079649
DET,2025-06-24,33655.98003276317,0.0,33655.98003276317,97372.21347724274,131028.1935100059,55974.192140355764,55974.192140355764,23601.54649301075,79575.7386333665,True,17404.980965086947,14098.034581720429,31503.015546807375
DET,2025-06-25,35127.772970670245,0.0,35127.772970670245,63232.990579111014,98360.76354978126,58415.43118386432,58415.43118386432,15432.461722580643,73847.89290644496,True,17942.182914509485,14533.168160752686,32475.351075262173
DET,2025-06-26,35547.83833738003,0.0,35547.83833738003,52588.934509613166,88136.7728469932,59154.12569128499,59154.12569128499,12058.699924193548,71212.82561547853,True,18113.17078322049,14671.668334408601,32784.83911762909
DET,2025-06-27,35830.300750499904,0.0,35830.300750499904,0.0,35830.300750499904,59593.56485385636,59593.56485385636,0.0,59593.56485385636,False,18224.386938802596,14761.753420430108,32986.140359232704
DET,2025-06-28,35186.73798495717,0.0,35186.73798495717,158.16820548387076,35344.90619044104,58587.14528473384,58587.14528473384,73.97951612903216,58661.12480086287,True,17956.087242798356,14544.430666666665,32500.517909465023
DET,2025-06-29,34540.28668416041,0.0,34540.28668416041,60831.419725115586,95371.706409276,57554.306244046194,57554.306244046194,15185.281349999997,72739.5875940462,True,17697.83388490641,14335.245446774192,32033.0793316806
DET,2025-06-30,34842.32036843266,0.0,34842.32036843266,62701.0067486301,97543.32711706276,58059.713663248374,58059.713663248374,15227.988586559139,73287.70224980751,True,17784.418768087082,14405.37920215054,32189.79797023762
DET,2025-07-01,36168.72772664103,0.0,36168.72772664103,87108.73511056288,123277.4628372039,60168.68303767722,60168.68303767722,22144.532816129027,82313.21585380625,True,18140.378002489048,14693.706182016129,32834.08418450518
DET,2025-07-02,37706.5441551061,0.0,37706.5441551061,57320.42815924004,95026.97231434615,62478.93822311163,62478.93822311163,14897.217519354836,77376.15574246646,True,18334.01947364927,14850.555773655915,33184.57524730518
DET,2025-07-03,37780.242152083636,0.0,37780.242152083636,82568.03864237096,120348.2807944546,62528.33204987388,62528.33204987388,20742.584730645158,83270.91678051904,True,18308.767956325497,14830.102044623654,33138.87000094915
DET,2025-07-04,38014.196193651034,0.0,38014.196193651034,253.5653497744618,38267.7615434255,62894.97129210806,62894.97129210806,118.65583064516102,63013.62712275322,True,18350.56847006505,14863.960460752689,33214.52893081774
DET,2025-07-05,37182.29293952831,0.0,37182.29293952831,480.91724390994625,37663.21018343826,61588.718800003575,61588.718800003575,224.7368677419355,61813.45566774551,True,18149.833684229387,14701.365284225805,32851.198968455195
DET,2025-07-06,36344.504259791385,0.0,36344.504259791385,93782.59024615993,130127.09450595132,60262.23750698925,60262.23750698925,22971.640209677415,83233.87771666667,True,18104.716666666667,14664.820499999998,32769.53716666666
DET,2025-07-07,36553.54442592234,0.0,36553.54442592234,64331.008987544345,100884.55341346668,60540.90449566573,60540.90449566573,16540.326449999997,77081.23094566572,True,18103.70021770875,14663.997176344084,32767.697394052833
DET,2025-07-08,37501.033945289746,0.0,37501.033945289746,76209.08647722148,113710.12042251123,61955.0888084317,61955.0888084317,18600.94769408602,80556.03650251772,True,18321.905027399443,14840.743072193547,33162.64809959299
DET,2025-07-09,38537.82957087632,0.0,38537.82957087632,58585.60316650833,97123.43273738465,63373.95553093256,63373.95553093256,14746.033494623653,78119.9890255562,True,18243.805629696006,14777.482560053762,33021.28818974977
DET,2025-07-10,38739.60405903401,0.0,38739.60405903401,56641.621488493,95381.22554752702,63669.432378176025,63669.432378176025,13967.17915268817,77636.61153086419,True,18292.35919753086,14816.81095,33109.17014753086
DET,2025-07-11,38816.65234749911,0.0,38816.65234749911,14.478899032257772,38831.13124653137,63741.31158504101,63741.31158504101,6.647795698924597,63747.959380739936,True,18344.539972202307,14859.07737748387,33203.617349686174
DET,2025-07-12,37968.052899890434,0.0,37968.052899890434,284.0140368752686,38252.0669367657,62502.864096508696,62502.864096508696,133.35185806451602,62636.215954573214,True,18464.708892207615,14956.414202688171,33421.12309489578
DET,2025-07-13,37048.243852984495,0.0,37048.243852984495,58199.56556090215,95247.80941388664,60965.29578789991,60965.29578789991,14074.971706451612,75040.26749435152,True,18012.346484136466,14590.000652150535,32602.347136287
DET,2025-07-14,37044.59824100556,0.0,37044.59824100556,60399.05769550186,97443.65593650742,60851.71990564848,60851.71990564848,14643.14276021505,75494.86266586353,True,17955.269859949556,14543.768586559137,32499.038446508694
DET,2025-07-15,38022.4318768263,0.0,38022.4318768263,56685.81242734085,94708.24430416714,62305.57562882649,62305.57562882649,14549.229006989246,76854.80463581573,True,18228.132661622192,14764.787455913976,32992.92011753617
DET,2025-07-16,39058.80168889201,0.0,39058.80168889201,50371.523538439506,89430.32522733152,63878.557092088144,63878.557092088144,12970.376629032255,76848.9337211204,True,18602.78758993761,15068.257947849459,33671.04553778707
DET,2025-07-17,39145.73210586196,0.0,39145.73210586196,54735.01928058628,93880.75138644825,63916.91221208019,63916.91221208019,13105.522826881719,77022.4350389619,True,18548.69924863933,15024.446391397849,33573.145640037175
DET,2025-07-18,39201.535961778995,0.0,39201.535961778995,0.0,39201.535961778995,63909.01068132882,63909.01068132882,0.0,63909.01068132882,False,18502.636310898713,14987.135411827956,33489.77172272667
DET,2025-07-19,38310.248285804155,0.0,38310.248285804155,350.44386466586076,38660.692150470015,62438.394184255936,62438.394184255936,163.9553586021508,62602.349542858086,True,18124.64848533121,14680.96527311828,32805.613758449486
DET,2025-07-20,37438.49346176508,0.0,37438.49346176508,58839.69046216505,96278.18392393013,60949.48621133015,60949.48621133015,14573.284405913977,75522.77061724412,True,17715.382727996814,14349.460009677417,32064.842737674233
DET,2025-07-21,37538.51960573903,0.0,37538.51960573903,66153.42457041424,103691.94417615327,61065.93119992035,61065.93119992035,16349.479861290321,77415.41106121067,True,17677.915941855834,14319.111912903225,31997.027854759057
DET,2025-07-22,38664.76338875015,0.0,38664.76338875015,59494.01604114085,98158.779429891,62808.38035098234,62808.38035098234,14526.888270430103,77335.26862141244,True,18089.928706358685,14652.842252150534,32742.77095850922
DET,2025-07-23,39841.19499066018,0.0,39841.19499066018,55534.250370824455,95375.44536148463,64635.4562550312,64635.4562550312,13438.13604408602,78073.59229911721,True,18459.869081375284,14952.493955913978,33412.363037289266
DET,2025-07-24,40033.295772103666,0.0,40033.295772103666,50802.77255059919,90836.06832270286,64867.71887092127,64867.71887092127,12674.710703763438,77542.4295746847,True,18534.730724147077,15013.131886559138,33547.862610706215
DET,2025-07-25,40191.894275276194,0.0,40191.894275276194,0.0,40191.894275276194,65074.11757908536,65074.11757908536,0.0,65074.11757908536,False,18508.104909730522,14991.56497688172,33499.669886612246
DET,2025-07-26,39202.75693974357,0.0,39202.75693974357,146.88439322580678,39349.64133296938,63381.90501167529,63381.90501167529,68.70177419354854,63450.60678586884,True,18050.52988318067,14620.929205376342,32671.45908855701
DET,2025-07-27,38376.552042968106,0.0,38376.552042968106,64668.700430641125,103045.25247360923,61956.21890132749,61956.21890132749,15137.134383870965,77093.35328519845,True,17672.271883047924,14314.540225268816,31986.812108316743
DET,2025-07-28,38539.26946930149,0.0,38539.26946930149,78621.42461170565,117160.69408100714,62162.58448660559,62162.58448660559,19202.9778860215,81365.56237262709,True,17716.33422208947,14350.230719892472,32066.564941981942
DET,2025-07-29,39760.1015002965,0.0,39760.1015002965,63115.834938212625,102875.93643850912,64117.76602701446,64117.76602701446,15447.670289784945,79565.4363167994,True,18128.455849595113,14684.049238172043,32812.50508776716
DET,2025-07-30,40921.27668749748,0.0,40921.27668749748,50200.892662416125,91122.1693499136,65936.01072602549,65936.01072602549,11954.849655913977,77890.86038193946,True,18480.453444842693,14969.167290322579,33449.62073516527
DET,2025-07-31,41067.14263130027,0.0,41067.14263130027,53625.54740846881,94692.69003976908,66094.80354979425,66094.80354979425,12458.424744623655,78553.2282944179,True,18495.239865923268,14981.144291397848,33476.38415732112
DET,2025-08-01,41214.31097825277,0.0,41214.31097825277,0.0,41214.31097825277,66244.49509387361,66244.49509387361,0.0,66244.49509387361,False,18465.21025355104,14956.820305376343,33422.03055892738
DET,2025-08-02,40053.367301787985,0.0,40053.367301787985,210.818869354838,40264.18617114282,64294.335300902705,64294.335300902705,98.60564516129,64392.940946063994,True,17983.07626111775,14566.291771505375,32549.368032623126
DET,2025-08-03,39002.35652787576,0.0,39002.35652787576,28843.738663520162,67846.09519139593,62548.01850712864,62548.01850712864,6704.461455376343,69252.47996250498,True,17616.679117881326,14269.51008548387,31886.189203365197
DET,2025-08-04,38720.36100110657,0.0,38720.36100110657,31457.12248503199,70177.48348613856,61983.92299998672,61983.92299998672,7440.672484946235,69424.59548493296,True,17520.58034514801,14191.670079569893,31712.250424717902
DET,2025-08-05,39506.38348535627,0.0,39506.38348535627,27949.5987921199,67455.98227747617,63210.44593655915,63210.44593655915,6634.435246774194,69844.88118333335,True,17773.114032258065,14396.22236612903,32169.336398387095
DET,2025-08-06,40278.52222773559,0.0,40278.52222773559,34871.451288310745,75149.97351604633,64440.42480847603,64440.42480847603,8243.684282795697,72684.10909127173,True,18073.133601486785,14639.2382172043,32712.371818691085
DET,2025-08-07,40071.27519720112,0.0,40071.27519720112,24331.776754163177,64403.051951364294,64047.624473151474,64047.624473151474,5773.334256989248,69820.95873014073,True,17988.71456723749,14570.858799462367,32559.573366699857
DET,2025-08-08,39908.673376006496,0.0,39908.673376006496,0.0,39908.673376006496,63722.15433791982,63722.15433791982,0.0,63722.15433791982,False,17977.156557812294,14561.496811827956,32538.653369640248
DET,2025-08-09,38703.54993746258,0.0,38703.54993746258,104.80165645161237,38808.351593914194,61717.747954692684,61717.747954692684,49.01854838709653,61766.76650307978,True,17579.808151466877,14239.644602688171,31819.45275415505
DET,2025-08-10,37593.51308103363,0.0,37593.51308103363,39513.282485146236,77106.79556617986,59864.64443648612,59864.64443648612,9367.857139784945,69232.50157627107,True,17187.717651002262,13922.051297311826,31109.768948314086
DET,2025-08-11,37451.24190339522,0.0,37451.24190339522,40381.60097553118,77832.8428789264,59610.36545649807,59610.36545649807,9325.540290860215,68935.90574735828,True,17131.07180273463,13876.168160215053,31007.239962949683
DET,2025-08-12,38179.8008803821,0.0,38179.8008803821,45450.19850722177,83629.99938760386,60692.81228314749,60692.81228314749,10560.718288172042,71253.53057131953,True,17388.011606265765,14084.289401075268,31472.301007341033
DET,2025-08-13,38977.35458790451,0.0,38977.35458790451,33722.757875641386,72700.1124635459,61921.272092917825,61921.272092917825,7906.605105913975,69827.8771988318,True,17626.713437541483,14277.637884408603,31904.351321950086
DET,2025-08-14,38896.58475302996,0.0,38896.58475302996,39122.80843655752,78019.39318958748,61811.3034759392,61811.3034759392,8702.314172580645,70513.61764851985,True,17582.182677552104,14241.567968817204,31823.750646369306
DET,2025-08-15,38796.92042125123,0.0,38796.92042125123,0.0,38796.92042125123,61630.26452254746,61630.26452254746,0.0,61630.26452254746,False,17627.88398114961,14278.586024731183,31906.470005880794
DET,2025-08-16,37691.16408150434,0.0,37691.16408150434,34.115123440860295,37725.279204945204,59775.33779317669,59775.33779317669,15.956559139784986,59791.29435231647,True,17303.027459843353,14015.452242473117,31318.479702316472
DET,2025-08-17,36590.74044402738,0.0,36590.74044402738,41455.31727837902,78046.0577224064,57927.41910979689,57927.41910979689,9569.73236129032,67497.15147108721,True,16949.853237753883,13729.381122580646,30679.23436033453
DET,2025-08-18,36432.933152708836,0.0,36432.933152708836,49544.425263570694,85977.35841627953,57617.40428416966,57617.40428416966,10995.612908602148,68613.0171927718,True,16940.441158900838,13721.757338709678,30662.198497610516
DET,2025-08-19,37174.926038377875,0.0,37174.926038377875,38311.43966340808,75486.36570178595,58733.86657121996,58733.86657121996,9028.951082258067,67762.81765347802,True,17193.49096906943,13926.727684946236,31120.218654015665
DET,2025-08-20,37965.42286408985,0.0,37965.42286408985,60320.35358484327,98285.77644893312,59984.753370237624,59984.753370237624,14138.268453225804,74123.02182346342,True,17472.37887561397,14152.626889247309,31625.00576486128
DET,2025-08-21,37939.08862398393,0.0,37939.08862398393,39169.623785498916,77108.71240948285,59947.35763107659,59947.35763107659,9391.108610752686,69338.46624182927,True,17519.920341829282,14191.135476881718,31711.055818711
DET,2025-08-22,37790.68350319112,0.0,37790.68350319112,0.0,37790.68350319112,59674.494924857296,59674.494924857296,0.0,59674.494924857296,False,17466.709301739014,14148.034534408602,31614.743836147616
DET,2025-08-23,36824.44481912649,0.0,36824.44481912649,52.673308279569866,36877.11812740606,58052.22678163415,58052.22678163415,24.636720430107516,58076.863502064254,True,17163.34444776317,13902.309002688171,31065.65345045134
DET,2025-08-24,36031.96136833006,0.0,36031.96136833006,50358.55896386075,86390.52033219082,56924.28410120802,56924.28410120802,11396.510777956988,68320.79487916501,True,16849.74380658436,13648.292483333333,30498.03628991769
DET,2025-08-25,35999.9571053501,0.0,35999.9571053501,72130.7291354594,108130.6862408095,56879.17045323908,56879.17045323908,17479.100411827952,74358.27086506702,True,16876.150837647685,13669.682178494622,30545.833016142307
DET,2025-08-26,36719.954443951116,0.0,36719.954443951116,49962.46346069758,86682.4179046487,57882.009959770345,57882.009959770345,11348.821841935485,69230.83180170583,True,17162.15226138325,13901.343331720429,31063.49559310368
DET,2025-08-27,37402.479637733006,0.0,37402.479637733006,55328.44440797121,92730.92404570422,58830.021145094914,58830.021145094914,12526.743086559136,71356.76423165404,True,17444.559844019645,14130.093473655914,31574.65331767556
DET,2025-08-28,37369.74851397161,0.0,37369.74851397161,65303.593933711556,102673.34244768316,58745.3936495752,58745.3936495752,15759.414453763438,74504.80810333864,True,17406.729593123586,14099.450970430107,31506.180563553695
DET,2025-08-29,37300.39309773853,0.0,37300.39309773853,0.0,37300.39309773853,58630.15961547193,58630.15961547193,0.0,58630.15961547193,False,17389.647461170847,14085.614443548387,31475.261904719235
DET,2025-08-30,36587.660944155,0.0,36587.660944155,79.05668806451617,36666.717632219516,57639.03045884773,57639.03045884773,36.97693548387099,57676.0073943316,True,17169.14958250365,13907.011161827957,31076.16074433161
DET,2025-08-31,35835.57649129221,0.0,35835.57649129221,58313.19283251558,94148.76932380779,56557.31400443382,56557.31400443382,14089.62987096774,70646.94387540156,True,16848.972408734902,13647.66765107527,30496.64005981017
DET,2025-09-01,35797.882316574694,0.0,35797.882316574694,20204.098197045423,56001.98051362012,56498.585804420545,56498.585804420545,5369.0022881720415,61867.58809259259,True,16863.17635603345,13659.172848387097,30522.34920442055
DET,2025-09-02,36225.56916973592,0.0,36225.56916973592,24071.838172506723,60297.407342242645,57100.06557970264,57100.06557970264,5292.5631698924735,62392.62874959511,True,17106.107032390813,13855.946696236559,30962.053728627372
DET,2025-09-03,36687.734170485804,0.0,36687.734170485804,22462.87599193547,59150.610162421275,57779.29655791848,57779.29655791848,5513.797126344082,63293.09368426257,True,17408.338474047523,14100.754163978494,31509.092638026017
DET,2025-09-04,36483.48714155151,0.0,36483.48714155151,24177.585773673112,60661.07291522462,57498.46585848931,57498.46585848931,5666.932553225806,63165.39841171512,True,17397.03906279039,14091.601640860215,31488.640703650606
DET,2025-09-05,36281.32429025686,0.0,36281.32429025686,0.0,36281.32429025686,57221.39721519315,57221.39721519315,0.0,57221.39721519315,False,17430.36083831143,14118.592279032258,31548.953117343688
DET,2025-09-06,35351.20993403895,0.0,35351.20993403895,0.0,35351.20993403895,55910.91527506306,55910.91527506306,0.0,55910.91527506306,False,17163.318145493162,13902.287697849462,31065.605843342622
DET,2025-09-07,34419.86318733076,0.0,34419.86318733076,30394.591380588165,64814.454567918925,54643.61030912651,54643.61030912651,7361.057673118278,62004.66798224479,True,16971.68432364264,13747.064302150537,30718.748625793174
DET,2025-09-08,34180.26675212338,0.0,34180.26675212338,46136.79615740214,80317.06290952553,54317.31736050709,54317.31736050709,11175.605343548385,65492.922704055476,True,16986.890041152263,13759.380933333334,30746.270974485597
DET,2025-09-09,34696.725251611286,0.0,34696.725251611286,27022.180771378225,61718.90602298951,55040.57986283685,55040.57986283685,6195.204646236559,61235.78450907341,True,17232.457801008895,13958.290818817204,31190.7486198261
DET,2025-09-10,35220.20936258181,0.0,35220.20936258181,48963.843219668546,84184.05258225036,55782.72452027745,55782.72452027745,11416.031538172043,67198.7560584495,True,17524.683377804333,14194.993536021504,31719.67691382584
DET,2025-09-11,35042.980333215964,0.0,35042.980333215964,24688.682250451075,59731.66258366704,55581.18231075269,55581.18231075269,5441.231180645162,61022.41349139785,True,17614.470967741938,14267.721483870968,31882.192451612907
DET,2025-09-12,34846.4370157759,0.0,34846.4370157759,0.0,34846.4370157759,55320.4700881654,55320.4700881654,0.0,55320.4700881654,False,17658.885602681534,14303.697338172042,31962.582940853576
DET,2025-09-13,33950.41393364362,0.0,33950.41393364362,0.0,33950.41393364362,54114.169290296035,54114.169290296035,0.0,54114.169290296035,False,17479.639776317534,14158.508218817202,31638.147995134736
DET,2025-09-14,33097.72697233085,0.0,33097.72697233085,49507.28004846828,82605.00702079912,52949.59790545599,52949.59790545599,12020.644551075267,64970.242456531254,True,17286.99733771406,14002.467843548387,31289.465181262447
DET,2025-09-15,32899.01150996673,0.0,32899.01150996673,40469.22706178118,73368.2385717479,52691.900820775256,52691.900820775256,9059.247467741936,61751.14828851719,True,17302.40070357095,14014.944569892472,31317.345273463423
DET,2025-09-16,33422.4413024893,0.0,33422.4413024893,44464.242763422575,77886.68406591188,53447.42007986194,53447.42007986194,11217.94140860215,64665.36148846409,True,17632.281600292048,14282.148096236559,31914.429696528605
DET,2025-09-17,33978.869253402816,0.0,33978.869253402816,43527.62612344597,77506.49537684879,54270.87667337714,54270.87667337714,10158.285266129033,64429.16193950617,True,17990.525420151338,14572.32559032258,32562.851010473918
DET,2025-09-18,33802.01397840865,0.0,33802.01397840865,42141.218107255634,75943.23208566429,54063.55906196071,54063.55906196071,9598.644081182794,63662.2031431435,True,18059.803914111246,14628.441170430107,32688.245084541355
DET,2025-09-19,33627.14187943668,0.0,33627.14187943668,0.0,33627.14187943668,53838.49915643834,53838.49915643834,0.0,53838.49915643834,False,18111.730829018983,14670.501971505377,32782.23280052436
DET,2025-09-20,32785.30010826147,0.0,32785.30010826147,0.0,32785.30010826147,52696.268689911056,52696.268689911056,0.0,52696.268689911056,False,17942.541290986323,14533.458445698925,32475.999736685248
DET,2025-09-21,31929.4873653963,0.0,31929.4873653963,47221.07074278359,79150.55810817989,51506.40782561396,51506.40782561396,11685.219743548383,63191.627569162345,True,17712.61478959246,14347.21797956989,32059.83276916235
DET,2025-09-22,31770.6439129055,0.0,31770.6439129055,56516.738369824445,88287.38228272994,51305.02450802469,51305.02450802469,13906.281401075266,65211.30590909996,True,17786.82248705695,14407.326214516128,32194.148701573078
DET,2025-09-23,32289.652072249773,0.0,32289.652072249773,59483.44917568037,91773.10124793014,52079.72387123325,52079.72387123325,13960.212211827955,66039.9360830612,True,18141.360032523564,14694.501626344087,32835.86165886765
DET,2025-09-24,32856.94918080153,0.0,32856.94918080153,49653.22135324972,82510.17053405126,52907.434115896715,52907.434115896715,12249.508817741935,65156.94293363865,True,18509.77012611177,14992.913802150537,33502.683928262304
DET,2025-09-25,32683.69950941601,0.0,32683.69950941601,50245.747558963965,82929.44706837997,52712.89763849064,52712.89763849064,12141.862062365588,64854.75970085623,True,18600.726608920748,15066.588553225807,33667.31516214655
DET,2025-09-26,32502.491918619755,0.0,32502.491918619755,0.0,32502.491918619755,52490.62042886632,52490.62042886632,0.0,52490.62042886632,False,18669.812217576,15122.54789623656,33792.36011381256
DET,2025-09-27,31625.854994437796,0.0,31625.854994437796,59.61307236559114,31685.468066803387,51292.50234438471,51292.50234438471,27.88263440860203,51320.384978793314,True,18461.93465352449,14954.167069354839,33416.10172287933
DET,2025-09-28,30785.352717475824,0.0,30785.352717475824,70534.92641589568,101320.2791333715,50134.791365671044,50134.791365671044,17109.243278494618,67244.03464416566,True,18244.41970330545,14777.97995967742,33022.39966298287
DET,2025-09-29,30622.313190432877,0.0,30622.313190432877,70489.04656835538,101111.35975878825,49953.64820627904,49953.64820627904,16891.59652473118,66845.24473101021,True,18321.913572945705,14840.749994086018,33162.66356703172
DET,2025-09-30,31153.8756140229,0.0,31153.8756140229,77286.65960496424,108440.53521898715,50735.45391021505,50735.45391021505,18282.956879569894,69018.41078978495,True,18648.297849462364,15105.121258064517,33753.41910752688
DET,2025-10-01,31730.886503828464,0.0,31730.886503828464,24289.8050077051,56020.691511533565,51617.54420366388,51617.54420366388,5924.051002150536,57541.59520581442,True,19085.358825169253,15459.140648387092,34544.499473556345
DET,2025-10-02,31445.372557969666,0.0,31445.372557969666,23963.59751807283,55408.9700760425,51282.29112910527,51282.29112910527,5894.871315053759,57177.16244415903,True,19112.881381255807,15481.433918817202,34594.31530007301
DET,2025-10-03,31427.5489327007,0.0,31427.5489327007,0.0,31427.5489327007,51320.87420866852,51320.87420866852,0.0,51320.87420866852,False,19224.865371034117,15572.140950537634,34797.00632157175
DET,2025-10-04,30694.15123686476,0.0,30694.15123686476,43.44668881720416,30737.597925681963,50307.79702465153,50307.79702465153,20.32118279569886,50328.11820744723,True,18977.819651533253,15372.033917741936,34349.85356927519
DET,2025-10-05,29984.933207096467,0.0,29984.933207096467,40279.77976458198,70264.71297167844,49371.789442400106,49371.789442400106,10172.246378494623,59544.03582089473,True,18828.16340369043,15250.812356989247,34078.97576067968
DET,2025-10-06,29935.951238494854,0.0,29935.951238494854,52070.584605855365,82006.53584435022,49366.81588415637,49366.81588415637,13154.521916666665,62521.337800823036,True,18898.264299747778,15307.594082795698,34205.858382543476
DET,2025-10-07,30653.37675595421,0.0,30653.37675595421,45892.49253266584,76545.86928862004,50453.6367667264,50453.6367667264,11537.918306451611,61991.55507317801,True,19293.471618876938,15627.712011290321,34921.18363016726
DET,2025-10-08,31352.603722507884,0.0,31352.603722507884,36451.145961680915,67803.7496841888,51511.50724011018,51511.50724011018,9529.024327419354,61040.531567529535,True,19677.16869441126,15938.506642473118,35615.67533688438
DET,2025-10-09,31358.75477544324,0.0,31358.75477544324,36817.63360063736,68176.3883760806,51577.52884720563,51577.52884720563,9005.193415591397,60582.722262797026,True,19775.65700849595,16018.28217688172,35793.93918537767
DET,2025-10-10,31330.974054737213,0.0,31330.974054737213,0.0,31330.974054737213,51597.22296829948,51597.22296829948,0.0,51597.22296829948,False,19890.550987654322,16111.3463,36001.89728765432
DET,2025-10-11,30613.198232544288,0.0,30613.198232544288,71.26758623655921,30684.465818780845,50634.902485855564,50634.902485855564,33.33376344086025,50668.236249296424,True,19696.800873489985,15954.408707526882,35651.20958101687
DET,2025-10-12,29892.041147690346,0.0,29892.041147690346,55415.70746812607,85307.74861581641,49636.92152506305,49636.92152506305,13851.342929569892,63488.26445463294,True,19460.46196269746,15762.974189784944,35223.436152482405
DET,2025-10-13,29875.280800615365,0.0,29875.280800615365,50451.817409976604,80327.09821059197,49670.11167678879,49670.11167678879,12003.535954838708,61673.64763162749,True,19545.46972786406,15831.830479569893,35377.30020743395
DET,2025-10-14,30553.363909073792,0.0,30553.363909073792,58813.496618342746,89366.86052741655,50688.3361918492,50688.3361918492,14359.051579569896,65047.3877714191,True,19923.75783485995,16138.243846236559,36062.00168109651
DET,2025-10-15,31267.508065870425,0.0,31267.508065870425,57369.647980432506,88637.15604630293,51785.07579831408,51785.07579831408,14269.489670430103,66054.56546874419,True,20347.644586486123,16481.59211505376,36829.236701539885
DET,2025-10-16,31245.85486806389,0.0,31245.85486806389,63887.964051551055,95133.81891961495,51812.63598900836,51812.63598900836,15469.35362956989,67281.98961857826,True,20434.398847072876,16551.86306612903,36986.2619132019
DET,2025-10-17,31271.466809113102,0.0,31271.466809113102,0.0,31271.466809113102,51901.606587282615,51901.606587282615,0.0,51901.606587282615,False,20531.799630293375,16630.757700537637,37162.55733083101
DET,2025-10-18,30524.838301165553,0.0,30524.838301165553,67.65792956989267,30592.496230735447,50869.33517359618,50869.33517359618,31.645430107526977,50900.980603703705,True,20287.734295101553,16433.06477903226,36720.799074133814
DET,2025-10-19,29798.90647952289,0.0,29798.90647952289,75341.22721385429,105140.13369337718,49863.61134413912,49863.61134413912,18119.241134946235,67982.85247908536,True,20020.50813553697,16216.611589784945,36237.119725321914
DET,2025-10-20,29819.999213868912,0.0,29819.999213868912,76360.11328006937,106180.11249393829,49950.863417894594,49950.863417894594,18310.726718817205,68261.5901367118,True,20109.51457918492,16288.706809139781,36398.2213883247
DET,2025-10-21,30521.55214856669,0.0,30521.55214856669,78185.81448954999,108707.36663811668,51016.59072617815,51016.59072617815,19354.269630107523,70370.86035628567,True,20513.42006703836,16615.870254301073,37129.29032133943
DET,2025-10-22,31213.83047674684,0.0,31213.83047674684,72916.83130640753,104130.66178315437,52073.21043726935,52073.21043726935,17458.708228494623,69531.91866576398,True,20901.569007699458,16930.270896236558,37831.839903936016
DET,2025-10-23,31254.268473626755,0.0,31254.268473626755,63776.38978192875,95030.6582555555,52216.94095070357,52216.94095070357,15284.172638172036,67501.1135888756,True,21060.71358887561,17059.17800698925,38119.89159586486
DET,2025-10-24,31244.820364541883,0.0,31244.820364541883,0.0,31244.820364541883,52277.521299807515,52277.521299807515,0.0,52277.521299807515,False,21168.285864861275,17146.311550537634,38314.59741539891
DET,2025-10-25,30499.93092842886,0.0,30499.93092842886,53.30999548387109,30553.240923912734,51256.72830671047,51256.72830671047,24.934516129032318,51281.662822839506,True,20941.48402230187,16962.60205806452,37904.08608036639
DET,2025-10-26,29774.39223699516,0.0,29774.39223699516,75004.5731918957,104778.96542889086,50236.23995716845,50236.23995716845,18274.606623655913,68510.84658082436,True,20661.622706093192,16735.914391935483,37397.537098028675
DET,2025-10-27,29756.27437351846,0.0,29756.27437351846,74194.98067067178,103951.25504419024,50269.36424397318,50269.36424397318,17283.640861827957,67553.00510580113,True,20744.27836386566,16802.86547473118,37547.143838596836
DET,2025-10-28,30503.498980540397,0.0,30503.498980540397,77686.33366928922,108189.83264982962,51391.00934510819,51391.00934510819,18597.478247311825,69988.48759242002,True,21137.18890747378,17121.123015053763,38258.311922527544
DET,2025-10-29,31333.10793247672,0.0,31333.10793247672,85830.10309738788,117163.2110298646,52724.266238172044,52724.266238172044,20649.485239247308,73373.75147741936,True,21333.333333333336,17280.0,38613.333333333336
DET,2025-10-30,31413.794936771184,0.0,31413.794936771184,67253.67645816584,98667.47139493702,52912.15745215054,52912.15745215054,16044.33229569892,68956.48974784945,True,21333.333333333332,17280.0,38613.33333333333
DET,2025-10-31,31428.049691277738,0.0,31428.049691277738,0.0,31428.049691277738,52977.57442150537,52977.57442150537,0.0,52977.57442150537,False,21333.33333333333,17280.0,38613.33333333333
DET,2025-11-01,30527.8479357521,0.0,30527.8479357521,95.74274354838703,30623.590679300487,51638.2878827957,51638.2878827957,44.7814516129032,51683.0693344086,True,21333.333333333336,17280.0,38613.333333333336
DET,2025-11-02,29909.06534204219,0.0,29909.06534204219,92575.87656357368,122484.94190561587,50786.968055077654,50786.968055077654,22061.95687526882,72848.92493034647,True,21329.16314217443,17276.62214516129,38605.78528733572
DET,2025-11-03,30195.872326476878,0.0,30195.872326476878,89728.58506733546,119924.45739381234,51314.03361559139,51314.03361559139,22244.230001075266,73558.26361666666,True,21333.333333333325,17280.0,38613.33333333333
DET,2025-11-04,31428.868041565573,0.0,31428.868041565573,77515.00983594623,108943.8778775118,53305.85318647286,53305.85318647286,18329.443474193547,71635.29666066641,True,21343.287512279305,17288.062884946237,38631.35039722554
DET,2025-11-05,32587.949978972603,0.0,32587.949978972603,76448.84967124516,109036.79965021776,55068.34866707155,55068.34866707155,18669.840230107526,73738.18889717908,True,21369.30963427585,17309.140803763436,38678.45043803929
DET,2025-11-06,32876.36110558004,0.0,32876.36110558004,83039.581174393,115915.94227997304,55552.60208353909,55552.60208353909,20032.860886021503,75585.46296956058,True,21381.1597039692,17318.739360215055,38699.899064184254
DET,2025-11-07,33145.24440657612,0.0,33145.24440657612,0.0,33145.24440657612,55993.567079722554,55993.567079722554,0.0,55993.567079722554,False,21386.8370523032,17323.338012365595,38710.175064668794
DET,2025-11-08,32359.482365912783,0.0,32359.482365912783,87.89536397849464,32447.37772989128,54879.7114166932,54879.7114166932,41.11102150537636,54920.82243819858,True,21373.86178282224,17312.828044086025,38686.68982690827
DET,2025-11-09,31609.79002642289,0.0,31609.79002642289,89443.72091417204,121053.51094059492,53823.61845527678,53823.61845527678,21582.5681688172,75406.18662409399,True,21365.10231979291,17305.732879032257,38670.83519882517
DET,2025-11-10,31898.563636047154,0.0,31898.563636047154,96963.21752947499,128861.78116552214,54328.93720107527,54328.93720107527,23591.392940322577,77920.33014139785,True,21378.352849462368,17316.465808064513,38694.81865752688
DET,2025-11-11,33280.59812341652,0.0,33280.59812341652,80221.80018928305,113502.39831269957,56419.153998061855,56419.153998061855,19210.84588817204,75629.9998862339,True,21426.211681932826,17355.23146236559,38781.44314429842
DET,2025-11-12,34556.8546996122,0.0,34556.8546996122,71867.7187172911,106424.57341690331,58283.6356582039,58283.6356582039,16754.50087204301,75038.1365302469,True,21484.99358024691,17402.8448,38887.83838024691
DET,2025-11-13,34822.255111888466,0.0,34822.255111888466,73412.85793978735,108235.11305167581,58688.12409178946,58688.12409178946,17968.54438172043,76656.6684735099,True,21501.650570821716,17416.33696236559,38917.987533187305
DET,2025-11-14,35127.89103405768,0.0,35127.89103405768,0.0,35127.89103405768,59188.25438890215,59188.25438890215,0.0,59188.25438890215,False,21524.66639320323,17434.979778494624,38959.64617169785
DET,2025-11-15,34328.60255248293,0.0,34328.60255248293,45.969758709677414,34374.572311192605,58114.861380432754,58114.861380432754,21.501290322580644,58136.362670755334,True,21507.72084494889,17421.2538844086,38928.97472935749
DET,2025-11-16,33535.17446685725,0.0,33535.17446685725,89548.54202612095,123083.7164929782,57023.07532795698,57023.07532795698,21493.509212903224,78516.5845408602,True,21484.421881720427,17402.381724193547,38886.80360591397
DET,2025-11-17,33762.38493524086,0.0,33762.38493524086,81219.19531648385,114981.5802517247,57394.25606848534,57394.25606848534,19394.553632795694,76788.80970128103,True,21490.96373622727,17407.68062634409,38898.64436257136
DET,2025-11-18,35048.77814158149,0.0,35048.77814158149,80150.34941911476,115199.12756069624,59234.25152771804,59234.25152771804,19764.210114516125,78998.46164223416,True,21550.098578255678,17455.579848387097,39005.67842664277
DET,2025-11-19,36383.32538094493,0.0,36383.32538094493,76095.24880227822,112478.57418322316,61146.016198838435,61146.016198838435,18331.354332258063,79477.3705310965,True,21626.62595313952,17517.56702204301,39144.19297518253
DET,2025-11-20,36618.183863111,0.0,36618.183863111,72097.94199878655,108716.12586189756,61517.638663613434,61517.638663613434,17527.339655913976,79044.9783195274,True,21633.0278786672,17522.75258172043,39155.78046038763
DET,2025-11-21,36831.92532862676,0.0,36831.92532862676,0.0,36831.92532862676,61856.770055621935,61856.770055621935,0.0,61856.770055621935,False,21660.324905084293,17544.863173118276,39205.18807820257
DET,2025-11-22,35943.89192583811,0.0,35943.89192583811,73.91790161290356,36017.80982745101,60636.60488553697,60636.60488553697,34.573387096774354,60671.17827263375,True,21621.79808177353,17513.656446236557,39135.45452801009
DET,2025-11-23,35093.34049995765,0.0,35093.34049995765,82728.61273800752,117821.95323796518,59491.24825600027,59491.24825600027,19843.473911290323,79334.72216729059,True,21592.76781030134,17490.141926344084,39082.90973664542
DET,2025-11-24,35338.83798286189,0.0,35338.83798286189,76207.23110446532,111546.06908732721,59875.81869792247,59875.81869792247,18390.979416666665,78266.79811458914,True,21604.496918890214,17499.64250430108,39104.13942319129
DET,2025-11-25,36609.67800160684,0.0,36609.67800160684,76210.87834558683,112820.55634719366,61688.086970529665,61688.086970529665,18599.570603225802,80287.65757375547,True,21678.93214257268,17559.93503548387,39238.86717805655
DET,2025-11-26,37917.57829419827,0.0,37917.57829419827,71369.59410040428,109287.17239460256,63534.79378967211,63534.79378967211,17364.49481774193,80899.28860741404,True,21760.032933758128,17625.626676344087,39385.659610102215
DET,2025-11-27,38178.61409817696,0.0,38178.61409817696,66687.83307201881,104866.44717019577,63934.208247729985,63934.208247729985,16149.307981182796,80083.51622891278,True,21788.639611708484,17648.79808548387,39437.437697192356
DET,2025-11-28,38428.00212086985,0.0,38428.00212086985,0.0,38428.00212086985,64333.044385377674,64333.044385377674,0.0,64333.044385377674,False,21811.66324505509,17667.447228494624,39479.110473549714
DET,2025-11-29,37574.61211210399,0.0,37574.61211210399,153.1326142360211,37727.74472634001,63192.51898720961,63192.51898720961,72.09019677419337,63264.609183983805,True,21759.862872693477,17625.48892688172,39385.3517995752
DET,2025-11-30,36716.521729724656,0.0,36716.521729724656,90960.91969932392,127677.44142904857,62075.28403778044,62075.28403778044,22295.805872043005,84371.08990982344,True,21717.16733240409,17590.90553924731,39308.0728716514
DET,2025-12-01,37031.44388110138,0.0,37031.44388110138,111744.16674283224,148775.6106239336,62580.4771752489,62580.4771752489,27851.29224784946,90431.76942309836,True,21751.79836718439,17618.95667741935,39370.75504460374
DET,2025-12-02,38462.8699597293,0.0,38462.8699597293,112570.98456761424,151033.85452734353,64612.736968100355,64612.736968100355,28177.444281720433,92790.18124982079,True,21854.585788530465,17702.214488709677,39556.80027724014
DET,2025-12-03,40012.314643850346,0.0,40012.314643850346,95787.48345840698,135799.7981022573,66770.15830819726,66770.15830819726,24570.325752688168,91340.48406088543,True,21988.081548519844,17810.346054301077,39798.42760282092
DET,2025-12-04,40392.28250880714,0.0,40392.28250880714,95286.43692355376,135678.7194323609,67372.74144124519,67372.74144124519,23716.026030107525,91088.76747135271,True,22041.343431567773,17853.488179569893,39894.83161113766
DET,2025-12-05,40786.34154390314,0.0,40786.34154390314,0.0,40786.34154390314,67955.06892253418,67955.06892253418,0.0,67955.06892253418,False,22174.76846608257,17961.56245752688,40136.33092360945
DET,2025-12-06,40087.022711703044,0.0,40087.022711703044,227.16984098118192,40314.192552684224,67087.3092495951,67087.3092495951,104.19541666666626,67191.50466626177,True,22067.450043143497,17874.634534946235,39942.084578089736
DET,2025-12-07,39392.70888055771,0.0,39392.70888055771,102435.4180672672,141828.1269478249,66239.14663605468,66239.14663605468,25597.329097311827,91836.4757333665,True,22019.970965086948,17836.17648172043,39856.14744680738
DET,2025-12-08,39744.43140075018,0.0,39744.43140075018,100481.55248772875,140225.98388847895,66778.38289020311,66778.38289020311,25266.597780107524,92044.98067031063,True,22093.523966547193,17895.754412903225,39989.27837945042
DET,2025-12-09,41271.361922598706,0.0,41271.361922598706,93066.04468001504,134337.40660261374,68958.76180789857,68958.76180789857,22726.268370967737,91685.0301788663,True,22613.557432629765,18316.98152043011,40930.53895305988
DET,2025-12-10,42818.39087885637,0.0,42818.39087885637,84801.56320257741,127619.95408143378,71147.13746012875,71147.13746012875,21673.908468817204,92821.04592894595,True,23333.828748838438,18900.40128655914,42234.23003539757
DET,2025-12-11,43186.849666295166,0.0,43186.849666295166,75519.77061508334,118706.6202813785,71708.98647317138,71708.98647317138,18838.653004301075,90547.63947747245,True,23397.753726934825,18952.180518817207,42349.93424575203
DET,2025-12-12,43458.866405998924,0.0,43458.866405998924,16.73018556451605,43475.59659156344,72097.51549555376,72097.51549555376,7.352311827956953,72104.86780738171,True,23387.836595161287,18944.147642080643,42331.98423724193
DET,2025-12-13,42701.593798451286,0.0,42701.593798451286,137.3251193548385,42838.91891780612,71198.09807645692,71198.09807645692,64.23064516129023,71262.32872161822,True,23381.498087747248,18939.01345107527,42320.51153882252
DET,2025-12-14,41964.409160889365,0.0,41964.409160889365,92462.05913568387,134426.46829657324,70304.47155706225,70304.47155706225,22899.155275268815,93203.62683233107,True,23288.973854374086,18864.068822043013,42153.0426764171
DET,2025-12-15,42332.11293068461,0.0,42332.11293068461,91906.42999359997,134238.5429242846,70850.40552469355,70850.40552469355,23061.51239408602,93911.91791877957,True,23380.841853225807,18938.481901112908,42319.323754338715
DET,2025-12-16,43844.926013801014,0.0,43844.926013801014,84148.09524566127,127993.02125946229,72827.1554305215,72827.1554305215,21014.20373924731,93841.35916976881,True,23280.35703387097,18857.08919743549,42137.44623130646
DET,2025-12-17,45345.980495361764,0.0,45345.980495361764,70524.4987502301,115870.47924559185,74790.21759932258,74790.21759932258,17813.565781720426,92603.783381043,True,23220.71744408602,18808.781129709678,42029.4985737957
DET,2025-12-18,45645.551152168075,0.0,45645.551152168075,68944.37838349165,114589.92953565973,75230.01869860216,75230.01869860216,16707.833684946236,91937.8523835484,True,23199.755032258065,18791.801576129033,41991.556608387094
DET,2025-12-19,45984.027224012025,0.0,45984.027224012025,0.0,45984.027224012025,75701.42788916433,75701.42788916433,0.0,75701.42788916433,False,23190.106861476175,18783.9865577957,41974.09341927187
DET,2025-12-20,45141.144589304306,0.0,45141.144589304306,71.54759526881728,45212.69218457312,74673.02630975269,74673.02630975269,33.46473118279573,74706.49104093549,True,23207.37537956989,18797.97405745161,42005.349437021505
DET,2025-12-21,44276.412558603566,0.0,44276.412558603566,80177.21422772176,124453.62678632533,73626.97012441397,73626.97012441397,19822.92976129032,93449.89988570429,True,23221.673784408602,18809.555765370962,42031.229549779564
DET,2025-12-22,44595.515784583244,0.0,44595.515784583244,78725.4003334094,123320.91611799265,74083.92279921506,74083.92279921506,19263.06833817204,93346.9911373871,True,23208.23186344086,18798.667809387094,42006.89967282795
DET,2025-12-23,46097.40079535618,0.0,46097.40079535618,64189.65766490402,110287.0584602602,76026.53786054693,76026.53786054693,15645.893690860212,91672.43155140715,True,23233.36325302004,18819.024234946235,42052.387487966276
DET,2025-12-24,47522.70803156907,0.0,47522.70803156907,60150.02763589677,107672.73566746584,77898.64978318066,77898.64978318066,14402.416504838708,92301.06628801937,True,23402.66827027744,18956.16129892473,42358.82956920217
DET,2025-12-25,47815.49656031557,0.0,47815.49656031557,57347.884141627685,105163.38070194326,78318.01143116952,78318.01143116952,14111.32681989247,92429.338251062,True,23466.802065578122,19008.10967311828,42474.911738696406
DET,2025-12-26,48127.083567757436,0.0,48127.083567757436,0.0,48127.083567757436,78765.5944976105,78765.5944976105,0.0,78765.5944976105,False,23504.929438470725,19038.99284516129,42543.92228363201
DET,2025-12-27,47249.74769499112,0.0,47249.74769499112,65.35072870967777,47315.0984237008,77685.37734771008,77685.37734771008,30.566290322580812,77715.94363803265,True,23449.633409000395,18994.20306129032,42443.83647029071
DET,2025-12-28,46365.06456158422,0.0,46365.06456158422,60502.82173517768,106867.88629676189,76592.21726454931,76592.21726454931,14657.335421505373,91249.55268605468,True,23369.98913712996,18929.691201075268,42299.68033820523
DET,2025-12-29,46608.23505638854,0.0,46608.23505638854,60920.48404906021,107528.71910544875,76949.17824286473,76949.17824286473,15016.093324731184,91965.27156759592,True,23376.34368910129,18934.83838817204,42311.18207727333
DET,2025-12-30,48012.619740691436,0.0,48012.619740691436,50198.20554239622,98210.82528308766,78808.3294121532,78808.3294121532,11893.505594623653,90701.83500677685,True,23551.413049249968,19076.644569892473,42628.05761914244
DET,2025-12-31,49314.361479530424,0.0,49314.361479530424,52887.5418552223,102201.90333475271,80527.07654650205,80527.07654650205,12667.022511290319,93194.09905779237,True,23888.63014005044,19349.79041344086,43238.420553491305
Q80,2025-02-01,61649.885506768085,0.0,61649.885506768085,0.0,61649.885506768085,96528.68466419753,96528.68466419753,0.0,96528.68466419753,False,25308.51419753086,20499.8965,45808.41069753086
Q80,2025-02-02,61310.17888434064,0.0,61310.17888434064,83.81870001666618,61393.997584357305,96042.25637304525,96042.25637304525,13.37651666666659,96055.63288971192,True,25274.302489711932,20472.185016666666,45746.4875063786
Q80,2025-02-03,60940.03468784403,0.0,60940.03468784403,33.452585399999755,60973.487273244034,95553.5557403292,95553.5557403292,15.482799999999884,95569.0385403292,True,25189.146440329216,20403.208616666663,45592.355056995875
Q80,2025-02-04,60942.82498277737,0.0,60942.82498277737,283.5041239999996,61226.32910677737,95560.01174032921,95560.01174032921,78.62641666666661,95638.63815699588,True,25189.146440329216,20403.208616666663,45592.355056995875
Q80,2025-02-05,60956.82306643737,0.0,60956.82306643737,45.95532287500053,61002.77838931237,95576.53877366256,95576.53877366256,10.173350000000028,95586.71212366255,True,25189.146440329216,20403.208616666663,45592.355056995875
Q80,2025-02-06,60685.67139492763,0.0,60685.67139492763,51.113849099999044,60736.78524402763,95210.92025967076,95210.92025967076,8.426733333333118,95219.34699300409,True,25128.351893004114,20353.96503333333,45482.316926337444
Q80,2025-02-07,60415.212982257624,0.0,60415.212982257624,0.0,60415.212982257624,94874.2922430041,94874.2922430041,0.0,94874.2922430041,False,25128.351893004114,20353.965033333334,45482.316926337444
Q80,2025-02-08,60017.38088810429,0.0,60017.38088810429,0.0,60017.38088810429,94353.32925967078,94353.32925967078,0.0,94353.32925967078,False,25051.320226337448,20291.56938333333,45342.889609670776
Q80,2025-02-09,59726.02545628898,0.0,59726.02545628898,203.21408260833334,59929.23953889732,93950.2394399177,93950.2394399177,79.36373333333341,94029.60317325103,True,25009.363806584362,20257.584683333334,45266.9484899177
Q80,2025-02-10,59407.581956114154,0.0,59407.581956114154,139.57982858333293,59547.161784697484,93487.07595823045,93487.07595823045,25.807166666666603,93512.88312489711,True,24968.834341563786,20224.755816666664,45193.59015823045
Q80,2025-02-11,59419.87594348082,0.0,59419.87594348082,14.610950833333362,59434.486894314156,93501.10962489712,93501.10962489712,3.1183333333333394,93504.22795823045,True,24968.834341563786,20224.755816666664,45193.59015823045
Q80,2025-02-12,59418.25861998082,0.0,59418.25861998082,128.45528455833585,59546.71390453916,93496.99962489711,93496.99962489711,22.520950000000425,93519.52057489712,True,24968.834341563786,20224.755816666664,45193.59015823045
Q80,2025-02-13,58905.535154544064,0.0,58905.535154544064,192.23761216666767,59097.77276671073,92844.17324074073,92844.17324074073,37.79403333333346,92881.96727407406,True,24860.492407407408,20136.998849999996,44997.491257407404
Q80,2025-02-14,58614.20204053832,0.0,58614.20204053832,0.0,58614.20204053832,92459.83788333333,92459.83788333333,0.0,92459.83788333333,False,24833.333333333332,20115.0,44948.33333333333
Q80,2025-02-15,58192.640535595,0.0,58192.640535595,0.0,58192.640535595,91906.55688333332,91906.55688333332,0.0,91906.55688333332,False,24833.333333333332,20115.0,44948.33333333333
Q80,2025-02-16,57560.52784459,0.0,57560.52784459,434.5528129583297,57995.08065754833,91115.10556666667,91115.10556666667,80.79944999999941,91195.90501666667,True,24833.333333333332,20115.0,44948.33333333333
Q80,2025-02-17,56872.58951060166,0.0,56872.58951060166,550.1029739833294,57422.69248458499,90215.006,90215.006,102.99881666666613,90318.00481666665,True,24833.333333333332,20115.0,44948.33333333333
Q80,2025-02-18,56899.18455666166,0.0,56899.18455666166,210.8077428999989,57109.99229956166,90249.95811666665,90249.95811666665,31.777533333333167,90281.73564999997,True,24833.333333333332,20115.0,44948.33333333333
Q80,2025-02-19,56913.54891577666,0.0,56913.54891577666,775.1681612416703,57688.71707701833,90261.08884999999,90261.08884999999,186.9170666666672,90448.00591666665,True,24833.333333333332,20115.0,44948.33333333333
Q80,2025-02-20,56420.95905715815,0.0,56420.95905715815,650.9494447833329,57071.908501941485,89591.06040823043,89591.06040823043,129.7896333333332,89720.85004156377,True,24792.17267489712,20081.65986666667,44873.83254156379
Q80,2025-02-21,55723.38873087388,0.0,55723.38873087388,0.0,55723.38873087388,88631.63424938271,88631.63424938271,0.0,88631.63424938271,False,24680.017716049384,19990.81435,44670.832066049385
Q80,2025-02-22,55306.27101116777,0.0,55306.27101116777,0.0,55306.27101116777,88080.25607283949,88080.25607283949,0.0,88080.25607283949,False,24560.852839506173,19894.290800000002,44455.143639506176
Q80,2025-02-23,54596.12620572536,0.0,54596.12620572536,472.19211971666834,55068.31832544203,87138.94178909464,87138.94178909464,130.11735000000056,87269.05913909464,True,24418.663539094647,19779.11746666667,44197.78100576132
Q80,2025-02-24,53987.775955444624,0.0,53987.775955444624,909.400540183334,54897.17649562796,86314.39505534979,86314.39505534979,171.81623333333357,86486.21128868312,True,24295.770905349793,19679.574433333335,43975.345338683124
Q80,2025-02-25,54023.8129068563,0.0,54023.8129068563,666.369813841667,54690.182720697965,86353.61047201644,86353.61047201644,154.8263666666668,86508.4368386831,True,24295.770905349793,19679.574433333335,43975.345338683124
Q80,2025-02-26,54052.94713345296,0.0,54052.94713345296,376.4843823333331,54429.431515786295,86382.80555534978,86382.80555534978,90.49936666666667,86473.30492201645,True,24295.770905349793,19679.574433333335,43975.345338683124
Q80,2025-02-27,53486.96100338,0.0,53486.96100338,485.42168801666634,53972.38269139666,85600.3764611111,85600.3764611111,82.00696666666659,85682.38342777776,True,24154.312777777777,19564.993349999997,43719.306127777774
Q80,2025-02-28,52965.70479138876,0.0,52965.70479138876,0.0,52965.70479138876,84850.44309012344,84850.44309012344,0.0,84850.44309012344,False,23983.58345679012,19426.7026,43410.28605679012
Q80,2025-03-01,52152.89863132316,0.0,52152.89863132316,0.0,52152.89863132316,83646.71458312756,83646.71458312756,0.0,83646.71458312756,False,23590.467016460898,19108.278283333333,42698.74529979423
Q80,2025-03-02,51567.80341184505,0.0,51567.80341184505,6987.894319049996,58555.697730895045,82815.47932716049,82815.47932716049,1732.916966666666,84548.39629382716,True,23299.22216049382,18872.36995,42171.59211049382
Q80,2025-03-03,51108.38016400998,0.0,51108.38016400998,2702.4289003666618,53810.80906437664,82191.26538539094,82191.26538539094,591.0749833333325,82782.34036872428,True,23286.163168724277,18861.792166666666,42147.95533539094
Q80,2025-03-04,51250.39853838964,0.0,51250.39853838964,706.9592162250019,51957.35775461465,82369.47355164608,82369.47355164608,199.2890500000002,82568.76260164609,True,23332.88053497942,18899.633233333334,42232.513768312754
Q80,2025-03-05,51286.66831701131,0.0,51286.66831701131,767.5388357166692,52054.20715272798,82417.60240164609,82417.60240164609,141.9530000000005,82559.55540164608,True,23332.88053497942,18899.633233333334,42232.513768312754
Q80,2025-03-06,50860.710869487804,0.0,50860.710869487804,784.5316190500027,51645.242488537806,81831.58271080247,81831.58271080247,192.25465000000054,82023.83736080247,True,23292.65330246913,18867.049175,42159.70247746913
Q80,2025-03-07,50252.371918164994,0.0,50252.371918164994,0.0,50252.371918164994,80974.63581969959,80974.63581969959,0.0,80974.63581969959,False,23260.44124403292,18840.957407666665,42101.39865169959
Q80,2025-03-08,49577.14674401919,0.0,49577.14674401919,0.0,49577.14674401919,80061.88528233333,80061.88528233333,0.0,80061.88528233333,False,23197.473766666666,18789.953751,41987.42751766667
Q80,2025-03-09,49140.741183606035,0.0,49140.741183606035,753.8282626333335,49894.569446239366,79468.89018983333,79468.89018983333,137.06615,79605.95633983333,True,23239.11635,18823.684243500004,42062.800593500004
Q80,2025-03-10,48438.9329601265,0.0,48438.9329601265,2963.519451125,51402.4524112515,78510.68825916667,78510.68825916667,1066.304466666667,79576.99272583333,True,23274.87075,18852.6453075,42127.5160575
Q80,2025-03-11,48583.564712078165,0.0,48583.564712078165,518.7038339499986,49102.268546028165,78762.12758416668,78762.12758416668,147.13691666666625,78909.26450083335,True,23259.746583333334,18840.394732499997,42100.14131583333
Q80,2025-03-12,48603.46502429317,0.0,48603.46502429317,847.6606274833375,49451.12565177651,78795.84355083334,78795.84355083334,236.66863333333424,79032.51218416667,True,23259.746583333334,18840.394732499997,42100.14131583333
Q80,2025-03-13,48036.25234950184,0.0,48036.25234950184,5741.507063225001,53777.75941272684,78021.314785,78021.314785,1549.5997666666672,79570.91455166666,True,23300.58816666667,18873.476414999997,42174.064581666666
Q80,2025-03-14,47834.69984292703,0.0,47834.69984292703,0.0,47834.69984292703,77804.692137,77804.692137,0.0,77804.692137,False,23277.88563333333,18855.087363,42132.97299633333
Q80,2025-03-15,47312.419666399845,0.0,47312.419666399845,19.356026666666803,47331.77569306651,77088.03156516666,77088.03156516666,9.053333333333399,77097.08489849999,True,23279.64315,18856.5109515,42136.1541015
Q80,2025-03-16,46965.392396968,0.0,46965.392396968,723.0875807249997,47688.479977693,76618.60939609053,76618.60939609053,175.64163333333312,76794.25102942386,True,23233.024979423866,18818.750233333332,42051.7752127572
Q80,2025-03-17,46710.55023268648,0.0,46710.55023268648,952.4872844083327,47663.03751709481,76259.78045925926,76259.78045925926,186.43926666666653,76446.21972592593,True,23220.390925925924,18808.516649999998,42028.90757592592
Q80,2025-03-18,46742.69201890981,0.0,46742.69201890981,325.9659189499999,47068.65793785981,76302.01959259258,76302.01959259258,105.00270000000012,76407.02229259258,True,23220.390925925924,18808.51665,42028.90757592593
Q80,2025-03-19,46759.57838420981,0.0,46759.57838420981,181.91033011666627,46941.48871432648,76327.03454259258,76327.03454259258,63.91388333333339,76390.9484259259,True,23220.390925925924,18808.516649999998,42028.90757592592
Q80,2025-03-20,46346.32099527337,0.0,46346.32099527337,1073.3775564583339,47419.6985517317,75753.48774423866,75753.48774423866,213.74485000000004,75967.23259423867,True,23164.91812757201,18763.58368333333,41928.50181090534
Q80,2025-03-21,46119.9523533383,0.0,46119.9523533383,0.0,46119.9523533383,75402.37361954732,75402.37361954732,0.0,75402.37361954732,False,23155.020102880655,18755.566283333334,41910.58638621399
Q80,2025-03-22,45567.012510258064,0.0,45567.012510258064,19.409476666666755,45586.42198692473,74585.0727707819,74585.0727707819,9.078333333333376,74594.15110411524,True,23044.106337448557,18665.72613333333,41709.83247078188
Q80,2025-03-23,44822.03233606633,0.0,44822.03233606633,1033.9558047416676,45855.988140808,73560.5991111111,73560.5991111111,229.2861833333335,73789.88529444444,True,22729.074444444443,18410.5503,41139.624744444445
Q80,2025-03-24,44437.21374224166,0.0,44437.21374224166,466.6919437083331,44903.90568595,72929.91233991768,72929.91233991768,187.9567166666667,73117.86905658434,True,22433.677139917694,18171.27848333333,40604.95562325102
Q80,2025-03-25,44452.419107568334,0.0,44452.419107568334,2226.0900341,46678.509141668335,72962.63305658437,72962.63305658437,541.0366666666664,73503.66972325103,True,22433.677139917694,18171.27848333333,40604.95562325102
Q80,2025-03-26,44536.17645403096,0.0,44536.17645403096,514.4123959666662,45050.58884999763,73095.0272537037,73095.0272537037,161.2418166666664,73256.26907037036,True,22474.715370370366,18204.51945,40679.234820370366
Q80,2025-03-27,44098.39480872722,0.0,44098.39480872722,978.7507474916655,45077.145556218886,72410.38028086419,72410.38028086419,296.15146666666647,72706.53174753085,True,22146.842530864196,17938.942449999995,40085.78498086419
Q80,2025-03-28,43883.11185910889,0.0,43883.11185910889,0.0,43883.11185910889,72088.88230555554,72088.88230555554,0.0,72088.88230555554,False,22093.94055555555,17896.091849999997,39990.03240555555
Q80,2025-03-29,43572.868548735554,0.0,43572.868548735554,0.0,43572.868548735554,71690.19322222221,71690.19322222221,0.0,71690.19322222221,False,22093.94055555555,17896.091849999997,39990.03240555555
Q80,2025-03-30,43109.96440648049,0.0,43109.96440648049,907.2296872416667,44017.19409372216,71035.67588004113,71035.67588004113,316.3017166666666,71351.9775967078,True,22020.832263374483,17836.87413333333,39857.706396707814
Q80,2025-03-31,42744.30756930358,0.0,42744.30756930358,442.7271776833327,43187.03474698691,70586.57747057613,70586.57747057613,146.01323333333335,70732.59070390946,True,21993.481687242795,17814.720166666666,39808.20185390946
Q80,2025-04-01,42784.034220562775,0.0,42784.034220562775,2564.796054366665,45348.83027492944,70651.19535370369,70651.19535370369,928.4331833333326,71579.62853703702,True,22003.145370370366,17822.547749999998,39825.693120370364
Q80,2025-04-02,42923.81685030277,0.0,42923.81685030277,3350.4881770916654,46274.30502739444,70921.98618703702,70921.98618703702,779.6309999999999,71701.61718703702,True,22003.145370370366,17822.547749999998,39825.693120370364
Q80,2025-04-03,42461.68536143388,0.0,42461.68536143388,1089.1032116666665,43550.78857310055,70244.4341685185,70244.4341685185,332.5144333333335,70576.94860185184,True,21923.078518518512,17757.6936,39680.77211851851
Q80,2025-04-04,42009.81638183734,0.0,42009.81638183734,0.0,42009.81638183734,69603.0192010288,69603.0192010288,0.0,69603.0192010288,False,21884.516584362136,17726.458433333333,39610.97501769547
Q80,2025-04-05,41501.7289047411,0.0,41501.7289047411,0.0,41501.7289047411,68843.22943703702,68843.22943703702,0.0,68843.22943703702,False,21837.28037037037,17688.197099999998,39525.477470370366
Q80,2025-04-06,41143.53342382907,0.0,41143.53342382907,959.0874134166644,42102.62083724573,68305.07018395062,68305.07018395062,239.5041833333329,68544.57436728396,True,21784.962283950612,17645.81945,39430.781733950615
Q80,2025-04-07,40724.70595182414,0.0,40724.70595182414,551.849536066668,41276.55548789081,67686.6493335391,67686.6493335391,198.04193333333365,67884.69126687243,True,21763.227983539095,17628.214666666667,39391.44265020576
Q80,2025-04-08,40751.53635395247,0.0,40751.53635395247,816.75366500833,41568.2900189608,67740.01988353909,67740.01988353909,221.4790333333326,67961.49891687243,True,21763.227983539095,17628.214666666667,39391.44265020576
Q80,2025-04-09,40798.54354645913,0.0,40798.54354645913,1878.986775399998,42677.53032185913,67797.11670020575,67797.11670020575,566.0790499999994,68363.19575020575,True,21763.227983539095,17628.214666666667,39391.44265020576
Q80,2025-04-10,40572.08910179135,0.0,40572.08910179135,1505.8287228999993,42077.91782469135,67512.69001316871,67512.69001316871,371.7758166666666,67884.46582983538,True,21729.625946502056,17600.997016666668,39330.622963168724
Q80,2025-04-11,40213.54109427147,0.0,40213.54109427147,0.0,40213.54109427147,66969.30097345679,66969.30097345679,0.0,66969.30097345679,False,21685.071790123453,17564.90815,39249.97994012345
Q80,2025-04-12,39842.04909210117,0.0,39842.04909210117,0.0,39842.04909210117,66395.45638106996,66395.45638106996,0.0,66395.45638106996,False,21661.74884773662,17546.016566666665,39207.765414403286
Q80,2025-04-13,39562.20239951271,0.0,39562.20239951271,835.5536202166666,40397.75601972938,66020.43742633743,66020.43742633743,214.01229999999998,66234.44972633744,True,21640.305226337445,17528.647233333333,39168.95245967078
Q80,2025-04-14,39110.50350180376,0.0,39110.50350180376,1294.1723888249987,40404.67589062876,65353.60303600822,65353.60303600822,364.4186833333329,65718.02171934156,True,21605.738786008224,17500.648416666667,39106.38720267489
Q80,2025-04-15,39148.71499085543,0.0,39148.71499085543,1374.9447454833326,40523.65973633876,65416.432136008225,65416.432136008225,287.3835333333332,65703.81566934155,True,21605.738786008224,17500.648416666663,39106.38720267489
Q80,2025-04-16,39207.11759260209,0.0,39207.11759260209,1952.8277067833333,41159.94529938542,65503.24676934155,65503.24676934155,595.7610833333333,66099.00785267488,True,21605.738786008224,17500.648416666667,39106.38720267489
Q80,2025-04-17,38859.960656145864,0.0,38859.960656145864,494.28858565000286,39354.249241795864,65040.402127572015,65040.402127572015,130.07333333333372,65170.47546090535,True,21579.41812757201,17479.328683333333,39058.746810905344
Q80,2025-04-18,38659.08784770753,0.0,38659.08784770753,0.0,38659.08784770753,64769.59969423868,64769.59969423868,0.0,64769.59969423868,False,21579.41812757201,17479.328683333333,39058.746810905344
Q80,2025-04-19,38323.410843847036,0.0,38323.410843847036,0.0,38323.410843847036,64279.06338086419,64279.06338086419,0.0,64279.06338086419,False,21546.064197530857,17452.311999999998,38998.37619753086
Q80,2025-04-20,38062.378817144934,0.0,38062.378817144934,687.8883888083353,38750.26720595327,63920.640528189295,63920.640528189295,196.56011666666717,64117.20064485596,True,21489.975411522628,17406.880083333333,38896.85549485596
Q80,2025-04-21,37614.005790553085,0.0,37614.005790553085,1041.8076811333337,38655.813471686415,63209.580423868305,63209.580423868305,350.3739666666668,63559.95439053497,True,21474.052757201644,17393.98273333333,38868.035490534974
Q80,2025-04-22,37638.445621408086,0.0,37638.445621408086,1360.5049802500014,38998.950601658085,63240.68085720164,63240.68085720164,390.12715000000026,63630.80800720164,True,21474.052757201644,17393.982733333334,38868.03549053498
Q80,2025-04-23,37720.59916347882,0.0,37720.59916347882,1498.7649838666648,39219.364147345485,63385.12910226337,63385.12910226337,496.98136666666613,63882.110468930034,True,21481.20281893004,17399.774283333332,38880.97710226337
Q80,2025-04-24,37455.44440580216,0.0,37455.44440580216,816.1204465583339,38271.5648523605,62962.90531893003,62962.90531893003,194.43046666666692,63157.3357855967,True,21481.20281893004,17399.774283333332,38880.97710226337
Q80,2025-04-25,37170.61189037457,0.0,37170.61189037457,0.0,37170.61189037457,62570.09848621398,62570.09848621398,0.0,62570.09848621398,False,21461.60176954732,17383.89743333333,38845.49920288065
Q80,2025-04-26,36812.35653174555,0.0,36812.35653174555,0.0,36812.35653174555,61938.2176617284,61938.2176617284,0.0,61938.2176617284,False,21250.760061728393,17213.11565,38463.8757117284
Q80,2025-04-27,36582.865391455925,0.0,36582.865391455925,705.962080775,37288.82747223093,61578.09995,61578.09995,263.8544666666664,61841.95441666667,True,21057.269999999997,17056.388699999996,38113.65869999999
Q80,2025-04-28,36148.632418633206,0.0,36148.632418633206,11655.0940996,47803.726518233205,60840.94617242798,60840.94617242798,3280.617283333333,64121.563455761316,True,20790.62687242798,16840.407766666667,37631.03463909465
Q80,2025-04-29,36470.8063812203,0.0,36470.8063812203,708.6883580999972,37179.494739320304,61502.06806090534,61502.06806090534,156.92128333333255,61658.98934423867,True,20980.37146090535,16994.100883333333,37974.47234423868
Q80,2025-04-30,36506.829879886966,0.0,36506.829879886966,1993.9259609916658,38500.75584087863,61543.90816090534,61543.90816090534,591.0566166666664,62134.96477757201,True,20980.37146090535,16994.100883333333,37974.47234423868
Q80,2025-05-01,36364.28110419419,0.0,36364.28110419419,10561.698541550004,46925.97964574419,61282.31724238682,61282.31724238682,2273.4066666666668,63555.72390905349,True,20724.01627572016,16786.45318333333,37510.46945905349
Q80,2025-05-02,36236.70224657284,0.0,36236.70224657284,0.0,36236.70224657284,61020.77318641974,61020.77318641974,0.0,61020.77318641974,False,20678.054753086413,16749.22435,37427.27910308642
Q80,2025-05-03,35928.415712751914,0.0,35928.415712751914,39.3213833333333,35967.73709608525,60494.43878333333,60494.43878333333,18.39166666666665,60512.83045,True,20591.409999999996,16679.0421,37270.452099999995
Q80,2025-05-04,35622.6603474379,0.0,35622.6603474379,11669.890878033333,47292.55122547124,59873.887680452666,59873.887680452666,2790.054766666666,62663.942447119334,True,20429.796563786007,16548.135216666666,36977.93178045267
Q80,2025-05-05,35548.49200954475,0.0,35548.49200954475,12936.455991375002,48484.94800091976,59763.2329100823,59763.2329100823,2921.770266666667,62685.00317674896,True,20190.936193415633,16354.658316666664,36545.5945100823
Q80,2025-05-06,35747.65324878957,0.0,35747.65324878957,11068.092917891667,46815.74616668123,60081.94661152263,60081.94661152263,2502.652216666667,62584.5988281893,True,20246.388744855965,16399.57488333333,36645.963628189296
Q80,2025-05-07,35944.82574280827,0.0,35944.82574280827,9783.474377775,45728.30012058327,60349.72343641975,60349.72343641975,2121.744733333334,62471.46816975308,True,20296.019753086417,16439.775999999998,36735.795753086415
Q80,2025-05-08,36023.9779367779,0.0,36023.9779367779,12463.223088149998,48487.2010249279,60373.23621522634,60373.23621522634,2995.0267000000003,63368.26291522634,True,20211.25744855967,16371.118533333334,36582.375981893005
Q80,2025-05-09,36178.02439703104,0.0,36178.02439703104,0.0,36178.02439703104,60587.2067218107,60587.2067218107,0.0,60587.2067218107,False,20149.11125514403,16320.780116666669,36469.8913718107
Q80,2025-05-10,36013.97049032789,0.0,36013.97049032789,0.0,36013.97049032789,60319.92061296296,60319.92061296296,0.0,60319.92061296296,False,20050.48296296296,16240.8912,36291.37416296296
Q80,2025-05-11,35612.45364270019,0.0,35612.45364270019,12471.556361175,48084.010003875184,59589.751870164604,59589.751870164604,2812.4191833333325,62402.171053497936,True,19870.174053497944,16094.840983333333,35965.015036831275
Q80,2025-05-12,35711.21246047259,0.0,35711.21246047259,7853.559189933335,43564.77165040593,59644.71929588477,59644.71929588477,2233.3735000000006,61878.092795884775,True,19712.496995884772,15967.122566666669,35679.61956255144
Q80,2025-05-13,36029.90479972926,0.0,36029.90479972926,4651.178824649999,40681.08362437926,60059.2955792181,60059.2955792181,1050.8384333333333,61110.13401255143,True,19712.49699588477,15967.122566666665,35679.61956255144
Q80,2025-05-14,36271.14083093537,0.0,36271.14083093537,4032.4322345416663,40303.57306547704,60356.66531316872,60356.66531316872,1081.6137166666665,61438.27902983539,True,19734.439279835387,15984.895816666665,35719.33509650205
Q80,2025-05-15,36289.11828597648,0.0,36289.11828597648,3684.3202390916667,39973.43852506815,60317.54655823045,60317.54655823045,977.7051666666666,61295.25172489712,True,19613.174341563783,15886.671216666666,35499.845558230445
Q80,2025-05-16,36386.215326175065,0.0,36386.215326175065,0.0,36386.215326175065,60422.536967283944,60422.536967283944,0.0,60422.536967283944,False,19580.16561728395,15859.934150000001,35440.09976728395
Q80,2025-05-17,36298.331809103765,0.0,36298.331809103765,7.614843333333213,36305.9466524371,60275.05001440329,60275.05001440329,3.5616666666666106,60278.61168106996,True,19536.262181069957,15824.372366666666,35360.63454773663
Q80,2025-05-18,36003.89867950451,0.0,36003.89867950451,6172.286401483336,42176.18508098785,59757.09641678188,59757.09641678188,2034.1719833333339,61791.268400115216,True,19578.069737448557,15858.236487333334,35436.30622478189
Q80,2025-05-19,36003.74962533204,0.0,36003.74962533204,2478.9494437999992,38482.69906913204,59780.26564653703,59780.26564653703,486.64914999999985,60266.91479653703,True,19569.158753703705,15851.0185905,35420.17734420371
Q80,2025-05-20,36061.025284753174,0.0,36061.025284753174,9280.354058416666,45341.37934316984,59851.95058753702,59851.95058753702,2315.813616666667,62167.76420420369,True,19552.37432037037,15837.423199500001,35389.79751987037
Q80,2025-05-21,36245.75335625037,0.0,36245.75335625037,6211.486120641666,42457.239476892035,60105.21123006995,60105.21123006995,1546.0529333333334,61651.264163403284,True,19492.545947736624,15788.962217666667,35281.50816540329
Q80,2025-05-22,36235.180328433606,0.0,36235.180328433606,1254.0940422583349,37489.27437069194,60065.3557856502,60065.3557856502,270.90828333333354,60336.26406898353,True,19450.627994650204,15755.008675666666,35205.63667031687
Q80,2025-05-23,36161.25494383187,0.0,36161.25494383187,0.0,36161.25494383187,59915.541570983536,59915.541570983536,0.0,59915.541570983536,False,19535.933794650206,15824.106373666666,35360.040168316875
Q80,2025-05-24,36027.30041488357,0.0,36027.30041488357,0.0,36027.30041488357,59681.51308823662,59681.51308823662,0.0,59681.51308823662,False,19559.698797736623,15843.356026166668,35403.054823903294
Q80,2025-05-25,35902.70150461556,0.0,35902.70150461556,1606.6207652416658,37509.32226985722,59413.5238473251,59413.5238473251,359.65311666666634,59773.17696399177,True,19510.73121399177,15803.692283333332,35314.4234973251
Q80,2025-05-26,35912.63013379235,0.0,35912.63013379235,8588.147373583335,44500.777507375686,59404.19152407407,59404.19152407407,2370.2545166666678,61774.44604074074,True,19474.529074074075,15774.368549999997,35248.897624074074
Q80,2025-05-27,36116.87343024823,0.0,36116.87343024823,2285.9043113749976,38402.77774162323,59800.27629406996,59800.27629406996,593.6510333333329,60393.9273274033,True,19437.806547736625,15744.623303666664,35182.429851403285
Q80,2025-05-28,36223.91403546637,0.0,36223.91403546637,5586.460860000003,41810.374895466375,59956.415166736624,59956.415166736624,1631.0617666666674,61587.47693340329,True,19357.08061440329,15679.235297666666,35036.31591206996
Q80,2025-05-29,36264.50878321411,0.0,36264.50878321411,6692.181895899999,42956.69067911411,60048.58548890329,60048.58548890329,1613.2913499999995,61661.87683890329,True,19230.10906440329,15576.388342166663,34806.49740656995
Q80,2025-05-30,36273.38805517084,0.0,36273.38805517084,0.0,36273.38805517084,60004.0332992037,60004.0332992037,0.0,60004.0332992037,False,19261.721487037037,15601.994404500003,34863.71589153704
Q80,2025-05-31,36182.69561497559,0.0,36182.69561497559,197.0950933333332,36379.79070830892,59872.690248666666,59872.690248666666,92.18666666666661,59964.876915333334,True,19250.294466666663,15592.738518000002,34843.032984666665
Q80,2025-06-01,36148.19326366273,0.0,36148.19326366273,61140.983250925,97289.17651458773,59802.05581799999,59802.05581799999,15600.7082,75402.76401799999,True,19266.137199999997,15605.571132000001,34871.708331999995
Q80,2025-06-02,36500.04554950698,0.0,36500.04554950698,53201.611305525,89701.65685503198,60362.212844569956,60362.212844569956,12761.29835,73123.51119456996,True,18974.858831069956,15369.635653166664,34344.494484236624
Q80,2025-06-03,37026.24223574945,0.0,37026.24223574945,46340.734826491665,83366.97706224112,61166.91578004115,61166.91578004115,10907.944016666666,72074.85979670781,True,18974.822263374488,15369.60603333333,34344.42829670782
Q80,2025-06-04,37668.59740753326,0.0,37668.59740753326,43511.39485398333,81179.9922615166,62214.8380600823,62214.8380600823,11312.536683333332,73527.37474341562,True,19176.65452674897,15533.090166666667,34709.74469341564
Q80,2025-06-05,38223.94568315179,0.0,38223.94568315179,47689.758922849986,85913.70460600177,63162.68302798354,63162.68302798354,11840.235349999997,75002.91837798354,True,19376.50742798354,15694.971016666666,35071.4784446502
Q80,2025-06-06,38971.13524925185,0.0,38971.13524925185,0.0,38971.13524925185,64244.01046851851,64244.01046851851,0.0,64244.01046851851,False,19479.313518518513,15778.24395,35257.55746851851
Q80,2025-06-07,38785.3812993124,0.0,38785.3812993124,162.89065666666679,38948.27195597907,63916.3354255144,63916.3354255144,76.18833333333339,63992.52375884773,True,19350.7616255144,15674.116916666666,35024.87854218106
Q80,2025-06-08,38457.9851584937,0.0,38457.9851584937,29490.544010225003,67948.5291687187,63483.12112283949,63483.12112283949,7469.034300000001,70952.1554228395,True,19207.654506172832,15558.200149999999,34765.85465617283
Q80,2025-06-09,39520.307129229746,0.0,39520.307129229746,40308.671759916666,79828.97888914641,65103.377735185175,65103.377735185175,9781.628749999998,74885.00648518518,True,19292.508518518516,15626.9319,34919.44041851851
Q80,2025-06-10,41396.30020689389,0.0,41396.30020689389,31812.31396503334,73208.61417192723,67771.39604629629,67771.39604629629,8075.9949,75847.39094629629,True,19763.206296296295,16008.1971,35771.40339629629
Q80,2025-06-11,42569.540760691605,0.0,42569.540760691605,46016.560292808324,88586.10105349994,69555.7553393004,69555.7553393004,10860.976383333333,80416.73172263373,True,20283.55485596707,16429.67943333333,36713.2342893004
Q80,2025-06-12,43442.928633626725,0.0,43442.928633626725,26354.76710225833,69797.69573588506,70987.21574156378,70987.21574156378,6460.479999999999,77447.69574156377,True,20772.81934156378,16825.983666666667,37598.80300823045
Q80,2025-06-13,44405.02397065006,0.0,44405.02397065006,0.0,44405.02397065006,72508.59256069959,72508.59256069959,0.0,72508.59256069959,False,21354.273477366252,17296.961516666666,38651.234994032915
Q80,2025-06-14,44394.463773391486,0.0,44394.463773391486,0.0,44394.463773391486,72487.48399876544,72487.48399876544,0.0,72487.48399876544,False,21337.085432098764,17283.0392,38620.12463209876
Q80,2025-06-15,44365.65626624753,0.0,44365.65626624753,16485.29175595833,60850.94802220586,72426.62910226338,72426.62910226338,4026.442116666666,76453.07121893005,True,21302.972818930044,17255.40798333333,38558.380802263375
Q80,2025-06-16,44906.612290131176,0.0,44906.612290131176,19127.307973083334,64033.92026321451,73259.18383490329,73259.18383490329,4701.100833333334,77960.28466823662,True,21314.139131069955,17264.452696166663,38578.59182723662
Q80,2025-06-17,45769.53787651561,0.0,45769.53787651561,22178.36919566667,67947.90707218228,74564.73781090534,74564.73781090534,5549.721,80114.45881090534,True,21935.311460905345,17767.60228333333,39702.91374423867
Q80,2025-06-18,46505.899026415864,0.0,46505.899026415864,7953.8783783666695,54459.77740478254,75651.95248127572,75651.95248127572,2207.543916666667,77859.49639794238,True,22338.17683127572,18093.92323333333,40432.100064609054
Q80,2025-06-19,46821.37187799007,0.0,46821.37187799007,6112.453370833331,52933.8252488234,76134.07578183334,76134.07578183334,1350.974349999999,77485.05013183334,True,22451.33315,18185.579851499995,40636.9130015
Q80,2025-06-20,47115.84784827007,0.0,47115.84784827007,0.0,47115.84784827007,76542.4239985,76542.4239985,0.0,76542.4239985,False,22451.33315,18185.579851499995,40636.9130015
Q80,2025-06-21,47115.62523627007,0.0,47115.62523627007,0.0,47115.62523627007,76542.0339985,76542.0339985,0.0,76542.0339985,False,22451.33315,18185.579851499995,40636.9130015
Q80,2025-06-22,47114.822720826734,0.0,47114.822720826734,5179.228759141666,52294.0514799684,76539.87263183334,76539.87263183334,1315.6682333333335,77855.54086516667,True,22451.33315,18185.579851499995,40636.9130015
Q80,2025-06-23,47385.56855621506,0.0,47385.56855621506,3359.0960808500004,50744.66463706506,76904.10556516667,76904.10556516667,738.9320499999999,77643.03761516667,True,22451.33315,18185.5798515,40636.9130015
Q80,2025-06-24,47495.07001949673,0.0,47495.07001949673,22407.03559865,69902.10561814673,77036.39099849999,77036.39099849999,5456.663433333334,82493.05443183333,True,22451.33315,18185.5798515,40636.9130015
Q80,2025-06-25,48021.456940928954,0.0,48021.456940928954,7542.860028124999,55564.31696905395,77750.11933053086,77750.11933053086,1984.171366666666,79734.29069719752,True,22437.338230864196,18174.243967,40611.58219786419
Q80,2025-06-26,48318.85314560412,0.0,48318.85314560412,3974.2949837666692,52293.148129370784,78162.04456048559,78162.04456048559,853.0890666666673,79015.13362715226,True,22498.48777448559,18223.77509733333,40722.26287181892
Q80,2025-06-27,48490.446623385054,0.0,48490.446623385054,0.0,48490.446623385054,78363.33781765227,78363.33781765227,0.0,78363.33781765227,False,22482.64939115226,18210.946006833332,40693.59539798559
Q80,2025-06-28,48487.60400460839,0.0,48487.60400460839,0.0,48487.60400460839,78356.84011765226,78356.84011765226,0.0,78356.84011765226,False,22482.64939115226,18210.946006833332,40693.59539798559
Q80,2025-06-29,48485.881543008385,0.0,48485.881543008385,3573.9420230166693,52059.82356602506,78352.88951765226,78352.88951765226,1104.9240500000003,79457.81356765227,True,22482.64939115226,18210.946006833332,40693.59539798559
Q80,2025-06-30,48621.93005497006,0.0,48621.93005497006,4541.87095760833,53163.801012578384,78562.06988431893,78562.06988431893,1182.864583333333,79744.93446765226,True,22482.64939115226,18210.946006833332,40693.59539798559
Q80,2025-07-01,48786.36541806768,0.0,48786.36541806768,25415.127276691666,74201.49269475935,78793.02779598559,78793.02779598559,7182.295316666666,85975.32311265226,True,22476.84822448559,18206.247061833332,40683.09528631892
Q80,2025-07-02,49194.29342038935,0.0,49194.29342038935,21425.506110091657,70619.79953048102,79357.22959598558,79357.22959598558,6221.8177333333315,85579.04732931891,True,22476.84822448559,18206.247061833332,40683.09528631892
Q80,2025-07-03,49171.99249268838,0.0,49171.99249268838,26901.36160838334,76073.35410107172,79362.4085509856,79362.4085509856,7273.691733333335,86636.10028431893,True,22482.64939115226,18210.946006833332,40693.59539798559
Q80,2025-07-04,49295.569139185056,0.0,49295.569139185056,0.0,49295.569139185056,79563.46993431893,79563.46993431893,0.0,79563.46993431893,False,22482.982724485595,18211.216006833332,40694.19873131893
Q80,2025-07-05,49185.90649621839,0.0,49185.90649621839,153.93243666666643,49339.83893288506,79429.86796765226,79429.86796765226,71.99833333333322,79501.8663009856,True,22482.982724485595,18211.216006833332,40694.19873131893
Q80,2025-07-06,49070.85346472172,0.0,49070.85346472172,29169.525102916665,78240.37856763838,79222.46641765226,79222.46641765226,7716.603999999999,86939.07041765226,True,22482.982724485595,18211.216006833332,40694.19873131893
Q80,2025-07-07,49406.52936947246,0.0,49406.52936947246,19559.284028016664,68965.81339748912,79644.20609357818,79644.20609357818,5796.529566666666,85440.73566024484,True,22559.14365041152,18272.90635683333,40832.05000724485
Q80,2025-07-08,49812.56382969913,0.0,49812.56382969913,23360.911513624993,73173.47534332413,80207.98336024485,80207.98336024485,6290.449316666666,86498.43267691151,True,22559.14365041152,18272.90635683333,40832.05000724485
Q80,2025-07-09,50476.39940831913,0.0,50476.39940831913,15809.605587041664,66286.0049953608,81188.75074357819,81188.75074357819,4322.445183333333,85511.19592691152,True,22559.14365041152,18272.90635683333,40832.05000724485
Q80,2025-07-10,51706.582708615795,0.0,51706.582708615795,10229.051016533333,61935.63372514913,82854.67746024486,82854.67746024486,2822.2634666666663,85676.94092691153,True,22559.14365041152,18272.906356833333,40832.05000724485
Q80,2025-07-11,52200.37808100079,0.0,52200.37808100079,0.0,52200.37808100079,83539.48304357819,83539.48304357819,0.0,83539.48304357819,False,22559.14365041152,18272.90635683333,40832.05000724485
Q80,2025-07-12,52133.440635587154,0.0,52133.440635587154,0.0,52133.440635587154,83436.22037444239,83436.22037444239,0.0,83436.22037444239,False,22559.13618127572,18272.90030683333,40832.03648810905
Q80,2025-07-13,51791.92087335,0.0,51791.92087335,7165.651266541665,58957.572139891665,82963.85657240945,82963.85657240945,1835.0566333333325,84798.91320574278,True,22505.74617057613,18229.654398166662,40735.40056874279
Q80,2025-07-14,52011.05962360796,0.0,52011.05962360796,6406.8846218083345,58417.94424541629,83293.2268594465,83293.2268594465,1586.1733666666664,84879.40022611317,True,22469.604874279834,18200.379948166665,40669.984822446495
Q80,2025-07-15,52277.72020644796,0.0,52277.72020644796,5759.258459391669,58036.978665839626,83678.77430944651,83678.77430944651,1559.1797666666666,85237.95407611318,True,22469.604874279834,18200.379948166665,40669.984822446495
Q80,2025-07-16,52538.08668313963,0.0,52538.08668313963,5464.908112308331,58002.99479544796,84065.1723094465,84065.1723094465,1481.318416666666,85546.49072611316,True,22469.604874279834,18200.379948166665,40669.984822446495
Q80,2025-07-17,52391.79427677447,0.0,52391.79427677447,5333.753573991668,57725.54785076614,83886.3719965,83886.3719965,1366.4917,85252.8636965,True,22408.114016666666,18150.572353499992,40558.68637016666
Q80,2025-07-18,52156.45932190867,0.0,52156.45932190867,0.0,52156.45932190867,83557.92421326955,83557.92421326955,0.0,83557.92421326955,False,22329.60550843621,18086.980461833333,40416.585970269545
Q80,2025-07-19,51831.509931203924,0.0,51831.509931203924,67.05837000000027,51898.56830120392,83041.88459979423,83041.88459979423,31.365000000000123,83073.24959979423,True,22228.223683127573,18004.861183333334,40233.08486646091
Q80,2025-07-20,51595.83038812441,0.0,51595.83038812441,2182.771684325,53778.60207244941,82671.1050065535,82671.1050065535,573.0009499999996,83244.1059565535,True,22265.15319238683,18034.77408583333,40299.92727822016
Q80,2025-07-21,51551.51361717108,0.0,51551.51361717108,4716.412810516669,56267.926427687744,82633.96417322016,82633.96417322016,1163.860016666667,83797.82418988683,True,22265.15319238683,18034.77408583333,40299.92727822016
Q80,2025-07-22,51752.05877663941,0.0,51752.05877663941,4276.616646591665,56028.67542323108,82910.29572322016,82910.29572322016,1110.9818499999997,84021.27757322016,True,22265.15319238683,18034.77408583333,40299.92727822016
Q80,2025-07-23,51910.8788710537,0.0,51910.8788710537,4392.837227841668,56303.71609889537,83107.43752999383,83107.43752999383,1092.4561000000008,84199.89362999382,True,22289.171210493827,18054.228680499997,40343.399890993824
Q80,2025-07-24,51948.328006537115,0.0,51948.328006537115,5650.923549224999,57599.251555762115,83067.1497550864,83067.1497550864,1376.2187999999996,84443.3685550864,True,22270.960553086417,18039.478047999997,40310.43860108641
Q80,2025-07-25,52026.69053793543,0.0,52026.69053793543,0.0,52026.69053793543,83189.25078726336,83189.25078726336,0.0,83189.25078726336,False,22155.11265226337,17945.641248333333,40100.753900596705
Q80,2025-07-26,51514.76505909917,0.0,51514.76505909917,0.0,51514.76505909917,82419.44120431482,82419.44120431482,0.0,82419.44120431482,False,22074.285198148147,17880.1710105,39954.456208648146
Q80,2025-07-27,51270.520459987034,0.0,51270.520459987034,4857.380818949995,56127.90127893703,81993.19457530865,81993.19457530865,1148.1700999999987,83141.36467530865,True,21946.675308641974,17776.807,39723.48230864198
Q80,2025-07-28,51237.891255276685,0.0,51237.891255276685,11042.20379743333,62280.095052710014,81928.87791028807,81928.87791028807,2856.4966166666663,84785.37452695474,True,21932.535843621397,17765.35403333333,39697.88987695472
Q80,2025-07-29,51616.02107904537,0.0,51616.02107904537,7428.703540691666,59044.72461973704,82553.23505866255,82553.23505866255,2010.2816833333327,84563.51674199589,True,22141.699606995884,17934.776681666666,40076.476288662554
Q80,2025-07-30,51834.08111622154,0.0,51834.08111622154,4147.121624033334,55981.20274025487,82863.28429793827,82863.28429793827,979.4896833333333,83842.7739812716,True,22108.5796382716,17907.949507,40016.529145271605
Q80,2025-07-31,51822.10627992156,0.0,51822.10627992156,3580.714072908335,55402.82035282989,82823.46653751851,82823.46653751851,801.4365833333338,83624.90312085184,True,22117.598618518517,17915.254881,40032.85349951852
Q80,2025-08-01,51744.79548229782,0.0,51744.79548229782,0.0,51744.79548229782,82664.31719810699,82664.31719810699,0.0,82664.31719810699,False,22165.97788477366,17954.442086666666,40120.41997144032
Q80,2025-08-02,51456.77764931964,0.0,51456.77764931964,69.54557666666685,51526.32322598631,82148.85584485596,82148.85584485596,32.52833333333342,82181.3841781893,True,22044.805411522633,17856.292383333333,39901.09779485597
Q80,2025-08-03,51380.97849489625,0.0,51380.97849489625,1660.9631299583352,53041.94162485458,82024.44576563785,82024.44576563785,377.9255333333334,82402.37129897118,True,22025.616748971188,17840.749566666665,39866.36631563785
Q80,2025-08-04,51052.220144877894,0.0,51052.220144877894,674.5895902499999,51726.80973512789,81424.96241831275,81424.96241831275,194.34168333333344,81619.30410164608,True,21775.518868312753,17638.170283333333,39413.68915164609
Q80,2025-08-05,51094.189344903396,0.0,51094.189344903396,433.6750055000003,51527.8643504034,81482.87105761316,81482.87105761316,142.14780000000007,81625.01885761316,True,21784.055390946494,17645.084866666664,39429.14025761316
Q80,2025-08-06,51114.568726817524,0.0,51114.568726817524,2498.8836655249997,53613.45239234252,81515.7210430041,81515.7210430041,644.0049999999998,82159.7260430041,True,21793.62689300411,17652.837783333336,39446.46467633745
Q80,2025-08-07,50759.04623701199,0.0,50759.04623701199,1012.1080434833366,51771.15428049533,80907.72711069959,80907.72711069959,330.3027000000008,81238.02981069959,True,21592.363477366252,17489.814416666668,39082.177894032924
Q80,2025-08-08,50687.52311393562,0.0,50687.52311393562,0.0,50687.52311393562,80794.92313803908,80794.92313803908,0.0,80794.92313803908,False,21618.43853353909,17510.935212166667,39129.37374570576
Q80,2025-08-09,50341.03236634252,0.0,50341.03236634252,0.0,50341.03236634252,80296.54018625514,80296.54018625514,0.0,80296.54018625514,False,21592.10036625514,17489.601296666664,39081.701662921805
Q80,2025-08-10,50045.39560340953,0.0,50045.39560340953,357.61696565000057,50403.01256905953,79829.36404176954,79829.36404176954,135.75743333333332,79965.12147510287,True,21542.30732510288,17449.268933333333,38991.57625843621
Q80,2025-08-11,49855.35018466726,0.0,49855.35018466726,1136.9518455083337,50992.30203017559,79539.12420637859,79539.12420637859,310.60605,79849.73025637859,True,21407.655823045265,17340.201216666665,38747.85703971193
Q80,2025-08-12,49923.2183816522,0.0,49923.2183816522,1295.9366910666663,51219.155072718866,79646.78422839506,79646.78422839506,342.944083333333,79989.7283117284,True,21451.046728395057,17375.34785,38826.394578395055
Q80,2025-08-13,50001.621481848866,0.0,50001.621481848866,1928.2281135333324,51929.8495953822,79743.34076172838,79743.34076172838,468.134533333333,80211.47529506171,True,21451.046728395057,17375.34785,38826.394578395055
Q80,2025-08-14,49932.81337113078,0.0,49932.81337113078,3272.7080772083336,53205.52144833912,79628.16962366254,79628.16962366254,705.4607666666668,80333.63039032921,True,21389.128106995882,17325.193766666667,38714.32187366255
Q80,2025-08-15,49814.56177658979,0.0,49814.56177658979,0.0,49814.56177658979,79461.38397037036,79461.38397037036,0.0,79461.38397037036,False,21450.002037037033,17374.50165,38824.50368703703
Q80,2025-08-16,49534.997475435055,0.0,49534.997475435055,0.0,49534.997475435055,78947.70396193415,78947.70396193415,0.0,78947.70396193415,False,21378.763045267486,17316.798066666666,38695.56111193415
Q80,2025-08-17,49331.92579714938,0.0,49331.92579714938,2368.7281570333316,51700.65395418271,78595.44448744856,78595.44448744856,486.7547999999998,79082.19928744856,True,21341.501337448557,17286.616083333334,38628.11742078189
Q80,2025-08-18,49165.298825733145,0.0,49165.298825733145,2264.572370308332,51429.87119604148,78350.8121228395,78350.8121228395,511.2124833333328,78862.02460617284,True,21273.502839506174,17231.5373,38505.04013950618
Q80,2025-08-19,49207.87914342104,0.0,49207.87914342104,2071.132133558335,51279.01127697938,78415.59816028806,78415.59816028806,412.48056666666685,78828.07872695473,True,21294.307510288065,17248.38908333333,38542.6965936214
Q80,2025-08-20,49286.60800524105,0.0,49286.60800524105,7416.707533924999,56703.31553916605,78489.29361028806,78489.29361028806,1731.4589166666665,80220.75252695473,True,21294.307510288065,17248.38908333333,38542.6965936214
Q80,2025-08-21,49256.21911039864,0.0,49256.21911039864,1656.9382827166655,50913.1573931153,78448.91575349795,78448.91575349795,361.27746666666627,78810.19322016461,True,21432.844053497945,17360.603683333335,38793.44773683128
Q80,2025-08-22,48988.716952488525,0.0,48988.716952488525,0.0,48988.716952488525,77972.56456358025,77972.56456358025,0.0,77972.56456358025,False,21324.413580246914,17272.774999999998,38597.18858024691
Q80,2025-08-23,48601.8217364671,0.0,48601.8217364671,0.0,48601.8217364671,77271.23576193416,77271.23576193416,0.0,77271.23576193416,False,21129.25137860082,17114.693616666664,38243.944995267484
Q80,2025-08-24,48038.188895576546,0.0,48038.188895576546,3199.9095129666657,51238.098408543214,76364.82476934156,76364.82476934156,684.3349666666663,77049.15973600822,True,20824.897119341567,16868.166666666664,37693.063786008235
Q80,2025-08-25,47675.8583831216,0.0,47675.8583831216,10826.21320803333,58502.071591154934,75695.27628559669,75695.27628559669,2783.1585333333323,78478.43481893002,True,20697.42781893003,16764.91653333333,37462.34435226336
Q80,2025-08-26,48096.903895492156,0.0,48096.903895492156,2280.612588958338,50377.51648445049,76402.50429238682,76402.50429238682,521.2023666666677,76923.70665905348,True,20952.06294238683,16971.17098333333,37923.23392572016
Q80,2025-08-27,48219.97068418487,0.0,48219.97068418487,5070.287196225001,53290.25788040987,76571.79923600823,76571.79923600823,1115.1231666666667,77686.9224026749,True,21013.57211934156,17020.993416666664,38034.565536008224
Q80,2025-08-28,48089.20490206352,0.0,48089.20490206352,12406.100067791667,60495.304969855184,76260.43174999999,76260.43174999999,3037.7256333333335,79298.15738333332,True,20909.959999999995,16937.0676,37847.027599999994
Q80,2025-08-29,47723.72385578018,0.0,47723.72385578018,0.0,47723.72385578018,75651.39104876542,75651.39104876542,0.0,75651.39104876542,False,20698.070432098764,16765.43705,37463.507482098765
Q80,2025-08-30,47232.53089810796,0.0,47232.53089810796,0.0,47232.53089810796,74713.36115720164,74713.36115720164,0.0,74713.36115720164,False,20310.591090534977,16451.57878333333,36762.169873868304
Q80,2025-08-31,46764.8489739671,0.0,46764.8489739671,6093.790906216664,52858.639880183764,73855.30383744856,73855.30383744856,1492.3383499999993,75347.64218744857,True,20080.259670781896,16265.010333333334,36345.27000411523
Q80,2025-09-01,46474.35140899333,0.0,46474.35140899333,1452.249470816666,47926.600879809994,73337.74683497942,73337.74683497942,402.3902333333331,73740.13706831276,True,20012.698868312753,16210.286083333334,36222.98495164609
Q80,2025-09-02,46538.76677804222,0.0,46538.76677804222,1507.9300045416694,48046.69678258389,73476.24723065842,73476.24723065842,327.25100000000054,73803.49823065843,True,20019.966213991767,16216.172633333334,36236.1388473251
Q80,2025-09-03,46578.9155864311,0.0,46578.9155864311,350.40840596666595,46929.32399239777,73562.05412633743,73562.05412633743,103.82309999999981,73665.87722633743,True,20102.30355967078,16282.865883333334,36385.16944300412
Q80,2025-09-04,46477.930294630176,0.0,46477.930294630176,911.0603833499986,47388.990677980175,73418.25258539095,73418.25258539095,201.9839999999997,73620.23658539094,True,20098.51316872428,16279.795666666667,36378.30883539095
Q80,2025-09-05,46392.749620188144,0.0,46392.749620188144,0.0,46392.749620188144,73308.35195864197,73308.35195864197,0.0,73308.35195864197,False,20170.881975308643,16338.4144,36509.296375308644
Q80,2025-09-06,46207.26770094315,0.0,46207.26770094315,0.0,46207.26770094315,72958.5941234568,72958.5941234568,0.0,72958.5941234568,False,20147.78179012346,16319.70325,36467.48504012346
Q80,2025-09-07,45962.5759159642,0.0,45962.5759159642,1580.7612829249983,47543.337198889196,72535.37260658437,72535.37260658437,359.9812499999995,72895.35385658436,True,20070.25047325103,16256.902883333332,36327.153356584364
Q80,2025-09-08,45882.77476505624,0.0,45882.77476505624,5423.474119391667,51306.24888444791,72441.32667222223,72441.32667222223,1214.2215166666667,73655.5481888889,True,20113.03055555556,16291.55475,36404.58530555556
Q80,2025-09-09,46046.00482056266,0.0,46046.00482056266,507.0617984333331,46553.066618995996,72748.72237633745,72748.72237633745,126.0741666666666,72874.79654300412,True,20205.161893004115,16366.181133333332,36571.34302633745
Q80,2025-09-10,46070.71378884821,0.0,46070.71378884821,12779.689317916665,58850.403106764876,72798.94178312758,72798.94178312758,2820.4375499999996,75619.37933312758,True,20259.79034979424,16410.43018333333,36670.22053312757
Q80,2025-09-11,46093.64041919135,0.0,46093.64041919135,1860.960448375,47954.600867566354,72879.50199382716,72879.50199382716,361.05648333333323,73240.55847716049,True,20510.20382716049,16613.265099999997,37123.46892716049
Q80,2025-09-12,45981.32424924025,0.0,45981.32424924025,0.0,45981.32424924025,72707.08543395062,72707.08543395062,0.0,72707.08543395062,False,20535.478950617282,16633.73795,37169.21690061728
Q80,2025-09-13,45707.62208990975,0.0,45707.62208990975,0.0,45707.62208990975,72270.4571164609,72270.4571164609,0.0,72270.4571164609,False,20487.195349794238,16594.62823333333,37081.82358312757
Q80,2025-09-14,45445.38930150889,0.0,45445.38930150889,7434.395614316663,52879.784915825556,71833.31802222221,71833.31802222221,1699.843633333333,73533.16165555555,True,20476.337222222217,16585.83315,37062.170372222216
Q80,2025-09-15,45278.10045833518,0.0,45278.10045833518,4534.358848508335,49812.45930684352,71692.40139547325,71692.40139547325,1066.266666666667,72758.66806213991,True,20568.832695473247,16660.75448333333,37229.58717880658
Q80,2025-09-16,45344.94384471889,0.0,45344.94384471889,2827.888051166666,48172.83189588555,71819.97548333334,71819.97548333334,843.2067999999999,72663.18228333334,True,20668.981666666667,16741.87515,37410.85681666667
Q80,2025-09-17,45437.79360965018,0.0,45437.79360965018,9297.686237825,54735.47984747518,72011.01999279835,72011.01999279835,1985.1031500000004,73996.12314279834,True,20782.62890946502,16833.929416666666,37616.558326131686
Q80,2025-09-18,45431.62223110895,0.0,45431.62223110895,5364.595170383332,50796.217401492286,72100.25097201645,72100.25097201645,1144.6135999999997,73244.86457201645,True,20984.789238683126,16997.67928333333,37982.468522016454
Q80,2025-09-19,45377.82601924969,0.0,45377.82601924969,0.0,45377.82601924969,72122.2064755144,72122.2064755144,0.0,72122.2064755144,False,21289.421625514395,17244.431516666664,38533.85314218106
Q80,2025-09-20,44939.245218363016,0.0,44939.245218363016,0.0,44939.245218363016,71472.69877551441,71472.69877551441,0.0,71472.69877551441,False,21289.421625514395,17244.431516666664,38533.85314218106
Q80,2025-09-21,43945.51038822055,0.0,43945.51038822055,3732.59700186667,47678.10739008722,69866.48736934154,69866.48736934154,1045.7472166666673,70912.23458600821,True,20938.51378600822,16960.19616666667,37898.70995267489
Q80,2025-09-22,41793.944643535244,0.0,41793.944643535244,5430.147379724998,47224.092023260244,67198.84566481481,67198.84566481481,1316.4053833333332,68515.25104814814,True,20989.41481481481,17001.426,37990.84081481481
Q80,2025-09-23,42039.60396305185,0.0,42039.60396305185,10802.127391141668,52841.731354193515,67583.81193415637,67583.81193415637,2462.349683333334,70046.1616174897,True,21111.031934156374,17099.935866666667,38210.96780082304
Q80,2025-09-24,42381.86958411636,0.0,42381.86958411636,8253.210685949998,50635.080270066355,68121.71459279835,68121.71459279835,1989.2742499999995,70110.98884279835,True,21344.03057613168,17288.66476666667,38632.69534279835
Q80,2025-09-25,42127.856333231604,0.0,42127.856333231604,5060.67042655,47188.526759781606,67879.17228374485,67879.17228374485,1217.159216666667,69096.33150041151,True,21541.819300411516,17448.873633333333,38990.69293374485
Q80,2025-09-26,41828.72583120513,0.0,41828.72583120513,0.0,41828.72583120513,67402.85108806583,67402.85108806583,0.0,67402.85108806583,False,21524.33028806584,17434.707533333334,38959.03782139918
Q80,2025-09-27,41423.246294998455,0.0,41423.246294998455,0.0,41423.246294998455,66824.91948806583,66824.91948806583,0.0,66824.91948806583,False,21524.330288065845,17434.707533333334,38959.03782139918
Q80,2025-09-28,40928.74760952944,0.0,40928.74760952944,15877.711173016669,56806.458782546106,66143.3987882716,66143.3987882716,3599.1916666666666,69742.59045493827,True,21494.3149382716,17410.3951,38904.7100382716
Q80,2025-09-29,40851.066160105125,0.0,40851.066160105125,12105.709954699998,52956.77611480512,66053.35262139919,66053.35262139919,2787.630633333333,68840.98325473252,True,21524.33028806584,17434.70753333333,38959.03782139917
Q80,2025-09-30,41374.48399087172,0.0,41374.48399087172,20819.514818158335,62193.998809030054,66768.32684403291,66768.32684403291,4693.648866666668,71461.97571069958,True,21536.69181069958,17444.72036666667,38981.41217736625
Q80,2025-10-01,41709.56230661679,0.0,41709.56230661679,352.6716261916663,42062.233932808456,67279.38036028805,67279.38036028805,95.03584999999987,67374.41621028805,True,21548.919176954732,17454.624533333335,39003.54371028807
Q80,2025-10-02,41419.77420126432,0.0,41419.77420126432,1041.2342955166655,42461.00849678099,66901.4164489712,66901.4164489712,294.3742333333331,67195.79068230453,True,21545.886748971192,17452.168266666667,38998.05501563786
Q80,2025-10-03,41391.86130371432,0.0,41391.86130371432,0.0,41391.86130371432,66833.76691563785,66833.76691563785,0.0,66833.76691563785,False,21545.886748971192,17452.168266666667,38998.05501563786
Q80,2025-10-04,41324.27966305932,0.0,41324.27966305932,0.0,41324.27966305932,66751.58936563786,66751.58936563786,0.0,66751.58936563786,False,21545.886748971192,17452.168266666664,38998.05501563786
Q80,2025-10-05,41196.219062205986,0.0,41196.219062205986,1627.4528098416658,42823.67187204765,66566.93029897119,66566.93029897119,428.2619999999998,66995.19229897119,True,21545.886748971192,17452.168266666667,38998.05501563786
Q80,2025-10-06,41193.04488898765,0.0,41193.04488898765,2048.6563042666667,43241.70119325432,66594.53513230453,66594.53513230453,525.7106333333334,67120.24576563787,True,21545.886748971192,17452.168266666667,38998.05501563786
Q80,2025-10-07,41281.53945336765,0.0,41281.53945336765,3436.7689111999957,44718.308364567645,66724.79778230452,66724.79778230452,755.9376499999989,67480.73543230451,True,21545.886748971196,17452.168266666667,38998.05501563786
Q80,2025-10-08,41438.58732484265,0.0,41438.58732484265,3650.7508946,45089.33821944265,66932.4497489712,66932.4497489712,963.4351999999999,67895.88494897119,True,21545.886748971196,17452.168266666667,38998.05501563786
Q80,2025-10-09,41485.85196835431,0.0,41485.85196835431,3195.8211573750013,44681.673125729314,67015.51036563786,67015.51036563786,764.0451333333338,67779.5554989712,True,21545.886748971196,17452.168266666667,38998.05501563786
Q80,2025-10-10,41406.83890731765,0.0,41406.83890731765,0.0,41406.83890731765,66831.91757119341,66831.91757119341,0.0,66831.91757119341,False,21524.218971193415,17434.617366666665,38958.83633786008
Q80,2025-10-11,41247.61332348191,0.0,41247.61332348191,0.0,41247.61332348191,66618.19887613168,66618.19887613168,0.0,66618.19887613168,False,21459.765576131686,17382.410116666666,38842.17569279835
Q80,2025-10-12,40999.2098202403,0.0,40999.2098202403,4528.20631591667,45527.41613615697,66227.25047572015,66227.25047572015,1133.1108666666673,67360.36134238682,True,21441.38627572016,17367.522883333335,38808.909159053495
Q80,2025-10-13,41100.67868810851,0.0,41100.67868810851,2492.9901554333333,43593.66884354185,66398.4646265432,66398.4646265432,598.3977833333335,66996.86240987653,True,21445.544876543205,17370.891349999998,38816.4362265432
Q80,2025-10-14,41178.64712266524,0.0,41178.64712266524,9618.340502441668,50796.98762510691,66498.27675946502,66498.27675946502,2189.796950000001,68688.07370946502,True,21459.765576131682,17382.410116666666,38842.17569279835
Q80,2025-10-15,41398.461374750244,0.0,41398.461374750244,10638.744976091668,52037.20635084191,66808.32392613168,66808.32392613168,2552.9698333333336,69361.29375946501,True,21459.765576131686,17382.410116666666,38842.17569279835
Q80,2025-10-16,41476.83709489173,0.0,41476.83709489173,16242.576091966668,57719.41318685839,66928.41921625513,66928.41921625513,3757.4689500000004,70685.88816625513,True,21509.490699588474,17422.687466666666,38932.17816625514
Q80,2025-10-17,41566.03743137919,0.0,41566.03743137919,0.0,41566.03743137919,67136.27318868312,67136.27318868312,0.0,67136.27318868312,False,21539.222572016457,17446.77028333333,38985.99285534979
Q80,2025-10-18,41317.73692989876,0.0,41317.73692989876,0.0,41317.73692989876,66757.11504711934,66757.11504711934,0.0,66757.11504711934,False,21476.094897119336,17395.636866666668,38871.731763786
Q80,2025-10-19,41005.362395047094,0.0,41005.362395047094,18310.4162718,59315.778666847094,66323.56614711933,66323.56614711933,4257.680766666666,70581.246913786,True,21476.094897119343,17395.636866666668,38871.73176378601
Q80,2025-10-20,41085.58661339845,0.0,41085.58661339845,18577.51943939166,59663.10605279011,66582.75332139917,66582.75332139917,4177.699633333332,70760.45295473251,True,21569.98195473251,17471.685383333333,39041.66733806585
Q80,2025-10-21,41473.37980225487,0.0,41473.37980225487,22508.28577074167,63981.66557299654,67171.33636748971,67171.33636748971,5611.410633333334,72782.74700082304,True,21585.448600823045,17484.213366666663,39069.66196748971
Q80,2025-10-22,41947.6984653384,0.0,41947.6984653384,18251.322189116665,60199.02065445506,67916.89284403292,67916.89284403292,4242.826633333332,72159.71947736625,True,21712.95514403292,17587.493666666665,39300.448810699585
Q80,2025-10-23,41920.68180244339,0.0,41920.68180244339,10843.40903639167,52764.09083883506,68020.66562736625,68020.66562736625,2536.560000000001,70557.22562736625,True,21712.95514403292,17587.49366666667,39300.448810699585
Q80,2025-10-24,41787.48421438252,0.0,41787.48421438252,0.0,41787.48421438252,68079.00844979423,68079.00844979423,0.0,68079.00844979423,False,21740.37368312757,17609.702683333337,39350.07636646091
Q80,2025-10-25,41502.54372989778,0.0,41502.54372989778,0.0,41502.54372989778,67746.86926481481,67746.86926481481,0.0,67746.86926481481,False,21729.556481481482,17600.940749999998,39330.49723148148
Q80,2025-10-26,41346.29759953777,0.0,41346.29759953777,10164.675155566672,51510.97275510444,67533.81338148148,67533.81338148148,2466.8698833333347,70000.68326481481,True,21729.55648148148,17600.94075,39330.49723148148
Q80,2025-10-27,41568.71818141018,0.0,41568.71818141018,11886.273851800002,53454.99203321018,67912.89577654321,67912.89577654321,2802.636883333334,70715.53265987655,True,21761.416543209874,17626.7474,39388.163943209875
Q80,2025-10-28,41828.07744672451,0.0,41828.07744672451,13925.688347966665,55753.76579469117,68281.21374773662,68281.21374773662,3305.500649999999,71586.71439773662,True,21823.752181069955,17677.239266666667,39500.991447736626
Q80,2025-10-29,42229.57932572068,0.0,42229.57932572068,23224.35976368333,65453.93908940401,68852.74951213993,68852.74951213993,5781.828799999999,74634.57831213993,True,21894.711028806585,17734.715933333333,39629.426962139914
Q80,2025-10-30,42576.04256099593,0.0,42576.04256099593,8253.129676858332,50829.17223785426,69330.95500493827,69330.95500493827,2011.2590999999998,71342.21410493826,True,21965.649938271603,17792.17645,39757.8263882716
Q80,2025-10-31,42706.0840389232,0.0,42706.0840389232,0.0,42706.0840389232,69543.6502563786,69543.6502563786,0.0,69543.6502563786,False,22029.164156378596,17843.622966666662,39872.78712304526
Q80,2025-11-01,42456.15562201309,0.0,42456.15562201309,0.0,42456.15562201309,69166.90358497942,69166.90358497942,0.0,69166.90358497942,False,21957.14720164609,17785.28923333333,39742.43643497942
Q80,2025-11-02,42432.93572557309,0.0,42432.93572557309,19284.953425116673,61717.88915068976,69128.17876831276,69128.17876831276,4624.649716666668,73752.82848497943,True,21957.14720164609,17785.28923333333,39742.43643497942
Q80,2025-11-03,42906.92155574518,0.0,42906.92155574518,17337.99855891666,60244.92011466184,69815.17842098765,69815.17842098765,4869.139149999999,74684.31757098765,True,22062.85932098765,17870.91605,39933.77537098765
Q80,2025-11-04,43438.48152026383,0.0,43438.48152026383,10947.931039133335,54386.41255939716,70638.98898004115,70638.98898004115,2707.628716666666,73346.6176967078,True,22077.802263374484,17883.019833333332,39960.822096707816
Q80,2025-11-05,43954.168950398205,0.0,43954.168950398205,14246.286939516664,58200.45588991487,71370.29501296295,71370.29501296295,3724.8164499999993,75095.11146296294,True,22287.716296296294,18053.050199999998,40340.76649629629
Q80,2025-11-06,44365.25772745961,0.0,44365.25772745961,20433.93776776666,64799.195495226275,71982.35530308641,71982.35530308641,5089.667333333332,77072.02263641974,True,22550.254753086418,18265.70635,40815.96110308642
Q80,2025-11-07,44756.283437594255,0.0,44756.283437594255,0.0,44756.283437594255,72605.52911255142,72605.52911255142,0.0,72605.52911255142,False,22745.311995884767,18423.702716666667,41169.014712551434
Q80,2025-11-08,44742.37089579926,0.0,44742.37089579926,0.0,44742.37089579926,72574.47761255143,72574.47761255143,0.0,72574.47761255143,False,22745.311995884767,18423.702716666667,41169.014712551434
Q80,2025-11-09,44716.57273148592,0.0,44716.57273148592,16190.610373750005,60907.18310523592,72535.88091255142,72535.88091255142,4125.640316666668,76661.5212292181,True,22745.311995884767,18423.702716666667,41169.014712551434
Q80,2025-11-10,45167.888672381414,0.0,45167.888672381414,22733.351730683327,67901.24040306474,73258.46650679011,73258.46650679011,5876.875266666665,79135.34177345678,True,22971.18012345679,18606.6559,41577.836023456795
Q80,2025-11-11,45574.98947768143,0.0,45574.98947768143,13123.612029175,58698.60150685643,73901.58121502056,73901.58121502056,3101.2430999999997,77002.82431502055,True,23039.016131687244,18661.60306666667,41700.61919835392
Q80,2025-11-12,46018.46867699121,0.0,46018.46867699121,11612.3468331,57630.81551009121,74534.3744467078,74534.3744467078,2474.060033333334,77008.43448004113,True,23083.593930041152,18697.711083333335,41781.305013374484
Q80,2025-11-13,46312.29379485746,0.0,46312.29379485746,13082.020410216664,59394.31420507413,74905.79755432098,74905.79755432098,3451.212816666666,78357.01037098764,True,23166.969320987653,18765.245150000002,41932.21447098766
Q80,2025-11-14,46682.42992525951,0.0,46682.42992525951,0.0,46682.42992525951,75465.8665691358,75465.8665691358,0.0,75465.8665691358,False,23207.27580246914,18797.8934,42005.169202469144
Q80,2025-11-15,46659.285563651174,0.0,46659.285563651174,0.0,46659.285563651174,75427.80423580247,75427.80423580247,0.0,75427.80423580247,False,23207.27580246914,18797.8934,42005.169202469144
Q80,2025-11-16,46637.120266942846,0.0,46637.120266942846,18747.219275224998,65384.33954216784,75395.48520246914,75395.48520246914,4535.9139166666655,79931.3991191358,True,23207.27580246914,18797.8934,42005.169202469144
Q80,2025-11-17,47029.41167275879,0.0,47029.41167275879,12022.850356474995,59052.26202923378,75944.1327366255,75944.1327366255,2850.0719166666654,78794.20465329217,True,23322.92606995885,18891.570116666662,42214.49618662551
Q80,2025-11-18,47415.99183281973,0.0,47415.99183281973,15646.666066824999,63062.65789964473,76474.77585411523,76474.77585411523,4212.5531,80687.32895411523,True,23368.22133744856,18928.259283333333,42296.48062078189
Q80,2025-11-19,47795.579820305844,0.0,47795.579820305844,15410.361230425002,63205.94105073085,77002.13799855966,77002.13799855966,3669.609716666667,80671.74771522633,True,23416.645781893003,18967.483083333333,42384.12886522633
Q80,2025-11-20,48197.67461505599,0.0,48197.67461505599,12133.922845550002,60331.59746060599,77527.49322666666,77527.49322666666,3106.0654833333338,80633.55871,True,23404.304,18957.48624,42361.79024
Q80,2025-11-21,48513.42657335337,0.0,48513.42657335337,0.0,48513.42657335337,77976.73056233334,77976.73056233334,0.0,77976.73056233334,False,23367.585766666667,18927.744470999998,42295.33023766667
Q80,2025-11-22,48491.611930349565,0.0,48491.611930349565,0.0,48491.611930349565,77936.50841233332,77936.50841233332,0.0,77936.50841233332,False,23367.585766666667,18927.744470999995,42295.33023766666
Q80,2025-11-23,48429.073082409566,0.0,48429.073082409566,14773.438997175002,63202.51207958457,77846.21029566665,77846.21029566665,3524.5424833333336,81370.75277899999,True,23367.585766666667,18927.744470999998,42295.33023766667
Q80,2025-11-24,48726.926489465935,0.0,48726.926489465935,7866.14003434167,56593.0665238076,78242.23836366666,78242.23836366666,1967.0533500000006,80209.29171366667,True,23357.987966666667,18919.970253,42277.95821966667
Q80,2025-11-25,48997.24363471099,0.0,48997.24363471099,12510.604377349999,61507.84801206099,78604.38277,78604.38277,3190.3116333333337,81794.69440333333,True,23330.638,18897.81678,42228.45478
Q80,2025-11-26,49409.242993705266,0.0,49409.242993705266,14065.819060933325,63475.06205463859,79152.49148366667,79152.49148366667,3613.9078833333315,82766.399367,True,23295.77763333333,18869.579883,42165.35751633333
Q80,2025-11-27,49842.429474413984,0.0,49842.429474413984,9321.470738625,59163.900213038985,79725.28649872841,79725.28649872841,2340.8435666666664,82066.13006539507,True,23291.71569506173,18866.289713,42158.00540806173
Q80,2025-11-28,50048.42271377541,0.0,50048.42271377541,0.0,50048.42271377541,80005.695542893,80005.695542893,0.0,80005.695542893,False,23297.451015226336,18870.93532233333,42168.38633755967
Q80,2025-11-29,50024.83908510848,0.0,50024.83908510848,0.0,50024.83908510848,79966.62820555965,79966.62820555965,0.0,79966.62820555965,False,23304.051081893,18876.281376333332,42180.33245822633
Q80,2025-11-30,49971.87512647847,0.0,49971.87512647847,22050.587272024994,72022.46239850347,79905.821438893,79905.821438893,5766.028066666665,85671.84950555967,True,23304.051081893,18876.281376333332,42180.33245822633
Q80,2025-12-01,50367.142617867015,0.0,50367.142617867015,41007.11363340833,91374.25625127534,80467.2608354321,80467.2608354321,10665.997716666667,91133.25855209876,True,23359.036765432094,18920.819779999998,42279.85654543209
Q80,2025-12-02,50911.82880419247,0.0,50911.82880419247,46846.728355549996,97758.55715974246,81230.64804533334,81230.64804533334,12191.132166666666,93421.780212,True,23446.196466666668,18991.419137999994,42437.61560466666
Q80,2025-12-03,51570.266878018025,0.0,51570.266878018025,36881.26103114168,88451.5279091597,82157.78332150204,82157.78332150204,10064.597600000001,92222.38092150204,True,23544.403446502056,19070.966791666666,42615.37023816872
Q80,2025-12-04,52064.45713585798,0.0,52064.45713585798,34830.482532358335,86894.9396682163,82869.20691831275,82869.20691831275,9061.286250000001,91930.49316831275,True,23638.005534979424,19146.784483333333,42784.79001831276
Q80,2025-12-05,52609.60719676045,0.0,52609.60719676045,0.0,52609.60719676045,83661.98557139916,83661.98557139916,0.0,83661.98557139916,False,23859.598621399175,19326.27488333333,43185.8735047325
Q80,2025-12-06,52541.46760847493,0.0,52541.46760847493,0.0,52541.46760847493,83577.12083950617,83577.12083950617,0.0,83577.12083950617,False,23851.42783950617,19319.65655,43171.08438950617
Q80,2025-12-07,52502.73144621327,0.0,52502.73144621327,34048.027726274995,86550.75917248827,83523.13340617283,83523.13340617283,8993.679233333332,92516.81263950616,True,23851.42783950617,19319.65655,43171.08438950617
Q80,2025-12-08,53364.50675836351,0.0,53364.50675836351,30602.485916816666,83966.99267518017,84795.08682139916,84795.08682139916,8288.249033333334,93083.33585473249,True,24364.88028806584,19735.55303333333,44100.43332139917
Q80,2025-12-09,54445.22359832388,0.0,54445.22359832388,24798.21622391667,79243.43982224054,86347.87066049382,86347.87066049382,6152.5498333333335,92500.42049382716,True,24741.072160493826,20040.26845,44781.340610493826
Q80,2025-12-10,56300.97413828333,0.0,56300.97413828333,18192.867986375,74493.84212465833,88891.27383333333,88891.27383333333,5091.098899999999,93982.37273333332,True,24833.333333333332,20115.0,44948.33333333333
Q80,2025-12-11,57039.993875454995,0.0,57039.993875454995,8280.004711108333,65319.99858656333,89916.42056666665,89916.42056666665,2349.479233333333,92265.89979999998,True,24833.333333333332,20115.0,44948.33333333333
Q80,2025-12-12,57490.72953610166,0.0,57490.72953610166,0.0,57490.72953610166,90541.08348333332,90541.08348333332,0.0,90541.08348333332,False,24833.333333333332,20115.0,44948.33333333333
Q80,2025-12-13,57455.81901532833,0.0,57455.81901532833,6.061230000000077,57461.88024532833,90499.96683333331,90499.96683333331,2.8350000000000364,90502.80183333332,True,24833.333333333332,20115.0,44948.33333333333
Q80,2025-12-14,57419.295631211666,0.0,57419.295631211666,14351.866006641669,71771.16163785334,90471.30026666666,90471.30026666666,3795.5218500000005,94266.82211666666,True,24833.333333333332,20115.0,44948.33333333333
Q80,2025-12-15,57928.26371655415,0.0,57928.26371655415,13775.769141091667,71704.03285764583,91198.39574156379,91198.39574156379,3883.739166666667,95082.13490823045,True,24881.612674897122,20154.106266666666,45035.718941563784
Q80,2025-12-16,58478.34338989323,0.0,58478.34338989323,11565.586289866667,70043.9296797599,91941.1926823045,91941.1926823045,3207.13955,95148.3322323045,True,24925.255082304524,20189.456616666666,45114.711698971194
Q80,2025-12-17,58901.61140939185,0.0,58901.61140939185,5484.428062716666,64386.03947210852,92559.37635185185,92559.37635185185,1644.6747,94204.05105185186,True,24930.205185185187,20193.466200000003,45123.67138518519
Q80,2025-12-18,59188.452893879075,0.0,59188.452893879075,6351.934911141667,65540.38780502074,92977.19957407407,92977.19957407407,1613.4575000000004,94590.65707407407,True,24952.85240740741,20211.810449999997,45164.662857407406
Q80,2025-12-19,59428.85489032664,0.0,59428.85489032664,0.0,59428.85489032664,93283.53894979422,93283.53894979422,0.0,93283.53894979422,False,24986.812016460906,20239.31773333333,45226.129749794236
Q80,2025-12-20,59410.423323261646,0.0,59410.423323261646,0.0,59410.423323261646,93263.97024979423,93263.97024979423,0.0,93263.97024979423,False,24986.812016460906,20239.31773333333,45226.129749794236
Q80,2025-12-21,59399.656046473305,0.0,59399.656046473305,7167.187791966664,66566.84383843996,93250.63148312757,93250.63148312757,2078.101083333333,95328.7325664609,True,24986.812016460906,20239.317733333333,45226.12974979424
Q80,2025-12-22,59629.81286349939,0.0,59629.81286349939,5575.239785016671,65205.052648516066,93593.38557736624,93593.38557736624,1472.5188500000006,95065.90442736624,True,25001.275144032923,20251.03286666667,45252.30801069959
Q80,2025-12-23,59881.2572367885,0.0,59881.2572367885,2297.628528908333,62178.88576569683,93952.02285164609,93952.02285164609,590.5167333333329,94542.53958497943,True,25023.560534979424,20269.084033333333,45292.64456831275
Q80,2025-12-24,59983.32602196676,0.0,59983.32602196676,4144.796743475,64128.12276544176,94102.31341769546,94102.31341769546,1018.6052333333333,95120.9186510288,True,25047.67158436214,20288.613983333333,45336.28556769547
Q80,2025-12-25,60102.007734929335,0.0,60102.007734929335,3177.2168711999966,63279.22460612933,94264.35784341564,94264.35784341564,992.6812666666658,95257.0391100823,True,25064.506193415637,20302.250016666665,45366.7562100823
Q80,2025-12-26,60160.17679405433,0.0,60160.17679405433,0.0,60160.17679405433,94373.74964341563,94373.74964341563,0.0,94373.74964341563,False,25064.506193415637,20302.250016666665,45366.7562100823
Q80,2025-12-27,60148.211531880996,0.0,60148.211531880996,0.0,60148.211531880996,94362.7435100823,94362.7435100823,0.0,94362.7435100823,False,25064.506193415637,20302.250016666665,45366.7562100823
Q80,2025-12-28,60141.71282650766,0.0,60141.71282650766,2148.570077174999,62290.28290368266,94353.93844341564,94353.93844341564,565.8593333333331,94919.79777674896,True,25064.506193415637,20302.250016666665,45366.7562100823
Q80,2025-12-29,60203.371339099336,0.0,60203.371339099336,2782.1544158833335,62985.52575498267,94443.44074341563,94443.44074341563,792.8369500000001,95236.27769341563,True,25064.506193415637,20302.250016666665,45366.7562100823
Q80,2025-12-30,60305.69989864833,0.0,60305.69989864833,1448.8549953249976,61754.55489397333,94592.13903333333,94592.13903333333,318.91311666666587,94911.05214999999,True,25082.16833333333,20316.55635,45398.724683333334
Q80,2025-12-31,60363.153183666655,0.0,60363.153183666655,4491.427894983335,64854.58107864999,94665.08239999998,94665.08239999998,1143.2207333333338,95808.30313333332,True,25082.16833333333,20316.55635,45398.724683333334
SAA,2025-02-01,61767.8950315486,0.0,61767.8950315486,0.0,61767.8950315486,96653.21573600822,96653.21573600822,0.0,96653.21573600822,False,25364.378786008227,20545.146816666667,45909.5256026749
SAA,2025-02-02,61421.84726548104,0.0,61421.84726548104,83.81870001666618,61505.665965497705,96156.97111049382,96156.97111049382,13.37651666666659,96170.34762716049,True,25314.412160493823,20504.67385,45819.08601049382
SAA,2025-02-03,61065.5480039367,0.0,61065.5480039367,33.452585399999755,61099.000589336705,95684.23306707817,95684.23306707817,15.482799999999884,95699.71586707816,True,25242.720967078185,20446.603983333334,45689.32495041152
SAA,2025-02-04,61068.33829887003,0.0,61068.33829887003,231.47483900000017,61299.813137870035,95690.68906707817,95690.68906707817,70.90808333333337,95761.5971504115,True,25242.720967078185,20446.603983333334,45689.32495041152
SAA,2025-02-05,61077.13889903003,0.0,61077.13889903003,45.95532287500053,61123.094221905034,95703.1811004115,95703.1811004115,10.173350000000028,95713.3544504115,True,25242.720967078185,20446.603983333334,45689.32495041152
SAA,2025-02-06,60792.32978857352,0.0,60792.32978857352,47.699030091666046,60840.02881866519,95327.04245185184,95327.04245185184,7.920949999999834,95334.96340185184,True,25184.078518518516,20399.1036,45583.18211851851
SAA,2025-02-07,60552.29544873684,0.0,60552.29544873684,0.0,60552.29544873684,95017.54570185184,95017.54570185184,0.0,95017.54570185184,False,25184.078518518516,20399.1036,45583.18211851851
SAA,2025-02-08,60175.93495132911,0.0,60175.93495132911,0.0,60175.93495132911,94522.57664115226,94522.57664115226,0.0,94522.57664115226,False,25121.45004115226,20348.37453333333,45469.824574485596
SAA,2025-02-09,59853.19655268662,0.0,59853.19655268662,203.21408260833334,60056.41063529495,94087.78614958847,94087.78614958847,79.36373333333341,94167.1498829218,True,25065.150699588474,20302.772066666665,45367.92276625514
SAA,2025-02-10,59540.1523970473,0.0,59540.1523970473,120.62643358333409,59660.77883063063,93626.70222304526,93626.70222304526,22.992166666666776,93649.69438971192,True,25003.232489711932,20252.618316666667,45255.8508063786
SAA,2025-02-11,59554.61683291397,0.0,59554.61683291397,14.610950833333362,59569.2277837473,93642.42088971194,93642.42088971194,3.1183333333333394,93645.53922304527,True,25003.232489711932,20252.618316666667,45255.8508063786
SAA,2025-02-12,59552.99950941397,0.0,59552.99950941397,116.48984622500114,59669.489355638965,93638.31088971192,93638.31088971192,20.74595000000022,93659.05683971192,True,25003.232489711932,20252.618316666667,45255.8508063786
SAA,2025-02-13,59074.2387169502,0.0,59074.2387169502,148.6056965416676,59222.84441349187,93029.89110205759,93029.89110205759,31.322450000000117,93061.2135520576,True,24949.198168724277,20208.850516666665,45158.04868539094
SAA,2025-02-14,58839.462547793206,0.0,58839.462547793206,0.0,58839.462547793206,92706.25444876542,92706.25444876542,0.0,92706.25444876542,False,24918.94709876543,20184.34715,45103.294248765436
SAA,2025-02-15,58359.109187158334,0.0,58359.109187158334,0.0,58359.109187158334,92074.82079999999,92074.82079999999,0.0,92074.82079999999,False,24833.333333333332,20115.0,44948.33333333333
SAA,2025-02-16,57838.79427015833,0.0,57838.79427015833,360.114653091664,58198.90892325,91402.78283333333,91402.78283333333,69.75418333333289,91472.53701666667,True,24833.333333333332,20115.0,44948.33333333333
SAA,2025-02-17,57124.26235947833,0.0,57124.26235947833,503.7237782666658,57627.98613774499,90473.85093333332,90473.85093333332,96.11098333333325,90569.96191666665,True,24833.333333333332,20115.0,44948.33333333333
SAA,2025-02-18,57156.68990087,0.0,57156.68990087,138.01133914166664,57294.701240011666,90513.33103333334,90513.33103333334,21.16188333333332,90534.49291666667,True,24833.333333333332,20115.0,44948.33333333333
SAA,2025-02-19,57163.595087568334,0.0,57163.595087568334,707.86664989167,57871.461737460006,90518.67093333334,90518.67093333334,176.93576666666718,90695.6067,True,24833.333333333332,20115.0,44948.33333333333
SAA,2025-02-20,56642.971880255,0.0,56642.971880255,616.1341713166662,57259.10605157167,89829.58859999999,89829.58859999999,124.62576666666655,89954.21436666665,True,24833.333333333332,20115.0,44948.33333333333
SAA,2025-02-21,55992.13640201148,0.0,55992.13640201148,0.0,55992.13640201148,88935.92438045268,88935.92438045268,0.0,88935.92438045268,False,24779.324897119342,20071.253166666665,44850.57806378601
SAA,2025-02-22,55663.607694702034,0.0,55663.607694702034,0.0,55663.607694702034,88494.81301872428,88494.81301872428,0.0,88494.81301872428,False,24728.00316872428,20029.68256666667,44757.68573539095
SAA,2025-02-23,54868.66912549592,0.0,54868.66912549592,403.03711500000026,55271.70624049592,87452.55519958847,87452.55519958847,119.95290000000034,87572.50809958848,True,24552.23903292181,19887.31361666667,44439.552649588484
SAA,2025-02-24,54256.42418483924,0.0,54256.42418483924,863.454786016668,55119.87897085591,86608.60791810698,86608.60791810698,165.08623333333367,86773.69415144032,True,24372.877551440324,19742.030816666673,44114.908368107
SAA,2025-02-25,54289.061239237584,0.0,54289.061239237584,558.7985027749994,54847.85974201258,86645.18386810698,86645.18386810698,138.8741,86784.05796810698,True,24372.877551440324,19742.030816666673,44114.908368107
SAA,2025-02-26,54308.76912856592,0.0,54308.76912856592,285.674480533334,54594.44360909925,86667.06093477365,86667.06093477365,77.04033333333348,86744.10126810698,True,24372.877551440324,19742.030816666673,44114.908368107
SAA,2025-02-27,53729.84352315351,0.0,53729.84352315351,466.92366134999986,54196.767184503515,85880.65968065843,85880.65968065843,79.35529999999994,85960.01498065842,True,24282.067880658433,19668.474983333334,43950.542863991766
SAA,2025-02-28,53302.87593196018,0.0,53302.87593196018,0.0,53302.87593196018,85236.06511954733,85236.06511954733,0.0,85236.06511954733,False,24121.886769547324,19538.72828333333,43660.615052880654
SAA,2025-03-01,52514.5530062187,0.0,52514.5530062187,0.0,52514.5530062187,84118.42793353909,84118.42793353909,0.0,84118.42793353909,False,24025.121316872424,19460.348266666668,43485.46958353909
SAA,2025-03-02,51957.22010986357,0.0,51957.22010986357,6575.142114574998,58532.36222443857,83323.02247530864,83323.02247530864,1655.430883333333,84978.45335864197,True,23763.888641975303,19248.749799999998,43012.6384419753
SAA,2025-03-03,51489.86623930275,0.0,51489.86623930275,2211.2717699749987,53701.13800927775,82631.04945761318,82631.04945761318,502.126733333333,83133.17619094651,True,23449.115390946503,18993.783466666668,42442.89885761317
SAA,2025-03-04,51608.460580346706,0.0,51608.460580346706,598.94121329167,52207.401793638375,82790.65269588477,82790.65269588477,183.4862500000005,82974.13894588477,True,23515.42866255144,19047.497216666663,42562.925879218106
SAA,2025-03-05,51647.52199369337,0.0,51647.52199369337,567.6847157000024,52215.20670939337,82840.94879588476,82840.94879588476,112.36776666666712,82953.31656255142,True,23515.42866255144,19047.497216666663,42562.925879218106
SAA,2025-03-06,51201.25957647388,0.0,51201.25957647388,763.3480235500016,51964.60760002388,82228.74032777776,82228.74032777776,189.10675000000037,82417.84707777777,True,23396.419444444444,18951.09975,42347.519194444445
SAA,2025-03-07,50638.05493399181,0.0,50638.05493399181,0.0,50638.05493399181,81422.11849290122,81422.11849290122,0.0,81422.11849290122,False,23357.4537345679,18919.537525000003,42276.991259567905
SAA,2025-03-08,49980.18627145425,0.0,49980.18627145425,0.0,49980.18627145425,80513.91427710699,80513.91427710699,0.0,80513.91427710699,False,23248.546984773664,18831.32305766667,42079.870042440336
SAA,2025-03-09,49458.52112995919,0.0,49458.52112995919,745.0065959666672,50203.52772592586,79813.498549,79813.498549,135.7494833333334,79949.24803233333,True,23197.473766666666,18789.953751,41987.42751766667
SAA,2025-03-10,48886.308570856025,0.0,48886.308570856025,2753.6258783749995,51639.93444923103,78998.32550649998,78998.32550649998,1029.3251000000002,80027.65060649998,True,23239.11635,18823.6842435,42062.8005935
SAA,2025-03-11,49000.341869006035,0.0,49000.341869006035,487.883943116665,49488.2258121227,79223.71904816666,79223.71904816666,142.56524999999954,79366.28429816666,True,23232.828849999998,18818.5913685,42051.4202185
SAA,2025-03-12,49015.379603721034,0.0,49015.379603721034,775.9877198583371,49791.36732357937,79253.66001483332,79253.66001483332,226.02380000000085,79479.68381483332,True,23232.828849999998,18818.5913685,42051.4202185
SAA,2025-03-13,48425.7344210315,0.0,48425.7344210315,4911.335570300002,53337.069991331504,78456.49393416666,78456.49393416666,1381.9773666666674,79838.47130083333,True,23259.746583333334,18840.394732499997,42100.14131583333
SAA,2025-03-14,48175.26979713213,0.0,48175.26979713213,0.0,48175.26979713213,78183.01664433333,78183.01664433333,0.0,78183.01664433333,False,23246.918566666667,18830.004039,42076.92260566667
SAA,2025-03-15,47697.61567182085,0.0,47697.61567182085,19.356026666666803,47716.97169848752,77517.06644183333,77517.06644183333,9.053333333333399,77526.11977516666,True,23252.50215,18834.526741499998,42087.0288915
SAA,2025-03-16,47260.21496495443,0.0,47260.21496495443,566.3575047416659,47826.5724696961,76964.134511,76964.134511,139.87499999999977,77104.009511,True,23265.33523333333,18844.921538999995,42110.25677233333
SAA,2025-03-17,46976.850933400914,0.0,46976.850933400914,855.1087898166663,47831.95972321758,76574.1944425,76574.1944425,172.06406666666658,76746.25850916667,True,23268.905749999998,18847.8136575,42116.7194075
SAA,2025-03-18,46996.20210130758,0.0,46996.20210130758,282.7199363083338,47278.922037615914,76606.50374249999,76606.50374249999,98.57998333333353,76705.08372583332,True,23268.905749999998,18847.8136575,42116.7194075
SAA,2025-03-19,47007.587442342585,0.0,47007.587442342585,181.91033011666627,47189.49777245925,76627.2480425,76627.2480425,63.91388333333339,76691.16192583332,True,23268.905749999998,18847.8136575,42116.7194075
SAA,2025-03-20,46674.54489863833,0.0,46674.54489863833,1030.6857076166661,47705.23060625499,76168.54896666665,76168.54896666665,207.40089999999987,76375.94986666665,True,23293.55273333333,18867.777714000003,42161.330447333334
SAA,2025-03-21,46441.604003953384,0.0,46441.604003953384,0.0,46441.604003953384,75815.07044135801,75815.07044135801,0.0,75815.07044135801,False,23296.038024691356,18869.7908,42165.82882469136
SAA,2025-03-22,45960.19100168183,0.0,45960.19100168183,19.409476666666755,45979.6004783485,75099.75872695472,75099.75872695472,9.078333333333376,75108.83706028806,True,23177.787510288064,18774.007883333332,41951.795393621396
SAA,2025-03-23,45361.90326150907,0.0,45361.90326150907,958.9384188833353,46320.841680392405,74302.08422962963,74302.08422962963,218.15648333333365,74520.24071296297,True,23080.92796296296,18695.55165,41776.47961296296
SAA,2025-03-24,44900.766461101375,0.0,44900.766461101375,466.6919437083329,45367.45840480971,73582.44741460905,73582.44741460905,187.95671666666658,73770.40413127572,True,22886.84349794238,18538.343233333333,41425.18673127571
SAA,2025-03-25,44915.971826428045,0.0,44915.971826428045,1748.0668825500006,46664.03870897805,73615.16813127571,73615.16813127571,445.18311666666654,74060.35124794238,True,22886.84349794238,18538.343233333333,41425.18673127571
SAA,2025-03-26,45071.071419032654,0.0,45071.071419032654,471.061907116665,45542.13332614932,73856.0850845679,73856.0850845679,154.80059999999958,74010.8856845679,True,22971.059567901233,18606.55825,41577.617817901235
SAA,2025-03-27,44541.399220513864,0.0,44541.399220513864,867.418765583333,45408.817986097194,73039.61354362138,73039.61354362138,279.62941666666666,73319.24296028804,True,22582.4508436214,18291.785183333333,40874.236026954735
SAA,2025-03-28,44297.860221132214,0.0,44297.860221132214,0.0,44297.860221132214,72674.99405596706,72674.99405596706,0.0,72674.99405596706,False,22444.381522633746,18179.94903333333,40624.33055596708
SAA,2025-03-29,43939.06594072582,0.0,43939.06594072582,0.0,43939.06594072582,72188.71290020575,72188.71290020575,0.0,72188.71290020575,False,22299.72965020576,18062.781016666664,40362.510666872426
SAA,2025-03-30,43574.537849224114,0.0,43574.537849224114,880.0159010999997,44454.553750324114,71628.96600308642,71628.96600308642,312.2751999999998,71941.24120308642,True,22153.42975308642,17944.2781,40097.707853086424
SAA,2025-03-31,43198.470799934854,0.0,43198.470799934854,358.1674149333338,43556.63821486819,71166.62945349794,71166.62945349794,131.97398333333354,71298.60343683127,True,22132.162386831274,17927.05153333333,40059.213920164606
SAA,2025-04-01,43223.81817249652,0.0,43223.81817249652,2457.990377266664,45681.808549763184,71215.37198683128,71215.37198683128,912.5840333333324,72127.95602016461,True,22132.162386831274,17927.05153333333,40059.213920164606
SAA,2025-04-02,43365.15255483819,0.0,43365.15255483819,2791.289359125001,46156.441913963194,71487.36750349792,71487.36750349792,665.6734333333335,72153.04093683125,True,22132.162386831274,17927.05153333333,40059.213920164606
SAA,2025-04-03,42885.343837799854,0.0,42885.343837799854,1053.8207427416678,43939.164580541525,70798.73702016461,70798.73702016461,327.3102833333336,71126.04730349795,True,22037.63405349794,17850.48358333333,39888.11763683127
SAA,2025-04-04,42437.12617787623,0.0,42437.12617787623,0.0,42437.12617787623,70171.23123065842,70171.23123065842,0.0,70171.23123065842,False,21964.7545473251,17791.45118333333,39756.20573065843
SAA,2025-04-05,41913.54640709549,0.0,41913.54640709549,0.0,41913.54640709549,69415.6978855967,69415.6978855967,0.0,69415.6978855967,False,21904.187818930037,17742.392133333335,39646.579952263375
SAA,2025-04-06,41564.87677588333,0.0,41564.87677588333,906.1598022499987,42471.036578133324,68911.82726666666,68911.82726666666,231.6495166666664,69143.47678333333,True,21849.401666666665,17698.015349999994,39547.41701666666
SAA,2025-04-07,41206.468219989634,0.0,41206.468219989634,530.9665458666676,41737.4347658563,68371.17953580245,68371.17953580245,194.9511333333336,68566.13066913579,True,21805.789135802468,17662.6892,39468.47833580247
SAA,2025-04-08,41235.96352927129,0.0,41235.96352927129,693.41508680833,41929.37861607962,68426.61895246913,68426.61895246913,203.2508333333326,68629.86978580247,True,21805.789135802468,17662.6892,39468.47833580247
SAA,2025-04-09,41268.39151220629,0.0,41268.39151220629,1238.5645424083316,42506.956054614624,68472.39738580247,68472.39738580247,427.9644999999995,68900.36188580247,True,21805.789135802468,17662.6892,39468.47833580247
SAA,2025-04-10,40979.56839531593,0.0,40979.56839531593,1392.0805577250005,42371.64895304093,68104.99073271605,68104.99073271605,348.6563166666667,68453.64704938271,True,21767.712716049384,17631.847299999998,39399.56001604938
SAA,2025-04-11,40678.12460417753,0.0,40678.12460417753,0.0,40678.12460417753,67664.91667201646,67664.91667201646,0.0,67664.91667201646,False,21744.455905349794,17613.009283333333,39357.46518868313
SAA,2025-04-12,40312.060408537036,0.0,40312.060408537036,0.0,40312.060408537036,67098.5726419753,67098.5726419753,0.0,67098.5726419753,False,21707.69864197531,17583.2359,39290.93454197531
SAA,2025-04-13,40070.0770338703,0.0,40070.0770338703,802.8233775166666,40872.90041138697,66781.8554201646,66781.8554201646,209.18921666666665,66991.04463683127,True,21687.465720164608,17566.847233333334,39254.31295349794
SAA,2025-04-14,39654.26432842123,0.0,39654.26432842123,1271.1953561583316,40925.45968457956,66157.80390843621,66157.80390843621,361.0336666666662,66518.83757510288,True,21644.482325102876,17532.03068333333,39176.5130084362
SAA,2025-04-15,39695.487652892894,0.0,39695.487652892894,925.603817758335,40621.09147065123,66222.97120843621,66222.97120843621,194.65975000000026,66417.63095843622,True,21644.482325102876,17532.030683333334,39176.51300843621
SAA,2025-04-16,39747.867309334564,0.0,39747.867309334564,1545.9985174083329,41293.8658267429,66287.14417510288,66287.14417510288,511.4630166666666,66798.60719176954,True,21644.482325102876,17532.03068333333,39176.5130084362
SAA,2025-04-17,39330.56046963215,0.0,39330.56046963215,431.9642191583362,39762.52468879049,65753.03195781892,65753.03195781892,120.86511666666706,65873.89707448559,True,21613.01170781892,17506.539483333334,39119.551191152255
SAA,2025-04-18,39158.51449318549,0.0,39158.51449318549,0.0,39158.51449318549,65555.95060781893,65555.95060781893,0.0,65555.95060781893,False,21613.011707818925,17506.53948333333,39119.551191152255
SAA,2025-04-19,38888.474705693756,0.0,38888.474705693756,0.0,38888.474705693756,65174.552719341555,65174.552719341555,0.0,65174.552719341555,False,21605.738786008224,17500.648416666667,39106.38720267489
SAA,2025-04-20,38618.085192230865,0.0,38618.085192230865,325.9067532916674,38943.99194552253,64813.77932757202,64813.77932757202,125.5819000000003,64939.361227572015,True,21579.418127572015,17479.328683333333,39058.746810905344
SAA,2025-04-21,38161.86948912364,0.0,38161.86948912364,986.5890725916672,39148.458561715306,64115.25208683127,64115.25208683127,342.21810000000016,64457.47018683127,True,21517.444053497937,17429.129683333333,38946.57373683127
SAA,2025-04-22,38195.12320863364,0.0,38195.12320863364,1060.613936683335,39255.737145316976,64153.195070164606,64153.195070164606,328.2485833333338,64481.44365349794,True,21517.444053497937,17429.129683333333,38946.57373683127
SAA,2025-04-23,38264.13002528814,0.0,38264.13002528814,1496.2304100083315,39760.360435296476,64277.270640123446,64277.270640123446,496.6055166666661,64773.87615679011,True,21528.485123456783,17438.07295,38966.558073456785
SAA,2025-04-24,38078.93527305148,0.0,38078.93527305148,753.2344864083326,38832.169759459815,64010.67987345677,64010.67987345677,185.16915000000006,64195.84902345677,True,21528.485123456783,17438.072949999998,38966.55807345678
SAA,2025-04-25,37821.65979001587,0.0,37821.65979001587,0.0,37821.65979001587,63678.57146090534,63678.57146090534,0.0,63678.57146090534,False,21508.671460905345,17422.02388333333,38930.69534423867
SAA,2025-04-26,37482.12778141068,0.0,37482.12778141068,0.0,37482.12778141068,63146.117623251026,63146.117623251026,0.0,63146.117623251026,False,21496.22047325102,17411.93858333333,38908.15905658435
SAA,2025-04-27,37287.41998712901,0.0,37287.41998712901,535.6346246499993,37823.05461177901,62889.35815658436,62889.35815658436,232.96228333333295,63122.3204399177,True,21496.22047325102,17411.938583333333,38908.15905658435
SAA,2025-04-28,36946.81701006573,0.0,36946.81701006573,7775.69630746668,44722.51331753241,62400.963345061726,62400.963345061726,2478.130316666669,64879.093661728395,True,21491.17006172839,17407.847749999997,38899.01781172839
SAA,2025-04-29,37152.206639051845,0.0,37152.206639051845,651.4097084333306,37803.61634748518,62800.11379320987,62800.11379320987,148.39683333333255,62948.510626543204,True,21502.859876543203,17417.316499999994,38920.1763765432
SAA,2025-04-30,37185.114352628516,0.0,37185.114352628516,1441.4917030666659,38626.606055695185,62839.534993209876,62839.534993209876,456.99233333333314,63296.52732654321,True,21502.859876543203,17417.316499999994,38920.1763765432
SAA,2025-05-01,37131.93212890808,0.0,37131.93212890808,10344.408994525002,47476.341123433085,62780.38379609052,62780.38379609052,2240.6912333333335,65021.07502942385,True,21486.4533127572,17404.027183333335,38890.48049609053
SAA,2025-05-02,37038.4150708032,0.0,37038.4150708032,0.0,37038.4150708032,62596.189169958845,62596.189169958845,0.0,62596.189169958845,False,21458.20606995884,17381.146916666665,38839.352986625505
SAA,2025-05-03,36664.150141206104,0.0,36664.150141206104,39.3213833333333,36703.47152453944,61972.62682777777,61972.62682777777,18.39166666666665,61991.01849444444,True,21402.364444444444,17335.9152,38738.27964444444
SAA,2025-05-04,36327.38283387932,0.0,36327.38283387932,10978.331265366667,47305.71409924598,61312.46109897119,61312.46109897119,2635.897083333333,63948.35818230452,True,21128.657898971192,17114.21289816666,38242.87079713785
SAA,2025-05-05,36216.631104598884,0.0,36216.631104598884,10827.334488633333,47043.96559323222,61128.13975987655,61128.13975987655,2479.344649999999,63607.484409876546,True,20848.443209876543,16887.238999999998,37735.68220987654
SAA,2025-05-06,36494.9002140197,0.0,36494.9002140197,9245.750949916666,45740.65116393636,61553.25627983539,61553.25627983539,2156.1119166666667,63709.36819650206,True,20946.26427983539,16966.47406666667,37912.73834650206
SAA,2025-05-07,36661.27015286524,0.0,36661.27015286524,9361.724833324999,46022.99498619024,61750.52990946501,61750.52990946501,2051.3333333333335,63801.86324279835,True,20990.331296296295,17002.16835,37992.499646296295
SAA,2025-05-08,36730.650339623884,0.0,36730.650339623884,10602.563311999998,47333.21365162388,61734.538320987645,61734.538320987645,2576.1083833333337,64310.64670432098,True,20823.11932098765,16866.72665,37689.84597098765
SAA,2025-05-09,36930.97019083765,0.0,36930.97019083765,0.0,36930.97019083765,61981.51639279835,61981.51639279835,0.0,61981.51639279835,False,20793.99390946502,16843.135066666666,37637.12897613169
SAA,2025-05-10,36762.94240971068,0.0,36762.94240971068,0.0,36762.94240971068,61711.36579238683,61711.36579238683,0.0,61711.36579238683,False,20634.087942386832,16713.611233333333,37347.69917572016
SAA,2025-05-11,36332.50509609907,0.0,36332.50509609907,9370.606597133334,45703.11169323241,60927.1687765432,60927.1687765432,2190.549133333333,63117.717909876534,True,20404.834876543202,16527.91625,36932.7511265432
SAA,2025-05-12,36544.0887618366,0.0,36544.0887618366,6869.477780933334,43413.566542769935,61084.88854506172,61084.88854506172,2062.304316666667,63147.19286172839,True,20286.365061728393,16431.9557,36718.32076172839
SAA,2025-05-13,36845.42251500994,0.0,36845.42251500994,3152.169147116666,39997.5916621266,61547.220361728396,61547.220361728396,787.4944666666667,62334.71482839506,True,20286.36506172839,16431.9557,36718.32076172839
SAA,2025-05-14,36976.93608269494,0.0,36976.93608269494,3319.0096551916677,40295.94573788661,61691.6428617284,61691.6428617284,943.4572500000002,62635.100111728396,True,20286.36506172839,16431.9557,36718.32076172839
SAA,2025-05-15,37025.26981763765,0.0,37025.26981763765,3132.925756608335,40158.19557424598,61730.25729403291,61730.25729403291,834.5119333333339,62564.76922736625,True,20200.076810699582,16362.062216666667,36562.13902736625
SAA,2025-05-16,37097.69609598252,0.0,37097.69609598252,0.0,37097.69609598252,61800.13007613168,61800.13007613168,0.0,61800.13007613168,False,20133.117242798347,16307.824966666667,36440.942209465014
SAA,2025-05-17,37005.6234548229,0.0,37005.6234548229,7.614843333333213,37013.23829815623,61645.91496563785,61645.91496563785,3.5616666666666106,61649.47663230452,True,20080.02174897119,16264.817616666667,36344.83936563786
SAA,2025-05-18,36769.29415529327,0.0,36769.29415529327,4415.155587750001,41184.44974304327,61196.678784362135,61196.678784362135,1671.8723166666673,62868.5511010288,True,19968.771584362134,16174.704983333333,36143.47656769547
SAA,2025-05-19,36652.3075014879,0.0,36652.3075014879,2069.7169541749895,38722.02445566289,61069.001780452665,61069.001780452665,406.60084999999856,61475.60263045266,True,19828.256563786003,16060.88781666667,35889.14438045267
SAA,2025-05-20,36688.8959245779,0.0,36688.8959245779,7679.086406916667,44367.98233149457,61127.866597119326,61127.866597119326,1959.5080500000001,63087.37464711932,True,19828.256563786006,16060.88781666667,35889.14438045268
SAA,2025-05-21,36893.43561690253,0.0,36893.43561690253,4595.030142641668,41488.4657595442,61431.210994032925,61431.210994032925,1202.2177666666669,62633.42876069959,True,19859.753477366256,16086.400316666666,35946.15379403292
SAA,2025-05-22,36902.29958369117,0.0,36902.29958369117,867.0080273583335,37769.3076110495,61420.89154423868,61420.89154423868,192.92256666666665,61613.81411090535,True,19711.69812757201,15966.475483333332,35678.173610905345
SAA,2025-05-23,36898.87195785265,0.0,36898.87195785265,0.0,36898.87195785265,61389.00309012345,61389.00309012345,0.0,61389.00309012345,False,19678.52179012345,15939.602649999999,35618.12444012345
SAA,2025-05-24,36777.25450341494,0.0,36777.25450341494,0.0,36777.25450341494,61156.502538683126,61156.502538683126,0.0,61156.502538683126,False,19544.25590534979,15830.847283333333,35375.10318868312
SAA,2025-05-25,36693.026722372335,0.0,36693.026722372335,1493.1155149749998,38186.14223734733,60969.45221995885,60969.45221995885,337.78788333333307,61307.24010329218,True,19490.197736625512,15787.060166666666,35277.25790329218
SAA,2025-05-26,36705.806449619005,0.0,36705.806449619005,6339.971007400003,43045.77745701901,60965.42703847736,60965.42703847736,1884.5447166666677,62849.97175514403,True,19465.034588477363,15766.678016666665,35231.71260514403
SAA,2025-05-27,36872.08766486216,0.0,36872.08766486216,1700.9855967583317,38573.07326162049,61303.98067510288,61303.98067510288,469.6412999999995,61773.621975102884,True,19556.22565843621,15840.54278333333,35396.76844176954
SAA,2025-05-28,36953.186242588825,0.0,36953.186242588825,4203.3983071833345,41156.58454977216,61403.22515843621,61403.22515843621,1340.1826999999998,62743.40785843621,True,19556.22565843621,15840.54278333333,35396.76844176954
SAA,2025-05-29,37078.15317128271,0.0,37078.15317128271,3714.0024177654323,40792.15558904815,61675.58447633744,61675.58447633744,968.7321152263372,62644.31659156378,True,19470.95267489712,15771.471666666665,35242.42434156378
SAA,2025-05-30,36960.34710429932,0.0,36960.34710429932,0.0,36960.34710429932,61375.57880658436,61375.57880658436,0.0,61375.57880658436,False,19402.303806584358,15715.86608333333,35118.169889917684
SAA,2025-05-31,36885.92884729432,0.0,36885.92884729432,197.0950933333332,37083.02394062765,61270.78827325103,61270.78827325103,92.18666666666661,61362.9749399177,True,19402.303806584358,15715.86608333333,35118.169889917684
SAA,2025-06-01,36848.39494348562,0.0,36848.39494348562,56239.19479839166,93087.58974187728,61187.89729650206,61187.89729650206,14534.890716666665,75722.78801316873,True,19383.575946502053,15700.696516666663,35084.272463168716
SAA,2025-06-02,37189.453234420056,0.0,37189.453234420056,48320.18455820556,85509.63779262561,61774.7725329218,61774.7725329218,11757.37633888889,73532.14887181068,True,19349.4229218107,15673.032566666667,35022.45548847737
SAA,2025-06-03,37805.74491666524,0.0,37805.74491666524,39664.06360760833,77469.80852427357,62804.59315925925,62804.59315925925,9522.82465,72327.41780925925,True,19644.55092592592,15912.086249999998,35556.63717592592
SAA,2025-06-04,38637.78396039777,0.0,38637.78396039777,35497.299988668834,74135.08394906661,64201.82196481481,64201.82196481481,9615.1598063786,73816.98177119342,True,19952.65730452675,16161.652416666668,36114.30972119342
SAA,2025-06-05,39320.17449378209,0.0,39320.17449378209,38675.407313799995,77995.58180758209,65351.86425267489,65351.86425267489,9952.173349999997,75304.03760267489,True,20302.98711934156,16445.419566666664,36748.406686008224
SAA,2025-06-06,40286.253794674194,0.0,40286.253794674194,0.0,40286.253794674194,66816.02399917696,66816.02399917696,0.0,66816.02399917696,False,20795.33639917696,16844.22248333333,37639.55888251029
SAA,2025-06-07,40110.407730409934,0.0,40110.407730409934,162.89065666666679,40273.298387076604,66516.43577386832,66516.43577386832,76.18833333333339,66592.62410720166,True,20657.642757201647,16732.69063333333,37390.33339053498
SAA,2025-06-08,39846.47673898013,0.0,39846.47673898013,23949.98177969167,63796.458518671796,66212.80846893003,66212.80846893003,6246.980333333333,72459.78880226336,True,20639.89281893004,16718.313183333332,37358.20600226337
SAA,2025-06-09,40706.83649620086,0.0,40706.83649620086,33083.346017066666,73790.18251326753,67415.55273930042,67415.55273930042,8263.341616666667,75678.89435596709,True,20725.59818930041,16787.734533333332,37513.33272263374
SAA,2025-06-10,42359.58041160235,0.0,42359.58041160235,25875.192107509996,68234.77251911235,69645.32757325102,69645.32757325102,6879.305011166665,76524.63258441769,True,20997.20202325103,17007.733638833335,38004.93566208436
SAA,2025-06-11,43386.07602593403,0.0,43386.07602593403,39608.45261096701,82994.52863690104,71045.43891872428,71045.43891872428,9576.756282666669,80622.19520139095,True,21242.38790205761,17206.334200666664,38448.72210272428
SAA,2025-06-12,44311.526995502834,0.0,44311.526995502834,21276.958599791666,65588.4855952945,72521.09067325102,72521.09067325102,5436.664416666666,77957.75508991769,True,21736.66547325103,17606.69903333333,39343.36450658436
SAA,2025-06-13,45116.75730000782,0.0,45116.75730000782,0.0,45116.75730000782,73682.97972201646,73682.97972201646,0.0,73682.97972201646,False,21966.30823045267,17792.709666666666,39759.01789711934
SAA,2025-06-14,45114.834095496146,0.0,45114.834095496146,0.0,45114.834095496146,73679.0592053498,73679.0592053498,0.0,73679.0592053498,False,21964.761934156377,17791.457166666667,39756.219100823044
SAA,2025-06-15,45103.16817646948,0.0,45103.16817646948,12613.143354941669,57716.31153141115,73652.31692201646,73652.31692201646,3216.5046833333327,76868.82160534979,True,21955.907255349794,17784.284876833335,39740.19213218313
SAA,2025-06-16,45640.4863328355,0.0,45640.4863328355,15550.7987193,61191.2850521355,74464.67261449381,74464.67261449381,3962.564166666667,78427.23678116048,True,22260.985427160493,18031.398196,40292.383623160495
SAA,2025-06-17,46392.59820525587,0.0,46392.59820525587,19844.451029066662,66237.04923432253,75503.0139485,75503.0139485,5065.099183333332,80568.11313183332,True,22451.33315,18185.5798515,40636.9130015
SAA,2025-06-18,47042.7142686076,0.0,47042.7142686076,6679.935660658335,53722.64992926593,76371.73318299999,76371.73318299999,1938.345616666667,78310.07879966666,True,22392.7757,18138.148317,40530.924017
SAA,2025-06-19,47310.280531395336,0.0,47310.280531395336,5046.735959066666,52357.016490462,76748.21758916666,76748.21758916666,1136.287233333333,77884.50482249999,True,22366.599416666664,18116.9455275,40483.544944166664
SAA,2025-06-20,47515.40234943533,0.0,47515.40234943533,0.0,47515.40234943533,77037.93260583334,77037.93260583334,0.0,77037.93260583334,False,22366.599416666664,18116.9455275,40483.544944166664
SAA,2025-06-21,47515.179737435334,0.0,47515.179737435334,0.0,47515.179737435334,77037.54260583333,77037.54260583333,0.0,77037.54260583333,False,22366.599416666664,18116.9455275,40483.544944166664
SAA,2025-06-22,47514.377221992,0.0,47514.377221992,4604.010893366664,52118.38811535866,77035.38123916666,77035.38123916666,1201.3503999999998,78236.73163916665,True,22366.599416666664,18116.9455275,40483.544944166664
SAA,2025-06-23,47746.27305740533,0.0,47746.27305740533,3096.8022254083353,50843.07528281366,77354.74072249999,77354.74072249999,688.0435666666668,78042.78428916665,True,22366.599416666664,18116.945527500004,40483.54494416667
SAA,2025-06-24,47912.23367382947,0.0,47912.23367382947,20094.250954283336,68006.48462811281,77571.33747558642,77571.33747558642,5000.286983333333,82571.62445891976,True,22482.664169753087,18210.957977500002,40693.62214725309
SAA,2025-06-25,48469.44112512622,0.0,48469.44112512622,6112.989506583333,54582.430631709554,78325.56838394239,78325.56838394239,1689.7099499999995,80015.27833394239,True,22580.029564609053,18289.82394733333,40869.85351194238
SAA,2025-06-26,48669.17780155309,0.0,48669.17780155309,3198.585857949993,51867.76365950308,78607.70830802468,78607.70830802468,694.4051333333321,79302.11344135801,True,22594.243024691357,18301.33685,40895.57987469136
SAA,2025-06-27,48866.465070618084,0.0,48866.465070618084,0.0,48866.465070618084,78835.53709135803,78835.53709135803,0.0,78835.53709135803,False,22594.243024691357,18301.33685,40895.57987469136
SAA,2025-06-28,48863.622451841424,0.0,48863.622451841424,0.0,48863.622451841424,78829.03939135802,78829.03939135802,0.0,78829.03939135802,False,22594.243024691357,18301.33685,40895.57987469136
SAA,2025-06-29,48861.89999024142,0.0,48861.89999024142,3192.371346650003,52054.27133689143,78825.08879135802,78825.08879135802,1028.7620000000002,79853.85079135803,True,22594.243024691357,18301.33685,40895.57987469136
SAA,2025-06-30,48973.67786523975,0.0,48973.67786523975,3934.726081241665,52908.40394648141,79003.01592469135,79003.01592469135,1058.159683333333,80061.17560802469,True,22594.243024691357,18301.33685,40895.57987469136
SAA,2025-07-01,49124.75318721975,0.0,49124.75318721975,24606.700542425,73731.45372964475,79214.84767469135,79214.84767469135,7020.8682666666655,86235.71594135802,True,22594.243024691357,18301.33685,40895.57987469136
SAA,2025-07-02,49456.77617318142,0.0,49456.77617318142,21368.67457836666,70825.45075154808,79687.97074135803,79687.97074135803,6209.504416666665,85897.4751580247,True,22594.243024691357,18301.33685,40895.57987469136
SAA,2025-07-03,49532.49182243285,0.0,49532.49182243285,26362.171313875006,75894.66313630785,79811.93532952468,79811.93532952468,7171.181550000001,86983.11687952469,True,22594.63620802469,18301.655328499997,40896.29153652469
SAA,2025-07-04,49652.59385933084,0.0,49652.59385933084,0.0,49652.59385933084,80010.10214783743,80010.10214783743,0.0,80010.10214783743,False,22612.935076337446,18316.47741183333,40929.412488170776
SAA,2025-07-05,49534.108093314164,0.0,49534.108093314164,153.93243666666643,49688.04052998083,79867.8000645041,79867.8000645041,71.99833333333322,79939.79839783744,True,22612.935076337446,18316.47741183333,40929.412488170776
SAA,2025-07-06,49419.055061817504,0.0,49419.055061817504,28858.822116174997,78277.8771779925,79660.39851450411,79660.39851450411,7652.095449999998,87312.4939645041,True,22612.935076337446,18316.47741183333,40929.412488170776
SAA,2025-07-07,49751.66718583742,0.0,49751.66718583742,19548.86915401667,69300.5363398541,80076.6547060679,80076.6547060679,5794.306066666666,85870.96077273457,True,22666.124417901232,18359.560778499996,41025.68519640123
SAA,2025-07-08,50156.04298444409,0.0,50156.04298444409,23223.024005458326,73379.0669899024,80638.37717273456,80638.37717273456,6264.157799999999,86902.53497273456,True,22666.124417901232,18359.560778499996,41025.68519640123
SAA,2025-07-09,50827.05647315409,0.0,50827.05647315409,15789.799277274997,66616.85575042908,81626.83967273455,81626.83967273455,4318.079616666666,85944.91928940122,True,22666.124417901232,18359.560778499996,41025.68519640123
SAA,2025-07-10,52064.550943527414,0.0,52064.550943527414,10224.093057574999,62288.64400110241,83301.09388940124,83301.09388940124,2821.131383333333,86122.22527273456,True,22666.124417901232,18359.5607785,41025.68519640123
SAA,2025-07-11,52539.41004864909,0.0,52539.41004864909,0.0,52539.41004864909,83963.76963940123,83963.76963940123,0.0,83963.76963940123,False,22666.124417901232,18359.560778499996,41025.68519640123
SAA,2025-07-12,52402.523333241785,0.0,52402.523333241785,0.0,52402.523333241785,83774.35910318723,83774.35910318723,0.0,83774.35910318723,False,22643.499315020574,18341.234445166665,40984.73376018724
SAA,2025-07-13,52047.02165721956,0.0,52047.02165721956,7035.958064866663,59082.979722086224,83286.08176703496,83286.08176703496,1805.8651833333324,85091.94695036829,True,22539.347107201644,18256.87115683333,40796.21826403498
SAA,2025-07-14,52215.777392628384,0.0,52215.777392628384,6395.072982433335,58610.85037506172,83551.11465098559,83551.11465098559,1583.5771166666666,85134.69176765226,True,22484.019391152262,18212.05570683333,40696.075097985595
SAA,2025-07-15,52487.499858635056,0.0,52487.499858635056,5692.171476141668,58179.67133477672,83942.91751765225,83942.91751765225,1544.2986166666665,85487.21613431892,True,22484.019391152262,18212.05570683333,40696.075097985595
SAA,2025-07-16,52753.85554820672,0.0,52753.85554820672,5409.420083441664,58163.27563164838,84336.71691765226,84336.71691765226,1469.1220333333326,85805.83895098559,True,22484.019391152262,18212.05570683333,40696.075097985595
SAA,2025-07-17,52716.8110602659,0.0,52716.8110602659,5042.048590941669,57758.85965120757,84298.18865812964,84298.18865812964,1306.5818333333334,85604.77049146297,True,22444.91977962963,18180.3850215,40625.30480112963
SAA,2025-07-18,52599.74823552053,0.0,52599.74823552053,0.0,52599.74823552053,84122.6585285,84122.6585285,0.0,84122.6585285,False,22347.22348333333,18101.251021499997,40448.47450483333
SAA,2025-07-19,52303.189858837446,0.0,52303.189858837446,67.05837000000027,52370.248228837445,83668.47945457407,83668.47945457407,31.365000000000123,83699.84445457408,True,22358.598357407405,18110.464669499997,40469.0630269074
SAA,2025-07-20,52122.879724880826,0.0,52122.879724880826,2097.1481828333335,54220.02790771416,83365.61778137655,83365.61778137655,552.8734666666664,83918.49124804322,True,22341.02305987654,18096.2286785,40437.25173837654
SAA,2025-07-21,52113.743119040824,0.0,52113.743119040824,4306.201510675002,56419.94462971583,83376.6744980432,83376.6744980432,1079.509316666667,84456.18381470986,True,22341.02305987654,18096.2286785,40437.25173837654
SAA,2025-07-22,52279.69336808915,0.0,52279.69336808915,4010.30603625,56289.99940433915,83606.6616980432,83606.6616980432,1050.0720166666665,84656.73371470987,True,22341.02305987654,18096.228678500003,40437.251738376544
SAA,2025-07-23,52497.97574693113,0.0,52497.97574693113,3848.2640666333355,56346.23981356446,83886.83268816666,83886.83268816666,983.3921333333342,84870.22482149999,True,22433.956516666665,18171.5047785,40605.461295166664
SAA,2025-07-24,52429.28718728952,0.0,52429.28718728952,5093.088023916664,57522.375211206185,83689.70251926748,83689.70251926748,1249.264866666666,84938.96738593414,True,22259.989311934154,18030.591342666667,40290.580654600824
SAA,2025-07-25,52547.00457834321,0.0,52547.00457834321,0.0,52547.00457834321,83869.16612222017,83869.16612222017,0.0,83869.16612222017,False,22189.40529238683,17973.418286833334,40162.82357922016
SAA,2025-07-26,52150.958118489645,0.0,52150.958118489645,0.0,52150.958118489645,83272.07538230452,83272.07538230452,0.0,83272.07538230452,False,22139.450915637863,17932.955241666663,40072.406157304526
SAA,2025-07-27,51793.90364847517,0.0,51793.90364847517,3286.7617648833293,55080.665413358496,82728.68548599587,82728.68548599587,843.9813166666654,83572.66680266254,True,22034.737206995884,17848.137137666665,39882.874344662545
SAA,2025-07-28,51701.768078007444,0.0,51701.768078007444,8978.659056999995,60680.42713500744,82616.44068354732,82616.44068354732,2429.679933333332,85046.12061688065,True,22141.04903621399,17934.249719333333,40075.29875554732
SAA,2025-07-29,52050.942434681856,0.0,52050.942434681856,6236.237436049998,58287.17987073185,83129.58140619136,83129.58140619136,1759.1879333333327,84888.76933952469,True,22038.96520802469,17851.561818500002,39890.527026524695
SAA,2025-07-30,52256.343020011394,0.0,52256.343020011394,3225.529613358335,55481.87263336973,83413.71781885801,83413.71781885801,800.4325666666671,84214.15038552468,True,21996.64860802469,17817.285372500002,39813.93398052469
SAA,2025-07-31,52231.461106176794,0.0,52231.461106176794,3086.172247533337,55317.63335371013,83359.54646752469,83359.54646752469,700.9047166666675,84060.45118419136,True,22018.86807469136,17835.2831405,39854.15121519136
SAA,2025-08-01,52172.39735579578,0.0,52172.39735579578,0.0,52172.39735579578,83235.0630951502,83235.0630951502,0.0,83235.0630951502,False,22162.993044650204,17952.024366166665,40115.01741081687
SAA,2025-08-02,51844.76378462711,0.0,51844.76378462711,69.54557666666685,51914.309361293774,82717.68617502057,82717.68617502057,32.52833333333342,82750.2145083539,True,22129.29179835391,17924.726356666662,40054.018155020574
SAA,2025-08-03,51779.867628265434,0.0,51779.867628265434,1574.7407556333364,53354.60838389877,82612.46475835392,82612.46475835392,358.23440000000033,82970.69915835392,True,22129.29179835391,17924.726356666662,40054.018155020574
SAA,2025-08-04,51432.02600299342,0.0,51432.02600299342,643.1316933750004,52075.15769636842,82036.82578153086,82036.82578153086,187.42710000000022,82224.25288153086,True,22079.099464197527,17884.070565999995,39963.17003019752
SAA,2025-08-05,51476.47821335842,0.0,51476.47821335842,398.40311112499967,51874.881324483424,82095.79164819753,82095.79164819753,134.39488333333327,82230.18653153085,True,22079.099464197527,17884.070565999995,39963.17003019752
SAA,2025-08-06,51491.41906780342,0.0,51491.41906780342,2496.9876039249993,53988.40667172842,82119.07013153087,82119.07013153087,643.6005499999997,82762.67068153087,True,22079.099464197527,17884.070565999995,39963.17003019752
SAA,2025-08-07,51193.32550331218,0.0,51193.32550331218,986.4011259833366,52179.72662929552,81661.52169881687,81661.52169881687,324.1335333333341,81985.65523215021,True,22076.972011316873,17882.347329166663,39959.31934048353
SAA,2025-08-08,51135.93926900051,0.0,51135.93926900051,0.0,51135.93926900051,81571.83862798352,81571.83862798352,0.0,81571.83862798352,False,22102.137744650205,17902.731573166664,40004.86931781687
SAA,2025-08-09,50834.17056489302,0.0,50834.17056489302,0.0,50834.17056489302,81116.00525637859,81116.00525637859,0.0,81116.00525637859,False,21995.7391563786,17816.548716666664,39812.287873045265
SAA,2025-08-10,50567.421587857054,0.0,50567.421587857054,357.61696565000057,50925.03855350705,80697.85388045266,80697.85388045266,135.75743333333332,80833.611313786,True,21893.706563786003,17733.902316666663,39627.608880452666
SAA,2025-08-11,50350.48580622098,0.0,50350.48580622098,1068.659942925,51419.14574914598,80381.60925802469,80381.60925802469,297.5107666666666,80679.12002469136,True,21753.098024691353,17620.0094,39373.10742469135
SAA,2025-08-12,50411.76329963265,0.0,50411.76329963265,1295.9366910666663,51707.699990699315,80467.92972469135,80467.92972469135,342.944083333333,80810.87380802468,True,21753.098024691353,17620.0094,39373.10742469135
SAA,2025-08-13,50490.16639982932,0.0,50490.16639982932,1721.2325926249994,52211.39899245432,80564.4862580247,80564.4862580247,424.3389166666664,80988.82517469136,True,21753.098024691353,17620.0094,39373.10742469135
SAA,2025-08-14,50427.67700858518,0.0,50427.67700858518,2461.1964830666675,52888.87349165185,80471.9436893004,80471.9436893004,546.5652000000002,81018.5088893004,True,21733.909855967075,17604.466983333332,39338.37683930041
SAA,2025-08-15,50390.178586066046,0.0,50390.178586066046,0.0,50390.178586066046,80448.20694835391,80448.20694835391,0.0,80448.20694835391,False,21836.552798353907,17687.607766666664,39524.160565020575
SAA,2025-08-16,50149.71646244004,0.0,50149.71646244004,0.0,50149.71646244004,80021.85028847736,80021.85028847736,0.0,80021.85028847736,False,21799.009588477365,17657.197766666664,39456.207355144026
SAA,2025-08-17,49980.743421336956,0.0,49980.743421336956,2215.1541912333314,52195.89761257029,79744.29688868312,79744.29688868312,450.3222999999997,80194.61918868312,True,21784.967572016463,17645.82373333333,39430.79130534979
SAA,2025-08-18,49830.75351701949,0.0,49830.75351701949,2143.2770594333324,51974.030576452824,79531.07013971193,79531.07013971193,486.8302499999994,80017.90038971193,True,21706.9591563786,17582.636916666666,39289.596073045264
SAA,2025-08-19,49873.84336260245,0.0,49873.84336260245,2071.132133558335,51944.97549616078,79594.34730884773,79594.34730884773,412.48056666666685,80006.8278755144,True,21726.254958847734,17598.266516666667,39324.5214755144
SAA,2025-08-20,49952.572224422445,0.0,49952.572224422445,5611.091069800001,55563.663294222446,79668.04275884773,79668.04275884773,1374.3931666666672,81042.4359255144,True,21726.254958847734,17598.266516666667,39324.5214755144
SAA,2025-08-21,50005.87703796763,0.0,50005.87703796763,1465.0336784749993,51470.910716442624,79759.24391872429,79759.24391872429,317.26264999999967,80076.50656872429,True,21933.449835390944,17766.094366666664,39699.54420205761
SAA,2025-08-22,49739.81972544584,0.0,49739.81972544584,0.0,49739.81972544584,79312.96685473251,79312.96685473251,0.0,79312.96685473251,False,21846.750288065843,17695.867733333333,39542.618021399176
SAA,2025-08-23,49400.991429646805,0.0,49400.991429646805,0.0,49400.991429646805,78748.87025121399,78748.87025121399,0.0,78748.87025121399,False,21790.555269547323,17650.349768333333,39440.90503788066
SAA,2025-08-24,48887.86736348929,0.0,48887.86736348929,2855.344275199999,51743.21163868929,77999.09452067284,77999.09452067284,605.30585,78604.40037067284,True,21680.922389506173,17561.547135499997,39242.46952500617
SAA,2025-08-25,48656.19348798315,0.0,48656.19348798315,7994.13501691933,56650.328504902485,77583.64952901233,77583.64952901233,2170.3613909999995,79754.01092001233,True,21772.08291234568,17635.387158999998,39407.47007134568
SAA,2025-08-26,48975.67622746993,0.0,48975.67622746993,1962.7683223416707,50938.4445498116,78060.24308895678,78060.24308895678,446.8332500000008,78507.07633895677,True,21678.555906790123,17559.630284499995,39238.18619129012
SAA,2025-08-27,49077.95243675815,0.0,49077.95243675815,3533.462871066667,52611.41530782481,78178.03912345678,78178.03912345678,811.9124499999999,78989.95157345678,True,21678.555906790123,17559.6302845,39238.18619129012
SAA,2025-08-28,48949.21010267957,0.0,48949.21010267957,8482.243824883335,57431.45392756291,77945.60007510288,77945.60007510288,2215.0868666666665,80160.68694176954,True,21736.924526748968,17606.908866666665,39343.83339341563
SAA,2025-08-29,48722.541670540115,0.0,48722.541670540115,0.0,48722.541670540115,77604.83390041151,77604.83390041151,0.0,77604.83390041151,False,21683.63930041152,17563.74783333333,39247.38713374485
SAA,2025-08-30,48189.43289057753,0.0,48189.43289057753,0.0,48189.43289057753,76616.67184794239,76616.67184794239,0.0,76616.67184794239,False,21470.92683127572,17391.45073333333,38862.37756460905
SAA,2025-08-31,47605.42752426315,0.0,47605.42752426315,5030.873750371299,52636.30127463445,75559.24650123456,75559.24650123456,1246.2222475308658,76805.46874876543,True,21089.272098765432,17082.3104,38171.582498765434
SAA,2025-09-01,47291.40455328031,0.0,47291.40455328031,711.7129022916661,48003.11745557197,75032.43638559671,75032.43638559671,244.2328166666664,75276.66920226338,True,20927.537818930035,16951.30563333333,37878.84345226336
SAA,2025-09-02,47313.18744449364,0.0,47313.18744449364,248.26108452500017,47561.44852901864,75078.51490226339,75078.51490226339,66.03268333333335,75144.54758559672,True,20927.537818930035,16951.30563333333,37878.84345226336
SAA,2025-09-03,47330.61603196302,0.0,47330.61603196302,310.20328996666643,47640.81932192969,75114.2652292181,75114.2652292181,89.0546,75203.3198292181,True,20964.880329218104,16981.553066666667,37946.43339588477
SAA,2025-09-04,47225.47114680635,0.0,47225.47114680635,470.6629253749994,47696.13407218135,74961.97384588476,74961.97384588476,110.05954999999989,75072.03339588476,True,20964.880329218104,16981.553066666667,37946.43339588477
SAA,2025-09-05,47133.10616773678,0.0,47133.10616773678,0.0,47133.10616773678,74835.1651164609,74835.1651164609,0.0,74835.1651164609,False,21007.198683127568,17015.83093333333,38023.0296164609
SAA,2025-09-06,46949.54549827031,0.0,46949.54549827031,0.0,46949.54549827031,74495.00609670782,74495.00609670782,0.0,74495.00609670782,False,20930.19726337448,16953.459783333332,37883.65704670781
SAA,2025-09-07,46739.29061684518,0.0,46739.29061684518,668.9051159249997,47408.19573277018,74139.61439938271,74139.61439938271,167.035683333333,74306.65008271605,True,20889.05438271605,16920.13405,37809.18843271605
SAA,2025-09-08,46643.57423887364,0.0,46643.57423887364,3030.4940121416676,49674.068251015306,74009.43038065844,74009.43038065844,709.3627500000002,74718.79313065844,True,20939.9895473251,16961.39153333333,37901.38108065844
SAA,2025-09-09,46748.80771910642,0.0,46748.80771910642,249.67450374999953,46998.48222285642,74194.37354115226,74194.37354115226,62.31378333333322,74256.6873244856,True,20999.37004115226,17009.489733333332,38008.859774485594
SAA,2025-09-10,46761.23834064506,0.0,46761.23834064506,7281.752783325001,54042.99112397006,74217.28879156378,74217.28879156378,1681.1109999999999,75898.39979156379,True,21026.694341563783,17031.622416666665,38058.316758230445
SAA,2025-09-11,46778.71705451382,0.0,46778.71705451382,655.2423491500003,47433.95940366382,74279.7739467078,74279.7739467078,132.2034666666667,74411.97741337448,True,21285.42059670782,17241.190683333334,38526.61128004115
SAA,2025-09-12,46678.31236743074,0.0,46678.31236743074,0.0,46678.31236743074,74130.99425987655,74130.99425987655,0.0,74130.99425987655,False,21316.75987654321,17266.5755,38583.33537654321
SAA,2025-09-13,46421.74373885981,0.0,46421.74373885981,0.0,46421.74373885981,73740.05410493826,73740.05410493826,0.0,73740.05410493826,False,21264.884938271603,17224.5568,38489.441738271606
SAA,2025-09-14,46225.56791291111,0.0,46225.56791291111,2987.665574916665,49213.233487827776,73444.4243574074,73444.4243574074,799.4335999999996,74243.85795740741,True,21264.797407407408,17224.4859,38489.28330740741
SAA,2025-09-15,46040.61853682969,0.0,46040.61853682969,3527.792251208334,49568.41078803802,73257.14539835391,73257.14539835391,861.950416666667,74119.09581502058,True,21324.314465020572,17272.694716666665,38597.00918168724
SAA,2025-09-16,46103.64511264858,0.0,46103.64511264858,2159.717000383333,48263.36211303191,73370.1463946502,73370.1463946502,685.4753166666665,74055.62171131687,True,21410.6090946502,17342.593366666668,38753.20246131687
SAA,2025-09-17,46226.1207533174,0.0,46226.1207533174,4556.481014233337,50782.60176755074,73614.52208765432,73614.52208765432,1012.3827500000011,74626.90483765432,True,21581.855987654315,17481.303350000002,39063.15933765432
SAA,2025-09-18,46175.04298796457,0.0,46175.04298796457,1882.905802158334,48057.9487901229,73589.94619732509,73589.94619732509,416.9303666666668,74006.87656399175,True,21667.381213991765,17550.57878333333,39217.959997325095
SAA,2025-09-19,45993.54452301457,0.0,45993.54452301457,0.0,45993.54452301457,73299.58701399177,73299.58701399177,0.0,73299.58701399177,False,21667.381213991768,17550.57878333333,39217.9599973251
SAA,2025-09-20,45554.9637221279,0.0,45554.9637221279,0.0,45554.9637221279,72650.07931399177,72650.07931399177,0.0,72650.07931399177,False,21667.381213991768,17550.57878333333,39217.9599973251
SAA,2025-09-21,44650.395919073635,0.0,44650.395919073635,3113.7148840083346,47764.11080308197,71283.2857701646,71283.2857701646,901.0389833333336,72184.32475349793,True,21644.98405349794,17532.43708333333,39177.42113683127
SAA,2025-09-22,42501.318454615364,0.0,42501.318454615364,4304.973071683334,46806.2915262987,68613.62156975307,68613.62156975307,1073.5538333333336,69687.17540308641,True,21630.219753086418,17520.478,39150.69775308642
SAA,2025-09-23,42711.4055656937,0.0,42711.4055656937,7617.1530368500025,50328.5586025437,68894.11945308642,68894.11945308642,1806.6645000000005,70700.78395308641,True,21630.219753086418,17520.478,39150.69775308642
SAA,2025-09-24,43026.661393736664,0.0,43026.661393736664,6172.587699674997,49199.24909341166,69336.14372222222,69336.14372222222,1565.785499999999,70901.92922222221,True,21668.29222222222,17551.3167,39219.60892222222
SAA,2025-09-25,42735.09169447994,0.0,42735.09169447994,4601.112196399999,47336.20389087994,68959.78350596706,68959.78350596706,1115.0161666666668,70074.79967263373,True,21656.75318930041,17541.970083333334,39198.72327263374
SAA,2025-09-26,42407.15880651661,0.0,42407.15880651661,0.0,42407.15880651661,68398.4294670782,68398.4294670782,0.0,68398.4294670782,False,21603.07596707819,17498.491533333334,39101.567500411526
SAA,2025-09-27,41992.61054042161,0.0,41992.61054042161,0.0,41992.61054042161,67803.60418374486,67803.60418374486,0.0,67803.60418374486,False,21603.07596707819,17498.491533333334,39101.567500411526
SAA,2025-09-28,41542.76877687506,0.0,41542.76877687506,11139.470387883328,52682.239164758386,67189.92776069959,67189.92776069959,2608.0148666666655,69797.94262736625,True,21536.691810699587,17444.72036666666,38981.41217736625
SAA,2025-09-29,41480.470429188455,0.0,41480.470429188455,8452.977739733331,49933.44816892179,67106.00596028806,67106.00596028806,2019.234516666666,69125.24047695473,True,21548.919176954732,17454.62453333333,39003.54371028807
SAA,2025-09-30,41894.97301403105,0.0,41894.97301403105,17161.520603808338,59056.493617839384,67665.93035967078,67665.93035967078,3940.0733500000015,71606.00370967078,True,21579.678559670778,17479.539633333334,39059.21819300411
SAA,2025-10-01,42298.68172404339,0.0,42298.68172404339,266.5707896999992,42565.252513743384,68273.9873718107,68273.9873718107,75.72671666666645,68349.71408847737,True,21618.96958847736,17511.365366666665,39130.334955144026
SAA,2025-10-02,42045.11597513265,0.0,42045.11597513265,906.9156119749994,42952.031587107645,67960.5151600823,67960.5151600823,263.2250499999999,68223.7402100823,True,21616.874526748965,17509.668366666665,39126.54289341563
SAA,2025-10-03,42043.96628630598,0.0,42043.96628630598,0.0,42043.96628630598,67927.14157674897,67927.14157674897,0.0,67927.14157674897,False,21616.874526748965,17509.66836666667,39126.54289341564
SAA,2025-10-04,41976.38464565098,0.0,41976.38464565098,0.0,41976.38464565098,67844.96402674896,67844.96402674896,0.0,67844.96402674896,False,21616.874526748965,17509.668366666665,39126.54289341563
SAA,2025-10-05,41861.99352396265,0.0,41861.99352396265,1037.371659108333,42899.365183070986,67687.93819341563,67687.93819341563,304.6634333333332,67992.60162674896,True,21616.874526748965,17509.66836666667,39126.54289341564
SAA,2025-10-06,41826.20394532431,0.0,41826.20394532431,1779.4983082666647,43605.70225359098,67665.25212674895,67665.25212674895,467.926983333333,68133.17911008229,True,21616.874526748965,17509.668366666672,39126.54289341564
SAA,2025-10-07,41888.34565431764,0.0,41888.34565431764,2389.5352674583337,44277.88092177598,67753.24551008228,67753.24551008228,553.9141333333333,68307.15964341562,True,21616.874526748965,17509.66836666667,39126.54289341564
SAA,2025-10-08,41982.50251874765,0.0,41982.50251874765,3316.4298632833334,45298.93238203098,67879.29954341563,67879.29954341563,899.6131,68778.91264341564,True,21616.874526748965,17509.66836666667,39126.54289341564
SAA,2025-10-09,42015.27379211431,0.0,42015.27379211431,2781.467491450001,44796.74128356431,67945.29272674897,67945.29272674897,680.6608000000002,68625.95352674897,True,21616.87452674897,17509.66836666667,39126.54289341564
SAA,2025-10-10,41952.25636010524,0.0,41952.25636010524,0.0,41952.25636010524,67782.69319835391,67782.69319835391,0.0,67782.69319835391,False,21576.64613168724,17477.083366666666,39053.7294983539
SAA,2025-10-11,41835.49654787444,0.0,41835.49654787444,0.0,41835.49654787444,67633.31658148147,67633.31658148147,0.0,67633.31658148147,False,21576.53481481481,17476.993199999997,39053.52801481481
SAA,2025-10-12,41576.56525447957,0.0,41576.56525447957,3316.7678815666677,44893.33313604623,67225.51848621399,67225.51848621399,863.897666666667,68089.41615288066,True,21505.826769547326,17419.719683333333,38925.54645288066
SAA,2025-10-13,41621.89394393956,0.0,41621.89394393956,2052.7323904750006,43674.62633441456,67310.29745288065,67310.29745288065,510.91818333333356,67821.21563621398,True,21505.826769547326,17419.71968333333,38925.546452880655
SAA,2025-10-14,41694.577861017526,0.0,41694.577861017526,7930.719342983333,49625.29720400086,67407.11453868312,67407.11453868312,1830.5100833333336,69237.62462201645,True,21539.22257201646,17446.77028333333,38985.99285534979
SAA,2025-10-15,41905.54834484253,0.0,41905.54834484253,7767.786310141666,49673.334654984195,67693.48348868312,67693.48348868312,1939.4753,69632.95878868313,True,21539.222572016464,17446.77028333333,38985.992855349796
SAA,2025-10-16,42018.350281168576,0.0,42018.350281168576,13844.371844925003,55862.72212609358,67864.91221502058,67864.91221502058,3256.5661666666665,71121.47838168725,True,21576.646131687245,17477.083366666666,39053.72949835391
SAA,2025-10-17,42125.550795139316,0.0,42125.550795139316,0.0,42125.550795139316,68105.06964341563,68105.06964341563,0.0,68105.06964341563,False,21608.541193415636,17502.918366666665,39111.4595600823
SAA,2025-10-18,41902.01259456505,0.0,41902.01259456505,0.0,41902.01259456505,67771.58693847735,67771.58693847735,0.0,67771.58693847735,False,21598.84458847736,17495.064116666665,39093.90870514403
SAA,2025-10-19,41654.64917852006,0.0,41654.64917852006,14429.2778379,56083.927016420064,67442.60560514402,67442.60560514402,3457.5666500000007,70900.17225514402,True,21598.84458847736,17495.064116666665,39093.90870514403
SAA,2025-10-20,41720.180782840005,0.0,41720.180782840005,14905.570868074998,56625.751650915,67607.4092,67607.4092,3413.0119999999993,71020.4212,True,21654.621666666666,17540.24355,39194.865216666665
SAA,2025-10-21,42153.75203019796,0.0,42153.75203019796,17730.261610741665,59884.01364093962,68263.22585802469,68263.22585802469,4619.6234,72882.84925802468,True,21721.38635802469,17594.32295,39315.70930802469
SAA,2025-10-22,42626.028665923586,0.0,42626.028665923586,15495.816610666663,58121.84527659025,69030.65485452674,69030.65485452674,3696.0828999999994,72726.73775452674,True,21811.81063786008,17667.566616666663,39479.37725452674
SAA,2025-10-23,42656.9991602524,0.0,42656.9991602524,7889.475749091665,50546.47490934407,69155.83691172839,69155.83691172839,1922.3205166666667,71078.15742839506,True,21811.810637860082,17667.566616666667,39479.37725452675
SAA,2025-10-24,42649.12029382672,0.0,42649.12029382672,0.0,42649.12029382672,69247.74143292182,69247.74143292182,0.0,69247.74143292182,False,21894.926275720165,17734.890283333334,39629.8165590535
SAA,2025-10-25,42203.31882369012,0.0,42203.31882369012,0.0,42203.31882369012,68827.09278251028,68827.09278251028,0.0,68827.09278251028,False,21886.590565843624,17728.138358333334,39614.72892417696
SAA,2025-10-26,42017.41834789179,0.0,42017.41834789179,6728.248676700008,48745.6670245918,68599.58029917696,68599.58029917696,1764.8330000000024,70364.41329917696,True,21886.590565843624,17728.13835833333,39614.728924176954
SAA,2025-10-27,42116.82061379197,0.0,42116.82061379197,10020.547472308346,52137.368086100316,68761.32971460905,68761.32971460905,2433.95171666667,71195.28143127571,True,21887.105164609056,17728.55518333333,39615.66034794239
SAA,2025-10-28,42437.67371260407,0.0,42437.67371260407,11361.698263216666,53799.37197582073,69189.06008950617,69189.06008950617,2789.2041833333324,71978.2642728395,True,21983.632839506172,17806.742599999998,39790.37543950617
SAA,2025-10-29,42745.174718191534,0.0,42745.174718191534,19807.32702255833,62552.50174074987,69617.75396193416,69617.75396193416,5082.091716666666,74699.84567860082,True,21988.814711934152,17810.939916666666,39799.754628600815
SAA,2025-10-30,42975.40998696895,0.0,42975.40998696895,7501.739162758332,50477.14914972729,69963.28349588477,69963.28349588477,1859.4435333333327,71822.7270292181,True,22059.11866255144,17867.886116666665,39927.0047792181
SAA,2025-10-31,43078.26751267815,0.0,43078.26751267815,0.0,43078.26751267815,70124.19864567902,70124.19864567902,0.0,70124.19864567902,False,22077.59401234568,17882.85115,39960.44516234568
SAA,2025-11-01,42921.399157730186,0.0,42921.399157730186,0.0,42921.399157730186,69888.2330265432,69888.2330265432,0.0,69888.2330265432,False,22068.243209876542,17875.277,39943.520209876544
SAA,2025-11-02,42906.742349715176,0.0,42906.742349715176,15945.478104416668,58852.22045413184,69858.8291265432,69858.8291265432,3943.903716666667,73802.73284320987,True,22068.243209876542,17875.277000000002,39943.520209876544
SAA,2025-11-03,43444.5865520911,0.0,43444.5865520911,14516.897811933333,57961.484364024436,70599.77894794238,70599.77894794238,4288.699883333333,74888.47883127572,True,22150.461831275716,17941.874083333336,40092.33591460905
SAA,2025-11-04,44014.01407017259,0.0,44014.01407017259,8170.080150299998,52184.09422047259,71486.86741995884,71486.86741995884,2138.3799666666664,73625.2473866255,True,22472.124403292175,18202.420766666666,40674.545169958845
SAA,2025-11-05,44363.54846081956,0.0,44363.54846081956,12453.943529533333,56817.49199035289,72003.77814218107,72003.77814218107,3354.3233999999993,75358.10154218106,True,22591.03329218107,18298.736966666667,40889.77025884774
SAA,2025-11-06,44761.807582270005,0.0,44761.807582270005,18116.03998900833,62877.84757127834,72590.08436584362,72590.08436584362,4605.611516666666,77195.69588251029,True,22854.749732510285,18512.347283333333,41367.09701584362
SAA,2025-11-07,45114.267245611794,0.0,45114.267245611794,0.0,45114.267245611794,73143.71199938271,73143.71199938271,0.0,73143.71199938271,False,23005.972716049382,18634.8379,41640.81061604938
SAA,2025-11-08,45098.79595253846,0.0,45098.79595253846,0.0,45098.79595253846,73111.45038271605,73111.45038271605,0.0,73111.45038271605,False,23005.972716049382,18634.8379,41640.81061604938
SAA,2025-11-09,45080.53733808179,0.0,45080.53733808179,14399.794688983337,59480.33202706513,73078.70691604938,73078.70691604938,3766.881033333334,76845.58794938272,True,23005.972716049382,18634.8379,41640.81061604938
SAA,2025-11-10,45479.377906744645,0.0,45479.377906744645,21022.145252124996,66501.52315886965,73686.53361563785,73686.53361563785,5520.650183333331,79207.18379897118,True,23059.43841563786,18678.145116666663,41737.58353230452
SAA,2025-11-11,45937.2051225373,0.0,45937.2051225373,11172.025363208333,57109.23048574563,74368.41761069957,74368.41761069957,2705.3698999999997,77073.78751069958,True,23127.355144032917,18733.157666666666,41860.51281069958
SAA,2025-11-12,46402.8702661078,0.0,46402.8702661078,9562.595662225,55965.4659283328,75033.62652489712,75033.62652489712,2053.577583333333,77087.20410823045,True,23195.797674897123,18788.596116666668,41984.393791563794
SAA,2025-11-13,46669.21613421671,0.0,46669.21613421671,11494.064219591663,58163.28035380837,75372.19234423869,75372.19234423869,3124.854516666666,78497.04686090535,True,23230.02146090535,18816.31738333333,42046.33884423868
SAA,2025-11-14,47025.01626784018,0.0,47025.01626784018,0.0,47025.01626784018,75908.4955574074,75908.4955574074,0.0,75908.4955574074,False,23349.632407407407,18913.202249999995,42262.8346574074
SAA,2025-11-15,46994.82421736018,0.0,46994.82421736018,0.0,46994.82421736018,75864.96184074073,75864.96184074073,0.0,75864.96184074073,False,23349.632407407407,18913.202249999995,42262.8346574074
SAA,2025-11-16,46978.68759361352,0.0,46978.68759361352,16798.295461449998,63776.983055063516,75837.32309074074,75837.32309074074,4146.393116666666,79983.71620740741,True,23349.632407407407,18913.202249999995,42262.8346574074
SAA,2025-11-17,47328.83542716983,0.0,47328.83542716983,10470.367562208332,57799.202989378166,76313.17027304525,76313.17027304525,2546.1186833333327,78859.28895637859,True,23404.675823045265,18957.787416666666,42362.46323971193
SAA,2025-11-18,47713.71756418833,0.0,47713.71756418833,14276.026062819556,61989.74362700788,76841.6794,76841.6794,3941.0368076131713,80782.71620761316,True,23420.387057613167,18970.513516666666,42390.90057427983
SAA,2025-11-19,48106.944722089334,0.0,48106.944722089334,13617.200473266665,61724.145195356,77360.68557666667,77360.68557666667,3323.667166666666,80684.35274333334,True,23404.304,18957.48624,42361.79024
SAA,2025-11-20,48475.03941058653,0.0,48475.03941058653,11071.878702266671,59546.9181128532,77838.15256233333,77838.15256233333,2898.3485833333343,80736.50114566667,True,23367.585766666667,18927.744470999998,42295.33023766667
SAA,2025-11-21,48770.140090121,0.0,48770.140090121,0.0,48770.140090121,78262.22756999999,78262.22756999999,0.0,78262.22756999999,False,23330.638,18897.81678,42228.45478
SAA,2025-11-22,48743.99361910766,0.0,48743.99361910766,0.0,48743.99361910766,78217.15542,78217.15542,0.0,78217.15542,False,23330.638,18897.81678,42228.45478
SAA,2025-11-23,48694.629517506,0.0,48694.629517506,13679.084783708333,62373.714301214335,78142.95896999999,78142.95896999999,3308.69265,81451.65161999999,True,23330.638,18897.81678,42228.45478
SAA,2025-11-24,48993.91038383486,0.0,48993.91038383486,7182.624752325,56176.53513615986,78535.03537066666,78535.03537066666,1834.935466666667,80369.97083733333,True,23315.386599999998,18885.463146000002,42200.849746
SAA,2025-11-25,49310.877528889905,0.0,49310.877528889905,11093.405410391668,60404.28293928158,78947.99580716668,78947.99580716668,2916.7214666666664,81864.71727383335,True,23294.87828333333,18868.851409499995,42163.72969283332
SAA,2025-11-26,49693.84253120137,0.0,49693.84253120137,12545.189603991657,62239.03213519303,79472.2648933786,79472.2648933786,3312.557399999998,82784.82229337859,True,23294.033123045265,18868.16682966667,42162.19995271193
SAA,2025-11-27,50044.93241645216,0.0,50044.93241645216,8654.0452442,58698.97766065216,79955.38008466255,79955.38008466255,2205.2903333333334,82160.67041799589,True,23298.726673662546,18871.96860566667,42170.695279329215
SAA,2025-11-28,50301.37025711709,0.0,50301.37025711709,0.0,50301.37025711709,80298.61527871809,80298.61527871809,0.0,80298.61527871809,False,23351.104712551438,18914.394817166663,42265.4995297181
SAA,2025-11-29,50278.91007665804,0.0,50278.91007665804,0.0,50278.91007665804,80260.28158255143,80260.28158255143,0.0,80260.28158255143,False,23352.944995884773,18915.885446666663,42268.830442551436
SAA,2025-11-30,50235.03969612971,0.0,50235.03969612971,20658.43778911666,70893.47748524637,80206.5344992181,80206.5344992181,5490.719999999999,85697.2544992181,True,23352.944995884773,18915.885446666667,42268.830442551436
SAA,2025-12-01,50683.54121063339,0.0,50683.54121063339,39296.61054955833,89980.15176019171,80830.2107694074,80830.2107694074,10332.796316666667,91163.00708607407,True,23445.73054074074,18991.041737999996,42436.77227874074
SAA,2025-12-02,51228.88223692891,0.0,51228.88223692891,45107.85562544166,96336.73786237057,81606.90848302469,81606.90848302469,11841.792049999998,93448.70053302469,True,23529.892191358023,19059.212675000002,42589.10486635803
SAA,2025-12-03,51794.320762427196,0.0,51794.320762427196,35719.31431723334,87513.63507966054,82419.54302983539,82419.54302983539,9836.121166666664,92255.66419650205,True,23629.032613168725,19139.516416666665,42768.54902983539
SAA,2025-12-04,52306.8028837494,0.0,52306.8028837494,33486.576405975,85793.3792897244,83173.14622633744,83173.14622633744,8806.124933333333,91979.27115967078,True,23847.81022633745,19316.726283333333,43164.53650967078
SAA,2025-12-05,53020.2242378511,0.0,53020.2242378511,0.0,53020.2242378511,84213.91740802469,84213.91740802469,0.0,84213.91740802469,False,24396.20135802469,19760.9231,44157.124458024686
SAA,2025-12-06,52969.0763538187,0.0,52969.0763538187,0.0,52969.0763538187,84142.30169279836,84142.30169279836,0.0,84142.30169279836,False,24388.030576131685,19754.304766666668,44142.33534279835
SAA,2025-12-07,52930.021064782035,0.0,52930.021064782035,31701.054909849998,84631.07597463203,84088.06650946502,84088.06650946502,8540.539066666668,92628.60557613168,True,24388.030576131685,19754.304766666668,44142.33534279835
SAA,2025-12-08,53876.78083596406,0.0,53876.78083596406,27925.032900041664,81801.81373600573,85417.02288004116,85417.02288004116,7771.583433333333,93188.60631337449,True,24705.90559670782,20011.783533333335,44717.68913004115
SAA,2025-12-09,55155.621662743324,0.0,55155.621662743324,21273.058428425,76428.68009116832,87138.8572,87138.8572,5458.348066666666,92597.20526666667,True,24833.333333333332,20115.000000000007,44948.33333333334
SAA,2025-12-10,56473.83352629165,0.0,56473.83352629165,17437.94771819167,73911.78124448333,89073.83299999998,89073.83299999998,4944.97515,94018.80814999998,True,24833.333333333332,20115.0,44948.33333333333
SAA,2025-12-11,57279.776018202094,0.0,57279.776018202094,7432.095691133334,64711.87170933543,90175.32207098765,90175.32207098765,2182.1503166666666,92357.47238765431,True,24863.864320987654,20139.7301,45003.594420987654
SAA,2025-12-12,57706.243769998764,0.0,57706.243769998764,0.0,57706.243769998764,90770.71438765431,90770.71438765431,0.0,90770.71438765431,False,24863.864320987654,20139.7301,45003.594420987654
SAA,2025-12-13,57672.165877065425,0.0,57672.165877065425,6.061230000000077,57678.227107065424,90730.24413765431,90730.24413765431,2.8350000000000364,90733.07913765432,True,24863.864320987654,20139.7301,45003.594420987654
SAA,2025-12-14,57661.67138726876,0.0,57661.67138726876,13175.988873983333,70837.6602612521,90721.78477098764,90721.78477098764,3573.788666666667,94295.5734376543,True,24863.864320987654,20139.7301,45003.594420987654
SAA,2025-12-15,58120.23764717531,0.0,58120.23764717531,12957.791267966664,71078.02891514197,91395.98176975307,91395.98176975307,3724.664016666666,95120.64578641973,True,24905.396419753088,20173.3711,45078.76751975309
SAA,2025-12-16,58593.392741594376,0.0,58593.392741594376,11323.249864341667,69916.64260593604,92066.77957716049,92066.77957716049,3161.457316666667,95228.23689382715,True,24987.968827160494,20240.25475,45228.22357716049
SAA,2025-12-17,59092.03246747352,0.0,59092.03246747352,5157.297030908334,64249.32949838185,92763.27976851852,92763.27976851852,1582.403516666667,94345.6832851852,True,25004.41018518519,20253.57225,45257.982435185186
SAA,2025-12-18,59335.72428134018,0.0,59335.72428134018,5814.991354508334,65150.715635848515,93131.07605185185,93131.07605185185,1511.2273333333337,94642.30338518518,True,25004.41018518519,20253.572250000005,45257.98243518519
SAA,2025-12-19,59557.338900618204,0.0,59557.338900618204,0.0,59557.338900618204,93416.18213209877,93416.18213209877,0.0,93416.18213209877,False,25024.7487654321,20270.046500000004,45294.795265432105
SAA,2025-12-20,59551.09095621321,0.0,59551.09095621321,0.0,59551.09095621321,93406.07203209876,93406.07203209876,0.0,93406.07203209876,False,25024.7487654321,20270.0465,45294.7952654321
SAA,2025-12-21,59540.337376221534,0.0,59540.337376221534,6853.498810016667,66393.8361862382,93392.74389876542,93392.74389876542,2023.0887833333336,95415.83268209876,True,25024.7487654321,20270.0465,45294.7952654321
SAA,2025-12-22,59747.098838069294,0.0,59747.098838069294,5148.102174033336,64895.20101210263,93710.51267633744,93710.51267633744,1395.566966666667,95106.07964300411,True,25025.126893004115,20270.352783333336,45295.47967633745
SAA,2025-12-23,59970.688166921085,0.0,59970.688166921085,2117.9233966666643,62088.61156358775,94040.18811090534,94040.18811090534,556.3415333333326,94596.52964423868,True,25040.448127572014,20282.762983333334,45323.21111090535
SAA,2025-12-24,60085.84619368222,0.0,60085.84619368222,3958.0056700999976,64043.85186378222,94203.54450555555,94203.54450555555,984.0064999999997,95187.55100555555,True,25072.265555555554,20308.5351,45380.800655555555
SAA,2025-12-25,60222.53261306285,0.0,60222.53261306285,3100.093197258332,63322.62581032119,94392.95111193415,94392.95111193415,981.2423666666662,95374.19347860082,True,25112.613045267488,20341.21656666667,45453.829611934154
SAA,2025-12-26,60301.32831804452,0.0,60301.32831804452,0.0,60301.32831804452,94518.35614526749,94518.35614526749,0.0,94518.35614526749,False,25112.613045267488,20341.216566666666,45453.829611934154
SAA,2025-12-27,60292.18532590785,0.0,60292.18532590785,0.0,60292.18532590785,94509.54104526748,94509.54104526748,0.0,94509.54104526748,False,25112.613045267488,20341.216566666666,45453.829611934154
SAA,2025-12-28,60287.35269201119,0.0,60287.35269201119,2044.1679586666662,62331.520650677856,94502.02941193416,94502.02941193416,547.3095666666665,95049.33897860082,True,25112.613045267488,20341.216566666666,45453.829611934154
SAA,2025-12-29,60326.50494734119,0.0,60326.50494734119,2555.6431059666666,62882.14805330786,94570.64362860082,94570.64362860082,756.13185,95326.77547860083,True,25112.613045267488,20341.216566666666,45453.829611934154
SAA,2025-12-30,60424.07547774078,0.0,60424.07547774078,1354.0310561999977,61778.10653394078,94716.39175781893,94716.39175781893,300.11784999999924,95016.50960781892,True,25132.06670781893,20356.974033333332,45489.04074115226
SAA,2025-12-31,60468.883983140775,0.0,60468.883983140775,4221.243740808332,64690.12772394911,94776.12080781892,94776.12080781892,1091.5559833333336,95867.67679115226,True,25132.06670781893,20356.974033333332,45489.04074115226
CVaR95-L50,2025-02-01,63530.72654760572,0.0,63530.72654760572,0.0,63530.72654760572,99129.11007607314,99129.11007607314,0.0,99129.11007607314,False,25531.624423868314,20680.61578333333,46212.24020720164
CVaR95-L50,2025-02-02,63565.160800362544,0.0,63565.160800362544,43.838484333333454,63608.99928469588,99133.90847746817,99133.90847746817,10.073499999999967,99143.98197746817,True,25531.624423868314,20680.615783333335,46212.24020720165
CVaR95-L50,2025-02-03,63167.99119331164,0.0,63167.99119331164,14.580700733333295,63182.57189404497,98587.96658174292,98587.96658174292,6.771799999999985,98594.73838174292,True,25528.59534979424,20678.162233333333,46206.757583127575
CVaR95-L50,2025-02-04,63167.99119331164,0.0,63167.99119331164,200.8054616000002,63368.79665491164,98588.78546777365,98588.78546777365,73.2158833333333,98662.00135110698,True,25528.59534979424,20678.162233333333,46206.757583127575
CVaR95-L50,2025-02-05,63194.45934051831,0.0,63194.45934051831,45.74717872500185,63240.206519243315,98619.69338412923,98619.69338412923,7.5488350808059295,98627.24221921003,True,25528.59534979424,20678.162233333333,46206.757583127575
CVaR95-L50,2025-02-06,63179.29228749164,0.0,63179.29228749164,15.003368333332702,63194.29565582497,98568.05643350829,98568.05643350829,2.2283333333332394,98570.28476684162,True,25528.59534979424,20678.162233333333,46206.757583127575
CVaR95-L50,2025-02-07,63063.21276705728,0.0,63063.21276705728,0.0,63063.21276705728,98465.5417762773,98465.5417762773,0.0,98465.5417762773,False,25528.59534979424,20678.162233333336,46206.757583127575
CVaR95-L50,2025-02-08,62303.35712944862,0.0,62303.35712944862,0.0,62303.35712944862,97350.19254085049,97350.19254085049,0.0,97350.19254085049,False,25374.950102880655,20553.709583333333,45928.659686213985
CVaR95-L50,2025-02-09,62176.361720125366,0.0,62176.361720125366,48.38760937500019,62224.749329500366,97195.74863915701,97195.74863915701,19.258750000000077,97215.007389157,True,25390.912037037036,20566.63875,45957.550787037035
CVaR95-L50,2025-02-10,62091.699621559805,0.0,62091.699621559805,32.918202633333436,62124.61782419314,97044.35090918464,97044.35090918464,9.71365000000003,97054.06455918464,True,25259.17053069427,20459.92812986236,45719.09866055663
CVaR95-L50,2025-02-11,62110.98616672698,0.0,62110.98616672698,0.0,62110.98616672698,97071.20755844747,97071.20755844747,0.0,97071.20755844747,False,25262.647838459055,20462.74474915184,45725.3925876109
CVaR95-L50,2025-02-12,62106.468264041425,0.0,62106.468264041425,25.270210574999663,62131.738474616424,97064.51532792073,97064.51532792073,4.060449999999946,97068.57577792073,True,25261.83327379997,20462.08495177798,45723.918225577945
CVaR95-L50,2025-02-13,61863.23066502743,0.0,61863.23066502743,43.86352191666573,61907.0941869441,96631.11395897929,96631.11395897929,6.5031166666665285,96637.61707564595,True,25335.631213991768,20521.86128333333,45857.4924973251
CVaR95-L50,2025-02-14,61810.226852435764,0.0,61810.226852435764,0.0,61810.226852435764,96532.75034061907,96532.75034061907,0.0,96532.75034061907,False,25335.631213991768,20521.86128333333,45857.4924973251
CVaR95-L50,2025-02-15,61775.4736505779,0.0,61775.4736505779,0.0,61775.4736505779,96448.54607404125,96448.54607404125,0.0,96448.54607404125,False,25335.631213991768,20521.86128333333,45857.4924973251
CVaR95-L50,2025-02-16,61435.21096902863,0.0,61435.21096902863,144.8758893333323,61580.08685836196,96039.62645827944,96039.62645827944,21.44233333333318,96061.06879161278,True,25188.056069958846,20402.325416666667,45590.38148662551
CVaR95-L50,2025-02-17,60599.764109259675,0.0,60599.764109259675,242.54244455833248,60842.30655381801,95086.07660507647,95086.07660507647,35.96856666666656,95122.04517174313,True,25180.655437511745,20396.33090438451,45576.986341896256
CVaR95-L50,2025-02-18,60599.764109259675,0.0,60599.764109259675,51.891689750000175,60651.65579900968,95086.07660507647,95086.07660507647,8.288083333333361,95094.3646884098,True,25180.65543751174,20396.33090438451,45576.98634189625
CVaR95-L50,2025-02-19,60599.764109259675,0.0,60599.764109259675,410.66448653333464,61010.42859579301,95075.01731469278,95075.01731469278,90.11180000000024,95165.12911469278,True,25180.655437511745,20396.33090438451,45576.986341896256
CVaR95-L50,2025-02-20,60609.830724432424,0.0,60609.830724432424,325.1999208333326,60935.03064526575,95314.08973483226,95314.08973483226,52.38041666666663,95366.47015149893,True,25162.686769547323,20381.776283333333,45544.46305288066
CVaR95-L50,2025-02-21,60804.1438958432,0.0,60804.1438958432,0.0,60804.1438958432,95516.56108242794,95516.56108242794,0.0,95516.56108242794,False,25298.053209876543,20491.4231,45789.47630987654
CVaR95-L50,2025-02-22,60810.75950566084,0.0,60810.75950566084,0.0,60810.75950566084,95481.5942790035,95481.5942790035,0.0,95481.5942790035,False,25298.053209876543,20491.4231,45789.47630987654
CVaR95-L50,2025-02-23,60277.26358342671,0.0,60277.26358342671,105.40693524166774,60382.67051866838,94804.63866581742,94804.63866581742,21.69836666666697,94826.33703248408,True,25011.90927983539,20259.646516666668,45271.555796502056
CVaR95-L50,2025-02-24,59009.18933303442,0.0,59009.18933303442,160.86308116666638,59170.05241420108,93046.07997661151,93046.07997661151,37.56155000000001,93083.64152661151,True,24969.563065843617,20225.34608333333,45194.90914917695
CVaR95-L50,2025-02-25,59027.20168697415,0.0,59027.20168697415,377.30930273333405,59404.51098970748,93066.86644663493,93066.86644663493,82.47445000000005,93149.34089663492,True,24969.563065843617,20225.34608333333,45194.90914917695
CVaR95-L50,2025-02-26,59038.91491786076,0.0,59038.91491786076,170.82187000000025,59209.73678786076,93086.98204858914,93086.98204858914,41.95166666666671,93128.9337152558,True,24969.563065843617,20225.34608333333,45194.90914917695
CVaR95-L50,2025-02-27,58365.78385955631,0.0,58365.78385955631,48.214741983333326,58413.99860153964,92063.76770023366,92063.76770023366,7.481400000000008,92071.24910023366,True,24870.789999999997,20145.3399,45016.1299
CVaR95-L50,2025-02-28,58608.27245037224,0.0,58608.27245037224,0.0,58608.27245037224,92458.62550596788,92458.62550596788,0.0,92458.62550596788,False,24870.789999999997,20145.3399,45016.1299
CVaR95-L50,2025-03-01,56421.54544306664,0.0,56421.54544306664,0.0,56421.54544306664,89339.24192997243,89339.24192997243,0.0,89339.24192997243,False,24715.18403292181,20019.299066666666,44734.48309958848
CVaR95-L50,2025-03-02,56360.52446887055,0.0,56360.52446887055,1582.3555637166687,57942.88003258722,89174.1953445501,89174.1953445501,431.54947103197213,89605.74481558207,True,24729.055679012345,20030.535099999997,44759.590779012346
CVaR95-L50,2025-03-03,54934.28420027644,0.0,54934.28420027644,1435.9096450999925,56370.19384537643,87459.65716690286,87459.65716690286,264.7183018258397,87724.3754687287,True,24655.53557613169,19970.983816666667,44626.51939279836
CVaR95-L50,2025-03-04,54926.75387036537,0.0,54926.75387036537,766.3989940750016,55693.15286444037,87442.38501404406,87442.38501404406,202.108166666667,87644.49318071074,True,24655.53557613169,19970.983816666667,44626.51939279836
CVaR95-L50,2025-03-05,54935.45309615037,0.0,54935.45309615037,822.000869416668,55757.45396556704,87459.4324992807,87459.4324992807,141.30280000000016,87600.7352992807,True,24655.53557613169,19970.983816666667,44626.51939279836
CVaR95-L50,2025-03-06,54926.45338122493,0.0,54926.45338122493,781.291834083333,55707.74521530826,87438.44547624618,87438.44547624618,183.93321666666668,87622.37869291285,True,24655.53557613169,19970.983816666667,44626.51939279836
CVaR95-L50,2025-03-07,54967.749577772964,0.0,54967.749577772964,0.0,54967.749577772964,87500.57883367394,87500.57883367394,0.0,87500.57883367394,False,24693.213868312756,20001.50323333333,44694.717101646085
CVaR95-L50,2025-03-08,54183.62945898786,0.0,54183.62945898786,0.0,54183.62945898786,86554.93969561058,86554.93969561058,0.0,86554.93969561058,False,24456.19376207453,19809.51694728037,44265.7107093549
CVaR95-L50,2025-03-09,53901.8048732474,0.0,53901.8048732474,806.314102341668,54708.11897558907,86072.4497059719,86072.4497059719,133.29368333333355,86205.74338930524,True,24475.83730452675,19825.428216666667,44301.26552119342
CVaR95-L50,2025-03-10,52917.95954599512,0.0,52917.95954599512,927.9352986916647,53845.89484468679,84687.71191462436,84687.71191462436,257.72704999999956,84945.43896462437,True,24461.229281597956,19813.595718094344,44274.8249996923
CVaR95-L50,2025-03-11,52924.745307925055,0.0,52924.745307925055,416.95208610832555,53341.69739403338,84700.93327003045,84700.93327003045,126.07009327918979,84827.00336330965,True,24463.387933430913,19815.34422607904,44278.73215950995
CVaR95-L50,2025-03-12,52925.99883119815,0.0,52925.99883119815,865.9970842916656,53791.99591548982,84702.97527075525,84702.97527075525,251.73274999999967,84954.70802075525,True,24463.856934156378,19815.724116666664,44279.58105082304
CVaR95-L50,2025-03-13,51451.923991520496,0.0,51451.923991520496,1733.7835426749966,53185.70753419549,82578.60664286467,82578.60664286467,447.64481040946634,83026.25145327413,True,23884.227839506173,19346.22455,43230.45238950617
CVaR95-L50,2025-03-14,51370.34947388203,0.0,51370.34947388203,0.0,51370.34947388203,82481.72297374137,82481.72297374137,0.0,82481.72297374137,False,23884.227839506173,19346.22455,43230.45238950617
CVaR95-L50,2025-03-15,51277.89802583301,0.0,51277.89802583301,19.356026666666803,51297.25405249968,82363.77438689995,82363.77438689995,9.053333333333399,82372.82772023328,True,23894.474588477366,19354.524416666667,43248.99900514403
CVaR95-L50,2025-03-16,51026.401576282544,0.0,51026.401576282544,91.2504971166666,51117.65207339921,82112.10145205348,82112.10145205348,41.879583333333244,82153.98103538681,True,23884.227839506173,19346.224550000003,43230.45238950617
CVaR95-L50,2025-03-17,50999.12740712959,0.0,50999.12740712959,957.4519672666663,51956.57937439626,82071.53436534021,82071.53436534021,178.47591666666654,82250.01028200687,True,23884.227839506173,19346.22455,43230.45238950617
CVaR95-L50,2025-03-18,51004.599423185384,0.0,51004.599423185384,187.02754400833345,51191.62696719372,82073.98156489867,82073.98156489867,72.46893333333321,82146.450498232,True,23884.227839506173,19346.22455,43230.45238950617
CVaR95-L50,2025-03-19,51005.031424365676,0.0,51005.031424365676,90.71083667499998,51095.74226104068,82075.18479532906,82075.18479532906,36.022350000000074,82111.20714532906,True,23884.227839506173,19346.22455,43230.45238950617
CVaR95-L50,2025-03-20,49719.55604563434,0.0,49719.55604563434,813.1478519749995,50532.70389760934,80376.4435950834,80376.4435950834,164.48396666666667,80540.92756175007,True,23810.221982960247,19286.279806197796,43096.50178915804
CVaR95-L50,2025-03-21,49659.73259629043,0.0,49659.73259629043,0.0,49659.73259629043,80288.73183340665,80288.73183340665,0.0,80288.73183340665,False,23792.672009323454,19272.064327551998,43064.73633687545
CVaR95-L50,2025-03-22,49616.796273664644,0.0,49616.796273664644,23.98479666666673,49640.78107033131,80203.79424365493,80203.79424365493,11.218333333333362,80215.01257698827,True,23809.942131797714,19286.05312675615,43095.99525855386
CVaR95-L50,2025-03-23,49850.5394560966,0.0,49850.5394560966,683.6667516833368,50534.206207779935,80439.17540077493,80439.17540077493,150.39135000000056,80589.56675077493,True,23884.227839506173,19346.224550000006,43230.45238950618
CVaR95-L50,2025-03-24,49472.01579517637,0.0,49472.01579517637,222.1766939083339,49694.1924890847,79916.05393586647,79916.05393586647,104.38930000000028,80020.44323586646,True,23894.228689506173,19354.3252385,43248.55392800618
CVaR95-L50,2025-03-25,49479.78672529636,0.0,49479.78672529636,522.0553281583329,50001.8420534547,79928.79581715241,79928.79581715241,147.7144833333332,80076.51030048574,True,23894.228689506173,19354.3252385,43248.55392800618
CVaR95-L50,2025-03-26,49485.26968847114,0.0,49485.26968847114,392.1908328916669,49877.46052136281,79936.73528721587,79936.73528721587,114.95541666666679,80051.69070388253,True,23894.228689506173,19354.3252385,43248.55392800618
CVaR95-L50,2025-03-27,49060.18479890376,0.0,49060.18479890376,642.2532049250005,49702.43800382876,79401.87325079036,79401.87325079036,203.48748333333344,79605.3607341237,True,23894.228689506173,19354.3252385,43248.55392800618
CVaR95-L50,2025-03-28,48649.874530821384,0.0,48649.874530821384,0.0,48649.874530821384,78933.23660209306,78933.23660209306,0.0,78933.23660209306,False,23894.228689506173,19354.325238499998,43248.55392800617
CVaR95-L50,2025-03-29,48663.88114400128,0.0,48663.88114400128,0.0,48663.88114400128,78930.19559744251,78930.19559744251,0.0,78930.19559744251,False,23894.228689506173,19354.3252385,43248.55392800618
CVaR95-L50,2025-03-30,48577.63504982443,0.0,48577.63504982443,577.5943076333335,49155.22935745776,78796.77437646501,78796.77437646501,228.05047533944492,79024.82485180446,True,23880.762806971128,19343.417873646613,43224.18068061774
CVaR95-L50,2025-03-31,48974.12738109081,0.0,48974.12738109081,134.61149394166705,49108.738875032475,79162.94325563328,79162.94325563328,62.938783333333504,79225.8820389666,True,23904.47543847737,19362.625105166666,43267.10054364403
CVaR95-L50,2025-04-01,48979.99764487581,0.0,48979.99764487581,809.6828756666666,49789.680520542475,79172.22221971404,79172.22221971404,263.7021333333332,79435.92435304738,True,23904.47543847737,19362.625105166666,43267.10054364403
CVaR95-L50,2025-04-02,49005.72095545581,0.0,49005.72095545581,967.4108517166677,49973.131807172475,79211.89036697276,79211.89036697276,297.07161666666696,79508.96198363943,True,23904.47543847737,19362.625105166666,43267.10054364403
CVaR95-L50,2025-04-03,48111.496468870675,0.0,48111.496468870675,804.3409287750006,48915.83739764568,77961.52239575837,77961.52239575837,286.5927333333334,78248.1151290917,True,23203.866666666665,18795.132,41998.99866666667
CVaR95-L50,2025-04-04,46374.369631879745,0.0,46374.369631879745,0.0,46374.369631879745,75955.60999061001,75955.60999061001,0.0,75955.60999061001,False,23203.866666666665,18795.131999999998,41998.99866666667
CVaR95-L50,2025-04-05,45187.12166600219,0.0,45187.12166600219,0.0,45187.12166600219,74364.87112576293,74364.87112576293,0.0,74364.87112576293,False,22711.789859096276,18396.54978586798,41108.33964496426
CVaR95-L50,2025-04-06,45747.99425223097,0.0,45747.99425223097,822.4516637499987,46570.44591598097,75155.59144256488,75155.59144256488,226.0417333333329,75381.63317589821,True,23196.762916666667,18789.377962500002,41986.14087916667
CVaR95-L50,2025-04-07,44982.896072575226,0.0,44982.896072575226,356.40180544166583,45339.29787801689,74096.0978055177,74096.0978055177,124.56979999999987,74220.6676055177,True,22760.096988851034,18435.67856096934,41195.77554982038
CVaR95-L50,2025-04-08,45005.10448669917,0.0,45005.10448669917,500.09803378333135,45505.202520482504,74128.84817892159,74128.84817892159,149.72829999999942,74278.57647892159,True,22768.653412254935,18442.6092639265,41211.26267618143
CVaR95-L50,2025-04-09,45038.642314637575,0.0,45038.642314637575,716.0884246666658,45754.73073930424,74180.57917786195,74180.57917786195,240.0894833333332,74420.66866119528,True,22803.770027861945,18471.053722568176,41274.82375043012
CVaR95-L50,2025-04-10,45094.31292561584,0.0,45094.31292561584,1050.553442591663,46144.866368207506,74261.03640492234,74261.03640492234,288.95676666666577,74549.99317158901,True,22846.220027031835,18505.438221895787,41351.65824892762
CVaR95-L50,2025-04-11,44473.02950645781,0.0,44473.02950645781,0.0,44473.02950645781,73091.9574847857,73091.9574847857,0.0,73091.9574847857,False,22377.255987654316,18125.57735,40502.833337654316
CVaR95-L50,2025-04-12,44112.59570894947,0.0,44112.59570894947,0.0,44112.59570894947,72642.22660181153,72642.22660181153,0.0,72642.22660181153,False,22206.901025342035,17987.58983052705,40194.49085586908
CVaR95-L50,2025-04-13,44203.33297656824,0.0,44203.33297656824,731.7535085333344,44935.08648510158,72818.23281167515,72818.23281167515,210.2733166666667,73028.50612834182,True,22399.73239713523,18143.783241679535,40543.515638814766
CVaR95-L50,2025-04-14,42443.62439094266,0.0,42443.62439094266,822.2298825499961,43265.85427349266,70312.65084272661,70312.65084272661,205.14738109972166,70517.79822382634,True,21999.533758959376,17819.6223447571,39819.15610371648
CVaR95-L50,2025-04-15,42470.5544540686,0.0,42470.5544540686,707.7460138000026,43178.300467868605,70345.20927910207,70345.20927910207,159.6380500000006,70504.84732910206,True,22009.10668781104,17827.376417126943,39836.483104937986
CVaR95-L50,2025-04-16,42478.423042031114,0.0,42478.423042031114,920.0550573333339,43398.478099364445,70340.7786471038,70340.7786471038,290.8627833333337,70631.64143043713,True,22011.222289962534,17829.09005486965,39840.312344832186
CVaR95-L50,2025-04-17,41204.017285368114,0.0,41204.017285368114,420.9575988666677,41624.97488423478,68524.37587014594,68524.37587014594,116.44910000000004,68640.82497014594,True,21681.325843621402,17561.87393333333,39243.19977695473
CVaR95-L50,2025-04-18,41196.04298877691,0.0,41196.04298877691,0.0,41196.04298877691,68515.58105725297,68515.58105725297,0.0,68515.58105725297,False,21681.325843621402,17561.87393333333,39243.19977695473
CVaR95-L50,2025-04-19,41104.366578549656,0.0,41104.366578549656,1.9633966666665823,41106.32997521632,68430.68087001625,68430.68087001625,0.9183333333332939,68431.59920334959,True,21653.431193415636,17539.279266666665,39192.7104600823
CVaR95-L50,2025-04-20,41026.64320526262,0.0,41026.64320526262,198.7485168583332,41225.39172212095,68325.95781715887,68325.95781715887,84.21195,68410.16976715886,True,21647.805905349793,17534.72278333333,39182.52868868312
CVaR95-L50,2025-04-21,40668.33716184611,0.0,40668.33716184611,648.28236405,41316.61952589611,67915.36220012968,67915.36220012968,250.05612380300443,68165.41832393268,True,21594.37030561495,17491.43994754811,39085.81025316306
CVaR95-L50,2025-04-22,40684.273995921845,0.0,40684.273995921845,638.9231953166664,41323.19719123851,67942.52764403832,67942.52764403832,182.25681666666662,68124.78446070498,True,21596.71614740331,17493.340079396683,39090.05622679999
CVaR95-L50,2025-04-23,40688.32345980049,0.0,40688.32345980049,942.376290258333,41630.699750058826,67948.7582262602,67948.7582262602,265.95701666666685,68214.71524292686,True,21596.869934583483,17493.464647012624,39090.33458159611
CVaR95-L50,2025-04-24,40697.6952907372,0.0,40697.6952907372,686.2191157500007,41383.9144064872,67966.95806395514,67966.95806395514,166.76570000000027,68133.72376395515,True,21605.14917695473,17500.17083333333,39105.32001028806
CVaR95-L50,2025-04-25,40592.07986461765,0.0,40592.07986461765,0.0,40592.07986461765,67843.45375082309,67843.45375082309,0.0,67843.45375082309,False,21573.882716049382,17474.845,39048.72771604938
CVaR95-L50,2025-04-26,40349.60452289873,0.0,40349.60452289873,0.0,40349.60452289873,67481.35542111198,67481.35542111198,0.0,67481.35542111198,False,21578.933127572014,17478.93583333333,39057.86896090534
CVaR95-L50,2025-04-27,40337.81453988818,0.0,40337.81453988818,543.4530994416658,40881.267639329846,67513.51342311234,67513.51342311234,239.26473333333297,67752.77815644567,True,21578.933127572014,17478.93583333333,39057.86896090534
CVaR95-L50,2025-04-28,40521.57358724036,0.0,40521.57358724036,1442.592853416667,41964.16644065703,67827.4027873692,67827.4027873692,514.8267000000001,68342.2294873692,True,21789.60788797507,17649.582389259805,39439.19027723488
CVaR95-L50,2025-04-29,40532.18385507912,0.0,40532.18385507912,197.0243036250002,40729.208158704125,67936.62003108967,67936.62003108967,67.47260000000006,68004.09263108966,True,21785.829432475348,17646.521840305028,39432.351272780375
CVaR95-L50,2025-04-30,40563.09496445484,0.0,40563.09496445484,971.3678998416672,41534.4628642965,67973.80928675733,67973.80928675733,292.2834333333334,68266.09272009066,True,21789.851805362432,17649.77996234357,39439.631767706
CVaR95-L50,2025-05-01,40550.43828156401,0.0,40550.43828156401,9479.198406433334,50029.63668799735,67955.62036947923,67955.62036947923,2075.5888921480782,70031.20926162731,True,21785.897899891497,17646.57729891211,39432.47519880361
CVaR95-L50,2025-05-02,40916.35860457516,0.0,40916.35860457516,0.0,40916.35860457516,67927.42737479765,67927.42737479765,0.0,67927.42737479765,False,21556.265061728394,17460.574699999997,39016.83976172839
CVaR95-L50,2025-05-03,40829.97762934867,0.0,40829.97762934867,68.02046999999988,40897.998099348675,67660.71178813363,67660.71178813363,31.81499999999994,67692.52678813363,True,21555.691468667283,17460.110089620495,39015.80155828778
CVaR95-L50,2025-05-04,39153.96534221218,0.0,39153.96534221218,4921.088312316667,44075.05365452884,65337.72316496308,65337.72316496308,1241.795233333333,66579.51839829641,True,21516.88442386831,17428.67638333333,38945.56080720164
CVaR95-L50,2025-05-05,39229.47568134783,0.0,39229.47568134783,3995.8026476028094,43225.27832895064,65556.55220193199,65556.55220193199,980.0446809898034,66536.59688292179,True,21516.477366255138,17428.346666666665,38944.8240329218
CVaR95-L50,2025-05-06,39121.371272056,0.0,39121.371272056,4141.941855233327,43263.31312728933,65451.58570124052,65451.58570124052,1062.703990702873,66514.28969194338,True,21516.477366255138,17428.346666666668,38944.82403292181
CVaR95-L50,2025-05-07,39121.34748655188,0.0,39121.34748655188,4416.208395825,43537.55588237688,65436.32204565428,65436.32204565428,987.6525333333335,66423.9745789876,True,21516.47736625514,17428.346666666665,38944.82403292181
CVaR95-L50,2025-05-08,39170.02419866233,0.0,39170.02419866233,5617.580016149999,44787.60421481233,65457.06126993474,65457.06126993474,1359.8444741723847,66816.90574410712,True,21500.015,17415.01215,38915.027149999994
CVaR95-L50,2025-05-09,39275.31657219805,0.0,39275.31657219805,0.0,39275.31657219805,65655.4100035018,65655.4100035018,0.0,65655.4100035018,False,21579.41812757201,17479.328683333333,39058.746810905344
CVaR95-L50,2025-05-10,39368.956721163515,0.0,39368.956721163515,12.931336666666573,39381.88805783018,65779.66048880984,65779.66048880984,6.048333333333289,65785.70882214318,True,21553.569691922195,17458.39145045698,39011.96114237918
CVaR95-L50,2025-05-11,38784.89948683267,0.0,38784.89948683267,3581.9674171083316,42366.866903941,64663.03995284629,64663.03995284629,883.2231166666662,65546.26306951295,True,21333.851959102038,17280.420086872655,38614.27204597469
CVaR95-L50,2025-05-12,38661.75297295274,0.0,38661.75297295274,3411.0569313416668,42072.8099042944,64381.067581724434,64381.067581724434,1126.9057290661722,65507.97331079061,True,20989.09358024691,17001.1658,37990.259380246905
CVaR95-L50,2025-05-13,38668.63674142616,0.0,38668.63674142616,1452.491458075001,40121.12819950117,64423.415684776526,64423.415684776526,381.68618333333353,64805.10186810986,True,20999.40241145829,17009.51595328121,38008.9183647395
CVaR95-L50,2025-05-14,38696.7051343468,0.0,38696.7051343468,1315.9120235166706,40012.61715786347,64455.385739450954,64455.385739450954,381.28822414137176,64836.67396359233,True,21000.111873164067,17010.09061726289,38010.20249042696
CVaR95-L50,2025-05-15,38735.55660127259,0.0,38735.55660127259,1812.347172155556,40547.903773428145,64530.8100581866,64530.8100581866,458.4081244311649,64989.21818261777,True,20927.57067987918,16951.332250702133,37878.90293058132
CVaR95-L50,2025-05-16,38767.8128487472,0.0,38767.8128487472,0.0,38767.8128487472,64571.92158007334,64571.92158007334,0.0,64571.92158007334,False,20912.00956278628,16938.727745856886,37850.73730864316
CVaR95-L50,2025-05-17,38771.21145849877,0.0,38771.21145849877,7.614843333333213,38778.82630183211,64579.93061193707,64579.93061193707,3.5616666666666106,64583.492278603735,True,20886.105458007092,16917.745420985746,37803.85087899284
CVaR95-L50,2025-05-18,38690.84079634983,0.0,38690.84079634983,2928.330501616665,41619.171297966495,64393.58855696299,64393.58855696299,1128.959316666666,65522.54787362966,True,20806.477617224555,16853.246869951887,37659.72448717644
CVaR95-L50,2025-05-19,38774.309565812175,0.0,38774.309565812175,1288.4465690999982,40062.756134912175,64533.83564748398,64533.83564748398,238.94558782625722,64772.78123531024,True,20816.92437429256,16861.708743176972,37678.63311746954
CVaR95-L50,2025-05-20,38791.22503438802,0.0,38791.22503438802,4386.5834931499985,43177.80852753802,64565.82478313012,64565.82478313012,1092.6090516550744,65658.43383478519,True,20815.262576857152,16860.36268725429,37675.62526411144
CVaR95-L50,2025-05-21,38825.46327282537,0.0,38825.46327282537,2304.0068592500006,41129.470132075374,64613.0515893073,64613.0515893073,671.34225,65284.393839307304,True,20781.323388604775,16832.871944769868,37614.19533337464
CVaR95-L50,2025-05-22,38827.8378004364,0.0,38827.8378004364,427.9654179166663,39255.80321835307,64604.03856374692,64604.03856374692,107.71997636770644,64711.75854011463,True,20780.74883230547,16832.40655416743,37613.15538647291
CVaR95-L50,2025-05-23,38834.055181564996,0.0,38834.055181564996,0.0,38834.055181564996,64606.23933096953,64606.23933096953,0.0,64606.23933096953,False,20751.962673168542,16809.08976526652,37561.05243843506
CVaR95-L50,2025-05-24,38807.96914948113,0.0,38807.96914948113,0.0,38807.96914948113,64559.71797343831,64559.71797343831,0.0,64559.71797343831,False,20731.86821252277,16792.81325214344,37524.68146466621
CVaR95-L50,2025-05-25,38786.03685238089,0.0,38786.03685238089,1181.796294141667,39967.83314652256,64511.864603933805,64511.864603933805,263.49496666666664,64775.35957060047,True,20721.813869988586,16784.669234690755,37506.48310467934
CVaR95-L50,2025-05-26,38819.551560612366,0.0,38819.551560612366,3097.2251449833393,41916.77670559571,64548.37044488056,64548.37044488056,962.5184993442535,65510.88894422481,True,20741.713784336687,16800.788165312715,37542.501949649406
CVaR95-L50,2025-05-27,38883.15507416752,0.0,38883.15507416752,982.471216175004,39865.62629034252,64665.587286005095,64665.587286005095,302.26143084361394,64967.84871684871,True,20742.29243975436,16801.25687620103,37543.54931595539
CVaR95-L50,2025-05-28,38918.73658934177,0.0,38918.73658934177,2338.259627262501,41256.99621660427,64717.86505338752,64717.86505338752,710.2706776051539,65428.135730992675,True,20756.470591290145,16812.741178945016,37569.21177023516
CVaR95-L50,2025-05-29,38933.806682885705,0.0,38933.806682885705,1840.262234666664,40774.068917552366,64745.90191790124,64745.90191790124,506.94716407543353,65252.849081976674,True,20735.78666704637,16795.98720030756,37531.77386735393
CVaR95-L50,2025-05-30,38371.11473123895,0.0,38371.11473123895,0.0,38371.11473123895,63650.828028528806,63650.828028528806,0.0,63650.828028528806,False,19943.667421171565,16154.370611148972,36098.03803232054
CVaR95-L50,2025-05-31,38369.29937844862,0.0,38369.29937844862,193.83464333333325,38563.13402178195,63649.09020937068,63649.09020937068,90.66166666666663,63739.75187603735,True,19945.89541371495,16156.175285109113,36102.07069882406
CVaR95-L50,2025-06-01,38356.864107826674,0.0,38356.864107826674,48403.55026001666,86760.41436784333,63620.85797068926,63620.85797068926,12599.489339039115,76220.34730972839,True,19946.111502594693,16156.35031710171,36102.4618196964
CVaR95-L50,2025-06-02,47001.25614969357,0.0,47001.25614969357,12933.679332641655,59934.93548233522,76533.28252348318,76533.28252348318,3280.6988275306,79813.98135101379,True,21753.48220164609,17620.320583333334,39373.80278497942
CVaR95-L50,2025-06-03,48570.660349904996,0.0,48570.660349904996,3740.8855211750015,52311.54587108,78244.09553476234,78244.09553476234,946.9875000000001,79191.08303476234,True,22333.333333333332,18090.0,40423.33333333333
CVaR95-L50,2025-06-04,47968.54094119999,0.0,47968.54094119999,5981.356703783333,53949.89764498333,77310.54289510596,77310.54289510596,2006.8070084348676,79317.34990354083,True,22333.333333333332,18090.0,40423.33333333333
CVaR95-L50,2025-06-05,47414.53519310166,0.0,47414.53519310166,9470.774062124996,56885.30925522666,76805.74943799649,76805.74943799649,2497.2544614962185,79303.00389949272,True,22333.333333333332,18090.0,40423.33333333333
CVaR95-L50,2025-06-06,48156.65641064203,0.0,48156.65641064203,0.0,48156.65641064203,77922.552634174,77922.552634174,0.0,77922.552634174,False,22333.333333333332,18090.0,40423.33333333333
CVaR95-L50,2025-06-07,48116.817004775876,0.0,48116.817004775876,35.847133333333296,48152.66413810921,77877.48126523849,77877.48126523849,16.76666666666665,77894.24793190515,True,22333.333333333332,18090.0,40423.33333333333
CVaR95-L50,2025-06-08,48072.99370412994,0.0,48072.99370412994,3160.8746697083347,51233.868373838275,77829.84334191258,77829.84334191258,854.2704204336704,78684.11376234626,True,22333.333333333332,18090.0,40423.33333333333
CVaR95-L50,2025-06-09,48260.39927802705,0.0,48260.39927802705,8568.849645901966,56829.248923929015,78045.99110897613,78045.99110897613,2171.1038319511717,80217.0949409273,True,22333.333333333332,18090.0,40423.33333333333
CVaR95-L50,2025-06-10,48668.1308684975,0.0,48668.1308684975,5416.9529289875045,54085.08379748501,78504.80369117623,78504.80369117623,1566.656038713865,80071.45972989009,True,22333.333333333332,18090.0,40423.33333333333
CVaR95-L50,2025-06-11,49155.370831605,0.0,49155.370831605,14137.667524274992,63293.038355879995,79203.5066577216,79203.5066577216,3389.1986640394393,82592.70532176105,True,22333.333333333332,18090.0,40423.33333333333
CVaR95-L50,2025-06-12,50924.38342786128,0.0,50924.38342786128,4656.381426991671,55580.76485485295,81600.0312894346,81600.0312894346,1138.54842637381,82738.5797158084,True,23430.157539456202,18978.42760695952,42408.585146415724
CVaR95-L50,2025-06-13,50897.22723379253,0.0,50897.22723379253,0.0,50897.22723379253,81517.6323126237,81517.6323126237,0.0,81517.6323126237,False,23420.30843805162,18970.449834821808,42390.75827287343
CVaR95-L50,2025-06-14,50894.97381983253,0.0,50894.97381983253,0.0,50894.97381983253,81514.60896837673,81514.60896837673,0.0,81514.60896837673,False,23420.308438051616,18970.449834821808,42390.75827287343
CVaR95-L50,2025-06-15,50885.20184599262,0.0,50885.20184599262,2047.5655124666669,52932.767358459285,81500.70022829038,81500.70022829038,585.3213333333333,82086.02156162373,True,23417.955189573604,18968.543703554613,42386.49889312821
CVaR95-L50,2025-06-16,50888.54827286542,0.0,50888.54827286542,2974.5084022916694,53863.05667515709,81525.66853819846,81525.66853819846,844.0945035740633,82369.76304177252,True,23416.80488118065,18967.611953756325,42384.41683493697
CVaR95-L50,2025-06-17,50928.195877505175,0.0,50928.195877505175,9536.217125616668,60464.413003121845,81577.75438293374,81577.75438293374,2477.5909402768507,84055.34532321058,True,23430.25935750857,18978.510079581938,42408.76943709051
CVaR95-L50,2025-06-18,51629.581663003366,0.0,51629.581663003366,1528.1982766083324,53157.7799396117,82577.48393364236,82577.48393364236,525.3557666666663,83102.83970030902,True,23525.196637757534,19055.4092765836,42580.60591434113
CVaR95-L50,2025-06-19,51644.26984464076,0.0,51644.26984464076,2573.3889866666686,54217.65883130743,82610.88120683577,82610.88120683577,518.4842467494644,83129.36545358523,True,23519.71900140307,19050.972391136485,42570.69139253956
CVaR95-L50,2025-06-20,51667.88919094333,0.0,51667.88919094333,0.0,51667.88919094333,82632.02370352812,82632.02370352812,0.0,82632.02370352812,False,23528.61733051731,19058.180037719023,42586.79736823634
CVaR95-L50,2025-06-21,51666.98469034176,0.0,51666.98469034176,0.0,51666.98469034176,82630.57138448488,82630.57138448488,0.0,82630.57138448488,False,23528.31780558388,19057.937422522944,42586.25522810682
CVaR95-L50,2025-06-22,51659.7014812594,0.0,51659.7014812594,1128.4862681750008,52788.1877494344,82619.34486745243,82619.34486745243,356.01555000000025,82975.36041745242,True,23525.905974445508,19055.98383930086,42581.88981374637
CVaR95-L50,2025-06-23,51664.98005922082,0.0,51664.98005922082,512.716052333332,52177.69611155415,82621.09483103565,82621.09483103565,149.7808666666662,82770.87569770231,True,23524.91442028444,19055.180680430396,42580.09510071484
CVaR95-L50,2025-06-24,51676.47923608352,0.0,51676.47923608352,8246.478254266669,59922.95749035019,82637.87981911752,82637.87981911752,2185.5405500000006,84823.42036911752,True,23525.55745670527,19055.70153993127,42581.25899663654
CVaR95-L50,2025-06-25,52112.895157180465,0.0,52112.895157180465,2825.749968416666,54938.64512559713,83318.6748438088,83318.6748438088,855.4046499999997,84174.0794938088,True,24032.417283950617,19466.257999999998,43498.675283950615
CVaR95-L50,2025-06-26,52151.45400658778,0.0,52151.45400658778,1003.9795855000002,53155.43359208778,83362.72927319398,83362.72927319398,233.5728666666668,83596.30213986065,True,24032.417283950617,19466.258,43498.67528395062
CVaR95-L50,2025-06-27,52155.47614013444,0.0,52155.47614013444,0.0,52155.47614013444,83374.18504739497,83374.18504739497,0.0,83374.18504739497,False,24032.417283950617,19466.258,43498.67528395062
CVaR95-L50,2025-06-28,52153.36396413444,0.0,52153.36396413444,0.0,52153.36396413444,83370.5737193327,83370.5737193327,0.0,83370.5737193327,False,24032.417283950617,19466.258,43498.67528395062
CVaR95-L50,2025-06-29,52153.36396413444,0.0,52153.36396413444,1158.9202312249975,53312.28419535944,83371.80512230561,83371.80512230561,430.7994333333328,83802.60455563894,True,24032.417283950617,19466.258,43498.67528395062
CVaR95-L50,2025-06-30,52170.2145165261,0.0,52170.2145165261,1993.0514768749986,54163.2659934011,83406.58592252072,83406.58592252072,590.3684999999996,83996.95442252072,True,24032.417283950617,19466.258,43498.67528395062
CVaR95-L50,2025-07-01,52182.03761482944,0.0,52182.03761482944,20964.420807091665,73146.4584219211,83425.02570462896,83425.02570462896,6129.910666666667,89554.93637129563,True,24032.417283950617,19466.258,43498.67528395062
CVaR95-L50,2025-07-02,55192.4551933417,0.0,55192.4551933417,7518.703038774993,62711.15823211669,87241.76587266577,87241.76587266577,2575.199366666665,89816.96523933244,True,23871.531995884772,19335.940916666666,43207.47291255144
CVaR95-L50,2025-07-03,54599.222831057166,0.0,54599.222831057166,10793.101617774995,65392.324448832165,87135.32763315177,87135.32763315177,2696.1819036693832,89831.50953682115,True,23577.855720154494,19098.06313332514,42675.918853479634
CVaR95-L50,2025-07-04,55719.77228635812,0.0,55719.77228635812,0.0,55719.77228635812,88435.99336348166,88435.99336348166,0.0,88435.99336348166,False,23871.531995884772,19335.940916666666,43207.47291255144
CVaR95-L50,2025-07-05,55719.77228635813,0.0,55719.77228635813,152.46790666666655,55872.240193024794,88436.9229000202,88436.9229000202,71.31333333333328,88508.23623335354,True,23871.531995884772,19335.940916666666,43207.47291255144
CVaR95-L50,2025-07-06,55719.77228635813,0.0,55719.77228635813,9496.728840058331,65216.501126416464,88432.08287013123,88432.08287013123,2434.825749999999,90866.90862013123,True,23871.531995884772,19335.940916666666,43207.47291255144
CVaR95-L50,2025-07-07,55219.12588782087,0.0,55219.12588782087,4580.556893358333,59799.6827811792,87692.11948896355,87692.11948896355,1541.122105039211,89233.24159400276,True,23540.251969816032,19067.60409555099,42607.85606536702
CVaR95-L50,2025-07-08,55219.48748723516,0.0,55219.48748723516,7456.094217241669,62675.58170447683,87697.87116918719,87697.87116918719,2027.853190657767,89725.72435984496,True,23538.811776511626,19066.437538974416,42605.24931548604
CVaR95-L50,2025-07-09,55415.42225399442,0.0,55415.42225399442,4376.89816738333,59792.32042137775,87964.39818306602,87964.39818306602,1156.9596999999985,89121.35788306601,True,23452.58841628961,18996.596617194587,42449.1850334842
CVaR95-L50,2025-07-10,55492.30452327445,0.0,55492.30452327445,4341.725389658333,59834.02991293278,88120.88839543567,88120.88839543567,1188.215266666667,89309.10366210234,True,23476.430112102338,19015.908390802895,42492.33850290523
CVaR95-L50,2025-07-11,55491.94027038144,0.0,55491.94027038144,0.0,55491.94027038144,88040.79053468944,88040.79053468944,0.0,88040.79053468944,False,23475.717049539686,19015.330810127147,42491.04785966683
CVaR95-L50,2025-07-12,55491.69730728155,0.0,55491.69730728155,0.0,55491.69730728155,88037.40436460183,88037.40436460183,0.0,88037.40436460183,False,23478.253198807855,19017.385091034364,42495.638289842216
CVaR95-L50,2025-07-13,55320.918705480726,0.0,55320.918705480726,3750.256920608333,59071.17562608906,87894.79620620659,87894.79620620659,835.1783833333328,88729.97458953992,True,23229.56413681647,18815.946950821344,42045.51108763782
CVaR95-L50,2025-07-14,55356.41893410725,0.0,55356.41893410725,3953.3801729916668,59309.799107098916,87925.86801149315,87925.86801149315,988.8181237659837,88914.68613525914,True,23213.228968592466,18802.715464559893,42015.944433152355
CVaR95-L50,2025-07-15,55462.15650237589,0.0,55462.15650237589,3698.4673786916687,59160.62388106756,88049.84717030486,88049.84717030486,1003.6452838348808,89053.49245413973,True,23236.150133603587,18821.281608218902,42057.43174182249
CVaR95-L50,2025-07-16,55540.27130863829,0.0,55540.27130863829,3909.5583871166623,59449.82969575495,88193.86353247573,88193.86353247573,1069.5781646562752,89263.441697132,True,23307.731704429367,18879.262680587784,42186.994385017155
CVaR95-L50,2025-07-17,55533.21457414469,0.0,55533.21457414469,3935.436332924998,59468.650907069685,88139.42914262676,88139.42914262676,1085.1356666666657,89224.56480929343,True,23358.08104660782,18920.04564775233,42278.12669436015
CVaR95-L50,2025-07-18,55673.62746530383,0.0,55673.62746530383,0.0,55673.62746530383,88342.5862874844,88342.5862874844,0.0,88342.5862874844,False,23443.4352998657,18989.18259289122,42432.61789275692
CVaR95-L50,2025-07-19,57135.711566872895,0.0,57135.711566872895,27.020756666666884,57162.73232353956,90229.6297607359,90229.6297607359,12.638333333333435,90242.26809406924,True,23723.414463275905,19215.965715253486,42939.38017852939
CVaR95-L50,2025-07-20,57142.791315737544,0.0,57142.791315737544,1030.9497448249995,58173.74106056254,90212.6392051351,90212.6392051351,232.47097874757367,90445.11018388267,True,23743.976666666662,19232.6211,42976.59776666666
CVaR95-L50,2025-07-21,57153.071205769185,0.0,57153.071205769185,1770.7752883416642,58923.84649411085,90219.86650861274,90219.86650861274,433.51004272934165,90653.37655134208,True,23721.728135858648,19214.599790045508,42936.32792590416
CVaR95-L50,2025-07-22,57128.37080855317,0.0,57128.37080855317,1712.6300537499976,58841.00086230317,90170.37182623698,90170.37182623698,479.8524466352687,90650.22427287225,True,23709.798459410416,19204.93675212244,42914.735211532854
CVaR95-L50,2025-07-23,57217.74370265499,0.0,57217.74370265499,1602.0957811500007,58819.839483804986,90307.41408796262,90307.41408796262,394.31841666666713,90701.73250462928,True,23743.976666666662,19232.621099999997,42976.59776666666
CVaR95-L50,2025-07-24,57227.065450299975,0.0,57227.065450299975,1897.5196971416683,59124.58514744164,90340.88694523618,90340.88694523618,459.96343333333334,90800.85037856952,True,23727.034337236124,19218.89781316126,42945.932150397384
CVaR95-L50,2025-07-25,57222.36204155798,0.0,57222.36204155798,0.0,57222.36204155798,90322.49619923193,90322.49619923193,0.0,90322.49619923193,False,23651.04038406722,19157.342711094447,42808.38309516167
CVaR95-L50,2025-07-26,55067.337652075854,0.0,55067.337652075854,0.0,55067.337652075854,87352.20299253243,87352.20299253243,0.0,87352.20299253243,False,22768.803588683128,18442.730906833334,41211.53449551646
CVaR95-L50,2025-07-27,55286.2595971042,0.0,55286.2595971042,2171.0389918749975,57457.2985889792,87623.74495075023,87623.74495075023,551.7544833333325,88175.49943408357,True,22746.243485802468,18424.4572235,41170.70070930247
CVaR95-L50,2025-07-28,55293.52751951721,0.0,55293.52751951721,4332.258329324999,59625.785848842206,87635.42673253018,87635.42673253018,1123.9818573536947,88759.40858988387,True,22753.939285802466,18430.6908215,41184.630107302466
CVaR95-L50,2025-07-29,55343.10562788534,0.0,55343.10562788534,2605.959506424996,57949.06513431034,87757.91871748937,87757.91871748937,748.9516812425422,88506.87039873192,True,22807.895735802467,18474.395546,41282.29128180246
CVaR95-L50,2025-07-30,55376.99214288891,0.0,55376.99214288891,1651.2444247083336,57028.23656759724,87800.00131898519,87800.00131898519,382.1462333333332,88182.14755231852,True,22807.895735802467,18474.395546,41282.29128180246
CVaR95-L50,2025-07-31,55268.93676973409,0.0,55268.93676973409,1078.8068039166678,56347.74357365076,87619.97801777857,87619.97801777857,281.52222817187015,87901.50024595045,True,22806.5172191358,18473.2789475,41279.7961666358
CVaR95-L50,2025-08-01,55148.6762824389,0.0,55148.6762824389,0.0,55148.6762824389,87397.80751737615,87397.80751737615,0.0,87397.80751737615,False,22807.895735802467,18474.395546,41282.29128180246
CVaR95-L50,2025-08-02,55567.98771113291,0.0,55567.98771113291,58.55982000000021,55626.547531132914,87849.92192305342,87849.92192305342,27.3900000000001,87877.31192305342,True,22807.895735802467,18474.395546,41282.29128180246
CVaR95-L50,2025-08-03,55546.25547677163,0.0,55546.25547677163,969.1569686000016,56515.41244537163,87805.55187921955,87805.55187921955,228.00858333333338,88033.56046255288,True,22807.895735802467,18474.395546,41282.29128180246
CVaR95-L50,2025-08-04,54339.868855026245,0.0,54339.868855026245,504.00795098333253,54843.876806009575,86023.52060838016,86023.52060838016,155.1786333333331,86178.69924171349,True,22789.370752469134,18459.3903095,41248.76106196913
CVaR95-L50,2025-08-05,54373.04150895472,0.0,54373.04150895472,363.25726710833453,54736.29877606305,86069.86283105107,86069.86283105107,109.30101666666701,86179.16384771773,True,22789.370752469134,18459.3903095,41248.76106196913
CVaR95-L50,2025-08-06,54373.6971913282,0.0,54373.6971913282,1153.6256490416677,55527.322840369874,86071.53578200942,86071.53578200942,300.5338833333335,86372.06966534276,True,22789.370752469134,18459.3903095,41248.76106196913
CVaR95-L50,2025-08-07,53002.2284725843,0.0,53002.2284725843,959.0407461083352,53961.269218692636,84297.46553338575,84297.46553338575,301.24951666666664,84598.71505005241,True,21929.43289755452,17762.840647019162,39692.27354457368
CVaR95-L50,2025-08-08,53017.88743051039,0.0,53017.88743051039,0.0,53017.88743051039,84300.09419793729,84300.09419793729,0.0,84300.09419793729,False,21965.334819341562,17791.921203666665,39757.25602300823
CVaR95-L50,2025-08-09,52661.29673793889,0.0,52661.29673793889,0.0,52661.29673793889,83904.63671546624,83904.63671546624,0.0,83904.63671546624,False,21898.301914599277,17737.624550825414,39635.926465424694
CVaR95-L50,2025-08-10,52607.386719329166,0.0,52607.386719329166,338.48958114999607,52945.87630047916,83815.1072102102,83815.1072102102,128.41212250058334,83943.51933271078,True,21877.429060193263,17720.717538756544,39598.14659894981
CVaR95-L50,2025-08-11,52624.54011500144,0.0,52624.54011500144,1019.1669056666677,53643.7070206681,83847.83084295195,83847.83084295195,285.2357333333337,84133.06657628529,True,21881.385647029856,17723.92237409418,39605.30802112404
CVaR95-L50,2025-08-12,52636.09466876884,0.0,52636.09466876884,1124.2004275166664,53760.29509628551,83855.68483800317,83855.68483800317,244.76993333333326,84100.4547713365,True,21889.398975720163,17730.413170333333,39619.8121460535
CVaR95-L50,2025-08-13,52717.30259603978,0.0,52717.30259603978,1332.9130187083342,54050.215614748115,83950.87470738942,83950.87470738942,339.73056666666696,84290.60527405608,True,21889.398975720163,17730.413170333333,39619.8121460535
CVaR95-L50,2025-08-14,52646.52164246215,0.0,52646.52164246215,1528.414847350006,54174.93648981215,83871.10784749033,83871.10784749033,339.19230576403135,84210.30015325437,True,21888.388709373805,17729.594854592782,39617.98356396658
CVaR95-L50,2025-08-15,52660.666567035645,0.0,52660.666567035645,0.0,52660.666567035645,83894.15494810995,83894.15494810995,0.0,83894.15494810995,False,21884.433117884902,17726.39082548677,39610.82394337167
CVaR95-L50,2025-08-16,52619.91594806397,0.0,52619.91594806397,0.0,52619.91594806397,83834.92952544709,83834.92952544709,0.0,83834.92952544709,False,21888.811465432096,17729.937287,39618.7487524321
CVaR95-L50,2025-08-17,52534.200521523824,0.0,52534.200521523824,1759.772264950001,54293.97278647382,83740.59840512584,83740.59840512584,347.60603333333336,84088.20443845917,True,21904.893431935656,17742.963679867884,39647.85711180354
CVaR95-L50,2025-08-18,52532.432416928896,0.0,52532.432416928896,1591.004542975003,54123.4369599039,83713.93486235017,83713.93486235017,367.38581882048254,84081.32068117065,True,21918.733852263373,17754.17442033333,39672.9082725967
CVaR95-L50,2025-08-19,52553.11787845128,0.0,52553.11787845128,1888.7348247083328,54441.85270315962,83739.99804578052,83739.99804578052,366.74618693100115,84106.74423271153,True,21918.457937214065,17753.950929143393,39672.40886635746
CVaR95-L50,2025-08-20,52563.81326482094,0.0,52563.81326482094,3664.3190887875026,56228.132353608446,83749.02722618749,83749.02722618749,812.7591070841136,84561.78633327161,True,21918.733852263373,17754.17442033333,39672.9082725967
CVaR95-L50,2025-08-21,52585.8818942677,0.0,52585.8818942677,1129.0230542388858,53714.90494850659,83749.25146186666,83749.25146186666,212.85145314121428,83962.10291500787,True,21909.50490772217,17746.69897525496,39656.20388297713
CVaR95-L50,2025-08-22,52565.74156674949,0.0,52565.74156674949,0.0,52565.74156674949,83730.19710648549,83730.19710648549,0.0,83730.19710648549,False,21907.836093020425,17745.347235346548,39653.18332836697
CVaR95-L50,2025-08-23,52543.86567238638,0.0,52543.86567238638,0.0,52543.86567238638,83639.51345491727,83639.51345491727,0.0,83639.51345491727,False,21848.62475483732,17697.38605141823,39546.01080625555
CVaR95-L50,2025-08-24,52481.57243342021,0.0,52481.57243342021,1872.2045154749965,54353.7769488952,83517.08512644614,83517.08512644614,356.19755324166283,83873.2826796878,True,21836.64856279536,17687.68533586424,39524.3338986596
CVaR95-L50,2025-08-25,52497.605291829925,0.0,52497.605291829925,2703.3510119166613,55200.956303746585,83565.09942713124,83565.09942713124,695.5380467762795,84260.63747390751,True,22144.075148012816,17936.700869890385,40080.776017903205
CVaR95-L50,2025-08-26,52603.63527242825,0.0,52603.63527242825,1012.9246305416677,53616.559902969915,83706.75016849709,83706.75016849709,209.45915846093862,83916.20932695804,True,22182.915307548752,17968.16139911449,40151.07670666324
CVaR95-L50,2025-08-27,52695.19537599619,0.0,52695.19537599619,1659.474820491668,54354.67019648786,83806.68306560119,83806.68306560119,391.34575000000024,84198.02881560118,True,22196.324921461302,17979.02318638366,40175.34810784496
CVaR95-L50,2025-08-28,52615.93735530222,0.0,52615.93735530222,3138.7204023999902,55754.65775770221,83629.60547073491,83629.60547073491,760.1748079857886,84389.7802787207,True,22104.487394077307,17904.634789202617,40009.12218327992
CVaR95-L50,2025-08-29,52014.862237799374,0.0,52014.862237799374,0.0,52014.862237799374,82716.20589020409,82716.20589020409,0.0,82716.20589020409,False,21840.946989718992,17691.167061672386,39532.11405139138
CVaR95-L50,2025-08-30,51488.64839758213,0.0,51488.64839758213,0.0,51488.64839758213,81836.70080359901,81836.70080359901,0.0,81836.70080359901,False,22031.39118943124,17845.42686343931,39876.81805287055
CVaR95-L50,2025-08-31,50801.44731859272,0.0,50801.44731859272,2186.456493650002,52987.90381224272,80715.78604849067,80715.78604849067,532.0281666666672,81247.81421515734,True,21849.356521103997,17697.978782094244,39547.33530319824
CVaR95-L50,2025-09-01,50023.33243105521,0.0,50023.33243105521,0.0,50023.33243105521,79565.72163631747,79565.72163631747,0.0,79565.72163631747,False,21994.82868312757,17815.811233333334,39810.6399164609
CVaR95-L50,2025-09-02,50023.33243105521,0.0,50023.33243105521,58.65303238333474,50081.98546343855,79565.67607161604,79565.67607161604,19.5088833333337,79585.18495494936,True,21994.82868312757,17815.811233333334,39810.6399164609
CVaR95-L50,2025-09-03,50030.16349368596,0.0,50030.16349368596,9.92630713333328,50040.089800819296,79574.98087905272,79574.98087905272,3.4780333333333147,79578.45891238605,True,21994.82868312757,17815.811233333334,39810.6399164609
CVaR95-L50,2025-09-04,50038.11397304117,0.0,50038.11397304117,116.00053335833347,50154.1145063995,79594.14491995884,79594.14491995884,26.436583333333374,79620.58150329217,True,21993.984024166726,17815.127059575047,39809.11108374177
CVaR95-L50,2025-09-05,50007.430415118295,0.0,50007.430415118295,0.0,50007.430415118295,79535.05675319252,79535.05675319252,0.0,79535.05675319252,False,21995.430003292182,17816.298302666666,39811.72830595885
CVaR95-L50,2025-09-06,49954.989542306546,0.0,49954.989542306546,0.0,49954.989542306546,79454.85109772689,79454.85109772689,0.0,79454.85109772689,False,21995.430003292182,17816.298302666666,39811.72830595885
CVaR95-L50,2025-09-07,50186.684323461595,0.0,50186.684323461595,12.446417849999882,50199.130741311594,79670.02660257962,79670.02660257962,6.052233333333277,79676.07883591295,True,21839.04923209876,17689.629878,39528.67911009876
CVaR95-L50,2025-09-08,50153.70560043912,0.0,50153.70560043912,496.12649046666627,50649.83209090579,79619.36160159566,79619.36160159566,140.7432833333332,79760.104884929,True,21839.04923209876,17689.629878,39528.67911009876
CVaR95-L50,2025-09-09,50153.70560043912,0.0,50153.70560043912,12.65264439999956,50166.35824483912,79619.48158584902,79619.48158584902,2.9421333333332313,79622.42371918235,True,21839.04923209876,17689.629878,39528.67911009876
CVaR95-L50,2025-09-10,50153.55584585245,0.0,50153.55584585245,2593.1726850166633,52746.728530869106,79619.38513591872,79619.38513591872,642.1658166666659,80261.55095258538,True,21839.04923209876,17689.629878,39528.67911009876
CVaR95-L50,2025-09-11,50153.73957044219,0.0,50153.73957044219,64.16992876666637,50217.90949920885,79621.27964145935,79621.27964145935,17.07298333333324,79638.35262479268,True,21839.04923209876,17689.629878,39528.67911009876
CVaR95-L50,2025-09-12,50104.70206378984,0.0,50104.70206378984,0.0,50104.70206378984,79557.37383374621,79557.37383374621,0.0,79557.37383374621,False,21839.04923209876,17689.629878,39528.67911009876
CVaR95-L50,2025-09-13,50101.79235085449,0.0,50101.79235085449,0.0,50101.79235085449,79489.25091327955,79489.25091327955,0.0,79489.25091327955,False,21839.04923209876,17689.629878,39528.67911009876
CVaR95-L50,2025-09-14,50099.057916369515,0.0,50099.057916369515,537.2949027500006,50636.352819119515,79466.35038683965,79466.35038683965,147.74818333333354,79614.09857017298,True,21839.04923209876,17689.629878,39528.67911009876
CVaR95-L50,2025-09-15,50097.57664244497,0.0,50097.57664244497,2452.790369950004,52550.36701239497,79470.31115926354,79470.31115926354,605.0401469302335,80075.35130619377,True,21839.04923209876,17689.629878,39528.67911009876
CVaR95-L50,2025-09-16,50108.84068928424,0.0,50108.84068928424,588.7604920833334,50697.60118136757,79481.5823429742,79481.5823429742,143.68700000000004,79625.2693429742,True,21839.04923209876,17689.629878,39528.67911009876
CVaR95-L50,2025-09-17,50108.74418198424,0.0,50108.74418198424,1085.36307674167,51194.10725872591,79476.14358356221,79476.14358356221,251.28018670821956,79727.42377027043,True,21839.04923209876,17689.629878000003,39528.67911009876
CVaR95-L50,2025-09-18,50110.94654374424,0.0,50110.94654374424,939.2571413833346,51050.20368512758,79438.60157756848,79438.60157756848,213.29225000000025,79651.89382756848,True,21839.04923209876,17689.629878000003,39528.67911009876
CVaR95-L50,2025-09-19,50050.648509253086,0.0,50050.648509253086,0.0,50050.648509253086,79366.55582215186,79366.55582215186,0.0,79366.55582215186,False,21839.04923209876,17689.629878000003,39528.67911009876
CVaR95-L50,2025-09-20,50109.66505534258,0.0,50109.66505534258,0.0,50109.66505534258,79362.90468366038,79362.90468366038,0.0,79362.90468366038,False,21839.04923209876,17689.629878,39528.67911009876
CVaR95-L50,2025-09-21,49585.096235026445,0.0,49585.096235026445,1653.7960330166661,51238.89226804311,78608.50864520244,78608.50864520244,435.50118112750977,79044.00982632994,True,21854.268465432095,17701.957457,39556.225922432095
CVaR95-L50,2025-09-22,49740.26402546477,0.0,49740.26402546477,2401.2553791666624,52141.519404631435,78820.16569090533,78820.16569090533,543.5604586381544,79363.72614954348,True,21854.268465432095,17701.957457,39556.225922432095
CVaR95-L50,2025-09-23,49719.17169891381,0.0,49719.17169891381,3034.954545974993,52754.1262448888,78782.97615977938,78782.97615977938,741.3663370324582,79524.34249681185,True,21854.268465432095,17701.957456999997,39556.22592243209
CVaR95-L50,2025-09-24,49721.360031711774,0.0,49721.360031711774,5371.863918708338,55093.22395042011,78798.57138618287,78798.57138618287,1206.3566191875816,80004.92800537046,True,21854.268465432095,17701.957457,39556.225922432095
CVaR95-L50,2025-09-25,50374.01107437245,0.0,50374.01107437245,1595.9778591000004,51969.98893347245,79567.5249943635,79567.5249943635,393.31948333333344,79960.84447769684,True,21854.268465432095,17701.957456999997,39556.22592243209
CVaR95-L50,2025-09-26,48813.10814279403,0.0,48813.10814279403,0.0,48813.10814279403,77321.48763974258,77321.48763974258,0.0,77321.48763974258,False,21958.339197530862,17786.25475,39744.59394753086
CVaR95-L50,2025-09-27,48617.79147245655,0.0,48617.79147245655,0.0,48617.79147245655,76844.74281201832,76844.74281201832,0.0,76844.74281201832,False,21958.339197530862,17786.25475,39744.59394753086
CVaR95-L50,2025-09-28,47908.68833250681,0.0,47908.68833250681,5819.807269025003,53728.49560153182,75724.23860341315,75724.23860341315,1345.8101608193551,77070.0487642325,True,21651.12450617284,17537.41085,39188.53535617284
CVaR95-L50,2025-09-29,47431.57812445907,0.0,47431.57812445907,2835.6746231000016,50267.25274755907,74687.11213117078,74687.11213117078,691.6146333333337,75378.72676450411,True,21718.92934156378,17592.332766666666,39311.26210823045
CVaR95-L50,2025-09-30,47577.91303390238,0.0,47577.91303390238,9058.908964340228,56636.82199824261,74914.79375104335,74914.79375104335,2069.267460215432,76984.06121125878,True,21718.92934156378,17592.332766666666,39311.26210823045
CVaR95-L50,2025-10-01,48846.4620203309,0.0,48846.4620203309,194.41199518333406,49040.87401551424,76787.06122846539,76787.06122846539,45.79850000000022,76832.8597284654,True,22094.778117283953,17896.770274999995,39991.54839228395
CVaR95-L50,2025-10-02,44533.908607232166,0.0,44533.908607232166,339.15929170833283,44873.0678989405,71510.76441937187,71510.76441937187,117.35653333333312,71628.12095270521,True,22094.778117283953,17896.770275,39991.54839228395
CVaR95-L50,2025-10-03,44493.320168420054,0.0,44493.320168420054,0.0,44493.320168420054,71452.10381975867,71452.10381975867,0.0,71452.10381975867,False,22094.778117283953,17896.770274999995,39991.54839228395
CVaR95-L50,2025-10-04,44446.78123084517,0.0,44446.78123084517,0.0,44446.78123084517,71393.62512031793,71393.62512031793,0.0,71393.62512031793,False,22094.778117283953,17896.770275000003,39991.548392283956
CVaR95-L50,2025-10-05,44418.32606185175,0.0,44418.32606185175,585.9442230833331,45004.27028493508,71373.37325853074,71373.37325853074,170.41895,71543.79220853075,True,22094.778117283953,17896.770275000003,39991.548392283956
CVaR95-L50,2025-10-06,44360.455270164384,0.0,44360.455270164384,786.5816712583337,45147.03694142272,71315.34176840163,71315.34176840163,219.64825000000002,71534.99001840163,True,22099.398117283956,17900.512475000003,39999.91059228396
CVaR95-L50,2025-10-07,44402.61874563109,0.0,44402.61874563109,544.601411291665,44947.220156922755,71374.88972359619,71374.88972359619,169.05605115323095,71543.94577474942,True,22099.398117283956,17900.512475,39999.91059228395
CVaR95-L50,2025-10-08,44426.921981503205,0.0,44426.921981503205,2013.1985283374988,46440.1205098407,71410.49602768126,71410.49602768126,558.3429925713419,71968.8390202526,True,22099.398117283956,17900.512474999996,39999.91059228395
CVaR95-L50,2025-10-09,44431.5369447963,0.0,44431.5369447963,1418.361551283328,45849.89849607963,71413.07110024057,71413.07110024057,364.58312691547076,71777.65422715605,True,22099.398117283956,17900.512474999996,39999.91059228395
CVaR95-L50,2025-10-10,44452.02372932671,0.0,44452.02372932671,0.0,44452.02372932671,71433.90503516071,71433.90503516071,0.0,71433.90503516071,False,22099.398117283956,17900.512475,39999.91059228395
CVaR95-L50,2025-10-11,44430.58216792515,0.0,44430.58216792515,0.0,44430.58216792515,71404.72251821835,71404.72251821835,0.0,71404.72251821835,False,22099.398117283956,17900.512475,39999.91059228395
CVaR95-L50,2025-10-12,44308.119003744614,0.0,44308.119003744614,1515.7746482999992,45823.893652044615,71227.9876302428,71227.9876302428,394.1041999999998,71622.0918302428,True,22094.778117283953,17896.770274999995,39991.54839228395
CVaR95-L50,2025-10-13,44301.06099713176,0.0,44301.06099713176,962.6953275750002,45263.75632470676,71211.00915975179,71211.00915975179,237.22115000000008,71448.23030975179,True,22094.778117283953,17896.770274999995,39991.54839228395
CVaR95-L50,2025-10-14,44307.72904039048,0.0,44307.72904039048,3730.2316708666754,48037.960711257154,71225.73122673573,71225.73122673573,854.8201514192428,72080.55137815498,True,22094.778117283953,17896.770274999995,39991.54839228395
CVaR95-L50,2025-10-15,44299.640540410706,0.0,44299.640540410706,2414.670734399999,46714.31127481071,71167.04540702427,71167.04540702427,664.4839333333331,71831.5293403576,True,22055.728312757205,17865.139933333332,39920.86824609054
CVaR95-L50,2025-10-16,44306.12961341438,0.0,44306.12961341438,6802.757995141661,51108.88760855604,71180.7225966439,71180.7225966439,1679.0358112760196,72859.75840791992,True,22055.7283127572,17865.139933333332,39920.86824609053
CVaR95-L50,2025-10-17,44878.84192683401,0.0,44878.84192683401,0.0,44878.84192683401,71922.54898919092,71922.54898919092,0.0,71922.54898919092,False,22145.22475308642,17937.632049999997,40082.85680308641
CVaR95-L50,2025-10-18,44518.168450179415,0.0,44518.168450179415,0.0,44518.168450179415,71415.55740553778,71415.55740553778,0.0,71415.55740553778,False,22145.22475308641,17937.63205,40082.85680308641
CVaR95-L50,2025-10-19,44448.27744941358,0.0,44448.27744941358,5941.151685983334,50389.42913539692,71315.1322684247,71315.1322684247,1469.4802397331848,72784.61250815788,True,22145.22475308642,17937.632049999997,40082.85680308641
CVaR95-L50,2025-10-20,44778.72974507282,0.0,44778.72974507282,7237.070317091666,52015.80006216449,71779.05650006117,71779.05650006117,1581.122371312812,73360.17887137398,True,22362.006049382715,18113.224899999997,40475.23094938271
CVaR95-L50,2025-10-21,44733.464615138146,0.0,44733.464615138146,7701.6975432499985,52435.16215838814,71743.93751586202,71743.93751586202,2340.192984149582,74084.13050001161,True,22258.40211849402,18029.305715980154,40287.707834474175
CVaR95-L50,2025-10-22,45466.83088526901,0.0,45466.83088526901,7192.907292066664,52659.738177335676,72843.29903402488,72843.29903402488,1758.9530957994493,74602.25212982432,True,22330.14123688535,18087.414401877133,40417.55563876248
CVaR95-L50,2025-10-23,45646.3092903684,0.0,45646.3092903684,1510.5120890083435,47156.82137937674,73136.30873498468,73136.30873498468,441.08558386082694,73577.3943188455,True,22566.29763309362,18278.70108280584,40844.99871589946
CVaR95-L50,2025-10-24,45715.3682346743,0.0,45715.3682346743,0.0,45715.3682346743,73217.78906766613,73217.78906766613,0.0,73217.78906766613,False,22603.641056239543,18308.949255554035,40912.59031179358
CVaR95-L50,2025-10-25,45483.401419061396,0.0,45483.401419061396,0.0,45483.401419061396,73025.84738782956,73025.84738782956,0.0,73025.84738782956,False,22478.860808901623,18207.87725521032,40686.73806411194
CVaR95-L50,2025-10-26,45415.94157330642,0.0,45415.94157330642,2251.226401783334,47667.16797508976,72967.7982827569,72967.7982827569,651.5405166666667,73619.33879942357,True,22442.75771330618,18178.633747778003,40621.39146108418
CVaR95-L50,2025-10-27,45415.0041229529,0.0,45415.0041229529,5490.608023475002,50905.612146427906,72925.11889674382,72925.11889674382,1363.0458500000004,74288.16474674382,True,22541.24890115653,18258.411609936793,40799.66051109332
CVaR95-L50,2025-10-28,45449.97895322755,0.0,45449.97895322755,6260.270843533324,51710.24979676088,72931.02939270457,72931.02939270457,1543.196427009945,74474.22581971451,True,22562.768621399176,18275.84258333333,40838.61120473251
CVaR95-L50,2025-10-29,45836.580349028234,0.0,45836.580349028234,10762.693797991655,56599.27414701989,73400.74033899253,73400.74033899253,2921.8922171328322,76322.63255612536,True,22533.010300737504,18251.73834359738,40784.74864433488
CVaR95-L50,2025-10-30,47126.81052997068,0.0,47126.81052997068,2457.8395846083313,49584.65011457901,75356.24418482749,75356.24418482749,590.3763499999995,75946.6205348275,True,23183.714938271605,18778.8091,41962.5240382716
CVaR95-L50,2025-10-31,47555.114906405644,0.0,47555.114906405644,0.0,47555.114906405644,75726.12536167618,75726.12536167618,0.0,75726.12536167618,False,23227.79541095956,18814.514282877244,42042.3096938368
CVaR95-L50,2025-11-01,45988.19376962751,0.0,45988.19376962751,0.0,45988.19376962751,74376.97075296941,74376.97075296941,0.0,74376.97075296941,False,23243.49364197531,18827.22985,42070.72349197531
CVaR95-L50,2025-11-02,45980.45178556847,0.0,45980.45178556847,4694.013569391664,50674.465354960135,74359.51594388101,74359.51594388101,1225.3810405741028,75584.89698445512,True,23243.49364197531,18827.22985,42070.72349197531
CVaR95-L50,2025-11-03,46629.868813767855,0.0,46629.868813767855,4406.893043358332,51036.761857126185,75273.48571754235,75273.48571754235,1527.4130596379514,76800.89877718031,True,23350.609032921813,18913.993316666667,42264.60234958848
CVaR95-L50,2025-11-04,46627.25358495051,0.0,46627.25358495051,2245.602934016663,48872.85651896717,75525.31342363075,75525.31342363075,580.1448791109963,76105.45830274175,True,23255.536543209877,18836.9846,42092.52114320987
CVaR95-L50,2025-11-05,46697.13711098267,0.0,46697.13711098267,4295.581013841668,50992.71812482434,75611.00231241007,75611.00231241007,1077.7218616899227,76688.72417409999,True,23255.53654320988,18836.9846,42092.52114320988
CVaR95-L50,2025-11-06,46870.07273125722,0.0,46870.07273125722,9881.144736808325,56751.217468065544,75832.84796877159,75832.84796877159,2317.7185614929926,78150.56653026458,True,23353.08109053498,18915.995683333334,42269.07677386831
CVaR95-L50,2025-11-07,48125.52634343939,0.0,48125.52634343939,0.0,48125.52634343939,77390.46173951647,77390.46173951647,0.0,77390.46173951647,False,23293.634242363463,18867.843736314404,42161.47797867787
CVaR95-L50,2025-11-08,48122.98973408062,0.0,48122.98973408062,0.0,48122.98973408062,77377.05178272436,77377.05178272436,0.0,77377.05178272436,False,23293.03146253877,18867.3554846564,42160.38694719517
CVaR95-L50,2025-11-09,48098.03566358046,0.0,48098.03566358046,5566.820486274997,53664.856149855455,77348.12533768709,77348.12533768709,1446.798708673165,78794.92404636025,True,23281.59522751211,18858.09213428481,42139.68736179692
CVaR95-L50,2025-11-10,48848.616832340005,0.0,48848.616832340005,6454.582634658332,55303.19946699834,78372.43371737123,78372.43371737123,1899.8534494895641,80272.28716686078,True,23376.492583333333,18934.958992499996,42311.45157583333
CVaR95-L50,2025-11-11,49360.066230245146,0.0,49360.066230245146,1681.5105268499988,51041.57675709514,79183.53091116797,79183.53091116797,442.02089999999987,79625.55181116797,True,23325.280816666665,18893.4774615,42218.758278166664
CVaR95-L50,2025-11-12,49373.85632894137,0.0,49373.85632894137,2152.710446349998,51526.56677529137,79188.95783457093,79188.95783457093,473.1511666666661,79662.1090012376,True,23327.907333333333,18895.604939999997,42223.51227333333
CVaR95-L50,2025-11-13,49373.83863297997,0.0,49373.83863297997,4376.103540758332,53749.9421737383,79149.14354683761,79149.14354683761,1162.4014999999995,80311.54504683761,True,23325.280816666665,18893.4774615,42218.758278166664
CVaR95-L50,2025-11-14,49928.22895846676,0.0,49928.22895846676,0.0,49928.22895846676,79888.08087865425,79888.08087865425,0.0,79888.08087865425,False,23355.897414197527,18918.276905500003,42274.17431969753
CVaR95-L50,2025-11-15,49928.08346507044,0.0,49928.08346507044,0.0,49928.08346507044,79881.44359725155,79881.44359725155,0.0,79881.44359725155,False,23355.897414197527,18918.276905500003,42274.17431969753
CVaR95-L50,2025-11-16,49916.68704466945,0.0,49916.68704466945,7069.356255591674,56986.043300261124,79865.69261213747,79865.69261213747,1809.4000124136455,81675.09262455112,True,23355.897414197527,18918.2769055,42274.17431969753
CVaR95-L50,2025-11-17,50471.28355578999,0.0,50471.28355578999,2176.0680352083255,52647.35159099831,80493.6115705733,80493.6115705733,545.7790491973511,81039.39061977065,True,23357.218967078188,18919.347363333334,42276.56633041152
CVaR95-L50,2025-11-18,50435.76945127788,0.0,50435.76945127788,5564.001640583335,55999.77109186122,80485.9148220965,80485.9148220965,1592.014085077985,82077.92890717449,True,23278.379249999998,18855.487192499997,42133.866442499995
CVaR95-L50,2025-11-19,50981.733670222355,0.0,50981.733670222355,3707.749397533331,54689.48306775569,81375.40983083277,81375.40983083277,940.2787477370159,82315.68857856978,True,23545.977839506173,19072.24205,42618.219889506174
CVaR95-L50,2025-11-20,51090.922051479036,0.0,51090.922051479036,3535.1227838000023,54626.04483527904,81555.14690960056,81555.14690960056,879.5519000000004,82434.69880960057,True,23545.511913580245,19071.86465,42617.37656358024
CVaR95-L50,2025-11-21,51312.29852208217,0.0,51312.29852208217,0.0,51312.29852208217,81820.01042590966,81820.01042590966,0.0,81820.01042590966,False,23571.05639917696,19092.555683333332,42663.61208251029
CVaR95-L50,2025-11-22,51308.15413911401,0.0,51308.15413911401,0.0,51308.15413911401,81812.64953960349,81812.64953960349,0.0,81812.64953960349,False,23572.599993548618,19093.80599477438,42666.40598832299
CVaR95-L50,2025-11-23,51301.73917461363,0.0,51301.73917461363,6202.514466125002,57504.25364073863,81803.13962061514,81803.13962061514,1505.9994204958266,83309.13904111096,True,23571.05639917696,19092.555683333332,42663.61208251029
CVaR95-L50,2025-11-24,51967.61531314744,0.0,51967.61531314744,2549.065146591666,54516.68045973911,82664.8645269002,82664.8645269002,677.5382269731834,83342.40275387338,True,23871.34560703308,19335.789941696792,43207.13554872987
CVaR95-L50,2025-11-25,52134.93094249475,0.0,52134.93094249475,3159.6019118333356,55294.532854328085,82883.5160407253,82883.5160407253,825.0873419830417,83708.60338270834,True,23875.728779630474,19339.34031150068,43215.069091131154
CVaR95-L50,2025-11-26,51963.09581550208,0.0,51963.09581550208,4239.004348908334,56202.10016441041,82600.01677496503,82600.01677496503,1206.244242905716,83806.26101787074,True,23757.369938271604,19243.46965,43000.8395882716
CVaR95-L50,2025-11-27,52330.33065168378,0.0,52330.33065168378,3308.377796233337,55638.70844791712,83156.4250722074,83156.4250722074,807.2556308035364,83963.68070301095,True,23845.90897968913,19315.1862735482,43161.095253237334
CVaR95-L50,2025-11-28,52398.847240535266,0.0,52398.847240535266,0.0,52398.847240535266,83233.40864091703,83233.40864091703,0.0,83233.40864091703,False,23987.34487973244,19429.74935258328,43417.09423231572
CVaR95-L50,2025-11-29,52391.259812129676,0.0,52391.259812129676,0.0,52391.259812129676,83222.46747614621,83222.46747614621,0.0,83222.46747614621,False,23986.543186120296,19429.09998075744,43415.64316687774
CVaR95-L50,2025-11-30,52356.7613421275,0.0,52356.7613421275,10652.323318383333,63009.08466051084,83164.32439550685,83164.32439550685,3000.143533059823,86164.46792856666,True,23975.368241281016,19420.048275437624,43395.416516718644
CVaR95-L50,2025-12-01,54131.39108516062,0.0,54131.39108516062,23112.690023208335,77244.08110836896,85699.40880557215,85699.40880557215,6227.214601186914,91926.62340675907,True,24760.15905349794,20055.728833333327,44815.88788683127
CVaR95-L50,2025-12-02,58261.818961125,0.0,58261.818961125,11678.00550124167,69939.82446236667,91308.20104256476,91308.20104256476,3279.694878527036,94587.8959210918,True,24833.333333333332,20115.0,44948.33333333333
CVaR95-L50,2025-12-03,60366.09551945863,0.0,60366.09551945863,4321.107102508338,64687.202621966964,94243.81952940415,94243.81952940415,1494.3789393613358,95738.19846876549,True,24982.954176954736,20236.192883333333,45219.14706028807
CVaR95-L50,2025-12-04,60315.37218774705,0.0,60315.37218774705,4766.326828550001,65081.699016297054,94084.11790657551,94084.11790657551,1257.3643333333332,95341.48223990884,True,25121.638353909464,20348.52706666667,45470.16542057613
CVaR95-L50,2025-12-05,59697.74947025096,0.0,59697.74947025096,0.0,59697.74947025096,93461.2771996004,93461.2771996004,0.0,93461.2771996004,False,25083.418847736626,20317.569266666665,45400.98811440329
CVaR95-L50,2025-12-06,59697.2180640422,0.0,59697.2180640422,0.0,59697.2180640422,93460.70533063183,93460.70533063183,0.0,93460.70533063183,False,25083.418847736626,20317.569266666665,45400.98811440329
CVaR95-L50,2025-12-07,59697.2180640422,0.0,59697.2180640422,4943.789058625001,64641.0071226672,93460.70533063183,93460.70533063183,1310.4052600393707,94771.1105906712,True,25083.418847736626,20317.569266666665,45400.98811440329
CVaR95-L50,2025-12-08,59986.89509679819,0.0,59986.89509679819,4877.632959750003,64864.52805654819,93881.0647423887,93881.0647423887,1376.6885056908345,95257.75324807953,True,25077.11016637398,20312.459234762926,45389.569401136905
CVaR95-L50,2025-12-09,60145.50570085793,0.0,60145.50570085793,4741.539147466669,64887.0448483246,94127.99410370423,94127.99410370423,1068.1249330678538,95196.11903677208,True,25071.21282371862,20307.68238721208,45378.8952109307
CVaR95-L50,2025-12-10,60444.73621264503,0.0,60444.73621264503,5234.010748016672,65678.74696066171,94456.90360474562,94456.90360474562,1549.996233982621,96006.89983872823,True,25217.184341563785,20425.919316666666,45643.10365823045
CVaR95-L50,2025-12-11,60602.22820768932,0.0,60602.22820768932,1363.110488791665,61965.33869648098,94790.48946142063,94790.48946142063,464.21653051381986,95254.70599193445,True,25166.228209876543,20384.64485,45550.87305987654
CVaR95-L50,2025-12-12,60640.16682330931,0.0,60640.16682330931,0.0,60640.16682330931,94844.03601390775,94844.03601390775,0.0,94844.03601390775,False,25166.228209876543,20384.64485,45550.87305987654
CVaR95-L50,2025-12-13,60635.97032231932,0.0,60635.97032231932,0.0,60635.97032231932,94841.22102679487,94841.22102679487,0.0,94841.22102679487,False,25166.228209876543,20384.644850000004,45550.87305987655
CVaR95-L50,2025-12-14,60635.70833958845,0.0,60635.70833958845,3619.009678249995,64254.718017838444,94841.04362077487,94841.04362077487,1010.3399753272471,95851.38359610213,True,25166.228209876543,20384.644850000004,45550.87305987655
CVaR95-L50,2025-12-15,60706.83239600605,0.0,60706.83239600605,5071.622013069451,65778.45440907551,94867.88346323042,94867.88346323042,1615.3014802515831,96483.184943482,True,25187.07855384177,20401.533628611836,45588.61218245361
CVaR95-L50,2025-12-16,60914.764436772806,0.0,60914.764436772806,3728.1009493833308,64642.86538615614,95291.17520017861,95291.17520017861,1069.2128672504064,96360.38806742901,True,25165.482037037036,20384.04045,45549.52248703704
CVaR95-L50,2025-12-17,61067.648479211755,0.0,61067.648479211755,1807.2804847166653,62874.92896392842,95569.5440436246,95569.5440436246,558.3621863065622,96127.90622993116,True,25162.771106000633,20381.84459586051,45544.61570186114
CVaR95-L50,2025-12-18,61114.81079623421,0.0,61114.81079623421,2134.4363770333384,63249.24717326755,95647.92007758256,95647.92007758256,641.0214223832915,96288.94149996585,True,25163.70942725994,20382.604636080552,45546.31406334049
CVaR95-L50,2025-12-19,61175.39841340159,0.0,61175.39841340159,0.0,61175.39841340159,95709.68278676747,95709.68278676747,0.0,95709.68278676747,False,25175.092119341563,20391.824616666665,45566.91673600823
CVaR95-L50,2025-12-20,61172.686852497645,0.0,61172.686852497645,0.0,61172.686852497645,95707.24958145162,95707.24958145162,0.0,95707.24958145162,False,25175.092119341563,20391.82461666667,45566.916736008236
CVaR95-L50,2025-12-21,61162.19797842298,0.0,61162.19797842298,3745.6767442333353,64907.874722656314,95698.1434573978,95698.1434573978,1152.1854387296712,96850.32889612748,True,25175.092119341563,20391.824616666672,45566.916736008236
CVaR95-L50,2025-12-22,61182.64970407698,0.0,61182.64970407698,2768.267236100004,63950.91694017699,95728.84964744601,95728.84964744601,736.6462666666675,96465.49591411267,True,25136.532962962963,20360.5917,45497.12466296296
CVaR95-L50,2025-12-23,61308.27896440139,0.0,61308.27896440139,919.4919890250054,62227.77095342639,95893.94928549044,95893.94928549044,227.31614607487097,96121.2654315653,True,25162.678311070402,20381.769431967026,45544.447743037425
CVaR95-L50,2025-12-24,61323.724404237786,0.0,61323.724404237786,2153.16687836666,63476.89128260445,95911.55805309222,95911.55805309222,552.6883280195573,96464.24638111178,True,25164.18682194424,20382.991325774838,45547.17814771908
CVaR95-L50,2025-12-25,61345.080954826255,0.0,61345.080954826255,1824.6732627583388,63169.754217584596,95931.99169790384,95931.99169790384,579.1604626675478,96511.1521605714,True,25175.262823521713,20391.96288705259,45567.225710574305
CVaR95-L50,2025-12-26,61360.70614036129,0.0,61360.70614036129,0.0,61360.70614036129,95965.72498944815,95965.72498944815,0.0,95965.72498944815,False,25175.720837186473,20392.333878121044,45568.05471530752
CVaR95-L50,2025-12-27,61363.89444343593,0.0,61363.89444343593,0.0,61363.89444343593,95970.91951278943,95970.91951278943,0.0,95970.91951278943,False,25177.27596869206,20393.59353464057,45570.86950333264
CVaR95-L50,2025-12-28,61363.89444343593,0.0,61363.89444343593,1284.367941354164,62648.26238479009,95970.91951278943,95970.91951278943,311.86337802839853,96282.78289081783,True,25177.27596869206,20393.59353464057,45570.86950333264
CVaR95-L50,2025-12-29,61389.78712323998,0.0,61389.78712323998,1650.674984891668,63040.46210813164,96014.45913982653,96014.45913982653,482.4640087106095,96496.92314853714,True,25173.23291105686,20390.318657956057,45563.55156901292
CVaR95-L50,2025-12-30,61416.824448624226,0.0,61416.824448624226,874.2860835333383,62291.11053215757,96065.36624056842,96065.36624056842,200.06030339344898,96265.42654396186,True,25179.24326068173,20395.187041152203,45574.430301833934
CVaR95-L50,2025-12-31,61443.3237618392,0.0,61443.3237618392,2172.353179716665,63615.67694155587,96100.8608353516,96100.8608353516,610.5065499999997,96711.36738535161,True,25188.638927500935,20402.797531275763,45591.4364587767
SAA-MPC,2025-02-01,59395.01843862276,-976.3704130617748,58418.648025560986,0.0,58418.648025560986,93429.28859569615,90170.67618579663,0.0,90170.67618579663,False,24474.49093599108,19824.337658152777,44298.82859414386
SAA-MPC,2025-02-02,58750.41665189426,-797.8143122859091,57952.60233960835,85.85586733194467,58038.45820694029,93013.98304266117,90604.95297030365,13.789651388888956,90618.74262169254,True,24727.391308762002,20029.18696009722,44756.57826885922
SAA-MPC,2025-02-03,60470.27568131819,-1700.816263378062,58769.45941794013,662.6321263166667,59432.0915442568,95562.53238888888,90804.17765593278,145.0575666666666,90949.23522259945,True,24528.80961591221,19868.335788888886,44397.14540480109
SAA-MPC,2025-02-04,62395.5796822361,-1652.8651329799334,60742.71454925617,245.02853587638936,60987.743085132555,97679.91239583332,93284.39318235597,74.05790972222232,93358.45109207819,True,25064.090159465017,20301.913029166666,45366.00318863169
SAA-MPC,2025-02-05,58761.72436063056,-229.93125336875715,58531.7931072618,112.13879798472357,58643.93190524652,92742.84375982509,91928.62392637173,24.201163888889084,91952.82509026062,True,24452.991406035664,19806.92303888889,44259.91444492455
SAA-MPC,2025-02-06,62633.72605929402,-2471.3541309914563,60162.371928302564,105.75077096249994,60268.12269926506,98267.08830138888,91719.06337222221,19.80902916666662,91738.87240138887,True,24833.333333333332,20115.0,44948.33333333333
SAA-MPC,2025-02-07,59972.692875450666,-1575.9451794603021,58396.747695990365,0.0,58396.747695990365,94385.3950288923,89899.31591114539,0.0,89899.31591114539,False,24189.64790294924,19593.61480138889,43783.26270433813
SAA-MPC,2025-02-08,53672.87581746682,1186.704137272469,54859.57995473929,0.0,54859.57995473929,86001.55528223576,87069.76657932648,0.0,87069.76657932648,False,24529.604050548696,19868.979280944444,44398.58333149314
SAA-MPC,2025-02-09,59036.70783862444,-382.8163095314525,58653.89152909299,54.49400806249938,58708.38553715549,93405.08508194443,92365.72532232903,11.187437499999874,92376.91275982904,True,24363.933874982846,19734.78643873611,44098.72031371896
SAA-MPC,2025-02-10,55678.15593494472,-151.55009239202604,55526.60584255269,526.8229431951386,56053.428785747834,88767.52914999999,84481.78809814455,155.9196027777777,84637.70770092233,True,24045.85935426955,19477.146076958332,43523.00543122788
SAA-MPC,2025-02-11,56695.34691189259,-1629.1945120417913,55066.152399850806,74.868913521529,55141.02131337234,89682.09669125514,85502.49807938957,24.52791388888908,85527.02599327845,True,23927.58878772291,19381.346918055555,43308.935705778465
SAA-MPC,2025-02-12,56505.9492984968,-1577.727178268744,54928.222120228056,153.11888935821463,55081.34100958627,89814.88468055555,85307.13506980453,28.202454458334614,85335.33752426287,True,23796.05298230453,19274.802915666663,43070.855897971196
SAA-MPC,2025-02-13,52353.97471950027,-695.2052013931755,51658.769518107096,289.25946407291815,51948.02898218001,84346.8667236111,81547.80963755914,58.11487361111134,81605.92451117025,True,23299.017843878595,18872.204453541664,42171.22229742026
SAA-MPC,2025-02-14,54108.225898860124,86.18597383588636,54194.41187269601,0.0,54194.41187269601,86884.20855190328,85753.76184198611,0.0,85753.76184198611,False,23088.55084722222,18701.72618625,41790.27703347222
SAA-MPC,2025-02-15,54966.396657073456,-1481.737944291203,53484.65871278225,0.0,53484.65871278225,88290.5040494513,83777.32752250598,0.0,83777.32752250598,False,23462.19740368655,19004.379896986105,42466.57730067265
SAA-MPC,2025-02-16,56350.59278370708,-2153.6483130553056,54196.944470651775,1012.2823372569414,55209.226807908715,89877.46801388887,83784.58734904166,268.18470555555484,84052.77205459721,True,23063.174623611114,18681.171445125,41744.346068736115
SAA-MPC,2025-02-17,55275.42614698615,-2485.867063321464,52789.55908366469,611.0675731263866,53400.62665679107,88958.54734994855,81115.43587779491,139.80606388888833,81255.2419416838,True,22475.023998628254,18204.76943888889,40679.793437517146
SAA-MPC,2025-02-18,49758.786033814285,990.6080832218369,50749.39411703612,1294.3861127861069,52043.78022982223,80233.65361973594,81480.23513553172,294.5529736111102,81774.78810914283,True,23453.264414591897,18997.144175819438,42450.40859041133
SAA-MPC,2025-02-19,50128.41726120714,412.729895305971,50541.147156513114,1303.6002305062557,51844.74738701937,80714.37768411916,81010.8734148462,326.18348194444565,81337.05689679064,True,23310.37323924897,18881.402323791663,42191.77556304063
SAA-MPC,2025-02-20,51333.96486079221,59.876915624612934,51393.841776416826,1184.8409703361253,52578.68274675295,83279.41539027778,81076.06427087808,240.7872722222242,81316.8515431003,True,22663.59739058642,18357.513886375003,41021.11127696143
SAA-MPC,2025-02-21,50313.39229082767,900.5163720196189,51213.908662847294,0.0,51213.908662847294,81369.59173940329,81414.27522693758,0.0,81414.27522693758,False,22773.436925548696,18446.48390969445,41219.920835243145
SAA-MPC,2025-02-22,51237.133080496904,13.033869563940357,51250.16695006085,0.0,51250.16695006085,82807.39319058642,82066.74628057887,0.0,82066.74628057887,False,23240.47714924554,18824.786490888888,42065.26364013443
SAA-MPC,2025-02-23,50182.815213086986,-638.5044822156254,49544.31073087136,1717.6934188715272,51262.00414974288,81437.41613174707,79489.17841264558,492.12760555555553,79981.30601820112,True,23457.37003053841,19000.46972473611,42457.83975527452
SAA-MPC,2025-02-24,48302.9413039102,880.2881453889092,49183.229449299106,1183.8444806708344,50367.07392996994,77723.81582933813,78754.51544948558,230.2336250000003,78984.74907448557,True,22857.56085365226,18514.624291458334,41372.18514511059
SAA-MPC,2025-02-25,49488.6424565491,-1512.3485274846091,47976.29392906449,919.828449479867,48896.12237854436,80392.9759449861,75375.99432108333,213.7383486111122,75589.73266969444,True,22296.378961111106,18060.0669585,40356.445919611106
SAA-MPC,2025-02-26,45027.442761471946,2116.8532772014714,47144.29603867342,1839.3649627236068,48983.66100139703,73882.11549657065,76139.3340252915,442.3785041666656,76581.71252945816,True,22925.335044735944,18569.521386236112,41494.85643097205
SAA-MPC,2025-02-27,46137.80373944654,411.0449674814872,46548.84870692803,1633.9793631208286,48182.82807004886,75308.9164026406,75207.2567792181,338.8922638888878,75546.149043107,True,23151.820084773666,18752.974268666665,41904.79435344033
SAA-MPC,2025-02-28,46057.357868489285,1305.1229980804446,47362.48086656973,0.0,47362.48086656973,75524.92967674896,76806.91898129287,0.0,76806.91898129287,False,23110.67811093964,18719.64926986112,41830.32738080076
SAA-MPC,2025-03-01,53538.95427258208,-1913.2203215446684,51625.73395103741,0.0,51625.73395103741,85843.77428271604,79061.60548425221,0.0,79061.60548425221,False,23400.934748988337,18954.757146680557,42355.69189566889
SAA-MPC,2025-03-02,51336.141206940505,1168.4643799596463,52504.60558690015,1354.3381044604066,53858.94369136056,83044.5713120377,83777.46625668724,265.4243902777762,84042.89064696502,True,24778.834845679008,20070.856225000003,44849.69107067901
SAA-MPC,2025-03-03,52357.21259632244,-146.66462339398777,52210.54797292845,1940.476071795133,54151.024044723585,84771.50518931754,81417.0572545439,409.8113388888878,81826.8685934328,True,23485.15741426612,19022.97750555555,42508.13491982167
SAA-MPC,2025-03-04,46683.85452413651,1808.2905300733687,48492.145054209876,2450.3924621250026,50942.53751633488,75940.61318621399,77788.35926380589,705.4339902777785,78493.79325408366,True,22948.587163305892,18588.355602277778,41536.94276558367
SAA-MPC,2025-03-05,49019.97667418915,-1027.0801102075106,47992.89656398164,1100.1593312923178,49093.05589527395,79791.13168575102,76426.92259943415,251.2034255833373,76678.1260250175,True,23064.455709156377,18682.209124416662,41746.66483357304
SAA-MPC,2025-03-06,45793.33100176396,596.1227377285951,46389.45373949256,1080.5549343943326,47470.00867388689,75133.27603170439,75521.07369859397,251.51623362500118,75772.58993221898,True,23432.865944427296,18980.62141498611,42413.48735941341
SAA-MPC,2025-03-07,49925.33451632256,-1392.7287391460331,48532.605777176526,0.0,48532.605777176526,80780.17255865209,76809.35650978377,0.0,76809.35650978377,False,23715.72029535322,19209.73343923612,42925.45373458934
SAA-MPC,2025-03-08,45277.808822833715,801.0914096767335,46078.900232510445,0.0,46078.900232510445,74584.90752095832,74698.32740051439,0.0,74698.32740051439,False,22982.74851718107,18616.026298916666,41598.774816097735
SAA-MPC,2025-03-09,47915.24272755087,-779.3980866619029,47135.844640888965,1526.2296972472213,48662.07433813618,78726.83741445473,73149.59969677126,328.6005124999997,73478.20020927125,True,23195.312544410146,18788.203160972218,41983.515705382364
SAA-MPC,2025-03-10,45694.439071622764,1231.2661302056777,46925.705201828445,1664.753623445834,48590.458825274276,75556.90248144718,76610.30791218055,450.75297083333373,77061.06088301388,True,23286.418272222218,18861.998800499998,42148.417072722215
SAA-MPC,2025-03-11,41154.20600928577,6228.404038366063,47382.61004765183,1294.950561279165,48677.560608930995,67445.78799300411,73519.00938355058,312.4431541666662,73831.45253771725,True,21978.995702897806,17802.98651934722,39781.98222224503
SAA-MPC,2025-03-12,47072.643559517805,-883.4451328040195,46189.19842671379,1000.1222078493095,47189.3206345631,77094.27813489368,71847.2854365415,271.5042375000006,72118.7896740415,True,22031.653379458163,17845.639237361112,39877.29261681928
SAA-MPC,2025-03-13,46932.613143723946,904.3823238468352,47836.99546757078,1530.5562928062513,49367.55176037703,77235.24039634773,77889.24265655008,352.0168375000005,78241.25949405009,True,22603.255714283263,18308.63712856944,40911.8928428527
SAA-MPC,2025-03-14,42582.074433641945,974.8647206259016,43556.93915426785,0.0,43556.93915426785,69945.92924377572,70410.78955646999,0.0,70410.78955646999,False,22350.784317678328,18104.135297319448,40454.91961499778
SAA-MPC,2025-03-15,46223.971102382086,2787.334589659042,49011.305692041125,19.356026666666803,49030.66171870779,76322.13890694444,77219.68460559774,9.053333333333399,77228.73793893107,True,22812.059978292178,18477.768582416662,41289.82856070884
SAA-MPC,2025-03-16,45111.90710272442,369.36352386836893,45481.27062659279,881.1149323326356,46362.38555892543,73848.90551299724,73492.83256680556,207.9710791666658,73700.80364597224,True,22758.550243055553,18434.425696875,41192.975939930555
SAA-MPC,2025-03-17,41452.52690656767,-136.76980855690385,41315.75709801076,2016.058892314586,43331.81599032535,69483.16628336042,66016.53532686179,469.84203194444495,66486.37735880623,True,21475.065176611795,17394.802793055555,38869.86796966735
SAA-MPC,2025-03-18,47794.13632616624,-1688.768522529626,46105.36780363662,421.54472833194563,46526.91253196856,77960.13295833333,72260.13360757852,127.97163888888917,72388.10524646741,True,22178.558460939646,17964.63235336111,40143.19081430076
SAA-MPC,2025-03-19,39569.21747725693,3770.280335002299,43339.49781225923,1515.1911478930483,44854.68896015228,65028.111678772286,68778.677885631,571.6218124999982,69350.299698131,True,22161.308177297666,17950.659623611107,40111.96780090877
SAA-MPC,2025-03-20,44712.58691134697,-1279.9466358142308,43432.640275532736,4610.473000330562,48043.113275863296,73413.45432347392,68090.06683018673,1217.3716527777792,69307.4384829645,True,21656.486160339504,17541.753789875,39198.239950214505
SAA-MPC,2025-03-21,42813.49560244485,-1482.3655160098867,41331.13008643496,0.0,41331.13008643496,71224.7246241706,65080.03849881686,0.0,65080.03849881686,False,21545.21465020576,17451.623866666665,38996.83851687242
SAA-MPC,2025-03-22,45017.12890273389,-794.1677040137563,44222.961198720135,19.409476666666755,44242.3706753868,73697.9483563443,70476.24716786694,9.078333333333376,70485.32550120028,True,22896.588517866938,18546.236699472218,41442.82521733915
SAA-MPC,2025-03-23,45109.31601797122,-1512.2423338701376,43597.07368410108,1206.0186953666712,44803.09237946775,74106.61468137859,69894.12807806926,265.8030069444451,70159.93108501371,True,22045.96853223593,17857.23451111111,39903.203043347035
SAA-MPC,2025-03-24,42025.367988600156,-95.42542122383125,41929.942567376325,803.7578256180557,42733.70039299438,69821.60133141288,67694.78557297942,289.35278055555546,67984.13835353497,True,22041.925457201643,17853.95962033333,39895.88507753497
SAA-MPC,2025-03-25,46948.23656421999,-2692.2170567520775,44256.01950746791,2156.878942669559,46412.898450137465,77048.39567949245,68376.36173199589,544.3677637638895,68920.72949575978,True,21724.49961949588,17596.844691791666,39321.34431128755
SAA-MPC,2025-03-26,40612.20439221275,-564.771339829079,40047.43305238367,991.4273440708301,41038.8603964545,67170.62047189643,64600.350167986966,282.4780458333328,64882.8282138203,True,21526.78886659808,17436.698981944442,38963.48784854252
SAA-MPC,2025-03-27,42686.15192227504,-854.1583502450934,41831.99357202995,2277.9884340374983,44109.98200606745,70422.60704269547,66254.37323846022,616.8126388888886,66871.18587734911,True,21599.006423182444,17495.195202777777,39094.201625960224
SAA-MPC,2025-03-28,41568.56711670125,-739.9007043446549,40828.66641235659,0.0,40828.66641235659,68377.01879999999,65183.840891820975,0.0,65183.840891820975,False,21499.222783676265,17414.370454777778,38913.59323845404
SAA-MPC,2025-03-29,37884.15785276639,305.46594985478566,38189.62380262117,0.0,38189.62380262117,62918.48269305554,62110.40954431944,0.0,62110.40954431944,False,21370.244706944442,17309.898212624998,38680.142919569436
SAA-MPC,2025-03-30,41069.81557712857,-1994.2926690196978,39075.52290810887,3676.1332933486124,42751.65620145748,68736.60165999657,61870.959181447186,897.6304416666665,62768.589623113854,True,21399.66417866941,17333.727984722223,38733.39216339163
SAA-MPC,2025-03-31,36259.9969352702,5018.0347189688755,41278.03165423908,1758.732825225002,43036.76447946408,60338.92374489026,64017.37060025719,488.63285416666747,64506.00345442386,True,21562.4508127572,17465.58515833333,39028.03597109053
SAA-MPC,2025-04-01,43155.53767072038,-858.0985558324453,42297.43911488794,1758.9291405500012,44056.36825543794,72743.26750594992,68838.19138015431,498.9516249999999,69337.14300515431,True,21097.595902297668,17089.05268086111,38186.64858315878
SAA-MPC,2025-04-02,41622.897211218326,832.1401193632073,42455.03733058153,2341.2923240569444,44796.32965463847,69635.84076805555,69251.27231959876,575.0482555555554,69826.32057515431,True,21379.533616820987,17317.422229625,38696.955846445984
SAA-MPC,2025-04-03,42856.68546439257,-1772.5209936264012,41084.16447076617,1358.0011845431159,42442.16565530928,70491.49285644719,65303.9578103395,397.4479563786022,65701.4057667181,True,21930.01991769547,17763.316133333334,39693.336051028804
SAA-MPC,2025-04-04,37139.30921500861,-667.9676078148601,36471.341607193746,0.0,36471.341607193746,62042.7369625,59828.13638523611,0.0,59828.13638523611,False,21340.96541111111,17286.181983000002,38627.14739411111
SAA-MPC,2025-04-05,36797.67218818888,687.8724359328489,37485.54462412173,0.0,37485.54462412173,62188.41999722221,62424.75211219135,0.0,62424.75211219135,False,20808.286128686555,16854.711764236108,37662.99789292266
SAA-MPC,2025-04-06,38889.40105871911,-57.32654073868298,38832.07451798042,1454.4729324097202,40286.54745039014,66123.87401843278,63162.48959075789,348.5436916666663,63511.033282424556,True,21586.782933813443,17485.294176388885,39072.07711020233
SAA-MPC,2025-04-07,34894.89435607916,2179.2213862095937,37074.115742288755,1844.2388876076423,38918.3546298964,59158.94066527777,60562.36912944101,514.8609791666673,61077.23010860768,True,20352.854182390256,16485.811887736112,36838.66607012637
SAA-MPC,2025-04-08,40552.130630269625,-1294.4598664362472,39257.670763833376,2005.260733347931,41262.93149718131,67606.08887062757,62896.77307978395,466.6846013888909,63363.45768117284,True,21358.427561728397,17300.326324999998,38658.753886728395
SAA-MPC,2025-04-09,39443.85029747786,505.9347244781243,39949.785021955984,1896.0338578958338,41845.81887985182,66265.9621968107,66567.88734982852,483.8252638888887,67051.71261371742,True,21810.10556927297,17666.185511111107,39476.29108038408
SAA-MPC,2025-04-10,39224.68303155548,-835.6234518907985,38389.05957966469,3618.926205721361,42007.98578538605,65038.09262872084,62350.170706395744,824.5271026527765,63174.69780904852,True,20467.058834173527,16578.317655680556,37045.37648985408
SAA-MPC,2025-04-11,32244.417330992168,1866.6165026575156,34111.033833649686,0.0,34111.033833649686,53960.15668957475,55882.337511566526,0.0,55882.337511566526,False,20771.84477578875,16825.19426838889,37597.03904417764
SAA-MPC,2025-04-12,40788.239735872616,-1804.0828369997805,38984.15689887283,0.0,38984.15689887283,68624.42385119444,62952.93339002057,0.0,62952.93339002057,False,20784.770742798355,16835.664301666664,37620.43504446502
SAA-MPC,2025-04-13,36310.74577977847,228.30342990227138,36539.049209680736,2377.159805606945,38916.20901528768,61545.11532222222,61284.73875712397,593.0091888888891,61877.74794601285,True,21124.755600360077,17111.052036291665,38235.80763665174
SAA-MPC,2025-04-14,38824.39750460308,-2220.070554415721,36604.32695018736,3811.4627953847153,40415.789745572074,64705.521376183126,58381.03179211248,1030.294813888887,59411.32660600137,True,21086.70574350137,17080.231652236107,38166.93739573748
SAA-MPC,2025-04-15,33388.057934137105,1924.6793869134956,35312.7373210506,2522.880190699998,37835.61751175059,56743.35386025377,57794.012984482164,510.14184861111073,58304.15483309328,True,19970.052956104253,16175.742894444444,36145.7958505487
SAA-MPC,2025-04-16,36810.893830620866,1509.4632314593143,38320.35706208018,1705.0745978833343,40025.43165996351,63175.22998683128,62960.067620130314,452.64435833333346,63412.711978463645,True,20571.330472908092,16662.777683055556,37234.10815596365
SAA-MPC,2025-04-17,34654.40027999258,2215.237446306773,36869.637726299356,1541.5830241263925,38411.220750425746,57574.03766159122,60056.63974586762,365.98086666666717,60422.62061253429,True,20844.935636145397,16884.397865277777,37729.33350142317
SAA-MPC,2025-04-18,34558.62348775934,396.6534196288126,34955.27690738815,0.0,34955.27690738815,58610.451108161855,58984.44307792575,0.0,58984.44307792575,False,20594.593050377232,16681.620370805555,37276.21342118279
SAA-MPC,2025-04-19,36493.915475393194,1328.6727893110415,37822.58826470424,0.0,37822.58826470424,62579.16936666666,61627.83544444444,0.0,61627.83544444444,False,21333.333333333332,17280.0,38613.33333333333
SAA-MPC,2025-04-20,34620.41875269064,813.6166025682026,35434.03535525884,1955.7075949277805,37389.74295018662,58332.29027520575,59002.22502221963,565.0013569444452,59567.22637916407,True,20269.197939214675,16418.050330763886,36687.24826997856
SAA-MPC,2025-04-21,36253.68370694095,-1646.2705948439634,34607.41311209699,3515.9233634875013,38123.33647558449,61243.55799903978,54814.25627670833,984.9431513888892,55799.19942809722,True,18946.974968741422,15347.049724680553,34294.024693421976
SAA-MPC,2025-04-22,32472.777613439717,3158.9132207423118,35631.69083418203,2675.867272973629,38307.55810715566,54910.379863888884,58332.87278103566,681.9701666666696,59014.842947702324,True,19815.886224091217,16050.867841513886,35866.7540656051
SAA-MPC,2025-04-23,31922.357805766085,3092.7591259103733,35015.11693167646,2711.5494898402794,37726.66642151674,53910.865749519886,57725.681397685184,821.5204208333334,58547.201818518515,True,20281.2935212963,16427.847752249996,36709.141273546295
SAA-MPC,2025-04-24,33137.836616325425,764.0777673317384,33901.91438365716,2388.354525297916,36290.26890895508,56075.27262918055,55546.56726668056,654.5315555555553,56201.09882223612,True,19659.225826457474,15923.972919430551,35583.198745888025
SAA-MPC,2025-04-25,32995.14751898478,-188.93656264520806,32806.21095633957,0.0,32806.21095633957,54714.76270233196,54333.04403566529,0.0,54333.04403566529,False,19945.22670610425,16155.633631944444,36100.8603380487
SAA-MPC,2025-04-26,32755.536883653873,632.5481280984195,33388.08501175229,0.0,33388.08501175229,54604.99958220165,54429.56189986334,0.0,54429.56189986334,False,19375.278846656372,15693.97586579166,35069.25471244803
SAA-MPC,2025-04-27,32756.051712804365,1335.8555116714087,34091.90722447577,3093.5811347527806,37185.48835922855,55062.24398189299,56590.611981172835,792.2172138888891,57382.82919506173,True,20523.826728395063,16624.29965,37148.12637839506
SAA-MPC,2025-04-28,38573.21529012594,-398.42774559875954,38174.78754452718,1724.348804660903,39899.136349188084,65820.82891141975,64285.15031524348,444.98312327777467,64730.133438521254,True,20592.969333401925,16680.30516005556,37273.27449345749
SAA-MPC,2025-04-29,33747.06000927683,440.3299663005344,34187.38997557736,1256.5634660090277,35443.95344158639,57162.87302366255,55939.504386231136,264.19264861111117,56203.69703484225,True,19188.013293895747,15542.290768055555,34730.304061951305
SAA-MPC,2025-04-30,32568.227005210487,-451.4962217074698,32116.73078350302,5723.9893484902805,37840.7201319933,54337.98941570645,53252.12351428326,1603.0208625,54855.14437678326,True,18651.530535116595,15107.739733444443,33759.27026856104
SAA-MPC,2025-05-01,34091.775846399396,-93.43273747685458,33998.34310892254,13355.950402903476,47354.29351182602,57168.08622148491,56418.62144166666,2907.30777638889,59325.92921805555,True,21426.311520919062,17355.312331944446,38781.62385286351
SAA-MPC,2025-05-02,40011.91481553619,-383.4565492071506,39628.45826632904,0.0,39628.45826632904,67725.72750735597,66493.97622961248,0.0,66493.97622961248,False,21427.241464334707,17356.065586111108,38783.307050445816
SAA-MPC,2025-05-03,37703.201040286425,-810.2186498105001,36892.982390475925,39.3213833333333,36932.30377380926,63938.99743607681,61074.77012976543,18.39166666666665,61093.1617964321,True,20286.779177280518,16432.291133597217,36719.07031087774
SAA-MPC,2025-05-04,35913.771924014254,-1761.971370248102,34151.80055376615,15080.30123920834,49232.10179297449,60949.74251558641,54509.81984166666,3605.1601430555575,58114.97998472222,True,17592.00804067215,14249.526512944441,31841.53455361659
SAA-MPC,2025-05-05,37144.11023286791,-1051.3820322385118,36092.7282006294,12624.62693561528,48717.355136244674,61903.140418055555,59355.27127538425,2759.747615277779,62115.01889066203,True,20589.049702314813,16677.130258874997,37266.17996118981
SAA-MPC,2025-05-06,32342.2022478391,1555.2938756912401,33897.49612353034,13737.603142759725,47635.09926629007,54281.05694718793,55958.862655615216,3117.1206666666667,59075.983322281885,True,20590.62235411522,16678.40410683333,37269.02646094855
SAA-MPC,2025-05-07,34805.900774781476,969.7832298068323,35775.68400458831,10696.79473842248,46472.47874301079,57846.83926531207,59252.0077967764,2292.775619555557,61544.78341633196,True,20820.358482373118,16864.490370722222,37684.84885309534
SAA-MPC,2025-05-08,37250.59326307691,-561.9980654746181,36688.59519760229,11852.610424956245,48541.20562255854,64362.44505832561,61173.149699108355,2396.0299527777775,63569.17965188613,True,19631.17957133059,15901.25545277778,35532.435024108374
SAA-MPC,2025-05-09,39560.34590978577,-1839.5181100036525,37720.82779978212,0.0,37720.82779978212,67542.22879528464,60493.898906944436,0.0,60493.898906944436,False,21361.486779835384,17302.804291666667,38664.291071502055
SAA-MPC,2025-05-10,38493.8573407315,795.2335851606038,39289.0909258921,0.0,39289.0909258921,65730.25748077023,64361.32957807837,0.0,64361.32957807837,False,21353.68722095336,17296.48664897222,38650.17386992558
SAA-MPC,2025-05-11,36308.47332884034,-10.356295516087926,36298.11703332425,10099.245554390276,46397.362587714524,62312.21982818929,59840.174319290105,2052.3292361111107,61892.503555401214,True,19579.628929012342,15859.499432499997,35439.12836151234
SAA-MPC,2025-05-12,33111.50778772933,2485.5419524510526,35597.04974018038,6675.470513720142,42272.520253900526,55626.12271243141,57408.954005469815,1503.2961458333339,58912.250151303146,True,17634.627367969817,14284.048168055551,31918.675536025366
SAA-MPC,2025-05-13,37859.32763421592,-977.7495304469602,36881.57810376896,5829.573813717366,42711.15191748633,64636.29115312071,59231.159209299716,1206.5181486111126,60437.67735791083,True,19018.56193491084,15405.035167277776,34423.597102188614
SAA-MPC,2025-05-14,38032.36050077957,-958.185807651822,37074.174693127745,3935.5588065638854,41009.73349969163,63028.20192676611,59709.32113403635,963.1280472222215,60672.44918125857,True,18769.092277091906,15202.964744444445,33972.057021536355
SAA-MPC,2025-05-15,37914.53200037076,-130.46745119792172,37784.064549172836,2692.5438456097245,40476.60839478256,61829.94477007424,59904.23569634311,711.963431944445,60616.19912828755,True,19114.795477829222,15482.984337041667,34597.77981487089
SAA-MPC,2025-05-16,35851.0999553423,-939.8367184420679,34911.26323690023,0.0,34911.26323690023,58854.16810546981,56022.372662414266,0.0,56022.372662414266,False,18645.889036351167,15103.170119444443,33749.05915579561
SAA-MPC,2025-05-17,39858.48946880014,-857.62354030302,39000.865928497115,7.614843333333213,39008.48077183045,66891.34851658093,64207.22392848078,3.5616666666666106,64210.78559514745,True,19653.48076598079,15919.319420444443,35572.80018642523
SAA-MPC,2025-05-18,39145.90378950878,-1054.530803104728,38091.37298640405,2252.044025536807,40343.41701194086,66484.45099698217,62679.79188887173,696.2253694444448,63376.01725831618,True,19786.264910836762,16026.874577777777,35813.13948861454
SAA-MPC,2025-05-19,35790.457003286036,-548.7632432626966,35241.693760023336,2613.8635866979157,37855.55734672125,60550.91036694101,56702.826623531204,499.89225277777757,57202.71887630898,True,18592.512280281204,15059.934947027778,33652.44722730898
SAA-MPC,2025-05-20,35707.15495163588,1326.4544538561095,37033.60940549199,3339.2435845652935,40372.85299005728,60057.88522263374,61283.33071901371,715.6551250000025,61998.98584401372,True,18771.334287620026,15204.780772972223,33976.115060592245
SAA-MPC,2025-05-21,34291.02212009536,2474.279234620114,36765.30135471548,2734.754930253791,39500.056284969265,56671.6308803155,58878.258635939645,717.7943080694483,59596.05294400909,True,18910.777850497256,15317.730058902773,34228.507909400025
SAA-MPC,2025-05-22,36108.05381034689,-139.8801930244479,35968.17361732245,1858.6482620611102,37826.82187938356,59554.15739696502,58994.315994204386,450.37937083333316,59444.69536503772,True,18490.09816529492,14976.979513888888,33467.07767918381
SAA-MPC,2025-05-23,37667.794076741186,1269.5578769016806,38937.351953642865,0.0,38937.351953642865,63681.17096476337,62541.40236656379,0.0,62541.40236656379,False,18734.482223936895,15174.930601388889,33909.41282532578
SAA-MPC,2025-05-24,35132.3541909966,25.498513177225703,35157.85270417383,0.0,35157.85270417383,57900.62112021604,57806.74927308527,0.0,57806.74927308527,False,19748.99231280863,15996.683773374996,35745.67608618362
SAA-MPC,2025-05-25,35902.438843632095,-649.6991913962488,35252.73965223585,3176.6400779416663,38429.37973017751,60570.73799840534,57056.58471328532,804.2420263888886,57860.82673967421,True,17949.05765939643,14538.736704111107,32487.794363507535
SAA-MPC,2025-05-26,35441.74160239911,2700.131812819329,38141.87341521844,2014.939973080556,40156.81338829899,58637.32468204167,61978.05848152727,599.3814861111114,62577.43996763838,True,20130.12432086762,16305.400699902773,36435.525020770394
SAA-MPC,2025-05-27,33971.59195733478,1950.6671360921796,35922.25909342696,3644.481234202084,39566.74032762904,55899.014393227015,56754.25996754115,889.7792958333334,57644.03926337448,True,17573.18930015432,14234.283333124999,31807.47263327932
SAA-MPC,2025-05-28,37704.08732342305,-64.93052751094355,37639.15679591211,1493.914599516665,39133.07139542877,63716.46592222222,62088.11763659928,385.38825833333283,62473.50589493261,True,20641.018786779838,16719.225217291663,37360.2440040715
SAA-MPC,2025-05-29,37420.34999897958,468.5486112905686,37888.89861027015,2456.429248921519,40345.327859191675,62960.61063472222,62176.56952251372,558.4083305555541,62734.97785306927,True,20020.898765432095,16216.927999999998,36237.826765432095
SAA-MPC,2025-05-30,40060.36914258423,-1352.7541844149816,38707.61495816925,0.0,38707.61495816925,66817.84670312071,61204.252502959185,0.0,61204.252502959185,False,19449.84673604252,15754.375856194443,35204.22259223696
SAA-MPC,2025-05-31,42418.67151516987,-2083.5231478166747,40335.1483673532,197.0950933333332,40532.24346068653,69685.75350154939,63677.67888472222,92.18666666666661,63769.86555138889,True,20423.588764934837,16543.106899597216,36966.69566453205
SAA-MPC,2025-06-01,46832.32454412542,-2150.8204006408687,44681.50414348455,25827.170286809724,70508.67443029427,77390.77704531893,71456.31407856652,6403.153591666667,77859.46767023318,True,22109.62129801097,17908.793251388888,40018.41454939986
SAA-MPC,2025-06-02,48382.20696719123,-3511.75715652552,44870.44981066571,24500.79509349238,69371.24490415808,78860.16936685526,68002.45811484911,6403.74057777778,74406.19869262689,True,22622.399478737996,18324.143577777773,40946.54305651577
SAA-MPC,2025-06-03,44103.5510551509,627.1079276159978,44730.658982766894,20069.417673177093,64800.07665594399,72795.50102247941,71452.28955294924,5018.796670833334,76471.08622378258,True,22520.024430727022,18241.219788888888,40761.24421961591
SAA-MPC,2025-06-04,51602.961057118155,-2173.1978654032855,49429.76319171487,19270.091867103467,68699.85505881833,83604.211835631,70589.5017897169,5273.924581944442,75863.42637166135,True,22397.873542369678,18142.27756931944,40540.15111168912
SAA-MPC,2025-06-05,43766.22054828738,418.2843224831281,44184.504870770514,21707.8187763118,65892.32364708232,73037.06383739712,72251.47889778807,5445.475443055553,77696.95434084361,True,22178.39598251029,17964.50074583333,40142.89672834362
SAA-MPC,2025-06-06,49632.01412493882,-1154.005065928252,48478.00905901057,0.0,48478.00905901057,80123.133022548,76482.48089986111,0.0,76482.48089986111,False,23265.650569444442,18845.17696125,42110.82753069444
SAA-MPC,2025-06-07,52746.05585316375,-2489.6632645568498,50256.392588606905,162.89065666666679,50419.283245273575,84918.85505138888,76817.3713530972,76.18833333333339,76893.55968643054,True,23199.935162499998,18791.947481625,41991.882644125
SAA-MPC,2025-06-08,41827.69843662318,35.55028954513588,41863.24872616831,18318.844891857636,60182.093618025945,69706.5844656725,66906.49916283025,4709.409445833332,71615.90860866358,True,20057.395294135807,16246.490188249998,36303.885482385806
SAA-MPC,2025-06-09,48880.05287087361,-1842.585473698355,47037.467397175256,13871.979361081245,60909.4467582565,79049.65121111111,73759.32385891152,3657.1094763888877,77416.4333353004,True,22409.826079578186,18151.959124458328,40561.78520403651
SAA-MPC,2025-06-10,45518.96434463294,414.4447320326017,45933.40907666554,12440.749220121515,58374.158296787056,74717.07478849452,74332.68871412893,3418.803243055554,77751.49195718448,True,22580.345841906717,18290.080131944444,40870.42597385116
SAA-MPC,2025-06-11,50710.87706337326,106.22845193755506,50817.10551531081,10543.769674854742,61360.87519016555,80712.11057977777,80058.20575150548,2693.6956570816146,82751.90140858709,True,23735.703492198216,19225.919828680555,42961.623320878774
SAA-MPC,2025-06-12,49388.73780638222,-447.9652186823187,48940.772587699896,5564.0701296162515,54504.84271731615,79529.63437673182,78376.6214953846,1438.815771188614,79815.43726657322,True,22439.988603309328,18176.390768680554,40616.37937198988
SAA-MPC,2025-06-13,50009.482354239706,-230.9078037713358,49778.57455046837,0.0,49778.57455046837,80448.31446826833,79144.85983436917,0.0,79144.85983436917,False,23390.323286299732,18946.16186190278,42336.48514820251
SAA-MPC,2025-06-14,49990.154293713495,-1583.6852382236968,48406.4690554898,0.0,48406.4690554898,81536.44776375171,76547.69485833333,0.0,76547.69485833333,False,22293.334700240055,18057.60110719444,40350.93580743449
SAA-MPC,2025-06-15,45455.07694614427,1178.8734066219865,46633.95035276625,7630.374951916944,54264.325304683196,73965.39111627228,75472.14962165637,1889.4599006805574,77361.60952233692,True,22928.858699434153,18572.375546541665,41501.23424597582
SAA-MPC,2025-06-16,48006.49774434583,-37.160090407977364,47969.33765393785,7109.29479141141,55078.63244534926,77837.53947129182,77636.03978742077,1757.115790569445,79393.15557799021,True,23250.038838837445,18832.531459458332,42082.570298295774
SAA-MPC,2025-06-17,49602.09087936391,1233.4891580848198,50835.58003744873,5891.6510091302425,56727.23104657897,80098.13796541494,80817.50328729422,1456.9380196805564,82274.44130697478,True,23920.761992849788,19375.81721420833,43296.57920705812
SAA-MPC,2025-06-18,49948.55817164031,-84.17384160479935,49864.38433003551,2960.3335079923354,52824.71783802784,80843.76291838134,79048.37253907749,751.5393204583327,79799.91185953583,True,22386.679633521948,18133.210503152775,40519.89013667472
SAA-MPC,2025-06-19,47131.75638834956,736.3470605086742,47868.10344885824,6875.905278229861,54744.0087270881,76841.25717973249,74321.54919288408,1634.7792333333332,75956.32842621741,True,22319.229597050748,18078.575973611107,40397.805570661854
SAA-MPC,2025-06-20,49076.74647880375,-939.885401807114,48136.86107699663,0.0,48136.86107699663,79451.10218472223,76858.98329534498,0.0,76858.98329534498,False,22167.838256635798,17955.948987874996,40123.78724451079
SAA-MPC,2025-06-21,45952.65598009236,58.991351597314086,46011.64733168967,0.0,46011.64733168967,74343.05803558246,74194.00876261025,0.0,74194.00876261025,False,21731.80743895748,17602.76402555556,39334.571464513036
SAA-MPC,2025-06-22,45152.43047003234,2057.779463862642,47210.209933894985,4162.733654661138,51372.943588556125,74581.25031387173,74228.38684979903,1029.1157180555597,75257.5025678546,True,21121.09522529149,17108.087132486107,38229.182357777594
SAA-MPC,2025-06-23,47076.59587974889,-79.44706799444427,46997.14881175445,2716.0542137040024,49713.20302545845,75582.74032003377,75343.66004364488,664.0074364583353,76007.66748010322,True,21815.661447811555,17670.685772727356,39486.34722053891
SAA-MPC,2025-06-24,54860.31037643861,-943.2927893976689,53917.017587040944,3073.6530684493014,56990.67065549025,87201.96061944443,84544.48658179012,849.7454458333326,85394.23202762345,True,24628.476108110426,19949.065647569445,44577.54175567987
SAA-MPC,2025-06-25,48001.21712721663,1629.239487617717,49630.45661483435,3515.3598355395807,53145.81645037393,78372.91368487653,79376.21077313324,740.7748722222213,80116.98564535545,True,22176.275962397118,17962.783529541666,40139.05949193878
SAA-MPC,2025-06-26,46867.11663615812,412.80439531933996,47279.92103147746,3636.79651902431,50916.71755050177,75320.3980254801,75717.8572553155,827.4383652777785,76545.29562059327,True,20894.175408093273,16924.282080555553,37818.457488648826
SAA-MPC,2025-06-27,49134.819585546036,-1883.8132799852722,47251.00630556076,0.0,47251.00630556076,78026.33264727521,73135.1653443678,0.0,73135.1653443678,False,21341.302601131683,17286.45510691667,38627.75770804835
SAA-MPC,2025-06-28,48162.080115368764,197.21744822219927,48359.29756359096,0.0,48359.29756359096,76925.65200710151,77037.85357414762,0.0,77037.85357414762,False,23113.512089866257,18721.944792791666,41835.45688265792
SAA-MPC,2025-06-29,45056.92516183178,3445.685452229217,48502.610614061,4324.529035388417,52827.13964944942,73640.96534322701,76264.80294544085,1361.83837457133,77626.64132001219,True,21876.154418192727,17719.685078736107,39595.839496928835
SAA-MPC,2025-06-30,49700.82246293185,-119.41550480911285,49581.40695812274,2657.16679267569,52238.57375079843,79981.5909963786,78734.89880658333,711.4826138888882,79446.38142047221,True,22421.02360416666,18161.029119374998,40582.05272354166
SAA-MPC,2025-07-01,43401.58799988911,650.4675283195918,44052.0555282087,43343.06859877701,87395.12412698571,70877.38221376885,71657.97255269942,11788.675674027778,83446.6482267272,True,21776.853130435524,17639.251035652775,39416.1041660883
SAA-MPC,2025-07-02,42560.14973184124,-485.6110690114941,42074.53866282974,36278.35126741696,78352.8899302467,68531.7922380144,67145.723215655,9582.717669005655,76728.44088466065,True,19006.736525017142,15395.456585263888,34402.193110281034
SAA-MPC,2025-07-03,47588.76784744527,-282.94978139601915,47305.81806604925,32627.427828540673,79933.24589458993,77235.2865717349,76340.49025945782,8616.059935048184,84956.550194506,True,22260.850263408774,18031.288713361108,40292.138976769886
SAA-MPC,2025-07-04,43088.262261168056,2423.6883392823197,45511.95060045038,0.0,45511.95060045038,69890.00331207133,71541.2543620571,0.0,71541.2543620571,False,21633.043269598762,17522.765048375,39155.80831797376
SAA-MPC,2025-07-05,42738.244063968064,201.98500914924108,42940.229073117305,153.93243666666643,43094.161509783975,68922.26623928326,68897.03033763717,71.99833333333322,68969.02867097051,True,20279.13821764403,16426.101956291666,36705.2401739357
SAA-MPC,2025-07-06,44910.166570094996,3227.2520127784746,48137.41858287347,34476.672956735536,82614.09153960901,71735.62298940329,75561.65880939644,9014.000668097218,84575.65947749365,True,22170.640744118653,17958.219002736114,40128.85974685477
SAA-MPC,2025-07-07,45618.855410746604,-1002.9809202743085,44615.8744904723,28803.30886459705,73419.18335506934,73639.78108333332,69852.46113018758,7903.253213683129,77755.71434387071,True,18698.74411464334,15145.98273286111,33844.726847504455
SAA-MPC,2025-07-08,48052.57586023798,-1221.981241316102,46830.594618921874,28727.289492223572,75557.88411114545,77435.74526563786,73183.37143228739,7478.063814611111,80661.4352468985,True,21875.097622565154,17718.829074277775,39593.92669684293
SAA-MPC,2025-07-09,48801.759100097996,-1192.4661711830527,47609.29292891494,20600.655051283786,68209.94798019872,79243.12661775926,75417.86848335047,5370.6916327083345,80788.5601160588,True,21628.744616683813,17519.28313951389,39148.0277561977
SAA-MPC,2025-07-10,46746.587110323206,-60.10819443548701,46686.47891588772,16720.65073596375,63407.12965185147,74584.29668432786,73762.95702043895,4766.874117900731,78529.83113833968,True,21626.568505881347,17517.520489763883,39144.08899564523
SAA-MPC,2025-07-11,52335.90109824757,-736.5393527162398,51599.36174553133,0.0,51599.36174553133,83627.10188948901,81596.40744916821,0.0,81596.40744916821,False,21657.54347515432,17542.610214875,39200.15369002932
SAA-MPC,2025-07-12,46608.45943968913,3759.158430718104,50367.61787040724,0.0,50367.61787040724,74261.97550495542,78694.45044655452,0.0,78694.45044655452,False,22008.732496193414,17827.07332191666,39835.80581811008
SAA-MPC,2025-07-13,51554.27845628583,-2386.3659995196576,49167.91245676617,8293.161610566658,57461.074067332826,80927.95861666667,74459.59069453018,2176.889279166665,76636.47997369684,True,21453.75346536351,17377.540306944444,38831.29377230795
SAA-MPC,2025-07-14,47798.879885699615,-413.94325718259273,47384.936628517025,12427.634974450702,59812.57160296773,77374.897669393,74636.07280812963,3002.026119444446,77638.09892757407,True,20457.982297685186,16570.965661125,37028.94795881018
SAA-MPC,2025-07-15,50626.71947291131,-1328.5450991389632,49298.174373772345,9046.055960664613,58344.23033443696,81521.71527548009,76690.2989361797,2534.941973083334,79225.24090926303,True,20319.61466534636,16458.887878930553,36778.50254427691
SAA-MPC,2025-07-16,50059.416153820195,-583.9263078733917,49475.4898459468,8550.020953441668,58025.510799388474,78976.27356397462,77114.00114581206,2604.0119236111104,79718.01306942316,True,20749.36922503429,16806.989072277778,37556.358297312065
SAA-MPC,2025-07-17,48146.75220159504,1834.4936486844217,49981.24585027946,7021.927987575508,57003.17383785497,77082.59332515432,78155.5497227709,1749.311014384946,79904.86073715585,True,21315.862249965707,17265.848422472223,38581.71067243793
SAA-MPC,2025-07-18,55499.22504525643,-1770.5422540053776,53728.682791251056,0.0,53728.682791251056,88119.48480663888,82510.16790252057,0.0,82510.16790252057,False,22175.218870576122,17961.92728516667,40137.14615574279
SAA-MPC,2025-07-19,54699.746468524114,-1895.606872809968,52804.13959571414,67.05837000000027,52871.19796571414,85932.46183237311,76765.77724176954,31.365000000000123,76797.14224176954,True,20960.064445936212,16977.652201208337,37937.71664714455
SAA-MPC,2025-07-20,51344.02633625514,-496.7153747244294,50847.31096153071,2992.6662930129096,53839.97725454362,82754.99149986281,80398.59540229765,730.5835641527776,81129.17896645043,True,21561.070943964325,17464.46746461111,39025.538408575434
SAA-MPC,2025-07-21,52466.07927616263,31.198626665449297,52497.27790282808,3080.779391559033,55578.05729438711,83721.37340507544,81926.3437145919,847.724627777779,82774.06834236968,True,22189.214763374483,17973.26395833333,40162.47872170781
SAA-MPC,2025-07-22,50331.95402278108,5463.060676669844,55795.01469945093,3803.7793364506947,59598.79403590162,79983.0985679698,82620.88108535664,1042.0314652777777,83662.91255063441,True,22214.86505315501,17994.04069305555,40208.905746210556
SAA-MPC,2025-07-23,57144.36119916051,-2916.8918630260055,54227.4693361345,3718.5366177583337,57946.00595389283,90031.92154480451,81328.45712716837,1003.6019708333336,82332.0590980017,True,22413.34632431413,18154.810522694446,40568.15684700858
SAA-MPC,2025-07-24,56964.69675779075,-2042.4130443906283,54922.283713400124,1342.8293106159713,56265.11302401609,89696.87591263888,83686.43661592936,385.4526513888886,84071.88926731824,True,22122.448197873797,17919.183040277778,40041.631238151575
SAA-MPC,2025-07-25,50345.26181538773,2153.6788206902734,52498.940636078,0.0,52498.940636078,79840.80628029836,80785.49513352195,0.0,80785.49513352195,False,21356.418828806585,17298.69925133333,38655.11808013992
SAA-MPC,2025-07-26,53493.80237479842,-466.5488555622786,53027.25351923614,0.0,53027.25351923614,85641.2478168726,83670.28398847753,0.0,83670.28398847753,False,22466.250495181754,18197.662901097225,40663.91339627898
SAA-MPC,2025-07-27,51514.142867513845,1097.4086409902434,52611.55150850409,2326.781762856939,54938.33327136103,82385.03196471209,82492.58622016221,663.2237236111098,83155.80994377332,True,21851.336978412204,17699.58295251389,39550.919930926095
SAA-MPC,2025-07-28,53684.5020422064,1234.1010747283658,54918.60311693476,4162.787362409724,59081.39047934449,85568.59715348079,86018.58877148284,1102.5166819444446,87121.10545342728,True,22934.331621262005,18576.808613222223,41511.14023448423
SAA-MPC,2025-07-29,52017.73360793534,3364.0387870417126,55381.77239497705,1273.8932531927148,56655.665648169765,82923.45235221193,86539.1055042867,305.1443822499988,86844.2498865367,True,22469.213054835396,18200.06257441667,40669.275629252064
SAA-MPC,2025-07-30,48322.08748478736,6468.792651740311,54790.88013652767,1828.7452946666663,56619.625431194334,76742.03199722222,83592.74477819855,515.1977236111109,84107.94250180967,True,22410.410104115224,18152.43218433333,40562.842288448555
SAA-MPC,2025-07-31,50985.39349763621,1728.4186883253471,52713.81218596156,2231.462132067364,54945.27431802892,81544.04046316014,83154.31454063187,582.1325652777782,83736.44710590964,True,22490.252231395745,18217.10430743055,40707.356538826294
SAA-MPC,2025-08-01,51870.191536716586,-1857.509330478023,50012.68220623856,0.0,50012.68220623856,81926.74859727366,74974.476402572,0.0,74974.476402572,False,20166.869655349794,16335.164420833333,36502.034076183125
SAA-MPC,2025-08-02,56522.38895885319,-3822.547576975463,52699.841381877726,69.54557666666685,52769.38695854439,89357.62696388888,77282.2921037037,32.52833333333342,77314.82043703704,True,20814.508765432103,16859.752099999998,37674.2608654321
SAA-MPC,2025-08-03,45621.23370771947,569.931632749239,46191.16534046871,2086.622831320143,48277.78817178885,71817.36487705761,70696.47141860424,491.10896944444494,71187.58038804868,True,19830.937426937584,16063.059315819442,35893.99674275702
SAA-MPC,2025-08-04,49080.75054684581,-478.27445480868073,48602.476092037134,2663.359729791673,51265.835821828805,76602.82877090192,74084.13283149862,652.073381944446,74736.20621344306,True,19407.806452331955,15720.323226388888,35128.12967872084
SAA-MPC,2025-08-05,47822.27567113583,768.115739527554,48590.39141066338,927.9887556999995,49518.38016636338,75119.58830862484,75627.81659902657,214.50761666666648,75842.32421569324,True,20197.96414069324,16360.350953961526,36558.31509465477
SAA-MPC,2025-08-06,53485.20986302561,-1455.1038530977899,52030.10600992782,937.234384726386,52967.3403946542,82858.67772926955,79194.23573735409,226.26909166666604,79420.50482902075,True,21318.332029681074,17267.848944041667,38586.180973722745
SAA-MPC,2025-08-07,52237.76958780081,-1595.6440133990932,50642.12557440172,929.4099122243063,51571.535486626024,83769.80673525376,75185.15586776406,312.9281347222226,75498.08400248628,True,20816.193254458165,16861.11653611111,37677.30979056927
SAA-MPC,2025-08-08,46543.67540638721,-39.63043610993051,46504.044970277275,0.0,46504.044970277275,73087.76577099999,72993.35331961111,0.0,72993.35331961111,False,21481.535671639227,17400.043894027775,38881.579565667
SAA-MPC,2025-08-09,49212.15757484154,-676.6946313293959,48535.462943512146,0.0,48535.462943512146,78059.30150123456,75541.3798383059,0.0,75541.3798383059,False,20002.08297998971,16201.687213791665,36203.770193781376
SAA-MPC,2025-08-10,49486.5387287385,-1020.3683594120183,48466.170369326486,1024.4928852222272,49490.663254548715,77529.91794760476,74617.84693860271,298.2612166666681,74916.10815526938,True,19710.55608847736,15965.550431666665,35676.10652014402
SAA-MPC,2025-08-11,47429.08885262847,988.5751726191263,48417.66402524759,1286.8984575256934,49704.56248277328,75863.93103225308,76503.12694924553,355.90989305555536,76859.03684230108,True,21078.212438923176,17073.352075527775,38151.56451445095
SAA-MPC,2025-08-12,51555.21540541417,19.49970804474367,51574.715113458915,848.4862304777619,52423.20134393668,82221.6467717764,79618.59738290467,252.00910694444178,79870.60648984912,True,20789.650656515776,16839.617031777776,37629.26768829355
SAA-MPC,2025-08-13,47051.93989961672,341.0049389427487,47392.94483855947,2365.071579977758,49758.016418537234,75120.13395684156,75285.14494679355,592.1491236111078,75877.29407040465,True,19657.380392661176,15922.478118055556,35579.85851071673
SAA-MPC,2025-08-14,49069.98270311192,1134.3954505265442,50204.37815363846,550.3394485833337,50754.7176022218,77085.11300670439,78102.98107553154,143.12566805555568,78246.1067435871,True,21486.98520747599,17404.458018055553,38891.44322553155
SAA-MPC,2025-08-15,54873.154882570525,-3509.991922917686,51363.16295965284,0.0,51363.16295965284,86549.60783993483,75766.60153470507,0.0,75766.60153470507,False,21513.696418038406,17426.09409861111,38939.79051664952
SAA-MPC,2025-08-16,53964.06446856966,-3646.811960247168,50317.25250832249,0.0,50317.25250832249,84187.06953794582,73134.34982295951,0.0,73134.34982295951,False,19347.97828268175,15671.862408972218,35019.84069165397
SAA-MPC,2025-08-17,49742.65259125562,-995.4788940175677,48747.173697238046,1664.377370033332,50411.55106727138,79780.99099439266,74936.81967321673,323.29757361111115,75260.11724682784,True,20927.191212105627,16951.024881805555,37878.21609391118
SAA-MPC,2025-08-18,48888.99313375089,-639.793003439268,48249.20013031162,1516.0717130638886,49765.27184337551,76810.21175980795,75104.45175951647,337.7923833333328,75442.2441428498,True,20979.682988683126,16993.543220833333,37973.22620951646
SAA-MPC,2025-08-19,48264.576532011284,-2.252023194400863,48262.324508816884,2185.1425462263896,50447.46705504327,76230.55728592249,75119.84996186556,438.95202638888895,75558.80198825445,True,19822.754635339505,16056.431254625002,35879.18588996451
SAA-MPC,2025-08-20,52736.10191553882,-873.6783532497939,51862.42356228903,1561.834180306947,53424.257742595975,84368.05329270953,79883.28728895748,392.66272638888955,80275.95001534637,True,21752.25946951303,17619.33017030556,39371.58963981859
SAA-MPC,2025-08-21,50457.62231937793,-979.4099159537716,49478.21240342416,1178.5405927472225,50656.75299617138,80696.69687451988,76342.55396479767,322.79638888888906,76665.35035368656,True,21292.582285716737,17246.99165143056,38539.573937147296
SAA-MPC,2025-08-22,50745.66261039121,-1720.1851976950106,49025.4774126962,0.0,49025.4774126962,79801.08902002743,73610.23063199587,0.0,73610.23063199587,False,19896.126301440327,16115.862304166665,36011.988605606995
SAA-MPC,2025-08-23,48576.41672225312,700.5720830742584,49276.988805327375,0.0,49276.988805327375,77269.93107690329,75971.09568024692,0.0,75971.09568024692,False,21363.17830246914,17304.174425000005,38667.352727469144
SAA-MPC,2025-08-24,48470.84916966292,1004.3851082246081,49475.23427788753,1209.1249477222218,50684.359225609755,75655.70263825446,73518.03264240397,307.59537916666693,73825.62802157064,True,21759.150792181066,17624.912141666668,39384.06293384773
SAA-MPC,2025-08-25,61686.054271802976,-5287.624883929664,56398.429387873315,829.8073602562499,57228.236748129566,96706.28622554868,81079.81598583676,249.68236805555537,81329.49835389231,True,22157.122133058983,17947.26892777778,40104.39106083676
SAA-MPC,2025-08-26,49328.86268753776,-430.62574585588544,48898.23694168188,613.7943369430579,49512.031278624934,76781.55352896091,75595.40773842591,180.15055416666706,75775.55829259258,True,20860.25856481481,16896.8094375,37757.06800231481
SAA-MPC,2025-08-27,49753.32528142021,3245.3970307923296,52998.72231221254,458.8263458187489,53457.54865803129,77868.70807772633,79868.16753588819,113.6707444444441,79981.83828033264,True,20891.688727554865,16922.267869319443,37813.95659687431
SAA-MPC,2025-08-28,48343.42489195375,3552.766423132578,51896.191315086326,2815.5540807736115,54711.745395859936,77356.67826481481,80139.59899579904,690.5936111111114,80830.19260691015,True,21232.49552218792,17198.32137297222,38430.81689516014
SAA-MPC,2025-08-29,55654.39460229072,-2641.675723978193,53012.718878312524,0.0,53012.718878312524,87485.06304126131,78214.24360121743,0.0,78214.24360121743,False,21560.76317558299,17464.21817222222,39024.98134780521
SAA-MPC,2025-08-30,52767.757032425936,-2437.328228207638,50330.428804218296,0.0,50330.428804218296,82687.48834415294,74588.81467400548,0.0,74588.81467400548,False,21026.619468449928,17031.561769444445,38058.18123789437
SAA-MPC,2025-08-31,48493.25263947247,95.25722137756767,48588.50986085004,2571.963470255888,51160.47333110593,75922.53697419632,75957.34941984105,637.6122333847783,76594.96165322582,True,20695.441610545266,16763.307704541665,37458.74931508693
SAA-MPC,2025-09-01,52955.23542308598,-1624.0830992077751,51331.1523238782,0.0,51331.1523238782,84560.34457361112,77014.06350727024,0.0,77014.06350727024,False,20939.760557270238,16961.20605138889,37900.96660865913
SAA-MPC,2025-09-02,47590.67884132746,1717.255103322277,49307.93394464974,0.0,49307.93394464974,75676.0201558299,76067.46149045833,0.0,76067.46149045833,False,21114.30448611111,17102.586633749997,38216.8911198611
SAA-MPC,2025-09-03,50660.312043256636,-496.4583719225312,50163.8536713341,0.0,50163.8536713341,80472.10480456104,77559.9853015432,0.0,77559.9853015432,False,20839.698141820987,16880.155494874998,37719.85363669599
SAA-MPC,2025-09-04,49939.199537359724,-716.2711685440537,49222.92836881567,177.64689281041666,49400.57526162609,78089.12471805555,75197.72807303634,73.84267638888889,75271.57074942523,True,21346.488709036348,17290.65585431944,38637.14456335579
SAA-MPC,2025-09-05,47194.74188095667,-408.6303293428643,46786.11155161381,0.0,46786.11155161381,73550.65123688529,72689.15965204303,0.0,72689.15965204303,False,20452.62713794581,16566.62798173611,37019.25511968192
SAA-MPC,2025-09-06,47352.85185326754,300.7532496353315,47653.60510290287,0.0,47653.60510290287,74320.18826839849,74214.54355414951,0.0,74214.54355414951,False,21402.83344537037,17336.295090749998,38739.12853612036
SAA-MPC,2025-09-07,47097.9698553699,2375.278311071842,49473.24816644174,253.5412121354171,49726.78937857716,74165.66834178669,76073.25915589849,45.06188333333341,76118.32103923181,True,21072.518935065156,17068.740337402778,38141.259272467934
SAA-MPC,2025-09-08,51248.583384350284,943.3635135650202,52191.9468979153,0.0,52191.9468979153,81274.32917526973,80601.29475735596,0.0,80601.29475735596,False,22687.136244855967,18376.580358333333,41063.7166031893
SAA-MPC,2025-09-09,45732.81648287551,3064.7766179665723,48797.59310084208,76.86729336458386,48874.46039420667,71550.51440838477,73270.18448615671,32.128440277778,73302.31292643449,True,20944.174184653635,16964.781089569442,37908.95527422307
SAA-MPC,2025-09-10,52418.42048021447,341.0515689703875,52759.47204918486,86.14628116249911,52845.61833034736,83009.26689580554,80790.90446026303,28.048130555555304,80818.95259081859,True,22932.790836179694,18575.560577305554,41508.351413485245
SAA-MPC,2025-09-11,52319.759683227734,-2474.6851064619027,49845.07457676583,523.4905669027778,50368.56514366861,82389.6106616598,73863.84982870371,96.99231527777778,73960.84214398148,True,21653.735231481478,17539.525537499998,39193.260768981476
SAA-MPC,2025-09-12,47102.33072770883,1348.980219844627,48451.31094755346,0.0,48451.31094755346,73376.76131886145,74450.11260169666,0.0,74450.11260169666,False,21690.732143432786,17569.493036180553,39260.225179613335
SAA-MPC,2025-09-13,46423.88779073685,1021.9184310352017,47445.80622177205,0.0,47445.80622177205,72231.48507743483,73339.43255186899,0.0,73339.43255186899,False,21651.853219667348,17538.001107930555,39189.8543275979
SAA-MPC,2025-09-14,54317.2307384769,-1699.632763732909,52617.59797474399,0.0,52617.59797474399,85113.88496040809,79927.25798396775,0.0,79927.25798396775,False,22071.729725651574,17878.101077777777,39949.83080342935
SAA-MPC,2025-09-15,45315.37079912417,262.0737055287676,45577.444504652936,2066.596615002777,47644.04111965571,70398.03439209535,70682.08122887518,566.3071888888888,71248.38841776407,True,21767.622020541836,17631.773836638888,39399.39585718072
SAA-MPC,2025-09-16,53144.06168932151,-1589.1735390912659,51554.88815023025,0.0,51554.88815023025,84230.91160651852,79204.58256034585,0.0,79204.58256034585,False,22268.645084276406,18037.602518263884,40306.24760254029
SAA-MPC,2025-09-17,51394.95838397021,-817.0461434983853,50577.91224047182,551.2601210284733,51129.17236150029,80194.2973174554,77991.11539512705,128.59832500000024,78119.71372012705,True,22027.83119511317,17842.543268041667,39870.37446315483
SAA-MPC,2025-09-18,46439.8264340536,4936.517830793692,51376.34426484729,25.955578991667,51402.29984383896,72622.32908155007,78174.1471401058,10.966204166666785,78185.11334427245,True,22157.08725898491,17947.24067977778,40104.32793876269
SAA-MPC,2025-09-19,49763.48913633486,76.86223964064196,49840.3513759755,0.0,49840.3513759755,78670.20634768519,78514.28673388204,0.0,78514.28673388204,False,21961.250313048695,17788.612753569447,39749.86306661814
SAA-MPC,2025-09-20,48311.81520733744,1700.2278766843194,50012.04308402176,0.0,50012.04308402176,75373.23459034637,77193.39011385458,0.0,77193.39011385458,False,22384.555474965702,18131.489934722224,40516.045409687926
SAA-MPC,2025-09-21,48490.15830558383,-524.6179683998166,47965.54033718401,32.86869340416634,47998.40903058818,76927.38530514404,75099.66252517147,11.513304166666558,75111.17582933814,True,20471.34609739369,16581.790338888884,37053.13643628257
SAA-MPC,2025-09-22,49250.52487842347,-2003.128098441118,47247.39677998235,1064.9019292263897,48312.29870920874,78297.22744705074,71978.15781279148,369.4095847222228,72347.5673975137,True,22104.557560013716,17904.69162361111,40009.24918362482
SAA-MPC,2025-09-23,47983.455369158146,-535.2627439524329,47448.19262520572,166.18796429166684,47614.380589497385,76400.19805298353,74670.44275857578,39.265666666666675,74709.70842524245,True,22222.061426714667,17999.869755638887,40221.93118235355
SAA-MPC,2025-09-24,42456.86116548654,2154.8396784044676,44611.700843891005,1774.1271063979184,46385.82795028892,66929.87419665637,69805.11867315447,640.9157138888891,70446.03438704336,True,21155.723081670098,17136.135696152778,38291.858777822876
SAA-MPC,2025-09-25,45560.71450906506,360.14002832660674,45920.854537391664,760.5644242708338,46681.4189616625,72962.10998295611,72855.1199452332,198.70388055555577,73053.82382578874,True,21670.9529438443,17553.471884513885,39224.424828358184
SAA-MPC,2025-09-26,50422.64914901226,-1730.6912256270523,48691.957923385206,0.0,48691.957923385206,80049.91522695473,75032.93533732853,0.0,75032.93533732853,False,22067.92171093964,17875.016585861114,39942.938296800756
SAA-MPC,2025-09-27,42251.45569430336,4102.4260998937425,46353.88179419711,0.0,46353.88179419711,67167.11584751372,71238.19442986556,0.0,71238.19442986556,False,22459.73010631001,18192.381386111112,40652.11149242112
SAA-MPC,2025-09-28,44165.92420852315,3359.6086043247874,47525.53281284794,1217.4269702006936,48742.95978304863,70742.40748175583,72966.73668200069,291.9763972222221,73258.71307922291,True,21492.46103355624,17408.89343718055,38901.35447073679
SAA-MPC,2025-09-29,46435.24794894083,-1782.6545901460788,44652.59335879475,4864.174647371525,49516.768006166276,73852.69401249998,68258.76271850137,1283.589291666666,69542.35201016803,True,21594.53965877915,17491.57712361111,39086.116782390265
SAA-MPC,2025-09-30,45969.725125593766,489.7870178935226,46459.512143487285,3410.487187682897,49869.999331170184,72559.06558161866,72840.30940436866,799.3057155178294,73639.61511988648,True,22720.762447908088,18403.817582805554,41124.58003071364
SAA-MPC,2025-10-01,43496.33199262186,-1144.3387143684774,42351.99327825339,84.20584920833242,42436.19912746172,70018.54544648492,65519.23696376046,34.82689583333308,65554.06385959379,True,21659.95967249657,17544.567334722222,39204.52700721879
SAA-MPC,2025-10-02,47214.67409774869,-3029.7602948818244,44184.91380286687,313.4191485152777,44498.332951382145,75327.24859103377,66070.65006126542,120.11445694444444,66190.76451820986,True,21364.11459876543,17304.932825,38669.04742376543
SAA-MPC,2025-10-03,41564.99674739699,-694.6609564524281,40870.33579094456,0.0,40870.33579094456,67089.60294969135,63611.25542833231,0.0,63611.25542833231,False,21385.636029526744,17322.36518391667,38708.001213443415
SAA-MPC,2025-10-04,49451.89352420144,-3486.6066093392965,45965.28691486215,0.0,45965.28691486215,78997.03989497221,67950.12676003086,0.0,67950.12676003086,False,21442.94649475308,17368.78666075,38811.73315550308
SAA-MPC,2025-10-05,45859.34484456605,-2258.6669848363063,43600.67785972974,711.1906295881954,44311.86848931793,73910.58410149177,65858.98471215792,249.94742222222234,66108.93213438014,True,21459.0784326989,17381.85353048611,38840.93196318501
SAA-MPC,2025-10-06,39800.87883414148,1720.8463509620735,41521.72518510355,2830.7006247576387,44352.42580986118,63058.58991558641,65393.79468481361,875.0270916666666,66268.82177648028,True,21431.942524125512,17359.873444541663,38791.81596866717
SAA-MPC,2025-10-07,42341.499376636995,984.321405722972,43325.820782359966,429.3162824604156,43755.13706482038,68564.35309492456,68748.80462105625,138.83459166666637,68887.63921272292,True,21489.52583077846,17406.515922930557,38896.04175370902
SAA-MPC,2025-10-08,41757.44662105596,-241.01379717863932,41516.43282387732,1180.2394608729137,42696.67228475024,67167.94525975651,66238.9186643004,332.655895833333,66571.57456013374,True,21384.36577265089,17321.33627584722,38705.70204849811
SAA-MPC,2025-10-09,47686.041462367415,-3350.9010586747368,44335.140403692676,890.0325175819469,45225.17292127462,76282.0914427469,65271.420128034966,239.40217500000048,65510.82230303497,True,21446.24171332305,17371.455787791667,38817.697501114715
SAA-MPC,2025-10-10,46220.93586099261,-2189.250620132189,44031.685240860425,0.0,44031.685240860425,73725.97423203017,66684.55961728394,0.0,66684.55961728394,False,21358.956671450615,17300.754903875,38659.711575325615
SAA-MPC,2025-10-11,46352.754236111905,-819.3594213885503,45533.39481472335,0.0,45533.39481472335,74283.36069008916,70346.96614667351,0.0,70346.96614667351,False,21555.64051611797,17460.068818055555,39015.70933417352
SAA-MPC,2025-10-12,42634.20007394338,64.05339686227018,42698.25347080565,2283.023153386939,44981.276624192586,69008.84451586076,67567.76008103567,566.2813996111133,68134.04148064677,True,20183.703056035665,16348.799475388885,36532.50253142455
SAA-MPC,2025-10-13,43954.330714701864,-1323.4416938887614,42630.889020813105,3234.598564715279,45865.48758552838,70899.3176829218,65271.764050257196,907.955477777778,66179.71952803497,True,21392.980951646095,17328.314570833332,38721.29552247943
SAA-MPC,2025-10-14,46010.40682678416,-658.377642159146,45352.02918462501,4257.190543721532,49609.21972834654,73707.53364384259,67800.55889878256,1232.9395236111127,69033.49842239368,True,21500.080125171462,17415.06490138889,38915.14502656035
SAA-MPC,2025-10-15,48028.085713116656,-1871.1861295345602,46156.8995835821,1319.3045240909742,47476.20410767307,76603.47017069341,70621.90355886487,490.4005513888897,71112.30411025375,True,21821.42145747599,17675.351380555556,39496.772838031546
SAA-MPC,2025-10-16,45895.63503998361,27.934569456016618,45923.569609439626,994.9325158131918,46918.50212525282,73141.4211151063,72575.91536411797,297.730563888888,72873.64592800687,True,22370.20638278463,18119.867170055557,40490.073552840186
SAA-MPC,2025-10-17,39445.675156734156,5622.758575504778,45068.43373223893,0.0,45068.43373223893,63441.35521944444,69296.67865327501,0.0,69296.67865327501,False,21922.19915466392,17756.98131527778,39679.1804699417
SAA-MPC,2025-10-18,47040.40958862687,-1209.6976164787702,45830.7119721481,0.0,45830.7119721481,75487.9934853443,71463.99799734703,0.0,71463.99799734703,False,21896.588357235938,17736.23656936111,39632.82492659705
SAA-MPC,2025-10-19,46098.133679848965,-637.2256160815375,45460.90806376743,2472.2321737340208,47933.140237501444,73422.4164289952,71290.1850646605,649.4984138888879,71939.68347854938,True,21775.81753410494,17638.412202624997,39414.22973672993
SAA-MPC,2025-10-20,48152.41170099666,-899.1255961860372,47253.28610481062,1044.20472544375,48297.49083025437,76393.89972846364,73859.75297098767,290.8590138888889,74150.61198487655,True,22020.86046682099,17836.896978124998,39857.757444945986
SAA-MPC,2025-10-21,46993.27125740692,-37.94848517416443,46955.32277223276,1759.3300245569465,48714.652796789705,75244.8259128659,74835.78052016444,494.8807111111115,75330.66123127555,True,22596.955281567214,18303.533778069446,40900.48905963666
SAA-MPC,2025-10-22,45990.69631334061,760.7134019603247,46751.409715300935,949.4655196388883,47700.87523493982,73223.18882925241,73941.5248175583,324.07402499999966,74265.59884255829,True,22585.888592558298,18294.569759972223,40880.45835253052
SAA-MPC,2025-10-23,52013.5753206239,-3499.1415057026447,48514.433814921256,1461.9825631951421,49976.416378116395,83270.29602779492,71037.46483118998,502.29833472222344,71539.7631659122,True,22112.35675341221,17911.008970263887,40023.36572367609
SAA-MPC,2025-10-24,44840.90708930744,1180.6337844863401,46021.540873793776,0.0,46021.540873793776,72108.74964855966,72086.81048734568,0.0,72086.81048734568,False,22291.35469429012,18055.997302375,40347.35199666512
SAA-MPC,2025-10-25,47816.804992435296,-1224.4454460023774,46592.35954643292,0.0,46592.35954643292,77184.8019526749,72987.17347740056,0.0,72987.17347740056,False,23256.63772740055,18837.876559194443,42094.51428659499
SAA-MPC,2025-10-26,47147.88166944132,-1379.5745547524964,45768.307114688825,2191.2514151743108,47959.558529863134,76064.79800788753,70656.47665742456,721.3836958333345,71377.8603532579,True,22128.93097409122,17924.43408901389,40053.36506310511
SAA-MPC,2025-10-27,43026.19074379358,4039.90055753969,47066.09130133327,1143.5561295104208,48209.64743084369,69288.68067071331,72344.27884749658,303.288909722223,72647.5677572188,True,22496.231894718792,18221.94783472222,40718.17972944101
SAA-MPC,2025-10-28,43383.970861871174,3439.876555602742,46823.84741747392,859.4270420958338,47683.27445956975,69685.54178106996,73001.07998837449,297.80096527777795,73298.88095365227,True,21973.306985596704,17798.378658333328,39771.68564393003
SAA-MPC,2025-10-29,48474.15339527777,-146.01165964432772,48328.14173563344,899.7777876902775,49227.91952332372,78236.79381319975,77618.85022789454,257.7761444444441,77876.62637233899,True,23661.260550394378,19165.621045819447,42826.881596213825
SAA-MPC,2025-10-30,42967.450364685756,2215.5712522214735,45183.02161690723,2733.472007107205,47916.49362401444,69318.6756630144,71306.06834003805,711.3612537916731,72017.42959382973,True,22149.46772186213,17941.06885470833,40090.53657657046
SAA-MPC,2025-10-31,48986.0106727722,-767.7696832407377,48218.24098953146,0.0,48218.24098953146,78717.77101806874,76634.71742518467,0.0,76634.71742518467,False,22921.61653605967,18566.509394208333,41488.125930268005
SAA-MPC,2025-11-01,45785.979125002035,485.9569804930669,46271.9361054951,0.0,46271.9361054951,74055.10197463991,74548.96895192045,0.0,74548.96895192045,False,23225.67529775377,18812.796991180556,42038.472288934325
SAA-MPC,2025-11-02,46479.89798194199,2622.553210335366,49102.45119227736,2006.8920072243113,51109.34319950167,74688.94105090876,75917.50651815945,542.1524333333346,76459.65895149279,True,23417.07773446502,18967.832964916666,42384.91069938168
SAA-MPC,2025-11-03,49443.29967975819,-884.8359703493711,48558.46370940882,1230.1003421874975,49788.56405159632,79838.10024027777,76874.85405234326,392.0470999999993,77266.90115234326,True,22795.979303926608,18464.743236180555,41260.72254010716
SAA-MPC,2025-11-04,46106.339177147966,1359.4384723996009,47465.77764954757,1925.7307956576417,49391.50844520521,74352.97318331618,75338.35165227161,502.5518385833335,75840.90349085494,True,22867.248774382722,18522.47150725,41389.72028163272
SAA-MPC,2025-11-05,51662.388645551946,-2053.697291670373,49608.69135388157,2115.366310488887,51724.057664370455,82807.02700504115,76744.69057664438,528.8527013888882,77273.54327803326,True,23146.164706961586,18748.393412638885,41894.55811960047
SAA-MPC,2025-11-06,48323.332364480826,1127.1685669958717,49450.5009314767,2525.850715377085,51976.351646853785,77910.19591527776,78525.79757137841,636.8092347222223,79162.60680610064,True,23036.620842781205,18659.662882652774,41696.28372543398
SAA-MPC,2025-11-07,47366.05470454313,2494.244462585244,49860.299167128374,0.0,49860.299167128374,75888.99206714678,77372.7607468949,0.0,77372.7607468949,False,22757.863289797668,18433.869264736113,41191.73255453378
SAA-MPC,2025-11-08,49678.44231140198,-949.5357358348682,48728.90657556711,0.0,48728.90657556711,79518.0526505,76755.81028372222,0.0,76755.81028372222,False,23184.345088888884,18779.319521999998,41963.66461088888
SAA-MPC,2025-11-09,49069.96609065658,133.34310728020844,49203.30919793678,1368.2083153208341,50571.51751325762,78747.07234502709,78666.63269641597,360.5969361111111,79027.22963252707,True,23329.87266304869,18897.196857069437,42227.06952011812
SAA-MPC,2025-11-10,49801.119460742906,1940.0512626214477,51741.170723364354,2349.892290595138,54091.063013959494,79660.98380250257,81307.02537192404,624.7487791666664,81931.7741510907,True,23935.39507774348,19387.670012972216,43323.065090715696
SAA-MPC,2025-11-11,51816.49291030853,-1060.776720577599,50755.716189730934,1044.239038443056,51799.95522817399,82355.22549104938,79359.2496091075,322.6405055555556,79681.89011466305,True,22715.482242541148,18399.540616458333,41115.02285899948
SAA-MPC,2025-11-12,49249.00426688048,2183.8811852493423,51432.88545212983,1307.5655349120734,52740.4509870419,78961.519765625,79190.86504847222,300.99421318055954,79491.85926165277,True,23183.042056944443,18778.264066124997,41961.306123069444
SAA-MPC,2025-11-13,47985.216270411955,1972.8740976317424,49958.0903680437,3755.2437569242998,53713.334124967994,76791.92389807956,78634.87287129165,993.4314736111096,79628.30434490276,True,22306.04127638889,18067.893433875,40373.934710263886
SAA-MPC,2025-11-14,49219.58019352318,710.3771082242354,49929.95730174742,0.0,49929.95730174742,79256.84137487499,79200.78722477212,0.0,79200.78722477212,False,23665.01960406379,19168.665879291664,42833.68548335545
SAA-MPC,2025-11-15,53673.05146222282,-1648.20300857826,52024.84845364456,0.0,52024.84845364456,85121.42777201645,80468.75953852726,0.0,80468.75953852726,False,23174.749303652265,18771.546935958337,41946.2962396106
SAA-MPC,2025-11-16,49513.97406378049,1977.7910120344634,51491.765075814954,2446.8675625388896,53938.63263835384,79375.3934209019,80977.9691892037,588.0003888888886,81565.96957809258,True,23648.973489814813,19155.66852675,42804.642016564816
SAA-MPC,2025-11-17,47675.10714375322,4842.90286691042,52518.010010663646,1271.4691134054015,53789.47912406905,76187.11961599793,80691.75700182459,406.675524691358,81098.43252651594,True,23343.830695113167,18908.502863041667,42252.33355815483
SAA-MPC,2025-11-18,50413.440442043604,194.05705960946602,50607.49750165307,4234.672029304171,54842.169530957246,80669.96834705916,80128.84415439796,1126.490150000001,81255.33430439795,True,23974.902740106307,19419.67121948611,43394.57395959242
SAA-MPC,2025-11-19,50133.85769427282,3747.994065600725,53881.85175987354,1718.3784253902802,55600.23018526382,80202.67355812361,83161.77604185407,488.07148194444494,83649.84752379851,True,24242.120160562412,19636.117330055553,43878.23749061796
SAA-MPC,2025-11-20,50131.23786524579,923.4694866108678,51054.70735185666,2642.777824839357,53697.48517669602,80273.83280889077,81069.41686204578,626.0306791388907,81695.44754118467,True,23535.353769392997,19063.63655320833,42598.99032260133
SAA-MPC,2025-11-21,50570.16898636399,1626.9709850528338,52197.13997141682,0.0,52197.13997141682,80834.33584540276,82017.12234170336,0.0,82017.12234170336,False,23554.72814653635,19079.329798694445,42634.057945230794
SAA-MPC,2025-11-22,55579.626695137915,-1616.6019184969275,53963.02477664099,0.0,53963.02477664099,87710.76534444444,83184.19028979767,0.0,83184.19028979767,False,23440.976251714674,18987.190763888888,42428.16701560356
SAA-MPC,2025-11-23,50539.959423967215,1475.7761577596564,52015.73558172687,2389.44997774659,54405.18555947346,80585.05955673268,81441.37640150222,634.9262821666681,82076.30268366888,True,23830.541807321668,19302.73886393055,43133.280671252214
SAA-MPC,2025-11-24,50161.99792378685,46.18576117749985,50208.183684964344,3353.3334406499425,53561.517125614286,79888.16938489882,79865.8780501766,953.250269684496,80819.12831986109,True,23385.346414094638,18942.130595416664,42327.477009511305
SAA-MPC,2025-11-25,58275.36843433145,-2621.3480751388897,55654.02035919256,1277.0698094159766,56931.090168608534,91466.43358256172,84042.66218132715,371.93859305555657,84414.6007743827,True,23697.63404938271,19195.08358,42892.71762938271
SAA-MPC,2025-11-26,54576.29759702236,-428.320407787963,54147.9771892344,1599.484242638886,55747.461431873286,86676.66298055556,85002.09853956755,402.99579027777713,85405.09432984533,True,24610.129162928664,19934.20462197222,44544.33378490088
SAA-MPC,2025-11-27,53029.83040152008,-104.86044839208314,52924.96995312799,1569.1441363768972,54494.11408950489,84281.375946262,83939.62062959533,386.07130787500023,84325.69193747033,True,24333.257221262,19709.93834922222,44043.19557048422
SAA-MPC,2025-11-28,53453.09156137864,-212.11233182463909,53240.979229554,0.0,53240.979229554,84663.24141930726,83765.40982157065,0.0,83765.40982157065,False,23551.424996570648,19076.65424722222,42628.07924379287
SAA-MPC,2025-11-29,60169.46269602084,-2096.6686799977524,58072.79401602309,0.0,58072.79401602309,94444.94230841906,88251.93928787722,0.0,88251.93928787722,False,24671.68792259945,19984.067217305557,44655.755139905006
SAA-MPC,2025-11-30,54414.21017555414,743.5378578260132,55157.74803338015,2963.8801257694804,58121.62815914963,86559.99316279149,86749.34544260975,664.9602387222235,87414.30568133197,True,24683.92277455418,19993.977447388887,44677.90022194307
SAA-MPC,2025-12-01,57466.42242222058,-1673.4876821870575,55792.934740033525,22752.67165903565,78545.60639906918,89864.71242664609,85399.50119965707,6307.189290472219,91706.69049012929,True,24575.91586910151,19906.49185397222,44482.40772307373
SAA-MPC,2025-12-02,59387.602598935475,-1327.906665555588,58059.69593337989,17702.825165305556,75762.52109868545,93218.78246870713,89249.4358565972,4854.0469625,94103.4828190972,True,24825.0658375,20108.303328375,44933.369165875
SAA-MPC,2025-12-03,52895.715485777924,3688.429856962771,56584.145342740696,18242.880077831942,74827.02542057264,83678.96835996228,87482.46844196226,5189.939216666666,92672.40765862893,True,24763.0176696845,20058.044312444446,44821.061982128944
SAA-MPC,2025-12-04,58859.59810440222,-1569.1994659368584,57290.39863846536,16922.452622054916,74212.85126052028,91779.68883888888,87695.31111699245,4777.444860458334,92472.75597745078,True,24786.075816992452,20076.721411763887,44862.79722875634
SAA-MPC,2025-12-05,57813.91555035353,-282.32576994824205,57531.58978040529,0.0,57531.58978040529,90445.29331735254,89594.84361749588,0.0,89594.84361749588,False,24922.666079218103,20187.359524166663,45110.02560338477
SAA-MPC,2025-12-06,59538.69843224318,-554.6733622680797,58984.025069975105,0.0,58984.025069975105,92883.49848182441,91451.97637717763,0.0,91451.97637717763,False,24889.583950788754,20160.563000138893,45050.14695092765
SAA-MPC,2025-12-07,60401.59176131958,-1704.1294648701582,58697.46229644942,13382.019855464585,72079.48215191401,94327.92524444443,88903.36738204543,4209.935665277778,93113.3030473232,True,25083.400833864882,20317.554675430558,45400.95550929544
SAA-MPC,2025-12-08,60204.38575718721,-541.8370475628747,59662.54870962433,7661.7700578349795,67324.3187674593,94127.33868329904,92270.99249388889,2443.516126044925,94714.50861993381,True,24778.087590294923,20070.25094813889,44848.33853843382
SAA-MPC,2025-12-09,59878.8381963468,-622.8385631136892,59255.99963323311,8137.548927097916,67393.54856033102,93598.82612498285,91315.99984127228,2353.4248597222218,93669.4247009945,True,25500.38522599451,20655.312033055554,46155.697259050066
SAA-MPC,2025-12-10,57996.7405368601,539.8469029037472,58536.58743976385,11775.343121815258,70311.93056157911,90867.73434833676,91278.55834959721,3212.65995551389,94491.2183051111,True,25093.22843333333,20325.515030999995,45418.743464333325
SAA-MPC,2025-12-11,60555.44133777956,-1152.4466304733792,59402.99470730618,4138.3812239117415,63541.37593121792,94955.62916093963,91741.88958705554,1171.8565949305566,92913.7461819861,True,24847.731702777775,20126.66267925,44974.39438202778
SAA-MPC,2025-12-12,60109.23411262777,801.1899577397481,60910.42407036752,0.0,60910.42407036752,94265.87161805555,94996.50158848609,0.0,94996.50158848609,False,24983.258619444445,20236.43948175,45219.698101194444
SAA-MPC,2025-12-13,61058.70539936481,805.8820259275974,61864.587425292404,6.061230000000077,61870.6486552924,95135.02718009257,94933.80273148147,2.8350000000000364,94936.63773148147,True,25108.52525720164,20337.905458333335,45446.430715534974
SAA-MPC,2025-12-14,57478.43945613332,1588.374755721288,59066.8142118546,10106.562114171626,69173.37632602622,90453.87803609396,92224.53148909465,2459.2420800277782,94683.77356912242,True,25174.384091872427,20391.251114416667,45565.635206289095
SAA-MPC,2025-12-15,57660.76008934255,2823.5719377699797,60484.33202711253,6783.614056247066,67267.9460833596,90719.85973942043,93659.85622189642,1785.0726309156378,95444.92885281205,True,24945.505852194783,20205.859740277778,45151.36559247256
SAA-MPC,2025-12-16,62081.3907896436,-626.4367994922912,61454.953990151305,3037.2793025340297,64492.233292685334,96498.45389444444,94842.81096388889,962.5903125000004,95805.40127638889,True,25107.84808194444,20337.356946375003,45445.20502831944
SAA-MPC,2025-12-17,62381.54273393348,-1247.3329283829744,61134.209805550505,3292.5094187141754,64426.71922426468,97384.57164322701,93805.50407229867,977.7056848333353,94783.209757132,True,24761.494789540466,20056.81077952778,44818.305569068245
SAA-MPC,2025-12-18,59541.60758862735,478.65141992093186,60020.25900854828,3251.4747337027766,63271.73374225106,92944.99198749999,93215.00767920833,1013.0877513888888,94228.09543059721,True,24961.03418472222,20218.437689625,45179.47187434722
SAA-MPC,2025-12-19,59615.177061176146,1340.7638320530866,60955.940893229235,0.0,60955.940893229235,93173.42832674895,94523.82928803154,0.0,94523.82928803154,False,25457.56195330933,20620.625182180556,46078.18713548989
SAA-MPC,2025-12-20,61734.409442932636,-456.3606668182656,61278.048776114374,0.0,61278.048776114374,95854.90284583332,94734.53848136145,0.0,94734.53848136145,False,25358.82211147119,20540.64591029167,45899.46802176286
SAA-MPC,2025-12-21,61023.24257756536,-22.257185122612725,61000.98539244275,4334.537858433325,65335.523250876075,95529.39926474623,94748.83430641289,1329.3861437499982,96078.22045016289,True,25139.217361968447,20362.766063194445,45501.98342516289
SAA-MPC,2025-12-22,60032.72023613579,463.53251415835456,60496.252750294145,4018.275288830253,64514.5280391244,93619.77005795609,94128.46138612277,1226.7530989369013,95355.21448505967,True,25069.035545781895,20305.918792083336,45374.95433786523
SAA-MPC,2025-12-23,61592.738280470876,-670.1203290604772,60922.6179514104,2525.5867204874958,63448.204671897896,96311.85487832647,94110.25282356257,712.9272041666652,94823.18002772924,True,25057.197029715364,20296.329594069448,45353.52662378481
SAA-MPC,2025-12-24,61462.33706084096,-183.29687483682986,61279.04018600413,1603.3857961368008,62882.42598214093,95536.47906244855,95065.06705034291,506.3747263888879,95571.44177673181,True,25460.46284339849,20622.974903152775,46083.437746551266
SAA-MPC,2025-12-25,58728.87978898777,1497.3033212045561,60226.18311019232,4552.0490518152765,64778.232162007596,92372.54421385459,93826.84356784978,1308.4871819444438,95135.33074979422,True,25147.699137294236,20369.636301208335,45517.335438502574
SAA-MPC,2025-12-26,60634.179858968,600.6782684765267,61234.858127444524,0.0,61234.858127444524,94895.77140917353,95108.1622347908,0.0,95108.1622347908,False,25468.276693089847,20629.304121402776,46097.58081449263
SAA-MPC,2025-12-27,61829.45139790639,229.4792362684601,62058.93063417485,0.0,62058.93063417485,96558.14639722221,96186.64385984722,0.0,96186.64385984722,False,25620.300043055555,20752.443034875003,46372.74307793056
SAA-MPC,2025-12-28,61051.84257316583,-459.51810886485833,60592.32446430097,1715.8913113833346,62308.2157756843,95441.35153187584,94250.76700404665,469.11831111111127,94719.88531515776,True,24934.10262177641,20196.623123638885,45130.72574541529
SAA-MPC,2025-12-29,59955.23464859555,1052.7192262506887,61007.95387484624,1708.3528185152784,62716.30669336151,94415.484875,95358.65813103583,452.5403597222225,95811.19849075805,True,25268.58120713305,20467.550777777782,45736.13198491083
SAA-MPC,2025-12-30,61080.631030909506,-711.4270776495529,60369.20395325995,2841.32368153652,63210.52763479647,95668.25442974965,93228.13681840277,720.0535868749978,93948.19040527777,True,24921.05211111111,20186.05221,45107.10432111111
SAA-MPC,2025-12-31,62406.21958317963,-247.1979825071531,62159.02160067247,1743.7312085657422,63902.75280923821,97742.0858699417,96687.71820466392,522.2877667695477,97210.00597143346,True,25310.279266392317,20501.326205777776,45811.60547217009
