policy,date,initial_plan_kwh,executed_adjusted_kwh,emergency_kwh,actual_grid_energy_kwh,plan_cost,adjustment_cost,emergency_cost,total_cost,up_adjust_kwh,down_adjust_kwh
0,2025-02-01,93429.28859569615,93429.28859569615,0.0,93429.28859569615,59395.01843862276,0.0,0.0,59395.01843862276,0.0,0.0
0,2025-02-02,93013.98304266117,93013.98304266117,14.969616666666866,93028.95265932784,58750.41665189426,0.0,91.67427611666756,58842.090928010926,0.0,0.0
0,2025-02-03,95562.53238888888,95562.53238888888,47.20604861111076,95609.7384375,60470.27568131819,0.0,180.46629751944312,60650.741978837636,0.0,0.0
0,2025-02-04,97679.91239583332,97679.91239583332,71.72141666666664,97751.63381249999,62395.5796822361,0.0,236.4821256666665,62632.06180790277,0.0,0.0
0,2025-02-05,92742.84375982509,92742.84375982509,236.52665972222283,92979.37041954731,58761.72436063056,0.0,636.9110721645852,59398.63543279514,0.0,0.0
0,2025-02-06,98267.08830138888,98267.08830138888,16.758883333333074,98283.84718472221,62633.72605929402,0.0,90.74860335833225,62724.474662652356,0.0,0.0
0,2025-02-07,94385.3950288923,94385.3950288923,0.0,94385.3950288923,59972.692875450666,0.0,0.0,59972.692875450666,0.0,0.0
0,2025-02-08,86001.55528223576,86001.55528223576,0.0,86001.55528223576,53672.87581746682,0.0,0.0,53672.87581746682,0.0,0.0
0,2025-02-09,93405.08508194443,93405.08508194443,12.103629166666707,93417.1887111111,59036.70783862444,0.0,58.45012367916677,59095.15796230361,0.0,0.0
0,2025-02-10,88767.52914999999,88767.52914999999,34.42862500000024,88801.95777499999,55678.15593494472,0.0,177.0196096250014,55855.17554456972,0.0,0.0
0,2025-02-11,89682.09669125514,89682.09669125514,39.791155555555456,89721.8878468107,56695.34691189259,0.0,98.54476529444423,56793.891677187035,0.0,0.0
0,2025-02-12,89814.88468055555,89814.88468055555,20.74595000000022,89835.63063055555,56505.9492984968,0.0,116.48984622500114,56622.4391447218,0.0,0.0
0,2025-02-13,84346.8667236111,84346.8667236111,31.322450000000117,84378.18917361111,52353.97471950027,0.0,148.6056965416676,52502.580416041936,0.0,0.0
0,2025-02-14,86884.20855190328,86884.20855190328,0.0,86884.20855190328,54108.225898860124,0.0,0.0,54108.225898860124,0.0,0.0
0,2025-02-15,88290.5040494513,88290.5040494513,0.0,88290.5040494513,54966.396657073456,0.0,0.0,54966.396657073456,0.0,0.0
0,2025-02-16,89877.46801388887,89877.46801388887,95.29220555555526,89972.76021944442,56350.59278370708,0.0,491.80302172360916,56842.395805430686,0.0,0.0
0,2025-02-17,88958.54734994855,88958.54734994855,96.11098333333325,89054.65833328188,55275.42614698615,0.0,503.7237782666658,55779.149925252816,0.0,0.0
0,2025-02-18,80233.65361973594,80233.65361973594,1366.1641805555544,81599.8178002915,49758.786033814285,0.0,4517.717048123609,54276.503081937895,0.0,0.0
0,2025-02-19,80714.37768411916,80714.37768411916,634.962761111112,81349.34044523026,50128.41726120714,0.0,2368.0825909618097,52496.49985216895,0.0,0.0
0,2025-02-20,83279.41539027778,83279.41539027778,249.2680055555561,83528.68339583333,51333.96486079221,0.0,1219.0961372854194,52553.060998077635,0.0,0.0
0,2025-02-21,81369.59173940329,81369.59173940329,0.0,81369.59173940329,50313.39229082767,0.0,0.0,50313.39229082767,0.0,0.0
0,2025-02-22,82807.39319058642,82807.39319058642,0.0,82807.39319058642,51237.133080496904,0.0,0.0,51237.133080496904,0.0,0.0
0,2025-02-23,81437.41613174707,81437.41613174707,642.1449694444466,82079.56110119152,50182.815213086986,0.0,2934.767973838204,53117.58318692519,0.0,0.0
0,2025-02-24,77723.81582933813,77723.81582933813,1377.6602583333338,79101.47608767146,48302.9413039102,0.0,4056.00477599653,52358.94607990673,0.0,0.0
0,2025-02-25,80392.9759449861,80392.9759449861,183.3829111111114,80576.35885609721,49488.6424565491,0.0,788.5886363340289,50277.231092883136,0.0,0.0
0,2025-02-26,73882.11549657065,73882.11549657065,1749.476126388888,75631.59162295955,45027.442761471946,0.0,6497.696716140275,51525.13947761222,0.0,0.0
0,2025-02-27,75308.9164026406,75308.9164026406,504.1309444444438,75813.04734708506,46137.80373944654,0.0,2361.736365620831,48499.540105067375,0.0,0.0
0,2025-02-28,75524.92967674896,75524.92967674896,0.0,75524.92967674896,46057.357868489285,0.0,0.0,46057.357868489285,0.0,0.0
0,2025-03-01,85843.77428271604,85843.77428271604,0.0,85843.77428271604,53538.95427258208,0.0,0.0,53538.95427258208,0.0,0.0
0,2025-03-02,83044.5713120377,83044.5713120377,351.2954486111113,83395.86676064882,51336.141206940505,0.0,1538.5981036826392,52874.73931062315,0.0,0.0
0,2025-03-03,84771.50518931754,84771.50518931754,859.3925291666658,85630.89771848421,52357.21259632244,0.0,3915.10093471458,56272.31353103702,0.0,0.0
0,2025-03-04,75940.61318621399,75940.61318621399,1741.595791666668,77682.20897788065,46683.85452413651,0.0,5974.214245068757,52658.06876920526,0.0,0.0
0,2025-03-05,79791.13168575102,79791.13168575102,175.04571527777819,79966.1774010288,49019.97667418915,0.0,878.6831253541687,49898.65979954332,0.0,0.0
0,2025-03-06,75133.27603170439,75133.27603170439,434.95624722222306,75568.2322789266,45793.33100176396,0.0,1913.3977268298652,47706.72872859382,0.0,0.0
0,2025-03-07,80780.17255865209,80780.17255865209,0.0,80780.17255865209,49925.33451632256,0.0,0.0,49925.33451632256,0.0,0.0
0,2025-03-08,74584.90752095832,74584.90752095832,0.0,74584.90752095832,45277.808822833715,0.0,0.0,45277.808822833715,0.0,0.0
0,2025-03-09,78726.83741445473,78726.83741445473,240.5630569444449,78967.40047139917,47915.24272755087,0.0,1307.4289936187529,49222.67172116962,0.0,0.0
0,2025-03-10,75556.90248144718,75556.90248144718,1091.9347833333336,76648.83726478051,45694.439071622764,0.0,4707.243254188194,50401.68232581096,0.0,0.0
0,2025-03-11,67445.78799300411,67445.78799300411,3749.4624555555556,71195.25044855966,41154.20600928577,0.0,12974.292268602778,54128.498277888546,0.0,0.0
0,2025-03-12,77094.27813489368,77094.27813489368,229.83032638888983,77324.10846128258,47072.643559517805,0.0,798.6801056965321,47871.32366521434,0.0,0.0
0,2025-03-13,77235.24039634773,77235.24039634773,1023.726270833334,78258.96666718106,46932.613143723946,0.0,4539.4739718756955,51472.08711559964,0.0,0.0
0,2025-03-14,69945.92924377572,69945.92924377572,0.0,69945.92924377572,42582.074433641945,0.0,0.0,42582.074433641945,0.0,0.0
0,2025-03-15,76322.13890694444,76322.13890694444,9.053333333333399,76331.19224027777,46223.971102382086,0.0,19.356026666666803,46243.327129048754,0.0,0.0
0,2025-03-16,73848.90551299724,73848.90551299724,476.347698611111,74325.25321160835,45111.90710272442,0.0,1996.7198923909718,47108.626995115395,0.0,0.0
0,2025-03-17,69483.16628336042,69483.16628336042,762.0914791666678,70245.2577625271,41452.52690656767,0.0,3253.633160124309,44706.16006669198,0.0,0.0
0,2025-03-18,77960.13295833333,77960.13295833333,98.57998333333353,78058.71294166666,47794.13632616624,0.0,282.7199363083338,48076.856262474575,0.0,0.0
0,2025-03-19,65028.111678772286,65028.111678772286,1509.2470027777772,66537.35868155006,39569.21747725693,0.0,5239.940772306942,44809.15824956387,0.0,0.0
0,2025-03-20,73413.45432347392,73413.45432347392,1064.7101750000004,74478.16449847393,44712.58691134697,0.0,4291.443499579168,49004.030410926134,0.0,0.0
0,2025-03-21,71224.7246241706,71224.7246241706,0.0,71224.7246241706,42813.49560244485,0.0,0.0,42813.49560244485,0.0,0.0
0,2025-03-22,73697.9483563443,73697.9483563443,9.078333333333376,73707.02668967764,45017.12890273389,0.0,19.409476666666755,45036.53837940056,0.0,0.0
0,2025-03-23,74106.61468137859,74106.61468137859,240.36892222222264,74346.9836036008,45109.31601797122,0.0,1081.5841581013915,46190.90017607261,0.0,0.0
0,2025-03-24,69821.60133141288,69821.60133141288,417.4114111111114,70239.01274252399,42025.367988600156,0.0,1413.0405937625023,43438.40858236266,0.0,0.0
0,2025-03-25,77048.39567949245,77048.39567949245,254.22587361111073,77302.62155310356,46948.23656421999,0.0,888.0266420611102,47836.263206281095,0.0,0.0
0,2025-03-26,67170.62047189643,67170.62047189643,460.3600555555561,67630.98052745199,40612.20439221275,0.0,1745.8669161506944,42358.07130836344,0.0,0.0
0,2025-03-27,70422.60704269547,70422.60704269547,361.138283333333,70783.7453260288,42686.15192227504,0.0,1237.314162123609,43923.46608439865,0.0,0.0
0,2025-03-28,68377.01879999999,68377.01879999999,0.0,68377.01879999999,41568.56711670125,0.0,0.0,41568.56711670125,0.0,0.0
0,2025-03-29,62918.48269305554,62918.48269305554,0.0,62918.48269305554,37884.15785276639,0.0,0.0,37884.15785276639,0.0,0.0
0,2025-03-30,68736.60165999657,68736.60165999657,567.4990916666667,69304.10075166324,41069.81557712857,0.0,2064.2352905930566,43134.05086772163,0.0,0.0
0,2025-03-31,60338.92374489026,60338.92374489026,2780.4856544410145,63119.40939933127,36259.9969352702,0.0,9615.16715544063,45875.16409071083,0.0,0.0
0,2025-04-01,72743.26750594992,72743.26750594992,934.0451250000006,73677.31263094992,43155.53767072038,0.0,3483.2327618631984,46638.77043258358,0.0,0.0
0,2025-04-02,69635.84076805555,69635.84076805555,744.3947250000008,70380.23549305556,41622.897211218326,0.0,3033.901940495838,44656.79915171416,0.0,0.0
0,2025-04-03,70491.49285644719,70491.49285644719,386.33435694444483,70877.82721339163,42856.68546439257,0.0,1313.1410226083353,44169.8264870009,0.0,0.0
0,2025-04-04,62042.7369625,62042.7369625,0.0,62042.7369625,37139.30921500861,0.0,0.0,37139.30921500861,0.0,0.0
0,2025-04-05,62188.41999722221,62188.41999722221,0.0,62188.41999722221,36797.67218818888,0.0,0.0,36797.67218818888,0.0,0.0
0,2025-04-06,66123.87401843278,66123.87401843278,535.4039569444446,66659.27797537722,38889.40105871911,0.0,2333.86167443264,41223.26273315175,0.0,0.0
0,2025-04-07,59158.94066527777,59158.94066527777,2728.0918430555557,61887.03250833332,34894.89435607916,0.0,10201.436011118054,45096.33036719721,0.0,0.0
0,2025-04-08,67606.08887062757,67606.08887062757,408.45994305555496,68014.54881368313,40552.130630269625,0.0,1790.1921999208316,42342.32283019046,0.0,0.0
0,2025-04-09,66265.9621968107,66265.9621968107,1453.240755555556,67719.20295236625,39443.85029747786,0.0,4605.065746359031,44048.91604383689,0.0,0.0
0,2025-04-10,65038.09262872084,65038.09262872084,422.47748611111075,65460.57011483195,39224.68303155548,0.0,1738.6450894493041,40963.328121004786,0.0,0.0
0,2025-04-11,53960.15668957475,53960.15668957475,0.0,53960.15668957475,32244.417330992168,0.0,0.0,32244.417330992168,0.0,0.0
0,2025-04-12,68624.42385119444,68624.42385119444,0.0,68624.42385119444,40788.239735872616,0.0,0.0,40788.239735872616,0.0,0.0
0,2025-04-13,61545.11532222222,61545.11532222222,861.4250722222229,62406.54039444444,36310.74577977847,0.0,3282.184293915976,39592.93007369444,0.0,0.0
0,2025-04-14,64705.521376183126,64705.521376183126,746.5615486111112,65452.08292479424,38824.39750460308,0.0,2321.2630749270843,41145.660579530166,0.0,0.0
0,2025-04-15,56743.35386025377,56743.35386025377,1781.349906944447,58524.70376719821,33388.057934137105,0.0,7550.616084916676,40938.67401905378,0.0,0.0
0,2025-04-16,63175.22998683128,63175.22998683128,987.931001388888,64163.16098822017,36810.893830620866,0.0,3958.9274898555527,40769.82132047642,0.0,0.0
0,2025-04-17,57574.03766159122,57574.03766159122,2002.6005652777787,59576.638226869,34654.40027999258,0.0,6553.414770384034,41207.815050376616,0.0,0.0
0,2025-04-18,58610.451108161855,58610.451108161855,0.0,58610.451108161855,34558.62348775934,0.0,0.0,34558.62348775934,0.0,0.0
0,2025-04-19,62579.16936666666,62579.16936666666,0.0,62579.16936666666,36493.915475393194,0.0,0.0,36493.915475393194,0.0,0.0
0,2025-04-20,58332.29027520575,58332.29027520575,1731.1719291666682,60063.462204372416,34620.41875269064,0.0,6340.334927320841,40960.75368001148,0.0,0.0
0,2025-04-21,61243.55799903978,61243.55799903978,697.2079875000003,61940.76598653978,36253.68370694095,0.0,2558.722986063196,38812.406693004144,0.0,0.0
0,2025-04-22,54910.379863888884,54910.379863888884,4170.299862500002,59080.67972638889,32472.777613439717,0.0,14015.501143377785,46488.278756817504,0.0,0.0
0,2025-04-23,53910.865749519886,53910.865749519886,3361.2340111111134,57272.099760631,31922.357805766085,0.0,11130.413915955567,43052.771721721656,0.0,0.0
0,2025-04-24,56075.27262918055,56075.27262918055,941.7284944444452,57017.001123625,33137.836616325425,0.0,3101.7711732687535,36239.60778959418,0.0,0.0
0,2025-04-25,54714.76270233196,54714.76270233196,0.0,54714.76270233196,32995.14751898478,0.0,0.0,32995.14751898478,0.0,0.0
0,2025-04-26,54604.99958220165,54604.99958220165,0.0,54604.99958220165,32755.536883653873,0.0,0.0,32755.536883653873,0.0,0.0
0,2025-04-27,55062.24398189299,55062.24398189299,2079.5379958333324,57141.78197772632,32756.051712804365,0.0,9299.41750882708,42055.46922163144,0.0,0.0
0,2025-04-28,65820.82891141975,65820.82891141975,957.1022583333336,66777.9311697531,38573.21529012594,0.0,4158.490582112502,42731.70587223844,0.0,0.0
0,2025-04-29,57162.87302366255,57162.87302366255,838.0597361111102,58000.932759773656,33747.06000927683,0.0,3859.643548100692,37606.70355737752,0.0,0.0
0,2025-04-30,54337.98941570645,54337.98941570645,1924.5336097222228,56262.52302542867,32568.227005210487,0.0,6870.689258778473,39438.91626398896,0.0,0.0
0,2025-05-01,57168.08622148491,57168.08622148491,3176.752418055555,60344.83863954047,34091.775846399396,0.0,15031.260585634027,49123.03643203342,0.0,0.0
0,2025-05-02,67725.72750735597,67725.72750735597,0.0,67725.72750735597,40011.91481553619,0.0,0.0,40011.91481553619,0.0,0.0
0,2025-05-03,63938.99743607681,63938.99743607681,18.39166666666665,63957.38910274348,37703.201040286425,0.0,39.3213833333333,37742.52242361976,0.0,0.0
0,2025-05-04,60949.74251558641,60949.74251558641,2095.903129166666,63045.64564475308,35913.771924014254,0.0,9730.854659113887,45644.62658312814,0.0,0.0
0,2025-05-05,61903.140418055555,61903.140418055555,2489.321109722223,64392.46152777778,37144.11023286791,0.0,9778.221112487501,46922.331345355415,0.0,0.0
0,2025-05-06,54281.05694718793,54281.05694718793,4502.279472222221,58783.336419410145,32342.2022478391,0.0,20440.18006573264,52782.38231357174,0.0,0.0
0,2025-05-07,57846.83926531207,57846.83926531207,2977.8073541666654,60824.646619478735,34805.900774781476,0.0,12493.434455946524,47299.335230728,0.0,0.0
0,2025-05-08,64362.44505832561,64362.44505832561,2315.453933333333,66677.89899165895,37250.59326307691,0.0,11410.793721550695,48661.38698462761,0.0,0.0
0,2025-05-09,67542.22879528464,67542.22879528464,0.0,67542.22879528464,39560.34590978577,0.0,0.0,39560.34590978577,0.0,0.0
0,2025-05-10,65730.25748077023,65730.25748077023,0.0,65730.25748077023,38493.8573407315,0.0,0.0,38493.8573407315,0.0,0.0
0,2025-05-11,62312.21982818929,62312.21982818929,2296.524854166666,64608.74468235596,36308.47332884034,0.0,11148.25158603472,47456.724914875056,0.0,0.0
0,2025-05-12,55626.12271243141,55626.12271243141,2803.0174583333337,58429.140170764746,33111.50778772933,0.0,11682.179873551395,44793.687661280725,0.0,0.0
0,2025-05-13,64636.29115312071,64636.29115312071,1229.0768374999993,65865.36799062071,37859.32763421592,0.0,5793.09515601458,43652.4227902305,0.0,0.0
0,2025-05-14,63028.20192676611,63028.20192676611,1122.91840138889,64151.120328155,38032.36050077957,0.0,4166.379153433338,42198.739654212906,0.0,0.0
0,2025-05-15,61829.94477007424,61829.94477007424,997.9223513888882,62827.867121463125,37914.53200037076,0.0,3322.683213818746,41237.215214189506,0.0,0.0
0,2025-05-16,58854.16810546981,58854.16810546981,0.0,58854.16810546981,35851.0999553423,0.0,0.0,35851.0999553423,0.0,0.0
0,2025-05-17,66891.34851658093,66891.34851658093,3.5616666666666106,66894.91018324759,39858.48946880014,0.0,7.614843333333213,39866.10431213347,0.0,0.0
0,2025-05-18,66484.45099698217,66484.45099698217,656.5954638888886,67141.04646087106,39145.90378950878,0.0,2052.36128167847,41198.265071187256,0.0,0.0
0,2025-05-19,60550.91036694101,60550.91036694101,669.382944444442,61220.29331138545,35790.457003286036,0.0,3302.27229265276,39092.72929593879,0.0,0.0
0,2025-05-20,60057.88522263374,60057.88522263374,2088.65015787037,62146.53538050411,35707.15495163588,0.0,8553.947574965045,44261.102526600924,0.0,0.0
0,2025-05-21,56671.6308803155,56671.6308803155,1779.4138027777772,58451.04468309328,34291.02212009536,0.0,6824.587069181942,41115.609189277304,0.0,0.0
0,2025-05-22,59554.15739696502,59554.15739696502,1208.7191805555547,60762.876577520576,36108.05381034689,0.0,3434.1786463437493,39542.232456690646,0.0,0.0
0,2025-05-23,63681.17096476337,63681.17096476337,0.0,63681.17096476337,37667.794076741186,0.0,0.0,37667.794076741186,0.0,0.0
0,2025-05-24,57900.62112021604,57900.62112021604,0.0,57900.62112021604,35132.3541909966,0.0,0.0,35132.3541909966,0.0,0.0
0,2025-05-25,60570.73799840534,60570.73799840534,685.0707208333341,61255.808719238674,35902.438843632095,0.0,3078.5599076583376,38980.99875129043,0.0,0.0
0,2025-05-26,58637.32468204167,58637.32468204167,2312.5148319444424,60949.83951398611,35441.74160239911,0.0,7553.009555841658,42994.75115824077,0.0,0.0
0,2025-05-27,55899.014393227015,55899.014393227015,1019.7581138888884,56918.7725071159,33971.59195733478,0.0,4148.370098190971,38119.96205552575,0.0,0.0
0,2025-05-28,63716.46592222222,63716.46592222222,534.1600944444442,64250.62601666666,37704.08732342305,0.0,2220.1580251729165,39924.24534859597,0.0,0.0
0,2025-05-29,62960.61063472222,62960.61063472222,1061.1848083333336,64021.795443055555,37420.34999897958,0.0,4703.9205693437525,42124.270568323336,0.0,0.0
0,2025-05-30,66817.84670312071,66817.84670312071,0.0,66817.84670312071,40060.36914258423,0.0,0.0,40060.36914258423,0.0,0.0
0,2025-05-31,69685.75350154939,69685.75350154939,92.18666666666661,69777.94016821605,42418.67151516987,0.0,197.0950933333332,42615.7666085032,0.0,0.0
0,2025-06-01,77390.77704531893,77390.77704531893,4779.944520833333,82170.72156615226,46832.32454412542,0.0,18629.651314407638,65461.97585853306,0.0,0.0
0,2025-06-02,78860.16936685526,78860.16936685526,4768.228505555553,83628.39787241082,48382.20696719123,0.0,18470.166922456934,66852.37388964817,0.0,0.0
0,2025-06-03,72795.50102247941,72795.50102247941,5181.510336111111,77977.01135859052,44103.5510551509,0.0,20853.581773915976,64957.132829066875,0.0,0.0
0,2025-06-04,83604.211835631,83604.211835631,4170.542713888887,87774.75454951989,51602.961057118155,0.0,14850.93924993611,66453.90030705427,0.0,0.0
0,2025-06-05,73037.06383739712,73037.06383739712,6101.854548611108,79138.91838600823,43766.22054828738,0.0,24711.04216019652,68477.2627084839,0.0,0.0
0,2025-06-06,80123.133022548,80123.133022548,0.0,80123.133022548,49632.01412493882,0.0,0.0,49632.01412493882,0.0,0.0
0,2025-06-07,84918.85505138888,84918.85505138888,76.18833333333339,84995.04338472222,52746.05585316375,0.0,162.89065666666679,52908.94650983042,0.0,0.0
0,2025-06-08,69706.5844656725,69706.5844656725,5748.925980861111,75455.5104465336,41827.69843662318,0.0,22890.701570968857,64718.400007592034,0.0,0.0
0,2025-06-09,79049.65121111111,79049.65121111111,3010.910172222223,82060.56138333333,48880.05287087361,0.0,11171.416997421531,60051.46986829514,0.0,0.0
0,2025-06-10,74717.07478849452,74717.07478849452,3075.900697222222,77792.97548571674,45518.96434463294,0.0,11816.862001562498,57335.82634619544,0.0,0.0
0,2025-06-11,80712.11057977777,80712.11057977777,2930.4665000000014,83642.57707977777,50710.87706337326,0.0,10904.570464428474,61615.447527801734,0.0,0.0
0,2025-06-12,79529.63437673182,79529.63437673182,1573.1579694444436,81102.79234617625,49388.73780638222,0.0,6075.725470902775,55464.463277284995,0.0,0.0
0,2025-06-13,80448.31446826833,80448.31446826833,0.0,80448.31446826833,50009.482354239706,0.0,0.0,50009.482354239706,0.0,0.0
0,2025-06-14,81536.44776375171,81536.44776375171,0.0,81536.44776375171,49990.154293713495,0.0,0.0,49990.154293713495,0.0,0.0
0,2025-06-15,73965.39111627228,73965.39111627228,3789.312202777781,77754.70331905007,45455.07694614427,0.0,14021.816953467374,59476.89389961164,0.0,0.0
0,2025-06-16,77837.53947129182,77837.53947129182,2161.627255555557,79999.16672684738,48006.49774434583,0.0,8363.336319742368,56369.834064088194,0.0,0.0
0,2025-06-17,80098.13796541494,80098.13796541494,1891.3283472222238,81989.46631263716,49602.09087936391,0.0,8145.152284891676,57747.24316425559,0.0,0.0
0,2025-06-18,80843.76291838134,80843.76291838134,867.2902972222228,81711.05321560356,49948.55817164031,0.0,3498.6337035798633,53447.191875220175,0.0,0.0
0,2025-06-19,76841.25717973249,76841.25717973249,2432.6477847222222,79273.90496445472,47131.75638834956,0.0,10899.071925306944,58030.8283136565,0.0,0.0
0,2025-06-20,79451.10218472223,79451.10218472223,0.0,79451.10218472223,49076.74647880375,0.0,0.0,49076.74647880375,0.0,0.0
0,2025-06-21,74343.05803558246,74343.05803558246,0.0,74343.05803558246,45952.65598009236,0.0,0.0,45952.65598009236,0.0,0.0
0,2025-06-22,74581.25031387173,74581.25031387173,2093.5484916666665,76674.79880553839,45152.43047003234,0.0,8810.209623874998,53962.640093907336,0.0,0.0
0,2025-06-23,75582.74032003377,75582.74032003377,1429.6933597222214,77012.433679756,47076.59587974889,0.0,4750.322072518748,51826.91795226764,0.0,0.0
0,2025-06-24,87201.96061944443,87201.96061944443,668.1231444444444,87870.08376388888,54860.31037643861,0.0,2505.896118354167,57366.20649479278,0.0,0.0
0,2025-06-25,78372.91368487653,78372.91368487653,2034.8653250000002,80407.77900987654,48001.21712721663,0.0,9118.020231642364,57119.237358859,0.0,0.0
0,2025-06-26,75320.3980254801,75320.3980254801,2257.166484722223,77577.56451020233,46867.11663615812,0.0,8244.310058808334,55111.42669496645,0.0,0.0
0,2025-06-27,78026.33264727521,78026.33264727521,0.0,78026.33264727521,49134.819585546036,0.0,0.0,49134.819585546036,0.0,0.0
0,2025-06-28,76925.65200710151,76925.65200710151,0.0,76925.65200710151,48162.080115368764,0.0,0.0,48162.080115368764,0.0,0.0
0,2025-06-29,73640.96534322701,73640.96534322701,3964.846936111113,77605.81227933813,45056.92516183178,0.0,14503.166086833342,59560.09124866512,0.0,0.0
0,2025-06-30,79981.5909963786,79981.5909963786,883.1954388888885,80864.78643526748,49700.82246293185,0.0,3391.4686993354144,53092.29116226726,0.0,0.0
0,2025-07-01,70877.38221376885,70877.38221376885,12898.35746388889,83775.73967765775,43401.58799988911,0.0,46199.751593426394,89601.3395933155,0.0,0.0
0,2025-07-02,68531.7922380144,68531.7922380144,8911.415979166663,77443.20821718106,42560.14973184124,0.0,30785.01434433957,73345.16407618081,0.0,0.0
0,2025-07-03,77235.2865717349,77235.2865717349,8316.604875000003,85551.89144673491,47588.76784744527,0.0,31096.460390859735,78685.228238305,0.0,0.0
0,2025-07-04,69890.00331207133,69890.00331207133,0.0,69890.00331207133,43088.262261168056,0.0,0.0,43088.262261168056,0.0,0.0
0,2025-07-05,68922.26623928326,68922.26623928326,71.99833333333322,68994.2645726166,42738.244063968064,0.0,153.93243666666643,42892.176500634734,0.0,0.0
0,2025-07-06,71735.62298940329,71735.62298940329,12338.992219444444,84074.61520884774,44910.166570094996,0.0,47918.41664311598,92828.58321321098,0.0,0.0
0,2025-07-07,73639.78108333332,73639.78108333332,7060.767297222223,80700.54838055554,45618.855410746604,0.0,25590.04930223125,71208.90471297785,0.0,0.0
0,2025-07-08,77435.74526563786,77435.74526563786,7121.739406944442,84557.4846725823,48052.57586023798,0.0,26801.52418538193,74854.10004561991,0.0,0.0
0,2025-07-09,79243.12661775926,79243.12661775926,4926.26369861111,84169.39031637038,48801.759100097996,0.0,18855.592496840276,67657.35159693827,0.0,0.0
0,2025-07-10,74584.29668432786,74584.29668432786,4304.027901388888,78888.32458571675,46746.587110323206,0.0,16892.93647550903,63639.523585832234,0.0,0.0
0,2025-07-11,83627.10188948901,83627.10188948901,0.0,83627.10188948901,52335.90109824757,0.0,0.0,52335.90109824757,0.0,0.0
0,2025-07-12,74261.97550495542,74261.97550495542,0.0,74261.97550495542,46608.45943968913,0.0,0.0,46608.45943968913,0.0,0.0
0,2025-07-13,80927.95861666667,80927.95861666667,1562.461630555555,82490.42024722222,51554.27845628583,0.0,5450.9598846236095,57005.23834090944,0.0,0.0
0,2025-07-14,77374.897669393,77374.897669393,2788.7555527777786,80163.65322217077,47798.879885699615,0.0,11649.625546826395,59448.50543252601,0.0,0.0
0,2025-07-15,81521.71527548009,81521.71527548009,1368.2065583333333,82889.92183381342,50626.71947291131,0.0,5333.838140131251,55960.55761304256,0.0,0.0
0,2025-07-16,78976.27356397462,78976.27356397462,2818.485893055553,81794.75945703017,50059.416153820195,0.0,8817.470327602075,58876.88648142227,0.0,0.0
0,2025-07-17,77082.59332515432,77082.59332515432,3142.8256638888915,80225.4189890432,48146.75220159504,0.0,12669.540698154178,60816.29289974921,0.0,0.0
0,2025-07-18,88119.48480663888,88119.48480663888,0.0,88119.48480663888,55499.22504525643,0.0,0.0,55499.22504525643,0.0,0.0
0,2025-07-19,85932.46183237311,85932.46183237311,31.365000000000123,85963.82683237312,54699.746468524114,0.0,67.05837000000027,54766.80483852411,0.0,0.0
0,2025-07-20,82754.99149986281,82754.99149986281,930.6896374999991,83685.6811373628,51344.02633625514,0.0,3943.557696832636,55287.584033087776,0.0,0.0
0,2025-07-21,83721.37340507544,83721.37340507544,728.869720833334,84450.24312590878,52466.07927616263,0.0,3058.8439709951417,55524.92324715777,0.0,0.0
0,2025-07-22,79983.0985679698,79983.0985679698,1782.3694180555572,81765.46798602537,50331.95402278108,0.0,6638.3766036479265,56970.33062642901,0.0,0.0
0,2025-07-23,90031.92154480451,90031.92154480451,276.31441666666666,90308.23596147117,57144.36119916051,0.0,1041.3373651666652,58185.69856432717,0.0,0.0
0,2025-07-24,89696.87591263888,89696.87591263888,256.3707319444435,89953.24664458331,56964.69675779075,0.0,777.1835490458291,57741.88030683658,0.0,0.0
0,2025-07-25,79840.80628029836,79840.80628029836,0.0,79840.80628029836,50345.26181538773,0.0,0.0,50345.26181538773,0.0,0.0
0,2025-07-26,85641.2478168726,85641.2478168726,0.0,85641.2478168726,53493.80237479842,0.0,0.0,53493.80237479842,0.0,0.0
0,2025-07-27,82385.03196471209,82385.03196471209,1998.284363888889,84383.31632860098,51514.142867513845,0.0,8136.828822676391,59650.971690190236,0.0,0.0
0,2025-07-28,85568.59715348079,85568.59715348079,2018.2678155006831,87586.86496898148,53684.5020422064,0.0,8545.969627118908,62230.47166932531,0.0,0.0
0,2025-07-29,82923.45235221193,82923.45235221193,1595.3172194444428,84518.76957165638,52017.73360793534,0.0,6172.647114156942,58190.38072209228,0.0,0.0
0,2025-07-30,76742.03199722222,76742.03199722222,4036.5250583333354,80778.55705555556,48322.08748478736,0.0,14833.622497861812,63155.70998264917,0.0,0.0
0,2025-07-31,81544.04046316014,81544.04046316014,1701.5890208333321,83245.62948399347,50985.39349763621,0.0,6705.78304453819,57691.1765421744,0.0,0.0
0,2025-08-01,81926.74859727366,81926.74859727366,0.0,81926.74859727366,51870.191536716586,0.0,0.0,51870.191536716586,0.0,0.0
0,2025-08-02,89357.62696388888,89357.62696388888,32.52833333333342,89390.15529722221,56522.38895885319,0.0,69.54557666666685,56591.93453551985,0.0,0.0
0,2025-08-03,71817.36487705761,71817.36487705761,492.3161861111124,72309.68106316873,45621.23370771947,0.0,1901.4670956159785,47522.70080333544,0.0,0.0
0,2025-08-04,76602.82877090192,76602.82877090192,266.95727916666686,76869.7860500686,49080.75054684581,0.0,912.166794894445,49992.917341740256,0.0,0.0
0,2025-08-05,75119.58830862484,75119.58830862484,1289.5276611111137,76409.11596973595,47822.27567113583,0.0,3991.009036190978,51813.284707326806,0.0,0.0
0,2025-08-06,82858.67772926955,82858.67772926955,409.11963333333324,83267.79736260288,53485.20986302561,0.0,1893.7264352680563,55378.936298293665,0.0,0.0
0,2025-08-07,83769.80673525376,83769.80673525376,392.97320972222366,84162.77994497599,52237.76958780081,0.0,1285.4592035451456,53523.22879134595,0.0,0.0
0,2025-08-08,73087.76577099999,73087.76577099999,0.0,73087.76577099999,46543.67540638721,0.0,0.0,46543.67540638721,0.0,0.0
0,2025-08-09,78059.30150123456,78059.30150123456,0.0,78059.30150123456,49212.15757484154,0.0,0.0,49212.15757484154,0.0,0.0
0,2025-08-10,77529.91794760476,77529.91794760476,449.35978888888974,77979.27773649365,49486.5387287385,0.0,1938.7378681222262,51425.27659686073,0.0,0.0
0,2025-08-11,75863.93103225308,75863.93103225308,978.4892875000003,76842.42031975307,47429.08885262847,0.0,3534.2459749750024,50963.334827603474,0.0,0.0
0,2025-08-12,82221.6467717764,82221.6467717764,280.8777708333332,82502.52454260974,51555.21540541417,0.0,943.7887973076379,52499.00420272181,0.0,0.0
0,2025-08-13,75120.13395684156,75120.13395684156,1218.7588652777783,76338.89282211933,47051.93989961672,0.0,5229.9899509270845,52281.929850543806,0.0,0.0
0,2025-08-14,77085.11300670439,77085.11300670439,545.1292750000009,77630.24228170438,49069.98270311192,0.0,2350.30225449167,51420.28495760359,0.0,0.0
0,2025-08-15,86549.60783993483,86549.60783993483,0.0,86549.60783993483,54873.154882570525,0.0,0.0,54873.154882570525,0.0,0.0
0,2025-08-16,84187.06953794582,84187.06953794582,0.0,84187.06953794582,53964.06446856966,0.0,0.0,53964.06446856966,0.0,0.0
0,2025-08-17,79780.99099439266,79780.99099439266,344.29343472222223,80125.28442911488,49742.65259125562,0.0,1801.0598916527777,51543.71248290839,0.0,0.0
0,2025-08-18,76810.21175980795,76810.21175980795,264.92533194444445,77075.13709175239,48888.99313375089,0.0,1096.662772027085,49985.655905777974,0.0,0.0
0,2025-08-19,76230.55728592249,76230.55728592249,434.67324027777784,76665.23052620026,48264.576532011284,0.0,2012.2189014743062,50276.79543348559,0.0,0.0
0,2025-08-20,84368.05329270953,84368.05329270953,512.6544152777788,84880.70770798731,52736.10191553882,0.0,2234.894326760421,54970.99624229924,0.0,0.0
0,2025-08-21,80696.69687451988,80696.69687451988,148.3703013888885,80845.06717590877,50457.62231937793,0.0,612.2519160756922,51069.87423545362,0.0,0.0
0,2025-08-22,79801.08902002743,79801.08902002743,0.0,79801.08902002743,50745.66261039121,0.0,0.0,50745.66261039121,0.0,0.0
0,2025-08-23,77269.93107690329,77269.93107690329,0.0,77269.93107690329,48576.41672225312,0.0,0.0,48576.41672225312,0.0,0.0
0,2025-08-24,75655.70263825446,75655.70263825446,251.77581111111107,75907.47844936558,48470.84916966292,0.0,985.9484373277768,49456.797606990694,0.0,0.0
0,2025-08-25,96706.28622554868,96706.28622554868,158.24446111111098,96864.5306866598,61686.054271802976,0.0,387.31601321874996,62073.37028502172,0.0,0.0
0,2025-08-26,76781.55352896091,76781.55352896091,688.3677902777783,77469.9213192387,49328.86268753776,0.0,2254.7138283625036,51583.57651590026,0.0,0.0
0,2025-08-27,77868.70807772633,77868.70807772633,1897.8937375000005,79766.60181522633,49753.32528142021,0.0,7546.739658427783,57300.064939847995,0.0,0.0
0,2025-08-28,77356.67826481481,77356.67826481481,1734.0238624999995,79090.70212731481,48343.42489195375,0.0,6984.859082893054,55328.2839748468,0.0,0.0
0,2025-08-29,87485.06304126131,87485.06304126131,0.0,87485.06304126131,55654.39460229072,0.0,0.0,55654.39460229072,0.0,0.0
0,2025-08-30,82687.48834415294,82687.48834415294,0.0,82687.48834415294,52767.757032425936,0.0,0.0,52767.757032425936,0.0,0.0
0,2025-08-31,75922.53697419632,75922.53697419632,1216.7511499999987,77139.28812419632,48493.25263947247,0.0,5259.144503522912,53752.39714299538,0.0,0.0
0,2025-09-01,84560.34457361112,84560.34457361112,0.0,84560.34457361112,52955.23542308598,0.0,0.0,52955.23542308598,0.0,0.0
0,2025-09-02,75676.0201558299,75676.0201558299,0.0,75676.0201558299,47590.67884132746,0.0,0.0,47590.67884132746,0.0,0.0
0,2025-09-03,80472.10480456104,80472.10480456104,0.0,80472.10480456104,50660.312043256636,0.0,0.0,50660.312043256636,0.0,0.0
0,2025-09-04,78089.12471805555,78089.12471805555,12.793491666666625,78101.91820972222,49939.199537359724,0.0,74.31099634583309,50013.51053370556,0.0,0.0
0,2025-09-05,73550.65123688529,73550.65123688529,0.0,73550.65123688529,47194.74188095667,0.0,0.0,47194.74188095667,0.0,0.0
0,2025-09-06,74320.18826839849,74320.18826839849,0.0,74320.18826839849,47352.85185326754,0.0,0.0,47352.85185326754,0.0,0.0
0,2025-09-07,74165.66834178669,74165.66834178669,244.1907513888881,74409.85909317558,47097.9698553699,0.0,1369.2635798256904,48467.23343519559,0.0,0.0
0,2025-09-08,81274.32917526973,81274.32917526973,6.879919444444738,81281.20909471417,51248.583384350284,0.0,33.46456629305709,51282.04795064334,0.0,0.0
0,2025-09-09,71550.51440838477,71550.51440838477,483.95476666666764,72034.46917505143,45732.81648287551,0.0,1625.9606678368084,47358.77715071232,0.0,0.0
0,2025-09-10,83009.26689580554,83009.26689580554,3.7819972222221168,83013.04889302776,52418.42048021447,0.0,17.206196362499522,52435.62667657697,0.0,0.0
0,2025-09-11,82389.6106616598,82389.6106616598,482.558652777777,82872.16931443757,52319.759683227734,0.0,2621.3400404520794,54941.099723679814,0.0,0.0
0,2025-09-12,73376.76131886145,73376.76131886145,0.0,73376.76131886145,47102.33072770883,0.0,0.0,47102.33072770883,0.0,0.0
0,2025-09-13,72231.48507743483,72231.48507743483,0.0,72231.48507743483,46423.88779073685,0.0,0.0,46423.88779073685,0.0,0.0
0,2025-09-14,85113.88496040809,85113.88496040809,0.0,85113.88496040809,54317.2307384769,0.0,0.0,54317.2307384769,0.0,0.0
0,2025-09-15,70398.03439209535,70398.03439209535,642.5786833333332,71040.61307542867,45315.37079912417,0.0,2363.714347024302,47679.08514614847,0.0,0.0
0,2025-09-16,84230.91160651852,84230.91160651852,0.0,84230.91160651852,53144.06168932151,0.0,0.0,53144.06168932151,0.0,0.0
0,2025-09-17,80194.2973174554,80194.2973174554,431.2293347222233,80625.52665217764,51394.95838397021,0.0,1341.8954451451432,52736.85382911535,0.0,0.0
0,2025-09-18,72622.32908155007,72622.32908155007,1714.2189055555577,74336.54798710563,46439.8264340536,0.0,6108.6860477861155,52548.512481839716,0.0,0.0
0,2025-09-19,78670.20634768519,78670.20634768519,0.0,78670.20634768519,49763.48913633486,0.0,0.0,49763.48913633486,0.0,0.0
0,2025-09-20,75373.23459034637,75373.23459034637,0.0,75373.23459034637,48311.81520733744,0.0,0.0,48311.81520733744,0.0,0.0
0,2025-09-21,76927.38530514404,76927.38530514404,6.956616666666605,76934.3419218107,48490.15830558383,0.0,12.914958841666552,48503.0732644255,0.0,0.0
0,2025-09-22,78297.22744705074,78297.22744705074,71.6150777777778,78368.84252482852,49250.52487842347,0.0,276.83419570277715,49527.35907412625,0.0,0.0
0,2025-09-23,76400.19805298353,76400.19805298353,39.2656666666669,76439.4637196502,47983.455369158146,0.0,166.18796429166838,48149.643333449814,0.0,0.0
0,2025-09-24,66929.87419665637,66929.87419665637,3359.449530555553,70289.32372721191,42456.86116548654,0.0,8808.754395310407,51265.61556079694,0.0,0.0
0,2025-09-25,72962.10998295611,72962.10998295611,225.53345416666653,73187.64343712278,45560.71450906506,0.0,845.0535136048595,46405.768022669916,0.0,0.0
0,2025-09-26,80049.91522695473,80049.91522695473,0.0,80049.91522695473,50422.64914901226,0.0,0.0,50422.64914901226,0.0,0.0
0,2025-09-27,67167.11584751372,67167.11584751372,0.0,67167.11584751372,42251.45569430336,0.0,0.0,42251.45569430336,0.0,0.0
0,2025-09-28,70742.40748175583,70742.40748175583,964.5479888888897,71706.95547064472,44165.92420852315,0.0,3027.9716187131935,47193.895827236345,0.0,0.0
0,2025-09-29,73852.69401249998,73852.69401249998,450.46878888888887,74303.16280138887,46435.24794894083,0.0,1762.531243147916,48197.77919208875,0.0,0.0
0,2025-09-30,72559.06558161866,72559.06558161866,3441.9270930555563,76000.99267467421,45969.725125593766,0.0,12165.23757188889,58134.96269748265,0.0,0.0
0,2025-10-01,70018.54544648492,70018.54544648492,48.003984722222185,70066.54943120714,43496.33199262186,0.0,141.91530109097224,43638.24729371283,0.0,0.0
0,2025-10-02,75327.24859103377,75327.24859103377,140.43131388888924,75467.67990492265,47214.67409774869,0.0,401.60910951944584,47616.283207268134,0.0,0.0
0,2025-10-03,67089.60294969135,67089.60294969135,0.0,67089.60294969135,41564.99674739699,0.0,0.0,41564.99674739699,0.0,0.0
0,2025-10-04,78997.03989497221,78997.03989497221,0.0,78997.03989497221,49451.89352420144,0.0,0.0,49451.89352420144,0.0,0.0
0,2025-10-05,73910.58410149177,73910.58410149177,219.6297416666666,74130.21384315843,45859.34484456605,0.0,643.0734331958331,46502.41827776188,0.0,0.0
0,2025-10-06,63058.58991558641,63058.58991558641,3045.742490277775,66104.33240586419,39800.87883414148,0.0,9867.48668999999,49668.36552414147,0.0,0.0
0,2025-10-07,68564.35309492456,68564.35309492456,563.8856861111115,69128.23878103567,42341.499376636995,0.0,2082.572590528474,44424.071967165466,0.0,0.0
0,2025-10-08,67167.94525975651,67167.94525975651,418.82602916666605,67586.77128892318,41757.44662105596,0.0,1674.5803679993028,43432.026989055266,0.0,0.0
0,2025-10-09,76282.0914427469,76282.0914427469,128.18560000000014,76410.2770427469,47686.041462367415,0.0,406.1501632548614,48092.191625622276,0.0,0.0
0,2025-10-10,73725.97423203017,73725.97423203017,0.0,73725.97423203017,46220.93586099261,0.0,0.0,46220.93586099261,0.0,0.0
0,2025-10-11,74283.36069008916,74283.36069008916,0.0,74283.36069008916,46352.754236111905,0.0,0.0,46352.754236111905,0.0,0.0
0,2025-10-12,69008.84451586076,69008.84451586076,800.7508694444457,69809.5953853052,42634.20007394338,0.0,3169.5337183437555,45803.73379228714,0.0,0.0
0,2025-10-13,70899.3176829218,70899.3176829218,486.7671069444448,71386.08478986625,43954.330714701864,0.0,2059.922655122918,46014.25336982478,0.0,0.0
0,2025-10-14,73707.53364384259,73707.53364384259,743.6518263888893,74451.18547023147,46010.40682678416,0.0,3085.6478251222225,49096.05465190638,0.0,0.0
0,2025-10-15,76603.47017069341,76603.47017069341,197.99573888888926,76801.4659095823,48028.085713116656,0.0,576.4982956000009,48604.58400871666,0.0,0.0
0,2025-10-16,73141.4211151063,73141.4211151063,698.0914138888872,73839.5125289952,45895.63503998361,0.0,2004.052209371525,47899.687249355135,0.0,0.0
0,2025-10-17,63441.35521944444,63441.35521944444,0.0,63441.35521944444,39445.675156734156,0.0,0.0,39445.675156734156,0.0,0.0
0,2025-10-18,75487.9934853443,75487.9934853443,0.0,75487.9934853443,47040.40958862687,0.0,0.0,47040.40958862687,0.0,0.0
0,2025-10-19,73422.4164289952,73422.4164289952,460.69615000000033,73883.1125789952,46098.133679848965,0.0,1445.27594488889,47543.409624737855,0.0,0.0
0,2025-10-20,76393.89972846364,76393.89972846364,344.67798194444555,76738.57771040809,48152.41170099666,0.0,937.1320093166713,49089.54371031333,0.0,0.0
0,2025-10-21,75244.8259128659,75244.8259128659,1256.179754166667,76501.00566703256,46993.27125740692,0.0,4359.480456725001,51352.751714131926,0.0,0.0
0,2025-10-22,73223.18882925241,73223.18882925241,1103.6805236111095,74326.86935286352,45990.69631334061,0.0,2838.930441038883,48829.6267543795,0.0,0.0
0,2025-10-23,83270.29602779492,83270.29602779492,428.5060555555555,83698.80208335047,52013.5753206239,0.0,1636.1102534812494,53649.685574105155,0.0,0.0
0,2025-10-24,72108.74964855966,72108.74964855966,0.0,72108.74964855966,44840.90708930744,0.0,0.0,44840.90708930744,0.0,0.0
0,2025-10-25,77184.8019526749,77184.8019526749,0.0,77184.8019526749,47816.804992435296,0.0,0.0,47816.804992435296,0.0,0.0
0,2025-10-26,76064.79800788753,76064.79800788753,482.5665736111107,76547.36458149864,47147.88166944132,0.0,1930.5697336229148,49078.45140306423,0.0,0.0
0,2025-10-27,69288.68067071331,69288.68067071331,1901.852673611112,71190.53334432442,43026.19074379358,0.0,7488.201183258335,50514.39192705192,0.0,0.0
0,2025-10-28,69685.54178106996,69685.54178106996,3836.623101388888,73522.16488245885,43383.970861871174,0.0,14241.36693467083,57625.33779654201,0.0,0.0
0,2025-10-29,78236.79381319975,78236.79381319975,486.03314999999975,78722.82696319975,48474.15339527777,0.0,2002.1482989499998,50476.30169422777,0.0,0.0
0,2025-10-30,69318.6756630144,69318.6756630144,2937.3405625,72256.0162255144,42967.450364685756,0.0,10642.301632513196,53609.75199719895,0.0,0.0
0,2025-10-31,78717.77101806874,78717.77101806874,0.0,78717.77101806874,48986.0106727722,0.0,0.0,48986.0106727722,0.0,0.0
0,2025-11-01,74055.10197463991,74055.10197463991,0.0,74055.10197463991,45785.979125002035,0.0,0.0,45785.979125002035,0.0,0.0
0,2025-11-02,74688.94105090876,74688.94105090876,1825.2970319444437,76514.2380828532,46479.89798194199,0.0,6166.938495831944,52646.83647777393,0.0,0.0
0,2025-11-03,79838.10024027777,79838.10024027777,329.3109333333331,80167.4111736111,49443.29967975819,0.0,948.6884023937489,50391.98808215193,0.0,0.0
0,2025-11-04,74352.97318331618,74352.97318331618,958.4520347222228,75311.4252180384,46106.339177147966,0.0,3685.866491038197,49792.205668186165,0.0,0.0
0,2025-11-05,82807.02700504115,82807.02700504115,459.9085583333331,83266.93556337449,51662.388645551946,0.0,1773.2333330180545,53435.62197857,0.0,0.0
0,2025-11-06,77910.19591527776,77910.19591527776,788.3456611111116,78698.54157638887,48323.332364480826,0.0,3227.7993625152803,51551.13172699611,0.0,0.0
0,2025-11-07,75888.99206714678,75888.99206714678,0.0,75888.99206714678,47366.05470454313,0.0,0.0,47366.05470454313,0.0,0.0
0,2025-11-08,79518.0526505,79518.0526505,0.0,79518.0526505,49678.44231140198,0.0,0.0,49678.44231140198,0.0,0.0
0,2025-11-09,78747.07234502709,78747.07234502709,696.7623680555564,79443.83471308264,49069.96609065658,0.0,2682.251882772921,51752.2179734295,0.0,0.0
0,2025-11-10,79660.98380250257,79660.98380250257,1604.3798597222208,81265.36366222479,49801.119460742906,0.0,5645.466455929855,55446.58591667276,0.0,0.0
0,2025-11-11,82355.22549104938,82355.22549104938,311.7253625000001,82666.95085354938,51816.49291030853,0.0,992.9434492402779,52809.43635954881,0.0,0.0
0,2025-11-12,78961.519765625,78961.519765625,432.2718486111115,79393.7916142361,49249.00426688048,0.0,1917.7121468875018,51166.71641376799,0.0,0.0
0,2025-11-13,76791.92389807956,76791.92389807956,3987.760866666665,80779.68476474623,47985.216270411955,0.0,15441.588332681245,63426.8046030932,0.0,0.0
0,2025-11-14,79256.84137487499,79256.84137487499,0.0,79256.84137487499,49219.58019352318,0.0,0.0,49219.58019352318,0.0,0.0
0,2025-11-15,85121.42777201645,85121.42777201645,0.0,85121.42777201645,53673.05146222282,0.0,0.0,53673.05146222282,0.0,0.0
0,2025-11-16,79375.3934209019,79375.3934209019,1583.0377847222223,80958.43120562413,49513.97406378049,0.0,6635.064917984726,56149.03898176522,0.0,0.0
0,2025-11-17,76187.11961599793,76187.11961599793,2606.0891041666664,78793.20872016459,47675.10714375322,0.0,9228.7075644625,56903.81470821572,0.0,0.0
0,2025-11-18,80669.96834705916,80669.96834705916,1417.6262097222223,82087.59455678138,50413.440442043604,0.0,5091.0617281798595,55504.502170223466,0.0,0.0
0,2025-11-19,80202.67355812361,80202.67355812361,1446.870802777778,81649.54436090139,50133.85769427282,0.0,6110.0961989868065,56243.953893259626,0.0,0.0
0,2025-11-20,80273.83280889077,80273.83280889077,1400.2787180555554,81674.11152694633,50131.23786524579,0.0,5562.081606830554,55693.31947207634,0.0,0.0
0,2025-11-21,80834.33584540276,80834.33584540276,0.0,80834.33584540276,50570.16898636399,0.0,0.0,50570.16898636399,0.0,0.0
0,2025-11-22,87710.76534444444,87710.76534444444,0.0,87710.76534444444,55579.626695137915,0.0,0.0,55579.626695137915,0.0,0.0
0,2025-11-23,80585.05955673268,80585.05955673268,1423.1826277777773,82008.24218451045,50539.959423967215,0.0,5908.247630279167,56448.207054246384,0.0,0.0
0,2025-11-24,79888.16938489882,79888.16938489882,1094.6706736111119,80982.84005850993,50161.99792378685,0.0,3818.667490217363,53980.66541400421,0.0,0.0
0,2025-11-25,91466.43358256172,91466.43358256172,249.60011666666696,91716.03369922838,58275.36843433145,0.0,745.4481261000016,59020.816560431456,0.0,0.0
0,2025-11-26,86676.66298055556,86676.66298055556,479.6099527777767,87156.27293333333,54576.29759702236,0.0,2025.6416448499954,56601.93924187236,0.0,0.0
0,2025-11-27,84281.375946262,84281.375946262,422.3727111111115,84703.7486573731,53029.83040152008,0.0,1813.8490060277804,54843.67940754786,0.0,0.0
0,2025-11-28,84663.24141930726,84663.24141930726,0.0,84663.24141930726,53453.09156137864,0.0,0.0,53453.09156137864,0.0,0.0
0,2025-11-29,94444.94230841906,94444.94230841906,0.0,94444.94230841906,60169.46269602084,0.0,0.0,60169.46269602084,0.0,0.0
0,2025-11-30,86559.99316279149,86559.99316279149,1365.6268944444444,87925.62005723594,54414.21017555414,0.0,5956.381781981944,60370.59195753608,0.0,0.0
0,2025-12-01,89864.71242664609,89864.71242664609,3678.912411111111,93543.6248377572,57466.42242222058,0.0,11616.157546004164,69082.57996822475,0.0,0.0
0,2025-12-02,93218.78246870713,93218.78246870713,4068.1838541666666,97286.96632287379,59387.602598935475,0.0,14529.068434664583,73916.67103360005,0.0,0.0
0,2025-12-03,83678.96835996228,83678.96835996228,8699.629415277775,92378.59777524005,52895.715485777924,0.0,29815.4066501118,82711.12213588972,0.0,0.0
0,2025-12-04,91779.68883888888,91779.68883888888,5196.8320791666665,96976.52091805554,58859.59810440222,0.0,19011.839258231943,77871.43736263417,0.0,0.0
0,2025-12-05,90445.29331735254,90445.29331735254,0.0,90445.29331735254,57813.91555035353,0.0,0.0,57813.91555035353,0.0,0.0
0,2025-12-06,92883.49848182441,92883.49848182441,0.0,92883.49848182441,59538.69843224318,0.0,0.0,59538.69843224318,0.0,0.0
0,2025-12-07,94327.92524444443,94327.92524444443,3039.4038875000006,97367.32913194443,60401.59176131958,0.0,10258.457380009724,70660.0491413293,0.0,0.0
0,2025-12-08,94127.33868329904,94127.33868329904,2546.1806249999995,96673.51930829903,60204.38575718721,0.0,8075.850478319441,68280.23623550664,0.0,0.0
0,2025-12-09,93598.82612498285,93598.82612498285,2540.5099180555553,96139.3360430384,59878.8381963468,0.0,8874.260690652778,68753.09888699958,0.0,0.0
0,2025-12-10,90867.73434833676,90867.73434833676,4292.499809722223,95160.23415805899,57996.7405368601,0.0,14480.744507416672,72477.48504427678,0.0,0.0
0,2025-12-11,94955.62916093963,94955.62916093963,820.5477597222219,95776.17692066185,60555.44133777956,0.0,2690.397336972221,63245.83867475178,0.0,0.0
0,2025-12-12,94265.87161805555,94265.87161805555,0.0,94265.87161805555,60109.23411262777,0.0,0.0,60109.23411262777,0.0,0.0
0,2025-12-13,95135.02718009257,95135.02718009257,2.8350000000000364,95137.86218009258,61058.70539936481,0.0,6.061230000000077,61064.76662936481,0.0,0.0
0,2025-12-14,90453.87803609396,90453.87803609396,4022.238636111112,94476.11667220507,57478.43945613332,0.0,14903.907590884031,72382.34704701735,0.0,0.0
0,2025-12-15,90719.85973942043,90719.85973942043,4487.612680555555,95207.47241997598,57660.76008934255,0.0,15726.688546496523,73387.44863583907,0.0,0.0
0,2025-12-16,96498.45389444444,96498.45389444444,1027.4212444444456,97525.87513888888,62081.3907896436,0.0,3067.6524214222254,65149.04321106582,0.0,0.0
0,2025-12-17,97384.57164322701,97384.57164322701,677.6454333333335,98062.21707656035,62381.54273393348,0.0,2151.5483905437504,64533.09112447723,0.0,0.0
0,2025-12-18,92944.99198749999,92944.99198749999,1221.7250805555561,94166.71706805554,59541.60758862735,0.0,4065.183487111807,63606.79107573915,0.0,0.0
0,2025-12-19,93173.42832674895,93173.42832674895,0.0,93173.42832674895,59615.177061176146,0.0,0.0,59615.177061176146,0.0,0.0
0,2025-12-20,95854.90284583332,95854.90284583332,0.0,95854.90284583332,61734.409442932636,0.0,0.0,61734.409442932636,0.0,0.0
0,2025-12-21,95529.39926474623,95529.39926474623,856.5687583333333,96385.96802307956,61023.24257756536,0.0,3032.568973082639,64055.811550648,0.0,0.0
0,2025-12-22,93619.77005795609,93619.77005795609,1937.5830444444437,95557.35310240054,60032.72023613579,0.0,5682.650068006248,65715.37030414204,0.0,0.0
0,2025-12-23,96311.85487832647,96311.85487832647,471.80195555555525,96783.65683388202,61592.738280470876,0.0,1815.0127739722216,63407.7510544431,0.0,0.0
0,2025-12-24,95536.47906244855,95536.47906244855,616.9058819444449,96153.384944393,61462.33706084096,0.0,1810.6234876472224,63272.96054848818,0.0,0.0
0,2025-12-25,92372.54421385459,92372.54421385459,2127.4959972222205,94500.04021107682,58728.87978898777,0.0,7078.161162474993,65807.04095146275,0.0,0.0
0,2025-12-26,94895.77140917353,94895.77140917353,0.0,94895.77140917353,60634.179858968,0.0,0.0,60634.179858968,0.0,0.0
0,2025-12-27,96558.14639722221,96558.14639722221,0.0,96558.14639722221,61829.45139790639,0.0,0.0,61829.45139790639,0.0,0.0
0,2025-12-28,95441.35153187584,95441.35153187584,501.39820555555565,95942.7497374314,61051.84257316583,0.0,1738.7171354875004,62790.55970865333,0.0,0.0
0,2025-12-29,94415.484875,94415.484875,621.3992388888885,95036.88411388888,59955.23464859555,0.0,2380.588803366664,62335.82345196221,0.0,0.0
0,2025-12-30,95668.25442974965,95668.25442974965,395.82888194444405,96064.08331169409,61080.631030909506,0.0,1782.6822071729152,62863.313238082425,0.0,0.0
0,2025-12-31,97742.0858699417,97742.0858699417,605.6588194444446,98347.74468938615,62406.21958317963,0.0,2108.740252181945,64514.95983536157,0.0,0.0
0+6,2025-02-01,93429.28859569615,89826.63979154664,0.0,89826.63979154664,59395.01843862276,-1369.5391781171834,0.0,58025.47926050558,0.0,3602.6488041495163
0+6,2025-02-02,93013.98304266117,91115.35277358332,14.969616666666866,91130.32239024999,58750.41665189426,-603.9124099895282,91.67427611666756,58238.1785180214,7.174727777777662,1905.8049968556224
0+6,2025-02-03,95562.53238888888,91824.3262097222,140.44107916666653,91964.76728888886,60470.27568131819,-1324.1469377574988,640.1452157041664,59786.27395926486,0.0,3738.2061791666647
0+6,2025-02-04,97679.91239583332,94396.05700142318,71.72141666666664,94467.77841808985,62395.5796822361,-1267.6607029665272,236.4821256666665,61364.401104936245,0.0,3283.855394410155
0+6,2025-02-05,92742.84375982509,92579.9208209362,24.201163888889084,92604.12198482509,58761.72436063056,39.523576632430775,112.13879798472357,58913.38673524771,102.71259444444465,265.63553333333357
0+6,2025-02-06,98267.08830138888,94101.67242836076,17.3943361111111,94119.06676447188,62633.72605929402,-1594.757184746774,93.87018375555569,61132.8390583028,0.0,4165.415873028116
0+6,2025-02-07,94385.3950288923,92517.51053746569,0.0,92517.51053746569,59972.692875450666,-612.1611039310296,0.0,59360.531771519636,70.39387500000046,1938.2783664266135
0+6,2025-02-08,86001.55528223576,87013.29362554869,0.0,87013.29362554869,53672.87581746682,1123.2160521567275,0.0,54796.091869623546,1015.8278863684864,4.089543055555623
0+6,2025-02-09,93405.08508194443,92838.45161643055,11.187437499999874,92849.63905393056,59036.70783862444,-224.12621520564863,54.49400806249938,58867.07563148129,4.126791430555613,570.7602569444448
0+6,2025-02-10,88767.52914999999,82560.68968415278,885.3121236111108,83446.00180776388,55678.15593494472,-2131.2188910227223,3208.3013286069436,56755.23837252894,0.0,6206.8394658472225
0+6,2025-02-11,89682.09669125514,86440.41917061042,23.317709722222382,86463.73688033264,56695.34691189259,-1259.7248427574723,68.9740090256955,55504.596078160816,0.0,3241.67752064472
0+6,2025-02-12,89814.88468055555,85581.78568052125,32.47324583333341,85614.25892635458,56505.9492984968,-1474.069844466489,174.0667482291671,55205.94620225948,0.0,4233.099000034293
0+6,2025-02-13,84346.8667236111,81222.62344506945,72.20080000000021,81294.82424506945,52353.97471950027,-1054.7679203447829,332.8855483659737,51632.09234752146,0.0,3124.243278541662
0+6,2025-02-14,86884.20855190328,85751.9701239477,0.0,85751.9701239477,54108.225898860124,-64.19287202056671,0.0,54044.033026839556,402.2799342249757,1534.5183621805556
0+6,2025-02-15,88290.5040494513,83739.7029467421,0.0,83739.7029467421,54966.396657073456,-1527.7467354960895,0.0,53438.649921577366,0.0,4550.801102709196
0+6,2025-02-16,89877.46801388887,84205.17784583333,249.58385694444394,84454.76170277777,56350.59278370708,-1986.761294025346,933.6557752118031,55297.487264893534,0.0,5672.2901680555515
0+6,2025-02-17,88958.54734994855,82752.41949982852,96.11098333333325,82848.53048316186,55275.42614698615,-1929.904424460924,503.7237782666658,53849.24550079189,92.44295138888856,6298.570801508912
0+6,2025-02-18,80233.65361973594,80958.30826164264,806.0025361111109,81764.31079775374,49758.786033814285,488.8270788831825,3526.193476339583,53773.80658903705,724.6546419067156,0.0
0+6,2025-02-19,80714.37768411916,80565.96843117473,437.70491111111227,81003.67334228584,50128.41726120714,-25.10777329642793,1620.8602376305605,51724.16972554127,12.746134555555273,161.1553874999995
0+6,2025-02-20,83279.41539027778,82077.47493168054,226.73519583333308,82304.21012751387,51333.96486079221,430.57048208484684,1116.9598681451378,52881.4952110222,852.6149888888895,2054.5554474861115
0+6,2025-02-21,81369.59173940329,82053.22589313888,0.0,82053.22589313888,50313.39229082767,1057.2998548722508,0.0,51370.692145699926,1108.9023523467113,425.2681986111123
0+6,2025-02-22,82807.39319058642,82935.9658149753,0.0,82935.9658149753,51237.133080496904,323.05944196745054,0.0,51560.19252246436,395.47145633333196,266.89883194444485
0+6,2025-02-23,81437.41613174707,81404.33931369153,287.25429444444694,81691.59360813597,50182.815213086986,79.75885871492986,1138.7092647097327,51401.283336511646,107.56243888888835,140.63925694444526
0+6,2025-02-24,77723.81582933813,79130.46245226337,297.36010416666716,79427.82255643004,48302.9413039102,969.5323295159924,1502.2401628826408,50774.71379630883,1502.6270312585693,95.98040833333334
0+6,2025-02-25,80392.9759449861,78311.28036991735,197.57155416666683,78508.85192408403,49488.6424565491,-608.8912694997975,885.2405543263897,49764.99174137569,251.57500480624458,2333.2705798749967
0+6,2025-02-26,73882.11549657065,74637.95010013718,1079.7876111111136,75717.7377112483,45027.442761471946,590.5391023440675,4380.717509170151,49998.699372986164,755.8346035665277,0.0
0+6,2025-02-27,75308.9164026406,74943.9139486454,386.8843902777769,75330.79833892317,46137.80373944654,109.58176427495849,1842.0782045187461,48089.46370824025,254.60730433813148,619.6097583333333
0+6,2025-02-28,75524.92967674896,76924.26461601509,0.0,76924.26461601509,46057.357868489285,1330.9838793537085,0.0,47388.34174784299,1428.6934850994508,29.35854583333321
0+6,2025-03-01,85843.77428271604,78406.01330601147,0.0,78406.01330601147,53538.95427258208,-2464.2071174572357,0.0,51074.747155124845,0.0,7437.76097670456
0+6,2025-03-02,83044.5713120377,83869.30372752057,316.80169166666644,84186.10541918724,51336.141206940505,1190.3797690623546,1612.337271710415,54138.85824771327,1070.7000988161951,245.9676833333333
0+6,2025-03-03,84771.50518931754,81223.47007647462,462.0041458333334,81685.47422230795,52357.21259632244,-278.9191978638896,2100.3425656090276,54178.63596406757,810.359373611114,4358.394486454049
0+6,2025-03-04,75940.61318621399,77459.33289429286,1005.3337472222238,78464.66664151508,46683.85452413651,1483.246913078626,3578.5397725458397,51745.64120976097,1518.7197080788837,0.0
0+6,2025-03-05,79791.13168575102,78200.07261219136,175.29395416666694,78375.36656635803,49019.97667418915,-382.8324547212993,938.6356129041685,49575.77983237202,98.76374722222067,1689.822820781888
0+6,2025-03-06,75133.27603170439,75452.29877081618,270.5380680555562,75722.83683887174,45793.33100176396,540.3009981775531,1161.8535520798637,47495.485552021375,591.9440918895762,272.9213527777771
0+6,2025-03-07,80780.17255865209,76809.35650978377,0.0,76809.35650978377,49925.33451632256,-1392.7287391460331,0.0,48532.605777176526,0.0,3970.8160488683116
0+6,2025-03-08,74584.90752095832,74536.90306700958,0.0,74536.90306700958,45277.808822833715,541.494491364279,0.0,45819.30331419799,753.5618607974961,801.5663147462299
0+6,2025-03-09,78726.83741445473,71948.31002282235,962.1249750000001,72910.43499782235,47915.24272755087,-2102.7174026980897,4183.205989941668,49995.73131479445,0.0,6778.527391632375
0+6,2025-03-10,75556.90248144718,76563.55374962499,439.21464444444376,77002.76839406943,45694.439071622764,1177.2507458210448,1784.6233075986072,48656.31312504242,1045.2850084555905,38.63374027777763
0+6,2025-03-11,67445.78799300411,74973.05436915277,278.56171249999966,75251.61608165277,41154.20600928577,6747.2888092814,1158.1758986270822,49059.670717194254,7527.266376148658,0.0
0+6,2025-03-12,77094.27813489368,70791.45674051782,750.0972652777795,71541.55400579561,47072.643559517805,-2075.6876949362436,3098.6128004402854,48095.56866502185,0.0,6302.821394375855
0+6,2025-03-13,77235.24039634773,77986.84177460562,365.06761944444486,78351.90939405006,46932.613143723946,922.0827423865577,1621.145141579862,49475.84102769036,879.6175685356679,128.01619027777758
0+6,2025-03-14,69945.92924377572,70334.86985881909,0.0,70334.86985881909,42582.074433641945,896.5576534987257,0.0,43478.63208714067,986.155016529495,597.2144014861183
0+6,2025-03-15,76322.13890694444,79613.35093867386,9.053333333333399,79622.40427200719,46223.971102382086,3588.462057742945,19.356026666666803,49831.7891867917,3291.212031729423,0.0
0+6,2025-03-16,73848.90551299724,75126.28997688615,191.84106666666622,75318.13104355281,45111.90710272442,929.1953828047973,819.0183815951373,46860.12086712436,1278.242011111116,0.8575472222219105
0+6,2025-03-17,69483.16628336042,65099.97168432064,1025.8411263888897,66125.81281070953,41452.52690656767,-1146.289666238685,4198.920379159725,44505.15761948871,0.0,4383.194599039777
0+6,2025-03-18,77960.13295833333,74668.43755469444,107.61980000000028,74776.05735469444,47794.13632616624,-906.597790272015,329.86258022500124,47217.40111611923,255.6599997222221,3547.3554033611113
0+6,2025-03-19,65028.111678772286,69234.37293091563,565.2403291666651,69799.6132600823,39569.21747725693,3970.3154079224105,1481.2711323097158,45020.804017489056,4206.261252143349,0.0
0+6,2025-03-20,73413.45432347392,67204.57031851851,1967.8741166666675,69172.44443518519,44712.58691134697,-2017.771793949595,7597.814708752781,50292.62982615016,54.936197222223655,6263.820202177637
0+6,2025-03-21,71224.7246241706,65675.08166543208,0.0,65675.08166543208,42813.49560244485,-1503.1487660041475,0.0,41310.3468364407,292.1189385694443,5841.761897307953
0+6,2025-03-22,73697.9483563443,70054.53946196845,9.078333333333376,70063.61779530179,45017.12890273389,-1108.7490443391625,19.409476666666755,43927.789335061396,0.0,3643.4088943758525
0+6,2025-03-23,74106.61468137859,72004.8023685528,237.38098055555577,72242.18334910835,45109.31601797122,-797.0213260053424,1064.6200309062517,45376.914722872134,0.0,2101.812312825782
0+6,2025-03-24,69821.60133141288,68211.0312547668,289.85770694444483,68500.88896171124,42025.367988600156,-140.78702999011597,877.5462525194471,42762.12721112948,389.25825113168816,1999.8283277777791
0+6,2025-03-25,77048.39567949245,68203.40704032921,699.1006430555541,68902.50768338477,46948.23656421999,-2905.125836920409,2758.463627718742,46801.574355018325,0.0,8844.988639163239
0+6,2025-03-26,67170.62047189643,67178.32505402948,215.71669305555298,67394.04174708504,40612.20439221275,281.02459343163207,710.4468268472056,41603.67581249159,335.42696666666603,327.72238453360853
0+6,2025-03-27,70422.60704269547,69328.85887083333,513.024711111111,69841.88358194444,42686.15192227504,195.8152237943533,1857.2797394895815,44739.246885558976,656.5187777777792,1750.266949639913
0+6,2025-03-28,68377.01879999999,65171.486212654316,0.0,65171.486212654316,41568.56711670125,-753.9961913127802,0.0,40814.57092538847,504.6275862654309,3710.160173611115
0+6,2025-03-29,62918.48269305554,61998.7128486111,0.0,61998.7128486111,37884.15785276639,175.10919777888876,0.0,38059.26705054528,557.2824500000002,1477.052294444446
0+6,2025-03-30,68736.60165999657,63714.076964163236,458.8995736111102,64172.976537774346,41069.81557712857,-1381.8460604918057,1566.3326658555534,41254.30218249231,0.0,5022.524695833334
0+6,2025-03-31,60338.92374489026,67027.99032762347,258.80398472222237,67286.7943123457,36259.9969352702,6083.1923915044545,766.4688307152776,43109.65815748993,6689.066582733204,0.0
0+6,2025-04-01,72743.26750594992,70434.69514706104,481.4851208333332,70916.18026789436,43155.53767072038,-379.7684671435957,1689.0132580673617,44464.78246164415,371.17693833333493,2679.7492972222235
0+6,2025-04-02,69635.84076805555,70457.97841351165,459.70549305555505,70917.68390656721,41622.897211218326,1234.4126849859213,1837.6115244229136,44694.921420627164,1157.0063593449963,334.86871388888983
0+6,2025-04-03,70491.49285644719,66577.00080517832,391.1378472222225,66968.13865240055,42856.68546439257,-1432.2143556040717,1341.5908853750013,42766.0619941635,0.0,3914.4920512688655
0+6,2025-04-04,62042.7369625,59793.119211111116,0.0,59793.119211111116,37139.30921500861,-710.4405057462501,0.0,36428.86870926236,0.0,2249.6177513888897
0+6,2025-04-05,62188.41999722221,62199.65705385802,0.0,62199.65705385802,36797.67218818888,418.79018608097385,0.0,37216.46237426985,499.3817510802485,488.1446944444444
0+6,2025-04-06,66123.87401843278,62778.789372239364,415.9553000000001,63194.744672239365,38889.40105871911,-684.2806914168837,1751.3861128055557,39956.50648010778,157.43566944444433,3502.520315637863
0+6,2025-04-07,59158.94066527777,61136.75355354938,504.07087361111167,61640.82442716049,34894.89435607916,2331.7846220199312,1778.1290053923638,39004.80798349145,2012.408193827161,34.59530555555568
0+6,2025-04-08,67606.08887062757,64494.830785425234,361.4071458333325,64856.23793125857,40552.130630269625,-775.2241080623305,1600.8673359965242,41377.77385820382,152.98921111111076,3264.2472963134414
0+6,2025-04-09,66265.9621968107,67386.30099794238,478.87709083333607,67865.17808877572,39443.85029747786,789.4254313427997,1885.9081499047365,42119.1838787254,1120.3388011316856,0.0
0+6,2025-04-10,65038.09262872084,65298.81925620713,567.6492069444444,65866.46846315157,39224.68303155548,168.1163265667346,2460.076391548611,41852.87574967083,260.7266274862842,0.0
0+6,2025-04-11,53960.15668957475,55933.82198785254,0.0,55933.82198785254,32244.417330992168,1891.8008900446753,0.0,34136.21822103684,1973.665298277778,0.0
0+6,2025-04-12,68624.42385119444,63986.88089401577,0.0,63986.88089401577,40788.239735872616,-1545.6336584470594,0.0,39242.60607742555,0.0,4637.54295717867
0+6,2025-04-13,61545.11532222222,61116.63964166666,1018.0930854017472,62134.73272706841,36310.74577977847,-179.5876959213196,4177.338400062767,40308.49648391991,0.0,428.4756805555562
0+6,2025-04-14,64705.521376183126,58390.60263110424,1056.0286250000001,59446.631256104236,38824.39750460308,-2214.996745741172,3692.044656849307,40301.44541571122,0.0,6314.9187450788795
0+6,2025-04-15,56743.35386025377,58671.109354320986,429.95145694444454,59101.06081126543,33388.057934137105,2174.5051826497515,2195.5616002548613,37758.12471704172,1927.7554940672194,0.0
0+6,2025-04-16,63175.22998683128,64685.56454789094,426.90906527777656,65112.47361316872,36810.893830620866,1948.4614032282398,1596.462387561797,40355.817621410904,1690.5115721707818,180.17701111111353
0+6,2025-04-17,57574.03766159122,61238.90873328188,331.0511097222237,61569.95984300411,34654.40027999258,2543.0655112886434,1430.1230722347327,38627.58886351596,3664.871071690663,0.0
0+6,2025-04-18,58610.451108161855,58656.187890439636,0.0,58656.187890439636,34558.62348775934,45.279414455000904,0.0,34603.90290221434,45.736782277778694,0.0
0+6,2025-04-19,62579.16936666666,60068.653504166665,0.0,60068.653504166665,36493.915475393194,-780.862337960208,0.0,35713.05313743299,0.0,2510.515862499998
0+6,2025-04-20,58332.29027520575,58321.98159891408,752.6996542867041,59074.68125320078,34620.41875269064,1.2182736047686715,2772.0659275994667,37393.70295389488,4.099255652777025,14.407931944444215
0+6,2025-04-21,61243.55799903978,54580.883774999995,1138.7720805555537,55719.655855555546,36253.68370694095,-1918.7836654768657,4134.252627149293,38469.15266861337,0.0,6662.674224039783
0+6,2025-04-22,54910.379863888884,58687.3096816358,574.5226041666665,59261.83228580247,32472.777613439717,3254.8756873547322,2301.259522168749,38028.912822963204,3776.929817746917,0.0
0+6,2025-04-23,53910.865749519886,56673.86794958847,1440.9094638888894,58114.777413477364,31922.357805766085,2099.3842580579617,5144.952589195143,39166.694653019185,2763.002200068586,0.0
0+6,2025-04-24,56075.27262918055,54486.76596251389,829.8152716527776,55316.58123416667,33137.836616325425,-352.10551722347213,2968.936980288263,35754.66807939022,0.0,1588.5066666666662
0+6,2025-04-25,54714.76270233196,54604.50895788751,0.0,54604.50895788751,32995.14751898478,-51.26487706229193,0.0,32943.882641922486,0.0,110.25374444444503
0+6,2025-04-26,54604.99958220165,53619.66738803155,0.0,53619.66738803155,32755.536883653873,-300.7540665137475,0.0,32454.782817140127,0.0,985.332194170096
0+6,2025-04-27,55062.24398189299,56155.26057006173,1475.5871777777768,57630.84774783951,32756.051712804365,787.2161554991396,5909.126865848608,39452.39473415211,1102.805560390953,9.788972222222412
0+6,2025-04-28,65820.82891141975,65897.6988919753,433.9656996666637,66331.66459164197,38573.21529012594,85.28422378770867,1653.949805730348,40312.449319644,138.46160833333397,61.5916277777784
0+6,2025-04-29,57162.87302366255,55489.34597234225,565.2861222222201,56054.63209456447,33747.06000927683,-153.33075320425502,2519.7881592423532,36113.51741531493,213.35662916666678,1886.8836804869654
0+6,2025-04-30,54337.98941570645,54181.34914348423,1780.6584777777773,55962.007621262004,32568.227005210487,-94.25812597416663,6099.253346027081,38573.2222252634,0.0,156.64027222222217
0+6,2025-05-01,57168.08622148491,56194.32846805555,2980.7822487222234,59175.11071677777,34091.775846399396,-263.7403427016437,13588.252065081175,47416.28756877892,0.0,973.7577534293565
0+6,2025-05-02,67725.72750735597,67445.32579485596,0.0,67445.32579485596,40011.91481553619,-63.49813998548622,0.0,39948.4166755507,4.07770277777729,284.47941527777687
0+6,2025-05-03,63938.99743607681,62458.92418818586,18.39166666666665,62477.31585485253,37703.201040286425,-460.58886699956565,39.3213833333333,37281.9335566202,0.0,1480.0732478909456
0+6,2025-05-04,60949.74251558641,56623.63983431069,2996.9835245541817,59620.623358864876,35913.771924014254,-994.4310388559493,12269.902727325458,47189.24361248377,0.0,4326.102681275721
0+6,2025-05-05,61903.140418055555,60447.479423199584,2715.9177375,63163.397160699584,37144.11023286791,-708.9563256108167,12393.87992388611,48829.033831143206,0.0,1455.6609948559703
0+6,2025-05-06,54281.05694718793,56479.82276030521,3394.2468834027786,59874.06964370799,32342.2022478391,1493.039045608955,14999.73194266546,48834.97323611351,2198.7658131172793,0.0
0+6,2025-05-07,57846.83926531207,59157.06509538751,2254.033231944444,61411.09832733195,34805.900774781476,906.6013045366235,10519.789076168747,46232.29115548685,1310.2258300754488,0.0
0+6,2025-05-08,64362.44505832561,60967.21270485253,2557.5635758333356,63524.77628068587,37250.59326307691,-839.0581271603223,12642.78216811432,49054.317304030905,29.428331944444267,3424.660685417526
0+6,2025-05-09,67542.22879528464,60464.66439444444,0.0,60464.66439444444,39560.34590978577,-1858.8815756355275,0.0,37701.464334150245,79.77349305555549,7157.337893895745
0+6,2025-05-10,65730.25748077023,65709.08827828412,0.0,65709.08827828412,38493.8573407315,1191.496106898967,0.0,39685.35344763046,1226.3001861111127,1247.4693885972208
0+6,2025-05-11,62312.21982818929,61692.39659006447,2168.636518055555,63861.03310812003,36308.47332884034,296.2746034353338,10758.531904650692,47363.27983692636,528.280295997255,1148.1035341220802
0+6,2025-05-12,55626.12271243141,58578.84600368654,1462.8247847222215,60041.67078840877,33111.50778772933,2794.2912968664195,6588.232038531247,42494.031123126995,2952.723291255138,0.0
0+6,2025-05-13,64636.29115312071,58995.48870773318,1299.4078736111123,60294.89658134429,37859.32763421592,-1242.608869288234,6168.52888504306,42785.24764997075,269.8068291666664,5910.6092745541855
0+6,2025-05-14,63028.20192676611,63406.35926911864,786.6058472222232,64192.96511634086,38032.36050077957,259.54322256233627,3180.0319390597288,41471.93566240164,378.15734235253535,0.0
0+6,2025-05-15,61829.94477007424,63153.41560481361,592.3998444444444,63745.81544925805,37914.53200037076,1003.1816744662331,2168.795983815278,41086.50965865227,1323.4708347393678,0.0
0+6,2025-05-16,58854.16810546981,56411.49498465363,0.0,56411.49498465363,35851.0999553423,-787.9508677070407,0.0,35063.14908763526,0.0,2442.6731208161805
0+6,2025-05-17,66891.34851658093,64772.384519204374,3.5616666666666106,64775.94618587104,39858.48946880014,-711.2907938117919,7.614843333333213,39154.81351832168,0.0,2118.963997376548
0+6,2025-05-18,66484.45099698217,63475.48222568587,693.2708305555559,64168.753056241425,39145.90378950878,-833.990434802036,2307.2826656430575,40619.1960203498,0.0,3008.9687712962923
0+6,2025-05-19,60550.91036694101,57475.82242055898,534.1430916250005,58009.96551218398,35790.457003286036,-569.2146624027132,2777.040605673445,37998.28294655676,143.02181805555549,3218.1097644375877
0+6,2025-05-20,60057.88522263374,61317.14292595816,770.1218694444447,62087.2647954026,35707.15495163588,1340.0723202029844,3516.8159697506953,40564.043241589556,1259.2577033244195,0.0
0+6,2025-05-21,56671.6308803155,59671.6311683299,692.9970459861133,60364.62821431601,34291.02212009536,2676.690943715397,2638.837899523648,39606.550963334405,3000.0002880144016,0.0
0+6,2025-05-22,59554.15739696502,59030.854706704384,618.1726263888893,59649.027333093276,36108.05381034689,-118.91653983139227,2282.958195314586,38272.09546583009,0.0,523.3026902606309
0+6,2025-05-23,63681.17096476337,61557.25073585391,0.0,61557.25073585391,37667.794076741186,-525.5875787791516,0.0,37142.20649796203,0.0,2123.9202289094665
0+6,2025-05-24,57900.62112021604,57680.63224206675,0.0,57680.63224206675,35132.3541909966,-102.15005700145443,0.0,35030.20413399515,0.0,219.98887814929407
0+6,2025-05-25,60570.73799840534,59073.38334118809,657.3098500000008,59730.69319118809,35902.438843632095,-282.0694767846322,2970.9044240027824,38591.273790850246,60.96042901388864,1558.315086231139
0+6,2025-05-26,58637.32468204167,60164.492625611616,1653.210073236111,61817.70269884773,35441.74160239911,1053.791238265132,5709.499203191094,42205.03204385534,1527.1679435699493,0.0
0+6,2025-05-27,55899.014393227015,58813.45677937243,901.3077695416675,59714.76454891409,33971.59195733478,2561.9796913580885,3725.534146290221,40259.10579498309,2914.442386145409,0.0
0+6,2025-05-28,63716.46592222222,62280.30624721039,466.350206944444,62746.656454154836,37704.08732342305,-137.62915102315515,1761.9039070173603,39328.36207941726,214.0390618194447,1650.198736831278
0+6,2025-05-29,62960.61063472222,63902.232907000005,458.9942190843599,64361.22712608436,37420.34999897958,921.2531678414273,2063.3051863149567,40404.90835313597,979.7086306111125,38.086358333333806
0+6,2025-05-30,66817.84670312071,61784.309574152605,0.0,61784.309574152605,40060.36914258423,-1170.1161322804592,0.0,38890.25301030377,96.89277108333329,5130.429900051432
0+6,2025-05-31,69685.75350154939,64639.851725,92.18666666666661,64732.03839166667,42418.67151516987,-1867.2720541663266,197.0950933333332,40748.494554336874,0.0,5045.9017765493845
0+6,2025-06-01,77390.77704531893,73374.35989883401,5175.969694444448,78550.32959327845,46832.32454412542,-1366.811572028941,20101.991164253486,65567.50413634996,0.0,4016.4171464849105
0+6,2025-06-02,78860.16936685526,68020.63455149176,6483.30205,74503.93660149176,48382.20696719123,-3505.525931591968,24679.73332026598,69556.41435586524,0.0,10839.534815363506
0+6,2025-06-03,72795.50102247941,73675.77415025719,4256.8562500000035,77932.63040025719,44103.5510551509,1400.4274455949999,16937.348890179186,62441.327390925086,1158.9898791666667,278.71675138888946
0+6,2025-06-04,83604.211835631,67077.89984374141,8210.928281944445,75288.82812568586,51602.961057118155,-5707.554770307073,31083.76987397431,76979.17616078538,0.0,16526.311991889575
0+6,2025-06-05,73037.06383739712,72168.30196934156,5663.079194444441,77831.38116378599,43766.22054828738,11.012016435138321,22632.027465415966,66409.26003013848,182.6116194444441,1051.3734875000005
0+6,2025-06-06,80123.133022548,76316.56182748458,0.0,76316.56182748458,49632.01412493882,-1266.510613327764,0.0,48365.50351161105,0.0,3806.5711950634422
0+6,2025-06-07,84918.85505138888,76385.79720138888,76.18833333333339,76461.98553472222,52746.05585316375,-3052.447239934583,162.89065666666679,49856.49926989584,0.0,8533.05785
0+6,2025-06-08,69706.5844656725,67216.51286496915,4658.681650377229,71875.19451534637,41827.69843662318,69.25537533764123,18375.58426965947,60272.53808162029,989.2509173182465,3479.3225180216004
0+6,2025-06-09,79049.65121111111,73797.6060755782,3679.9197597222205,77477.52583530042,48880.05287087361,-1831.7191091765494,13968.651990786797,61016.98575248386,0.0,5252.045135532921
0+6,2025-06-10,74717.07478849452,73598.93458179012,3803.440048583847,77402.37463037396,45518.96434463294,-290.38924526368135,14045.591018706384,59274.16611807565,0.0,1118.140206704389
0+6,2025-06-11,80712.11057977777,79992.34977650549,3456.364518055555,83448.71429456105,50710.87706337326,13.337282891929817,13771.788721131246,64496.003067396436,411.3088574444452,1131.0696607167279
0+6,2025-06-12,79529.63437673182,78748.61444538459,1422.5020720555524,80171.11651744014,49388.73780638222,-326.6859160083609,5472.544321616151,54534.59621199001,0.0,781.0199313472249
0+6,2025-06-13,80448.31446826833,78832.67902464695,0.0,78832.67902464695,50009.482354239706,-634.9208250177935,0.0,49374.561529221915,0.0,1615.6354436213933
0+6,2025-06-14,81536.44776375171,77180.86642222223,0.0,77180.86642222223,49990.154293713495,-1330.1732887377243,0.0,48659.98100497577,0.0,4355.581341529493
0+6,2025-06-15,73965.39111627228,75213.55208547668,2116.4487290005145,77330.0008144772,45455.07694614427,932.2936226574203,8606.545264593591,54993.91583339528,1330.9348678155075,82.77389861111169
0+6,2025-06-16,77837.53947129182,77867.26864338786,1785.260252777778,79652.52889616563,48006.49774434583,33.32729291021394,7229.070677833335,55268.89571508938,35.42105542935718,5.691883333333408
0+6,2025-06-17,80098.13796541494,81407.12616769547,1382.1269055555554,82789.25307325103,49602.09087936391,1461.7462957832754,5634.686475650695,56698.523650797884,1363.1846425583035,54.19644027777724
0+6,2025-06-18,80843.76291838134,81576.68057765775,685.0251763888884,82261.70575404665,49948.55817164031,824.4003157485749,2704.4324551923587,53477.39094258124,732.9176592764084,0.0
0+6,2025-06-19,76841.25717973249,72827.40792521313,2264.605875569444,75092.01380078257,47131.75638834956,-909.7196436897715,9641.289566393862,55863.32631105365,551.9551472638897,4565.8044017832635
0+6,2025-06-20,79451.10218472223,77790.49589206994,0.0,77790.49589206994,49076.74647880375,-636.14551816153,0.0,48440.600960642216,0.0,1660.606292652259
0+6,2025-06-21,74343.05803558246,74307.5301695547,0.0,74307.5301695547,45952.65598009236,2.539079396896028,0.0,45955.195059489255,13.550437499999816,49.07830352777998
0+6,2025-06-22,74581.25031387173,74586.68320274349,1058.6446486111115,75645.3278513546,45152.43047003234,2143.9701788852526,4302.373980372224,51598.77462928982,2266.856176680381,2261.4232878086377
0+6,2025-06-23,75582.74032003377,75582.74032003377,653.5629790694476,76236.30329910322,47076.59587974889,0.0,2702.982826566951,49779.57870631584,0.0,0.0
0+6,2025-06-24,87201.96061944443,84627.66011234568,1047.6606236111106,85675.32073595679,54860.31037643861,-915.0944416175994,3934.204830570831,57879.42076539184,0.0,2574.3005070987674
0+6,2025-06-25,78372.91368487653,78594.58328762226,1134.5600388888877,79729.14332651114,48001.21712721663,553.1782082513587,5256.492689602774,53810.888025070766,630.521737842937,408.8521350972195
0+6,2025-06-26,75320.3980254801,75516.05147403979,988.2467791666675,76504.29825320646,46867.11663615812,153.5625255763837,4359.417370919447,51380.096532653944,266.6324443930081,70.97899583333333
0+6,2025-06-27,78026.33264727521,75442.4508379206,0.0,75442.4508379206,49134.819585546036,-1032.4618406629943,0.0,48102.35774488304,0.0,2583.881809354598
0+6,2025-06-28,76925.65200710151,77193.17046367095,0.0,77193.17046367095,48162.080115368764,248.96944102794518,0.0,48411.04955639671,295.2463190694443,27.72786250000013
0+6,2025-06-29,73640.96534322701,75221.0380398167,1682.3097180555567,76903.34775787227,45056.92516183178,2438.8208167470843,5407.847163933337,52903.5931425122,2132.0099156035662,551.9372190138873
0+6,2025-06-30,79981.5909963786,78704.22865519444,764.4297055555552,79468.65836074999,49700.82246293185,-139.7084104755712,2968.5376328347197,52529.651685291,304.1685847222228,1581.5309259063752
0+6,2025-07-01,70877.38221376885,71028.95589170096,12368.800136196845,83397.7560278978,43401.58799988911,192.14129406750334,45628.99286188003,89222.72215583664,163.14369459876997,11.570016666666561
0+6,2025-07-02,68531.7922380144,68181.39078983196,8968.099783333331,77149.4905731653,42560.14973184124,-179.92063064193795,33679.29486110763,76059.52396230694,0.0,350.4014481824447
0+6,2025-07-03,77235.2865717349,77253.03574951268,8197.71689152778,85450.75264104045,47588.76784744527,33.53766480534691,30963.075026143553,78585.38053839418,89.51655972222181,71.76738194444476
0+6,2025-07-04,69890.00331207133,72682.67037934104,0.0,72682.67037934104,43088.262261168056,2777.988259533269,0.0,45866.250520701324,2792.6670672697146,0.0
0+6,2025-07-05,68922.26623928326,69184.43752849795,71.99833333333322,69256.43586183128,42738.244063968064,267.38451542960865,153.93243666666643,43159.56101606434,262.17128921467213,0.0
0+6,2025-07-06,71735.62298940329,75398.14799209533,9137.500518055554,84535.64851015089,44910.166570094996,3016.6606726181667,35293.74097180416,83220.56821451732,3689.34752352538,26.82252083333333
0+6,2025-07-07,73639.78108333332,69867.31816721536,7983.592919444445,77850.9110866598,45618.855410746604,-1141.0596034417526,29228.001556379862,73705.79736368472,0.0,3772.4629161179696
0+6,2025-07-08,77435.74526563786,73201.88554062071,7495.781121541663,80697.66666216237,48052.57586023798,-1255.4953155072824,28898.39178137001,75695.47232610072,6.110162499999888,4239.96988751715
0+6,2025-07-09,79243.12661775926,77569.9380330247,4998.112651653291,82568.05068467799,48801.759100097996,-568.2672008273115,19146.084607139186,67379.57650640987,0.0,1673.1885847345666
0+6,2025-07-10,74584.29668432786,73772.53225516118,4924.488296845171,78697.02055200635,46746.587110323206,-56.948366977153626,17230.595180767396,63920.23392411345,101.05963194444405,912.8240611111123
0+6,2025-07-11,83627.10188948901,83181.67448755982,0.0,83181.67448755982,52335.90109824757,-142.16208051772918,0.0,52193.73901772984,0.0,445.42740192919223
0+6,2025-07-12,74261.97550495542,77929.26894850822,0.0,77929.26894850822,46608.45943968913,3008.502309871727,0.0,49616.96174956086,3667.2934435528105,0.0
0+6,2025-07-13,80927.95861666667,75961.72918393346,1646.1299458333315,77607.8591297668,51554.27845628583,-1821.7153869787442,5863.546351917354,55596.109421224435,0.0,4966.229432733193
0+6,2025-07-14,77374.897669393,74678.54631712963,3089.24696495199,77767.79328208162,47798.879885699615,-452.4646829852638,12792.525039374821,60138.94024208917,269.8199274519942,2966.171279715369
0+6,2025-07-15,81521.71527548009,76849.94314963992,2471.97475685871,79321.91790649862,50626.71947291131,-1256.5563858620374,8755.878881928917,58126.04196897819,0.0,4671.772125840196
0+6,2025-07-16,78976.27356397462,76846.81790356652,2746.9100819444443,79593.72798551097,50059.416153820195,-781.001733471895,8729.333709594446,58007.748129942745,0.0,2129.4556604081
0+6,2025-07-17,77082.59332515432,78709.4799991598,1858.281852537724,80567.76185169752,48146.75220159504,1842.7097343787962,7538.244417250493,57527.70635322433,1706.9124059499336,80.0257319444454
0+6,2025-07-18,88119.48480663888,86341.68254245541,0.0,86341.68254245541,55499.22504525643,-404.66330848428925,0.0,55094.56173677214,292.28420586111054,2070.0864700445854
0+6,2025-07-19,85932.46183237311,74919.54884578189,31.365000000000123,74950.91384578189,54699.746468524114,-3585.965447605552,67.05837000000027,51180.83939091856,0.0,11012.912986591213
0+6,2025-07-20,82754.99149986281,82185.15781652948,759.8869124027755,82945.04472893225,51344.02633625514,-4.321003568610706,3172.9054501903265,54512.61078287686,127.11661944444461,696.950302777777
0+6,2025-07-21,83721.37340507544,81034.12404821673,1117.8674527777782,82151.99150099451,52466.07927616263,-848.5639301264382,4287.704446655556,55905.21979269174,0.0,2687.2493568587115
0+6,2025-07-22,79983.0985679698,87310.83594276337,794.5448416666666,88105.38078443003,50331.95402278108,7130.24761193952,2906.0288197874997,60368.2304545081,7327.737374793558,0.0
0+6,2025-07-23,90031.92154480451,82030.89600311144,839.495813236112,82870.39181634755,57144.36119916051,-2733.014871074595,2995.9088882137867,57407.2552162997,0.0,8001.025541693075
0+6,2025-07-24,89696.87591263888,84875.96804905693,341.9412694444435,85217.90931850138,56964.69675779075,-1547.3929591734966,1070.9968184895797,56488.30061710683,0.0,4820.907863581959
0+6,2025-07-25,79840.80628029836,83195.14008559429,0.0,83195.14008559429,50345.26181538773,2959.6992494626556,0.0,53304.96106485038,3354.333805295946,0.0
0+6,2025-07-26,85641.2478168726,84775.44793909483,0.0,84775.44793909483,53493.80237479842,-92.56425608312327,0.0,53401.23811871529,177.80425000000025,1043.6041277777736
0+6,2025-07-27,82385.03196471209,82144.24535429543,902.5383499999986,83046.78370429543,51514.142867513845,713.1633851032652,3233.623980215966,55460.93023283308,744.6288041666674,985.4154145833318
0+6,2025-07-28,85568.59715348079,86575.77442636967,1001.726852777778,87577.50127914744,53684.5020422064,1440.6284533865,3882.9933171979183,59008.123812790815,1033.8365270555512,26.659254166666415
0+6,2025-07-29,82923.45235221193,86076.33616750684,479.0601861111113,86555.39635361795,52017.73360793534,2884.7224771894053,2077.9899034277805,56980.44598855253,3152.883815294924,0.0
0+6,2025-07-30,76742.03199722222,82973.57648423422,617.1739027777771,83590.750387012,48322.08748478736,5840.295998206139,2069.8517285166645,56232.23521151016,6231.544487012006,0.0
0+6,2025-07-31,81544.04046316014,82441.05171084157,1037.5803041666668,83478.63201500823,50985.39349763621,930.1613443086062,4087.358535929168,56002.913377873985,897.0112476814136,0.0
0+6,2025-08-01,81926.74859727366,74456.8055760288,0.0,74456.8055760288,51870.191536716586,-2224.96352227618,0.0,49645.22801444041,0.0,7469.943021244853
0+6,2025-08-02,89357.62696388888,78945.39423410494,32.52833333333342,78977.92256743828,56522.38895885319,-3414.036979310138,69.54557666666685,53177.89755620971,0.0,10412.232729783947
0+6,2025-08-03,71817.36487705761,72975.00684699861,425.477527777778,73400.4843747764,45621.23370771947,1282.302310280374,1776.636863279864,48680.1728812797,1157.6419699410167,0.0
0+6,2025-08-04,76602.82877090192,77919.68695464678,173.86817638888903,78093.55513103567,49080.75054684581,912.9861861542374,503.7643622104167,50497.501095210464,1316.8581837448578,0.0
0+6,2025-08-05,75119.58830862484,76750.74738791546,232.98291249999983,76983.73030041545,47822.27567113583,1175.0088484395683,989.8255708541662,49987.11009042957,1631.159079290635,0.0
0+6,2025-08-06,82858.67772926955,79535.68132913236,158.63178749999952,79694.31311663236,53485.20986302561,-1380.0880010859564,634.149123529859,52739.27098546951,0.0,3322.9964001371727
0+6,2025-08-07,83769.80673525376,77895.32809756223,319.5375694444448,78214.86566700668,52237.76958780081,-914.0784296889858,970.7683143513894,52294.45947246321,660.4660825416667,6534.944720233194
0+6,2025-08-08,73087.76577099999,73087.06431266665,0.0,73087.06431266665,46543.67540638721,-0.15470663541669208,0.0,46543.52069975179,0.0,0.7014583333334485
0+6,2025-08-09,78059.30150123456,75805.6741633059,0.0,75805.6741633059,49212.15757484154,-617.8441571750914,0.0,48594.31341766645,0.0,2253.6273379286713
0+6,2025-08-10,77529.91794760476,75577.12841373988,314.8754444444463,75892.00385818433,49486.5387287385,-675.6909451980955,1061.491028938895,49872.3388124793,0.0,1952.7895338648866
0+6,2025-08-11,75863.93103225308,76513.89449218106,511.43329694444213,77025.3277891255,47429.08885262847,805.6660360984941,1844.453875468459,50079.20876419543,649.9634599279825,0.0
0+6,2025-08-12,82221.6467717764,80794.26894989712,263.3943958333331,81057.66334573046,51555.21540541417,354.993872144767,920.3506065472214,52830.559884106166,757.4364833333336,2184.8143052126175
0+6,2025-08-13,75120.13395684156,75001.27118323045,691.698541203703,75692.96972443415,47051.93989961672,-19.51746713520839,2790.235690021988,49822.658122503504,18.265726388888766,137.12849999999992
0+6,2025-08-14,77085.11300670439,79169.27939134088,143.12566805555568,79312.40505939643,49069.98270311192,1554.531870439805,550.3394485833337,51174.85402213506,2084.1663846364972,0.0
0+6,2025-08-15,86549.60783993483,77768.99671056241,0.0,77768.99671056241,54873.154882570525,-2903.6686037121945,0.0,51969.48627885833,0.0,8780.611129372428
0+6,2025-08-16,84187.06953794582,73193.02448684842,0.0,73193.02448684842,53964.06446856966,-3634.226880102029,0.0,50329.837588467635,0.0,10994.045051097397
0+6,2025-08-17,79780.99099439266,77330.80023701972,418.11007777777763,77748.9103147975,49742.65259125562,-675.938957247749,2109.1617389069434,51175.87537291481,21.705035819443992,2471.895793192386
0+6,2025-08-18,76810.21175980795,76694.37746670094,250.18967083333314,76944.56713753428,48888.99313375089,-57.18316215241549,1130.1216446326403,49961.931616231115,0.0,115.83429310699219
0+6,2025-08-19,76230.55728592249,74809.33125353223,584.6289541666665,75393.9602076989,48264.576532011284,-587.1860304000257,2754.155728348611,50431.546229959866,0.0,1421.2260323902633
0+6,2025-08-20,84368.05329270953,79883.28728895748,483.8253694444459,80367.11265840192,52736.10191553882,-873.6783532497939,1933.6478573069498,53796.07141959597,417.1321469166681,4901.898150668728
0+6,2025-08-21,80696.69687451988,76342.55396479767,341.07259861111083,76683.62656340878,50457.62231937793,-979.4099159537716,1243.9244011888868,50722.136804613045,223.19033472222054,4577.333244444444
0+6,2025-08-22,79801.08902002743,73389.01718621398,0.0,73389.01718621398,50745.66261039121,-1938.807400440334,0.0,48806.85520995088,0.0,6412.071833813441
0+6,2025-08-23,77269.93107690329,74578.35294006806,0.0,74578.35294006806,48576.41672225312,-555.9050828068896,0.0,48020.51163944623,208.66548773610987,2900.2436245713243
0+6,2025-08-24,75655.70263825446,71339.290921845,1648.3893416666672,72987.68026351166,48470.84916966292,-1548.450176786015,7140.853038315973,54063.25203119288,0.0,4316.411716409467
0+6,2025-08-25,96706.28622554868,82996.29495673868,249.68236805555537,83245.97732479424,61686.054271802976,-4553.437841448099,829.8073602562499,57962.42379061113,0.0,13709.991268810016
0+6,2025-08-26,76781.55352896091,76862.76041397461,200.10092638888926,77062.8613403635,49328.86268753776,50.100587709212775,668.7339872562525,50047.69726250322,81.20688501371711,0.0
0+6,2025-08-27,77868.70807772633,81939.56721428328,130.81203333333366,82070.37924761661,49753.32528142021,3812.3879844621642,533.913816865974,54099.62708274835,4070.8591365569346,0.0
0+6,2025-08-28,77356.67826481481,80342.91554441015,781.115075,81124.03061941014,48343.42489195375,3638.2074124723003,3122.3870491819434,55104.01935360799,3107.8906768175593,121.65339722222257
0+6,2025-08-29,87485.06304126131,77815.26240677298,0.0,77815.26240677298,55654.39460229072,-3211.1113970659017,0.0,52443.28320522482,0.0,9669.800634488336
0+6,2025-08-30,82687.48834415294,75801.04797674896,0.0,75801.04797674896,52767.757032425936,-2012.9431478649992,0.0,50754.813884560936,0.0,6886.440367403977
0+6,2025-08-31,75922.53697419632,76061.05412122994,774.4051902777777,76835.45931150772,48493.25263947247,119.08792127409558,3099.8091744965277,51712.149735243096,198.8643257715991,60.347178737997865
0+6,2025-09-01,84560.34457361112,76213.0576090535,0.0,76213.0576090535,52955.23542308598,-2530.961523376097,0.0,50424.27389970988,0.0,8347.286964557614
0+6,2025-09-02,75676.0201558299,77858.03206960786,0.0,77858.03206960786,47590.67884132746,2180.351127887468,0.0,49771.02996921493,2182.0119137779475,0.0
0+6,2025-09-03,80472.10480456104,77437.49676682099,0.0,77437.49676682099,50660.312043256636,-648.6039427991275,0.0,50011.70810045751,145.4674041666666,3180.075441906721
0+6,2025-09-04,78089.12471805555,76061.35513274142,186.87433750000048,76248.22947024142,49939.199537359724,-428.12115565145314,430.4681075993067,49941.54648930758,125.85735011111024,2153.6269354252427
0+6,2025-09-05,73550.65123688529,73007.81083854852,0.0,73007.81083854852,47194.74188095667,-258.53615369580075,0.0,46936.20572726087,0.0,542.8403983367665
0+6,2025-09-06,74320.18826839849,74710.23577808641,0.0,74710.23577808641,47352.85185326754,521.6010526198902,0.0,47874.452905887425,510.2676347222201,120.2201250342938
0+6,2025-09-07,74165.66834178669,77594.76941551783,45.06188333333341,77639.83129885116,47097.9698553699,2770.3162838280305,253.5412121354171,50121.82735133335,3429.101073731135,0.0
0+6,2025-09-08,81274.32917526973,79469.83880092592,0.0,79469.83880092592,51248.583384350284,-220.11549921941554,0.0,51028.46788513087,405.32262599451127,2209.8130003383085
0+6,2025-09-09,71550.51440838477,74869.22594569033,32.128440277778,74901.35438596811,45732.81648287551,3547.6776869571077,76.86729336458386,49357.3614631972,3318.711537305556,0.0
0+6,2025-09-10,83009.26689580554,79371.72023232168,172.2738861111111,79543.99411843279,52418.42048021447,-1138.6139327636815,519.9951590881942,51799.80170653898,0.0,3637.5466634838767
0+6,2025-09-11,82389.6106616598,74276.25035903635,121.58538749999968,74397.83574653635,52319.759683227734,-2311.494608328381,578.3700075666659,50586.63508246602,0.0,8113.360302623459
0+6,2025-09-12,73376.76131886145,72720.73558191015,0.0,72720.73558191015,47102.33072770883,-259.8439483102495,0.0,46842.48677939858,0.0,656.0257369513034
0+6,2025-09-13,72231.48507743483,73628.38042630313,0.0,73628.38042630313,46423.88779073685,1114.7235746536123,0.0,47538.61136539046,1396.895348868316,0.0
0+6,2025-09-14,85113.88496040809,79832.91147007886,2.7238861111108577,79835.63535618997,54317.2307384769,-1759.100760607909,5.601671787499479,52563.731649656496,0.0,5280.973490329217
0+6,2025-09-15,70398.03439209535,70465.94837331961,613.1218722222221,71079.07024554184,45315.37079912417,62.68943912006958,2171.7355275944437,47549.79576583868,67.91398122428023,0.0
0+6,2025-09-16,84230.91160651852,81408.8176335499,0.0,81408.8176335499,53144.06168932151,-919.9176091473269,0.0,52224.144080174185,17.417650319444192,2839.5116232880596
0+6,2025-09-17,80194.2973174554,79057.56813377589,128.59832500000024,79186.16645877589,51394.95838397021,-379.0084415520045,551.2601210284733,51567.21006344668,9.408136125001818,1146.1373198045308
0+6,2025-09-18,72622.32908155007,78878.62929470112,10.966204166666785,78889.59549886778,46439.8264340536,5143.508399795848,25.955578991667,51609.29041284112,6256.30021315106,0.0
0+6,2025-09-19,78670.20634768519,78514.28673388204,0.0,78514.28673388204,49763.48913633486,76.86223964064196,0.0,49840.3513759755,139.98421258573558,295.9038263888898
0+6,2025-09-20,75373.23459034637,77763.65663122426,0.0,77763.65663122426,48311.81520733744,1875.1435552296898,0.0,50186.95876256713,2425.2594269890233,34.83738611111107
0+6,2025-09-21,76927.38530514404,76927.38530514404,11.513304166666558,76938.89860931071,48490.15830558383,0.0,32.86869340416634,48523.026998987996,0.0,0.0
0+6,2025-09-22,78297.22744705074,72796.04093036693,392.6313263888894,73188.67225675582,49250.52487842347,-1685.5405770881305,1115.636329609723,48680.620630945064,0.0,5501.186516683814
0+6,2025-09-23,76400.19805298353,75582.73569671022,39.2656666666669,75622.0013633769,47983.455369158146,-247.61857714953112,166.18796429166838,47902.024756300285,0.0,817.4623562733145
0+6,2025-09-24,66929.87419665637,68906.73279552467,902.5515208333329,69809.28431635801,42456.86116548654,1342.6752159715284,2468.5209900618056,46268.05737151987,1976.8585988683137,0.0
0+6,2025-09-25,72962.10998295611,73515.52238967763,198.70388055555577,73714.22627023318,45560.71450906506,507.0632384100095,760.5644242708338,46828.342171745906,587.8544178326413,34.44201111111124
0+6,2025-09-26,80049.91522695473,75516.72837145062,0.0,75516.72837145062,50422.64914901226,-1596.2242364369727,0.0,48826.42491257528,0.0,4533.18685550412
0+6,2025-09-27,67167.11584751372,72203.30340688888,0.0,72203.30340688888,42251.45569430336,4441.358892310254,0.0,46692.81458661362,5036.187559375163,0.0
0+6,2025-09-28,70742.40748175583,75507.89503420834,344.5580624999997,75852.45309670834,44165.92420852315,4143.928272070464,1496.166761914582,49806.0192425082,4765.487552452506,0.0
0+6,2025-09-29,73852.69401249998,68222.94572728052,1736.875573611111,69959.82130089162,46435.24794894083,-1804.7518828797874,6283.314788834026,50913.81085489506,0.0,5629.7482852194735
0+6,2025-09-30,72559.06558161866,72912.40625575755,860.801822462274,73773.20807821983,45969.725125593766,504.1989387959527,3594.6678879620645,50068.59195235179,461.77034219444204,108.42966805555557
0+6,2025-10-01,70018.54544648492,68722.58685316546,34.82689583333308,68757.41374899879,43496.33199262186,-274.26084762396255,84.20584920833242,43306.27699420623,46.65055390277712,1342.6091472222233
0+6,2025-10-02,75327.24859103377,68924.60686332305,120.11445694444444,69044.72132026749,47214.67409774869,-2278.6391345246193,313.4191485152777,45249.454111739346,0.0,6402.6417277107375
0+6,2025-10-03,67089.60294969135,63444.35698451646,0.0,63444.35698451646,41564.99674739699,-907.3485694207001,0.0,40657.64817797629,16.114630555555607,3661.3605957304453
0+6,2025-10-04,78997.03989497221,69889.09507776062,0.0,69889.09507776062,49451.89352420144,-2986.395530279862,0.0,46465.49799392158,0.0,9107.944817211592
0+6,2025-10-05,73910.58410149177,65827.11758565792,256.6295805555557,66083.74716621348,45859.34484456605,-2333.1146001633533,744.6081034131955,44270.83834781589,37.69574440277779,8121.162260236628
0+6,2025-10-06,63058.58991558641,65594.05308493364,1101.3601164952058,66695.41320142885,39800.87883414148,1781.818229286247,3343.6807645394556,44926.37782796718,2535.4631693472256,0.0
0+6,2025-10-07,68564.35309492456,68383.3309246497,503.6251958333329,68886.95612048302,42341.499376636995,62.25601928147812,1799.7515497743038,44203.506945692774,110.18310273611195,291.20527301098116
0+6,2025-10-08,67167.94525975651,66607.38954953704,370.7768986111102,66978.16644814814,41757.44662105596,-162.866295867394,1253.3002662812455,42847.88059146981,0.0,560.5557102194764
0+6,2025-10-09,76282.0914427469,65698.25770025718,257.471352777779,65955.72905303496,47686.041462367415,-3254.2468194084886,930.8728032958375,45362.66744625477,0.0,10583.833742489716
0+6,2025-10-10,73725.97423203017,70151.39610013718,0.0,70151.39610013718,46220.93586099261,-1201.3839920872188,0.0,45019.55186890539,0.0,3574.5781318930053
0+6,2025-10-11,74283.36069008916,71593.46770814472,0.0,71593.46770814472,46352.754236111905,-458.2704073473624,0.0,45894.48382876454,336.0869819444442,3025.9799638888926
0+6,2025-10-12,69008.84451586076,69354.84125742456,553.5579020138887,69908.39915943844,42634.20007394338,452.81714555108954,2202.3640917115954,45289.38131120606,356.37882777778,10.38208621399508
0+6,2025-10-13,70899.3176829218,66068.81206836419,564.463631944445,66633.27570030863,43954.330714701864,-1164.2760501535233,2167.5252431034714,44957.579907651816,322.4738972222252,5152.9795117798385
0+6,2025-10-14,73707.53364384259,66354.63424773663,2281.4977888888898,68636.13203662552,46010.40682678416,-1868.9630555100493,8583.882964573615,52725.32673584772,204.53526958333185,7557.4346656892985
0+6,2025-10-15,76603.47017069341,70462.44367990397,611.702605555557,71074.14628545953,48028.085713116656,-2032.569594924602,1634.961327150003,47630.47744534206,0.0,6141.026490789441
0+6,2025-10-16,73141.4211151063,72835.55131149452,340.1688805555549,73175.72019205008,45895.63503998361,114.48354705887164,1162.5801104298591,47172.69869747234,256.9623188333322,562.8321224451327
0+6,2025-10-17,63441.35521944444,68014.6505834362,0.0,68014.6505834362,39445.675156734156,4560.677378482477,0.0,44006.35253521663,4573.2953639917705,0.0
0+6,2025-10-18,75487.9934853443,75726.7175853443,0.0,75726.7175853443,47040.40958862687,164.65391744958322,0.0,47205.063506076454,238.7240999999998,0.0
0+6,2025-10-19,73422.4164289952,73374.43466093965,342.40989166666657,73716.84455260632,46098.133679848965,-15.833983458333375,1235.7084932368039,47318.008189627435,0.0,47.981768055555676
0+6,2025-10-20,76393.89972846364,75905.87032429698,212.99147500000004,76118.86179929698,48152.41170099666,-200.67129319944456,708.6150223159725,48660.35543011318,0.0,488.0294041666668
0+6,2025-10-21,75244.8259128659,75636.30300589831,494.8807111111115,76131.18371700942,46993.27125740692,275.62583774276806,1759.3300245569465,49028.22711970664,391.47709303240543,0.0
0+6,2025-10-22,73223.18882925241,72912.60677777778,1001.3061666666671,73913.91294444444,45990.69631334061,-128.9838120691957,3861.8719421548626,49723.584443426276,0.0,310.5820514746249
0+6,2025-10-23,83270.29602779492,70849.13749924554,636.8177180555556,71485.95521730109,52013.5753206239,-3734.8748753686873,1920.1184286541666,50198.81887390938,228.85535972222272,12650.013888271598
0+6,2025-10-24,72108.74964855966,72268.41609984568,0.0,72268.41609984568,44840.90708930744,1221.9581416107155,0.0,46062.865230918156,1603.4202445987657,1443.7537933127574
0+6,2025-10-25,77184.8019526749,73507.76445655007,0.0,73507.76445655007,47816.804992435296,-1097.1165963542273,0.0,46719.68839608107,108.71910833333664,3785.7566044581617
0+6,2025-10-26,76064.79800788753,70316.8397824417,876.1400143611099,71192.97979680281,47147.88166944132,-1692.1856007005226,2727.8236883745485,48183.51975711535,192.45532499999916,5940.413550445821
0+6,2025-10-27,69288.68067071331,74277.33223441357,303.288909722223,74580.62114413579,43026.19074379358,4538.520222164953,1143.5561295104208,48708.26709546895,4988.651563700267,0.0
0+6,2025-10-28,69685.54178106996,73309.5052895919,288.6290583333338,73598.13434792524,43383.970861871174,3544.986927004032,821.1661994736123,47750.123988348816,3643.6800543552827,19.716545833333157
0+6,2025-10-29,78236.79381319975,78185.50536458864,257.4202388888885,78442.92560347753,48474.15339527777,28.093476308127137,901.476958729166,49403.72383031506,43.9292486111126,95.21769722222177
0+6,2025-10-30,69318.6756630144,71315.51840241306,722.0777486111153,72037.59615102418,42967.450364685756,2209.436322805601,2727.0913849743183,47903.978072465674,2001.0911671764372,4.248427777777806
0+6,2025-10-31,78717.77101806874,78331.83319862431,0.0,78331.83319862431,48986.0106727722,-153.53103685923645,0.0,48832.47963591296,0.0,385.93781944444504
0+6,2025-11-01,74055.10197463991,74589.85301538065,0.0,74589.85301538065,45785.979125002035,376.20790670395655,0.0,46162.187031705995,589.5974768518494,54.84643611111119
0+6,2025-11-02,74688.94105090876,78428.85712632132,496.21023611111247,78925.06736243244,46479.89798194199,3484.15605755259,1969.5420102201454,51933.596049714724,3739.916075412549,0.0
0+6,2025-11-03,79838.10024027777,78014.32498212723,368.1135527777773,78382.43853490501,49443.29967975819,-519.919498587108,1166.966799793748,50090.34698096483,133.20156843278585,1956.9768265833352
0+6,2025-11-04,74352.97318331618,75897.90806484019,507.3457805555553,76405.25384539574,46106.339177147966,1545.7274627779211,1987.5138232604158,49639.5804631863,1544.9348815240046,0.0
0+6,2025-11-05,82807.02700504115,76744.49996831105,529.5419055555551,77274.0418738666,51662.388645551946,-2067.6533930460673,2111.5573878076384,51706.29264031352,0.0,6062.527036730109
0+6,2025-11-06,77910.19591527776,78992.45270915277,638.9024180555562,79631.35512720833,48323.332364480826,1278.9152229286321,2535.207974684032,52137.45556209349,1085.420102208335,3.163308333333134
0+6,2025-11-07,75888.99206714678,79293.08986126388,0.0,79293.08986126388,47366.05470454313,3061.56930191351,0.0,50427.62400645664,3413.7998441171044,9.7020500000001
0+6,2025-11-08,79518.0526505,76808.77565886112,0.0,76808.77565886112,49678.44231140198,-971.2970048354213,0.0,48707.14530656656,68.35086445833025,2777.627856097223
0+6,2025-11-09,78747.07234502709,78762.31031308265,496.9267222222235,79259.23703530488,49069.96609065658,54.648032929930764,1959.531327745144,51084.14545133165,50.79141111111119,35.55344305555502
0+6,2025-11-10,79660.98380250257,82137.60603461368,587.9943680555552,82725.60040266924,49801.119460742906,2196.87047762151,2279.8597403312488,54277.84967869567,2597.486468222225,120.86423611111081
0+6,2025-11-11,82355.22549104938,81042.46933292437,318.37958055555566,81360.84891347993,51816.49291030853,-493.7586661655665,1026.641262309723,52349.375506452685,0.0,1312.756158125001
0+6,2025-11-12,78961.519765625,81750.67877894203,262.294227777778,82012.97300671981,49249.00426688048,3050.764957023222,1141.8019433395839,53441.57116724329,2789.1590133170394,0.0
0+6,2025-11-13,76791.92389807956,78475.86011620832,1164.5614027777783,79640.4215189861,47985.216270411955,1793.05952139079,4374.456861597224,54152.732653399966,1745.2262459065491,61.29002777777828
0+6,2025-11-14,79256.84137487499,78227.91620076663,0.0,78227.91620076663,49219.58019352318,-308.07871501769927,0.0,48911.50147850548,0.0,1028.9251741083685
0+6,2025-11-15,85121.42777201645,82561.05470004989,0.0,82561.05470004989,53673.05146222282,-913.1084228704492,0.0,52759.94303935237,0.0,2560.373071966569
0+6,2025-11-16,79375.3934209019,81013.62517994444,548.2941847222215,81561.91936466667,49513.97406378049,1993.17778536377,2276.528201449305,53783.68005059357,1717.5054784869708,79.27371944444451
0+6,2025-11-17,76187.11961599793,81408.33867507562,431.2789888888888,81839.61766396451,47675.10714375322,5065.385403492777,1399.2097062270834,54139.702253473086,5221.219059077676,0.0
0+6,2025-11-18,80669.96834705916,79520.96395955914,1564.2150268689984,81085.17898642815,50413.440442043604,-434.7421635765977,5619.30027228899,55597.99855075599,0.0,1149.0043875000015
0+6,2025-11-19,80202.67355812361,84015.50980137053,563.0719013888898,84578.58170275942,50133.85769427282,3950.8949535802617,2014.7231770708377,56099.47582492392,3813.627437691356,0.7911944444444998
0+6,2025-11-20,80273.83280889077,80410.00524083522,1131.4255473749988,81541.43078821021,50131.23786524579,169.70128456277808,4793.339741625635,55094.2788914342,143.95064583333357,7.778213888888786
0+6,2025-11-21,80834.33584540276,82960.48171718346,0.0,82960.48171718346,50570.16898636399,1925.1079068781646,0.0,52495.27689324215,2126.145871780689,0.0
0+6,2025-11-22,87710.76534444444,84329.32318019547,0.0,84329.32318019547,55579.626695137915,-1249.8753412680585,0.0,54329.751353869855,0.0,3381.4421642489656
0+6,2025-11-23,80585.05955673268,82124.98391827176,633.5158625000007,82758.49978077176,50539.959423967215,1729.5052317591412,2389.2975587729197,54658.76221449928,1539.9243615390865,0.0
0+6,2025-11-24,79888.16938489882,79831.87972100993,1033.4313585733844,80865.31107958332,50161.99792378685,23.04233930604147,3723.1836957391515,53908.22395883204,46.00543472222205,102.29509861111103
0+6,2025-11-25,91466.43358256172,85621.1715432956,266.6296263888893,85887.80116968449,58275.36843433145,-2077.2113977241197,820.3428769666687,57018.49991357401,0.0,5845.262039266117
0+6,2025-11-26,86676.66298055556,86274.87950997222,359.07449166666606,86633.95400163888,54576.29759702236,33.5951182930408,1421.2969983368034,56031.18971365221,145.336580805552,547.1200513888899
0+6,2025-11-27,84281.375946262,84206.29581570644,562.6023708333339,84768.89818653978,53029.83040152008,-11.954663705208118,2295.737985463892,55313.61372327876,22.25270694444464,97.33283749999964
0+6,2025-11-28,84663.24141930726,84817.79913492798,0.0,84817.79913492798,53453.09156137864,142.063557468274,0.0,53595.15511884692,255.75661562071662,101.19889999999953
0+6,2025-11-29,94444.94230841906,88293.84102880658,0.0,88293.84102880658,60169.46269602084,-2207.889480581023,0.0,57961.57321543982,0.0,6151.101279612483
0+6,2025-11-30,86559.99316279149,86910.92658206447,684.2441541666668,87595.17073623113,54414.21017555414,763.7650294203005,3055.1830825736115,58233.158287548045,782.5590651063094,431.62564583333244
0+6,2025-12-01,89864.71242664609,87756.84975246913,5584.589422222221,93341.43917469136,57466.42242222058,-774.0761821955141,19986.112820788192,76678.45906081326,0.0,2107.862674176955
0+6,2025-12-02,93218.78246870713,91095.34885224467,4432.282580555555,95527.63143280023,59387.602598935475,-642.9805273566194,16308.450703252774,75053.07277483163,0.0,2123.4336164624547
0+6,2025-12-03,83678.96835996228,86409.77661016803,5974.075519444443,92383.85212961247,52895.715485777924,2470.985173610415,21771.454688482634,77138.15534787098,2749.644180761315,18.83593055555548
0+6,2025-12-04,91779.68883888888,88326.38640339505,4674.416834722221,93000.80323811727,58859.59810440222,-1347.8376018788579,16620.34094251528,74132.10144503864,0.0,3453.302435493827
0+6,2025-12-05,90445.29331735254,90327.85881040808,0.0,90327.85881040808,57813.91555035353,-30.324278279583353,0.0,57783.59127207394,0.0,117.43450694444448
0+6,2025-12-06,92883.49848182441,91480.93155356652,0.0,91480.93155356652,59538.69843224318,-545.0304416590518,0.0,58993.66799058413,0.0,1402.5669282578874
0+6,2025-12-07,94327.92524444443,88756.06052998986,4379.69081388889,93135.75134387874,60401.59176131958,-1822.335439113635,13882.939881610422,72462.19620381636,0.0,5571.864714454563
0+6,2025-12-08,94127.33868329904,93970.75588781292,2234.5498288055546,96205.30571661847,60204.38575718721,35.915573476247744,6812.8557164640215,67053.15704712748,74.14665590277605,230.72945138888917
0+6,2025-12-09,93598.82612498285,91437.85338220163,2509.150580555555,93947.00396275718,59878.8381963468,-590.7589167863,8845.31688983611,68133.39616939661,89.37681805555519,2250.3495608367602
0+6,2025-12-10,90867.73434833676,91877.50600772563,3246.793012458334,95124.29902018397,57996.7405368601,773.8556756322254,11914.744473140257,70685.34068563259,1131.1095607777738,121.33790138888844
0+6,2025-12-11,94955.62916093963,91942.89915277777,1221.6040282638899,93164.50318104165,60555.44133777956,-1105.5707735354795,4320.765090983962,63770.63565522804,0.0,3012.7300081618705
0+6,2025-12-12,94265.87161805555,94828.1705097222,0.0,94828.1705097222,60109.23411262777,389.903751370834,0.0,60499.1378639986,562.2988916666677,0.0
0+6,2025-12-13,95135.02718009257,95466.57735881343,2.8350000000000364,95469.41235881344,61058.70539936481,1000.759862797091,6.061230000000077,62065.5264921619,1099.5435162208555,767.993337500001
0+6,2025-12-14,90453.87803609396,91935.5179305384,2639.291320305557,94574.80925084394,57478.43945613332,1253.8148289264577,10782.362057386908,69514.61634244668,1481.639894444444,0.0
0+6,2025-12-15,90719.85973942043,93631.94979080932,1818.7125531378608,95450.66234394717,57660.76008934255,2795.8017992233335,6875.85847131582,67332.42035988171,2912.090051388889,0.0
0+6,2025-12-16,96498.45389444444,94993.12884027776,1049.2234819444445,96042.3523222222,62081.3907896436,-573.0169496535414,3242.2619502604175,64750.63579025048,0.0,1505.3250541666662
0+6,2025-12-17,97384.57164322701,93952.13499119443,990.5525777777789,94942.68756897221,62381.54273393348,-1201.253945998722,3295.5400462257,64475.82883416046,0.0,3432.4366520325807
0+6,2025-12-18,92944.99198749999,93432.31225976389,1134.944759722222,94567.2570194861,59541.60758862735,550.366922445168,3790.349830394442,63882.324341466956,487.320272263893,0.0
0+6,2025-12-19,93173.42832674895,94810.47234346707,0.0,94810.47234346707,59615.177061176146,1433.4261638741864,0.0,61048.603225050334,1637.0440167181177,0.0
0+6,2025-12-20,95854.90284583332,94781.83191606653,0.0,94781.83191606653,61734.409442932636,-435.2382084683631,0.0,61299.17123446427,0.0,1073.0709297668031
0+6,2025-12-21,95529.39926474623,94397.69894900547,1569.8456458333335,95967.54459483881,61023.24257756536,-309.0736620075477,4991.625388336111,65705.79430389393,0.0,1131.7003157407444
0+6,2025-12-22,93619.77005795609,93550.63076212278,1675.0089156035688,95225.63967772634,60032.72023613579,-20.688756123611252,5577.107104708728,65589.1385847209,2.0102749999999787,71.14957083333366
0+6,2025-12-23,96311.85487832647,94171.15854022925,930.2121069444458,95101.3706471737,61592.738280470876,-649.4603023635326,3125.432894879174,64068.710872986514,45.532533333333504,2186.2288714305605
0+6,2025-12-24,95536.47906244855,95518.99208605966,458.0084652777778,95977.00055133743,61462.33706084096,-3.016277298333308,1347.55767076736,62806.87845430999,1.4672541666666348,18.95423055555534
0+6,2025-12-25,92372.54421385459,92332.13764024348,2089.634140888892,94421.77178113238,58728.87978898777,-12.17235201979162,7396.9328543707725,66113.64029133874,0.2513652777778361,40.657938888889134
0+6,2025-12-26,94895.77140917353,95099.13489173524,0.0,95099.13489173524,60634.179858968,594.5947603838183,0.0,61228.77461935182,467.52127777777713,264.15779521604975
0+6,2025-12-27,96558.14639722221,96217.43931262499,0.0,96217.43931262499,61829.45139790639,239.82973247366837,0.0,62069.28113038006,339.5683555555548,680.275440152778
0+6,2025-12-28,95441.35153187584,94434.566508179,480.34711174999984,94914.91361992901,61051.84257316583,-392.6991500790291,1774.0737705844308,62433.217193671226,0.0,1006.7850236968463
0+6,2025-12-29,94415.484875,95374.70504056945,481.8177388888888,95856.52277945833,59955.23464859555,930.8687480158064,1828.8984801847214,62715.00187679607,964.9599183472185,5.739752777777994
0+6,2025-12-30,95668.25442974965,95113.9784230691,668.6473618749976,95782.6257849441,61080.631030909506,9.837533466759169,2667.732350413603,63758.200914789864,138.87185720833344,693.1478638888891
0+6,2025-12-31,97742.0858699417,96777.91524771947,530.5384569444441,97308.45370466392,62406.21958317963,-225.48014676625036,1801.7883360173598,63982.52777243074,0.0,964.1706222222239
0+6+12,2025-02-01,93429.28859569615,90170.67618579663,0.0,90170.67618579663,59395.01843862276,-976.3704130617748,0.0,58418.648025560986,359.2521414722224,3617.864551371739
0+6+12,2025-02-02,93013.98304266117,90604.95297030365,13.789651388888956,90618.74262169254,58750.41665189426,-797.8143122859091,85.85586733194467,58038.45820694029,9.655611111111057,2418.6856834686228
0+6+12,2025-02-03,95562.53238888888,90804.17765593278,145.0575666666666,90949.23522259945,60470.27568131819,-1700.816263378062,662.6321263166667,59432.0915442568,0.0,4758.3547329561015
0+6+12,2025-02-04,97679.91239583332,93284.39318235597,74.05790972222232,93358.45109207819,62395.5796822361,-1652.8651329799334,245.02853587638936,60987.743085132555,0.0,4395.519213477368
0+6+12,2025-02-05,92742.84375982509,91928.62392637173,24.201163888889084,91952.82509026062,58761.72436063056,-229.93125336875715,112.13879798472357,58643.93190524652,102.71259444444465,916.9324278978045
0+6+12,2025-02-06,98267.08830138888,91719.06337222221,19.80902916666662,91738.87240138887,62633.72605929402,-2471.3541309914563,105.75077096249994,60268.12269926506,0.0,6548.024929166662
0+6+12,2025-02-07,94385.3950288923,89899.31591114539,0.0,89899.31591114539,59972.692875450666,-1575.9451794603021,0.0,58396.747695990365,70.39387500000046,4556.472992746914
0+6+12,2025-02-08,86001.55528223576,87069.76657932648,0.0,87069.76657932648,53672.87581746682,1186.704137272469,0.0,54859.57995473929,1081.4135109795973,13.202213888888991
0+6+12,2025-02-09,93405.08508194443,92365.72532232903,11.187437499999874,92376.91275982904,59036.70783862444,-382.8163095314525,54.49400806249938,58708.38553715549,4.126791430555613,1043.4865510459567
0+6+12,2025-02-10,88767.52914999999,84481.78809814455,155.9196027777777,84637.70770092233,55678.15593494472,-151.55009239202604,526.8229431951386,56053.428785747834,1921.0984139917714,6206.8394658472225
0+6+12,2025-02-11,89682.09669125514,85502.49807938957,24.52791388888908,85527.02599327845,56695.34691189259,-1629.1945120417913,74.868913521529,55141.02131337234,0.0,4179.598611865565
0+6+12,2025-02-12,89814.88468055555,85307.13506980453,28.202454458334614,85335.33752426287,56505.9492984968,-1577.727178268744,153.11888935821463,55081.34100958627,0.0,4507.749610751025
0+6+12,2025-02-13,84346.8667236111,81547.80963755914,58.11487361111134,81605.92451117025,52353.97471950027,-695.2052013931755,289.25946407291815,51948.02898218001,325.1861924897073,3124.243278541662
0+6+12,2025-02-14,86884.20855190328,85753.76184198611,0.0,85753.76184198611,54108.225898860124,86.18597383588636,0.0,54194.41187269601,586.2433828189346,1716.6900927361107
0+6+12,2025-02-15,88290.5040494513,83777.32752250598,0.0,83777.32752250598,54966.396657073456,-1481.737944291203,0.0,53484.65871278225,37.62457576388988,4550.801102709196
0+6+12,2025-02-16,89877.46801388887,83784.58734904166,268.18470555555484,84052.77205459721,56350.59278370708,-2153.6483130553056,1012.2823372569414,55209.226807908715,0.0,6092.880664847217
0+6+12,2025-02-17,88958.54734994855,81115.43587779491,139.80606388888833,81255.2419416838,55275.42614698615,-2485.867063321464,611.0675731263866,53400.62665679107,92.44295138888856,7935.554423542526
0+6+12,2025-02-18,80233.65361973594,81480.23513553172,294.5529736111102,81774.78810914283,49758.786033814285,990.6080832218369,1294.3861127861069,52043.78022982223,1246.5815157957798,0.0
0+6+12,2025-02-19,80714.37768411916,81010.8734148462,326.18348194444565,81337.05689679064,50128.41726120714,412.729895305971,1303.6002305062557,51844.74738701937,457.65111822702477,161.1553874999995
0+6+12,2025-02-20,83279.41539027778,81076.06427087808,240.7872722222242,81316.8515431003,51333.96486079221,59.876915624612934,1184.8409703361253,52578.68274675295,852.6149888888895,3055.96610828858
0+6+12,2025-02-21,81369.59173940329,81414.27522693758,0.0,81414.27522693758,50313.39229082767,900.5163720196189,0.0,51213.908662847294,1157.3224912355975,1112.6390037013052
0+6+12,2025-02-22,82807.39319058642,82066.74628057887,0.0,82066.74628057887,51237.133080496904,13.033869563940357,0.0,51250.16695006085,395.47145633333196,1136.1183663408747
0+6+12,2025-02-23,81437.41613174707,79489.17841264558,492.12760555555553,79981.30601820112,50182.815213086986,-638.5044822156254,1717.6934188715272,51262.00414974288,107.56243888888835,2055.8001579903926
0+6+12,2025-02-24,77723.81582933813,78754.51544948558,230.2336250000003,78984.74907448557,48302.9413039102,880.2881453889092,1183.8444806708344,50367.07392996994,1502.6270312585693,471.9274111111106
0+6+12,2025-02-25,80392.9759449861,75375.99432108333,213.7383486111122,75589.73266969444,49488.6424565491,-1512.3485274846091,919.828449479867,48896.12237854436,251.57500480624458,5268.556628709017
0+6+12,2025-02-26,73882.11549657065,76139.3340252915,442.3785041666656,76581.71252945816,45027.442761471946,2116.8532772014714,1839.3649627236068,48983.66100139703,2257.2185287208504,0.0
0+6+12,2025-02-27,75308.9164026406,75207.2567792181,338.8922638888878,75546.149043107,46137.80373944654,411.0449674814872,1633.9793631208286,48182.82807004886,547.4207251886193,649.0803486111109
0+6+12,2025-02-28,75524.92967674896,76806.91898129287,0.0,76806.91898129287,46057.357868489285,1305.1229980804446,0.0,47362.48086656973,1428.6934850994508,146.7041805555558
0+6+12,2025-03-01,85843.77428271604,79061.60548425221,0.0,79061.60548425221,53538.95427258208,-1913.2203215446684,0.0,51625.73395103741,655.5921782407385,7437.76097670456
0+6+12,2025-03-02,83044.5713120377,83777.46625668724,265.4243902777762,84042.89064696502,51336.141206940505,1168.4643799596463,1354.3381044604066,53858.94369136056,1070.7000988161951,337.80515416666617
0+6+12,2025-03-03,84771.50518931754,81417.0572545439,409.8113388888878,81826.8685934328,52357.21259632244,-146.66462339398777,1940.476071795133,54151.024044723585,1003.9465516803895,4358.394486454049
0+6+12,2025-03-04,75940.61318621399,77788.35926380589,705.4339902777785,78493.79325408366,46683.85452413651,1808.2905300733687,2450.3924621250026,50942.53751633488,1847.7460775919067,0.0
0+6+12,2025-03-05,79791.13168575102,76426.92259943415,251.2034255833373,76678.1260250175,49019.97667418915,-1027.0801102075106,1100.1593312923178,49093.05589527395,98.76374722222067,3462.9728335390964
0+6+12,2025-03-06,75133.27603170439,75521.07369859397,251.51623362500118,75772.58993221898,45793.33100176396,596.1227377285951,1080.5549343943326,47470.00867388689,660.7190196673542,272.9213527777771
0+6+12,2025-03-07,80780.17255865209,76809.35650978377,0.0,76809.35650978377,49925.33451632256,-1392.7287391460331,0.0,48532.605777176526,0.0,3970.8160488683116
0+6+12,2025-03-08,74584.90752095832,74698.32740051439,0.0,74698.32740051439,45277.808822833715,801.0914096767335,0.0,46078.900232510445,1022.7384970800808,909.318617524008
0+6+12,2025-03-09,78726.83741445473,73149.59969677126,328.6005124999997,73478.20020927125,47915.24272755087,-779.3980866619029,1526.2296972472213,48662.07433813618,1212.1531003377977,6789.390818021264
0+6+12,2025-03-10,75556.90248144718,76610.30791218055,450.75297083333373,77061.06088301388,45694.439071622764,1231.2661302056777,1664.753623445834,48590.458825274276,1097.4987349000323,44.09330416666694
0+6+12,2025-03-11,67445.78799300411,73519.00938355058,312.4431541666662,73831.45253771725,41154.20600928577,6228.404038366063,1294.950561279165,48677.560608930995,7527.266376148658,1454.044985602191
0+6+12,2025-03-12,77094.27813489368,71847.2854365415,271.5042375000006,72118.7896740415,47072.643559517805,-883.4451328040195,1000.1222078493095,47189.3206345631,1055.8286960236699,6302.821394375855
0+6+12,2025-03-13,77235.24039634773,77889.24265655008,352.0168375000005,78241.25949405009,46932.613143723946,904.3823238468352,1530.5562928062513,49367.55176037703,886.8265379801123,232.82427777777843
0+6+12,2025-03-14,69945.92924377572,70410.78955646999,0.0,70410.78955646999,42582.074433641945,974.8647206259016,0.0,43556.93915426785,1062.074714180386,597.2144014861183
0+6+12,2025-03-15,76322.13890694444,77219.68460559774,9.053333333333399,77228.73793893107,46223.971102382086,2787.334589659042,19.356026666666803,49030.66171870779,3319.4645095072015,2421.9188108539083
0+6+12,2025-03-16,73848.90551299724,73492.83256680556,207.9710791666658,73700.80364597224,45111.90710272442,369.36352386836893,881.1149323326356,46362.38555892543,1278.242011111116,1634.3149573028127
0+6+12,2025-03-17,69483.16628336042,66016.53532686179,469.84203194444495,66486.37735880623,41452.52690656767,-136.76980855690385,2016.058892314586,43331.81599032535,916.5636425411435,4383.194599039777
0+6+12,2025-03-18,77960.13295833333,72260.13360757852,127.97163888888917,72388.10524646741,47794.13632616624,-1688.768522529626,421.54472833194563,46526.91253196856,255.6599997222221,5955.659350477021
0+6+12,2025-03-19,65028.111678772286,68778.677885631,571.6218124999982,69350.299698131,39569.21747725693,3770.280335002299,1515.1911478930483,44854.68896015228,4206.261252143349,455.69504528463654
0+6+12,2025-03-20,73413.45432347392,68090.06683018673,1217.3716527777792,69307.4384829645,44712.58691134697,-1279.9466358142308,4610.473000330562,48043.113275863296,940.4327088904381,6263.820202177637
0+6+12,2025-03-21,71224.7246241706,65080.03849881686,0.0,65080.03849881686,42813.49560244485,-1482.3655160098867,0.0,41331.13008643496,464.3863732916676,6609.072498645404
0+6+12,2025-03-22,73697.9483563443,70476.24716786694,9.078333333333376,70485.32550120028,45017.12890273389,-794.1677040137563,19.409476666666755,44242.3706753868,421.70770589848746,3643.4088943758525
0+6+12,2025-03-23,74106.61468137859,69894.12807806926,265.8030069444451,70159.93108501371,45109.31601797122,-1512.2423338701376,1206.0186953666712,44803.09237946775,0.0,4212.486603309329
0+6+12,2025-03-24,69821.60133141288,67694.78557297942,289.35278055555546,67984.13835353497,42025.367988600156,-95.42542122383125,803.7578256180557,42733.70039299438,577.3558835761343,2704.171642009602
0+6+12,2025-03-25,77048.39567949245,68376.36173199589,544.3677637638895,68920.72949575978,46948.23656421999,-2692.2170567520775,2156.878942669559,46412.898450137465,172.95469166666504,8844.988639163239
0+6+12,2025-03-26,67170.62047189643,64600.350167986966,282.4780458333328,64882.8282138203,40612.20439221275,-564.771339829079,991.4273440708301,41038.8603964545,335.42696666666603,2905.69727057613
0+6+12,2025-03-27,70422.60704269547,66254.37323846022,616.8126388888886,66871.18587734911,42686.15192227504,-854.1583502450934,2277.9884340374983,44109.98200606745,656.5187777777792,4824.752582013025
0+6+12,2025-03-28,68377.01879999999,65183.840891820975,0.0,65183.840891820975,41568.56711670125,-739.9007043446549,0.0,40828.66641235659,516.9822654320978,3710.160173611115
0+6+12,2025-03-29,62918.48269305554,62110.40954431944,0.0,62110.40954431944,37884.15785276639,305.46594985478566,0.0,38189.62380262117,668.9791457083361,1477.052294444446
0+6+12,2025-03-30,68736.60165999657,61870.959181447186,897.6304416666665,62768.589623113854,41069.81557712857,-1994.2926690196978,3676.1332933486124,42751.65620145748,0.0,6865.642478549378
0+6+12,2025-03-31,60338.92374489026,64017.37060025719,488.63285416666747,64506.00345442386,36259.9969352702,5018.0347189688755,1758.732825225002,43036.76447946408,6689.066582733204,3010.619727366261
0+6+12,2025-04-01,72743.26750594992,68838.19138015431,498.9516249999999,69337.14300515431,43155.53767072038,-858.0985558324453,1758.9291405500012,44056.36825543794,371.17693833333493,4276.253064128945
0+6+12,2025-04-02,69635.84076805555,69251.27231959876,575.0482555555554,69826.32057515431,41622.897211218326,832.1401193632073,2341.2923240569444,44796.32965463847,1157.0063593449963,1541.574807801785
0+6+12,2025-04-03,70491.49285644719,65303.9578103395,397.4479563786022,65701.4057667181,42856.68546439257,-1772.5209936264012,1358.0011845431159,42442.16565530928,0.0,5187.535046107686
0+6+12,2025-04-04,62042.7369625,59828.13638523611,0.0,59828.13638523611,37139.30921500861,-667.9676078148601,0.0,36471.341607193746,35.01717412499879,2249.6177513888897
0+6+12,2025-04-05,62188.41999722221,62424.75211219135,0.0,62424.75211219135,36797.67218818888,687.8724359328489,0.0,37485.54462412173,724.4768094135819,488.1446944444444
0+6+12,2025-04-06,66123.87401843278,63162.48959075789,348.5436916666663,63511.033282424556,38889.40105871911,-57.32654073868298,1454.4729324097202,40286.54745039014,650.0204680555594,3611.4048957304562
0+6+12,2025-04-07,59158.94066527777,60562.36912944101,514.8609791666673,61077.23010860768,34894.89435607916,2179.2213862095937,1844.2388876076423,38918.3546298964,2012.408193827161,608.9797296639258
0+6+12,2025-04-08,67606.08887062757,62896.77307978395,466.6846013888909,63363.45768117284,40552.130630269625,-1294.4598664362472,2005.260733347931,41262.93149718131,152.98921111111076,4862.30500195473
0+6+12,2025-04-09,66265.9621968107,66567.88734982852,483.8252638888887,67051.71261371742,39443.85029747786,505.9347244781243,1896.0338578958338,41845.81887985182,1140.9004858539106,838.9753328360767
0+6+12,2025-04-10,65038.09262872084,62350.170706395744,824.5271026527765,63174.69780904852,39224.68303155548,-835.6234518907985,3618.926205721361,42007.98578538605,260.7266274862842,2948.6485498113843
0+6+12,2025-04-11,53960.15668957475,55882.337511566526,0.0,55882.337511566526,32244.417330992168,1866.6165026575156,0.0,34111.033833649686,1973.665298277778,51.48447628600661
0+6+12,2025-04-12,68624.42385119444,62952.93339002057,0.0,62952.93339002057,40788.239735872616,-1804.0828369997805,0.0,38984.15689887283,0.0,5671.490461173869
0+6+12,2025-04-13,61545.11532222222,61284.73875712397,593.0091888888891,61877.74794601285,36310.74577977847,228.30342990227138,2377.159805606945,38916.20901528768,356.4678150972227,616.8443801954767
0+6+12,2025-04-14,64705.521376183126,58381.03179211248,1030.294813888887,59411.32660600137,38824.39750460308,-2220.070554415721,3811.4627953847153,40415.789745572074,0.0,6324.489584070647
0+6+12,2025-04-15,56743.35386025377,57794.012984482164,510.14184861111073,58304.15483309328,33388.057934137105,1924.6793869134956,2522.880190699998,37835.61751175059,1927.7554940672194,877.0963698388236
0+6+12,2025-04-16,63175.22998683128,62960.067620130314,452.64435833333346,63412.711978463645,36810.893830620866,1509.4632314593143,1705.0745978833343,40025.43165996351,1690.5115721707818,1905.6739388717474
0+6+12,2025-04-17,57574.03766159122,60056.63974586762,365.98086666666717,60422.62061253429,34654.40027999258,2215.237446306773,1541.5830241263925,38411.220750425746,3664.871071690663,1182.2689874142648
0+6+12,2025-04-18,58610.451108161855,58984.44307792575,0.0,58984.44307792575,34558.62348775934,396.6534196288126,0.0,34955.27690738815,373.9919697638908,0.0
0+6+12,2025-04-19,62579.16936666666,61627.83544444444,0.0,61627.83544444444,36493.915475393194,1328.6727893110415,0.0,37822.58826470424,1733.5727444444447,2684.906666666666
0+6+12,2025-04-20,58332.29027520575,59002.22502221963,565.0013569444452,59567.22637916407,34620.41875269064,813.6166025682026,1955.7075949277805,37389.74295018662,692.4151692361123,22.48042222222267
0+6+12,2025-04-21,61243.55799903978,54814.25627670833,984.9431513888892,55799.19942809722,36253.68370694095,-1646.2705948439634,3515.9233634875013,38123.33647558449,233.3725017083335,6662.674224039783
0+6+12,2025-04-22,54910.379863888884,58332.87278103566,681.9701666666696,59014.842947702324,32472.777613439717,3158.9132207423118,2675.867272973629,38307.55810715566,3776.929817746917,354.43690060013864
0+6+12,2025-04-23,53910.865749519886,57725.681397685184,821.5204208333334,58547.201818518515,31922.357805766085,3092.7591259103733,2711.5494898402794,37726.66642151674,3814.8156481652977,0.0
0+6+12,2025-04-24,56075.27262918055,55546.56726668056,654.5315555555553,56201.09882223612,33137.836616325425,764.0777673317384,2388.354525297916,36290.26890895508,1059.8013041666684,1588.5066666666662
0+6+12,2025-04-25,54714.76270233196,54333.04403566529,0.0,54333.04403566529,32995.14751898478,-188.93656264520806,0.0,32806.21095633957,0.0,381.71866666666597
0+6+12,2025-04-26,54604.99958220165,54429.56189986334,0.0,54429.56189986334,32755.536883653873,632.5481280984195,0.0,33388.08501175229,809.8945118317913,985.332194170096
0+6+12,2025-04-27,55062.24398189299,56590.611981172835,792.2172138888891,57382.82919506173,32756.051712804365,1335.8555116714087,3093.5811347527806,37185.48835922855,1730.972111779835,202.60411249999981
0+6+12,2025-04-28,65820.82891141975,64285.15031524348,444.98312327777467,64730.133438521254,38573.21529012594,-398.42774559875954,1724.348804660903,39899.136349188084,155.32600972222053,1691.0046058984926
0+6+12,2025-04-29,57162.87302366255,55939.504386231136,264.19264861111117,56203.69703484225,33747.06000927683,440.3299663005344,1256.5634660090277,35443.95344158639,676.4168555555541,1899.7854929869677
0+6+12,2025-04-30,54337.98941570645,53252.12351428326,1603.0208625,54855.14437678326,32568.227005210487,-451.4962217074698,5723.9893484902805,37840.7201319933,0.0,1085.8659014231864
0+6+12,2025-05-01,57168.08622148491,56418.62144166666,2907.30777638889,59325.92921805555,34091.775846399396,-93.43273747685458,13355.950402903476,47354.29351182602,224.29297361110736,973.7577534293565
0+6+12,2025-05-02,67725.72750735597,66493.97622961248,0.0,66493.97622961248,40011.91481553619,-383.4565492071506,0.0,39628.45826632904,4.07770277777729,1235.828980521262
0+6+12,2025-05-03,63938.99743607681,61074.77012976543,18.39166666666665,61093.1617964321,37703.201040286425,-810.2186498105001,39.3213833333333,36932.30377380926,3.9138296111134423,2868.1411359224994
0+6+12,2025-05-04,60949.74251558641,54509.81984166666,3605.1601430555575,58114.97998472222,35913.771924014254,-1761.971370248102,15080.30123920834,49232.10179297449,0.0,6439.922673919753
0+6+12,2025-05-05,61903.140418055555,59355.27127538425,2759.747615277779,62115.01889066203,37144.11023286791,-1051.3820322385118,12624.62693561528,48717.355136244674,63.50339112499864,2611.372533796297
0+6+12,2025-05-06,54281.05694718793,55958.862655615216,3117.1206666666667,59075.983322281885,32342.2022478391,1555.2938756912401,13737.603142759725,47635.09926629007,2357.1783548950593,679.3726464677691
0+6+12,2025-05-07,57846.83926531207,59252.0077967764,2292.775619555557,61544.78341633196,34805.900774781476,969.7832298068323,10696.79473842248,46472.47874301079,1405.1685314643385,0.0
0+6+12,2025-05-08,64362.44505832561,61173.149699108355,2396.0299527777775,63569.17965188613,37250.59326307691,-561.9980654746181,11852.610424956245,48541.20562255854,321.29460258916595,3510.5899618064154
0+6+12,2025-05-09,67542.22879528464,60493.898906944436,0.0,60493.898906944436,39560.34590978577,-1839.5181100036525,0.0,37720.82779978212,109.00800555555534,7157.337893895745
0+6+12,2025-05-10,65730.25748077023,64361.32957807837,0.0,64361.32957807837,38493.8573407315,795.2335851606038,0.0,39289.0909258921,1226.3001861111127,2595.228088802979
0+6+12,2025-05-11,62312.21982818929,59840.174319290105,2052.3292361111107,61892.503555401214,36308.47332884034,-10.356295516087926,10099.245554390276,46397.362587714524,671.1155310528106,3143.1610399519905
0+6+12,2025-05-12,55626.12271243141,57408.954005469815,1503.2961458333339,58912.250151303146,33111.50778772933,2485.5419524510526,6675.470513720142,42272.520253900526,2952.723291255138,1169.891998216736
0+6+12,2025-05-13,64636.29115312071,59231.159209299716,1206.5181486111126,60437.67735791083,37859.32763421592,-977.7495304469602,5829.573813717366,42711.15191748633,505.477330733197,5910.6092745541855
0+6+12,2025-05-14,63028.20192676611,59709.32113403635,963.1280472222215,60672.44918125857,38032.36050077957,-958.185807651822,3935.5588065638854,41009.73349969163,378.15734235253535,3697.038135082298
0+6+12,2025-05-15,61829.94477007424,59904.23569634311,711.963431944445,60616.19912828755,37914.53200037076,-130.46745119792172,2692.5438456097245,40476.60839478256,1323.4708347393678,3249.1799084705
0+6+12,2025-05-16,58854.16810546981,56022.372662414266,0.0,56022.372662414266,35851.0999553423,-939.8367184420679,0.0,34911.26323690023,0.0,2831.7954430555533
0+6+12,2025-05-17,66891.34851658093,64207.22392848078,3.5616666666666106,64210.78559514745,39858.48946880014,-857.62354030302,7.614843333333213,39008.48077183045,0.0,2684.1245881001414
0+6+12,2025-05-18,66484.45099698217,62679.79188887173,696.2253694444448,63376.01725831618,39145.90378950878,-1054.530803104728,2252.044025536807,40343.41701194086,0.0,3804.6591081104284
0+6+12,2025-05-19,60550.91036694101,56702.826623531204,499.89225277777757,57202.71887630898,35790.457003286036,-548.7632432626966,2613.8635866979157,37855.55734672125,335.59646686111194,4183.680210270919
0+6+12,2025-05-20,60057.88522263374,61283.33071901371,715.6551250000025,61998.98584401372,35707.15495163588,1326.4544538561095,3339.2435845652935,40372.85299005728,1259.2577033244195,33.81220694444437
0+6+12,2025-05-21,56671.6308803155,58878.258635939645,717.7943080694483,59596.05294400909,34291.02212009536,2474.279234620114,2734.754930253791,39500.056284969265,3000.0002880144016,793.372532390258
0+6+12,2025-05-22,59554.15739696502,58994.315994204386,450.37937083333316,59444.69536503772,36108.05381034689,-139.8801930244479,1858.6482620611102,37826.82187938356,0.0,559.841402760631
0+6+12,2025-05-23,63681.17096476337,62541.40236656379,0.0,62541.40236656379,37667.794076741186,1269.5578769016806,0.0,38937.351953642865,1532.4411237654303,2672.2097219650186
0+6+12,2025-05-24,57900.62112021604,57806.74927308527,0.0,57806.74927308527,35132.3541909966,25.498513177225703,0.0,35157.85270417383,128.18257407407367,222.05442120484963
0+6+12,2025-05-25,60570.73799840534,57056.58471328532,804.2420263888886,57860.82673967421,35902.438843632095,-649.6991913962488,3176.6400779416663,38429.37973017751,140.40341638888864,3654.556701508917
0+6+12,2025-05-26,58637.32468204167,61978.05848152727,599.3814861111114,62577.43996763838,35441.74160239911,2700.131812819329,2014.939973080556,40156.81338829899,3340.733799485595,0.0
0+6+12,2025-05-27,55899.014393227015,56754.25996754115,889.7792958333334,57644.03926337448,33971.59195733478,1950.6671360921796,3644.481234202084,39566.74032762904,2914.442386145409,2059.1968118312766
0+6+12,2025-05-28,63716.46592222222,62088.11763659928,385.38825833333283,62473.50589493261,37704.08732342305,-64.93052751094355,1493.914599516665,39133.07139542877,318.9618678749985,1947.310153497939
0+6+12,2025-05-29,62960.61063472222,62176.56952251372,558.4083305555541,62734.97785306927,37420.34999897958,468.5486112905686,2456.429248921519,40345.327859191675,979.7086306111125,1763.7497428196202
0+6+12,2025-05-30,66817.84670312071,61204.252502959185,0.0,61204.252502959185,40060.36914258423,-1352.7541844149816,0.0,38707.61495816925,96.89277108333329,5710.486971244851
0+6+12,2025-05-31,69685.75350154939,63677.67888472222,92.18666666666661,63769.86555138889,42418.67151516987,-2083.5231478166747,197.0950933333332,40532.24346068653,0.0,6008.074616827166
0+6+12,2025-06-01,77390.77704531893,71456.31407856652,6403.153591666667,77859.46767023318,46832.32454412542,-2150.8204006408687,25827.170286809724,70508.67443029427,0.0,5934.462966752401
0+6+12,2025-06-02,78860.16936685526,68002.45811484911,6403.74057777778,74406.19869262689,48382.20696719123,-3511.75715652552,24500.79509349238,69371.24490415808,0.0,10857.71125200617
0+6+12,2025-06-03,72795.50102247941,71452.28955294924,5018.796670833334,76471.08622378258,44103.5510551509,627.1079276159978,20069.417673177093,64800.07665594399,1158.9898791666667,2502.2013486968367
0+6+12,2025-06-04,83604.211835631,70589.5017897169,5273.924581944442,75863.42637166135,51602.961057118155,-2173.1978654032855,19270.091867103467,68699.85505881833,3511.6019459754807,16526.311991889575
0+6+12,2025-06-05,73037.06383739712,72251.47889778807,5445.475443055553,77696.95434084361,43766.22054828738,418.2843224831281,21707.8187763118,65892.32364708232,582.255991666666,1367.8409312757162
0+6+12,2025-06-06,80123.133022548,76482.48089986111,0.0,76482.48089986111,49632.01412493882,-1154.005065928252,0.0,48478.00905901057,179.63926682098486,3820.2913895078864
0+6+12,2025-06-07,84918.85505138888,76817.3713530972,76.18833333333339,76893.55968643054,52746.05585316375,-2489.6632645568498,162.89065666666679,50419.283245273575,433.6741725416633,8535.157870833333
0+6+12,2025-06-08,69706.5844656725,66906.49916283025,4709.409445833332,71615.90860866358,41827.69843662318,35.55028954513588,18318.844891857636,60182.093618025945,1028.6597693460258,3828.745072188268
0+6+12,2025-06-09,79049.65121111111,73759.32385891152,3657.1094763888877,77416.4333353004,48880.05287087361,-1842.585473698355,13871.979361081245,60909.4467582565,0.0,5290.327352199588
0+6+12,2025-06-10,74717.07478849452,74332.68871412893,3418.803243055554,77751.49195718448,45518.96434463294,414.4447320326017,12440.749220121515,58374.158296787056,733.75413233882,1118.140206704389
0+6+12,2025-06-11,80712.11057977777,80058.20575150548,2693.6956570816146,82751.90140858709,50710.87706337326,106.22845193755506,10543.769674854742,61360.87519016555,477.1648324444454,1131.0696607167279
0+6+12,2025-06-12,79529.63437673182,78376.6214953846,1438.815771188614,79815.43726657322,49388.73780638222,-447.9652186823187,5564.0701296162515,54504.84271731615,0.0,1153.0128813472231
0+6+12,2025-06-13,80448.31446826833,79144.85983436917,0.0,79144.85983436917,50009.482354239706,-230.9078037713358,0.0,49778.57455046837,312.18080972222185,1615.6354436213933
0+6+12,2025-06-14,81536.44776375171,76547.69485833333,0.0,76547.69485833333,49990.154293713495,-1583.6852382236968,0.0,48406.4690554898,0.0,4988.752905418383
0+6+12,2025-06-15,73965.39111627228,75472.14962165637,1889.4599006805574,77361.60952233692,45455.07694614427,1178.8734066219865,7630.374951916944,54264.325304683196,1649.1023095507592,142.3438041666668
0+6+12,2025-06-16,77837.53947129182,77636.03978742077,1757.115790569445,79393.15557799021,48006.49774434583,-37.160090407977364,7109.29479141141,55078.63244534926,35.42105542935718,236.92073930041033
0+6+12,2025-06-17,80098.13796541494,80817.50328729422,1456.9380196805564,82274.44130697478,49602.09087936391,1233.4891580848198,5891.6510091302425,56727.23104657897,1363.1846425583035,643.8193206790157
0+6+12,2025-06-18,80843.76291838134,79048.37253907749,751.5393204583327,79799.91185953583,49948.55817164031,-84.17384160479935,2960.3335079923354,52824.71783802784,734.7303926097416,2530.1207719135837
0+6+12,2025-06-19,76841.25717973249,74321.54919288408,1634.7792333333332,75956.32842621741,47131.75638834956,736.3470605086742,6875.905278229861,54744.0087270881,2046.0964149348379,4565.8044017832635
0+6+12,2025-06-20,79451.10218472223,76858.98329534498,0.0,76858.98329534498,49076.74647880375,-939.885401807114,0.0,48136.86107699663,0.0,2592.1188893772296
0+6+12,2025-06-21,74343.05803558246,74194.00876261025,0.0,74194.00876261025,45952.65598009236,58.991351597314086,0.0,46011.64733168967,118.8614819444445,267.91075491666504
0+6+12,2025-06-22,74581.25031387173,74228.38684979903,1029.1157180555597,75257.5025678546,45152.43047003234,2057.779463862642,4162.733654661138,51372.943588556125,2270.6990959581594,2623.5625600308626
0+6+12,2025-06-23,75582.74032003377,75343.66004364488,664.0074364583353,76007.66748010322,47076.59587974889,-79.44706799444427,2716.0542137040024,49713.20302545845,0.0,239.08027638888785
0+6+12,2025-06-24,87201.96061944443,84544.48658179012,849.7454458333326,85394.23202762345,54860.31037643861,-943.2927893976689,3073.6530684493014,56990.67065549025,0.0,2657.474037654323
0+6+12,2025-06-25,78372.91368487653,79376.21077313324,740.7748722222213,80116.98564535545,48001.21712721663,1629.239487617717,3515.3598355395807,53145.81645037393,1506.4894150205755,503.19232676388583
0+6+12,2025-06-26,75320.3980254801,75717.8572553155,827.4383652777785,76545.29562059327,46867.11663615812,412.80439531933996,3636.79651902431,50916.71755050177,526.2382451131658,128.77901527777726
0+6+12,2025-06-27,78026.33264727521,73135.1653443678,0.0,73135.1653443678,49134.819585546036,-1883.8132799852722,0.0,47251.00630556076,0.0,4891.167302907412
0+6+12,2025-06-28,76925.65200710151,77037.85357414762,0.0,77037.85357414762,48162.080115368764,197.21744822219927,0.0,48359.29756359096,295.2463190694443,183.04475202331878
0+6+12,2025-06-29,73640.96534322701,76264.80294544085,1361.83837457133,77626.64132001219,45056.92516183178,3445.685452229217,4324.529035388417,52827.13964944942,3175.774821227712,551.9372190138873
0+6+12,2025-06-30,79981.5909963786,78734.89880658333,711.4826138888882,79446.38142047221,49700.82246293185,-119.41550480911285,2657.16679267569,52238.57375079843,334.83873611111176,1581.5309259063752
0+6+12,2025-07-01,70877.38221376885,71657.97255269942,11788.675674027778,83446.6482267272,43401.58799988911,650.4675283195918,43343.06859877701,87395.12412698571,792.1603555972263,11.570016666666561
0+6+12,2025-07-02,68531.7922380144,67145.723215655,9582.717669005655,76728.44088466065,42560.14973184124,-485.6110690114941,36278.35126741696,78352.8899302467,0.0,1386.0690223593951
0+6+12,2025-07-03,77235.2865717349,76340.49025945782,8616.059935048184,84956.550194506,47588.76784744527,-282.94978139601915,32627.427828540673,79933.24589458993,89.51655972222181,984.312871999318
0+6+12,2025-07-04,69890.00331207133,71541.2543620571,0.0,71541.2543620571,43088.262261168056,2423.6883392823197,0.0,45511.95060045038,2792.6670672697146,1141.4160172839524
0+6+12,2025-07-05,68922.26623928326,68897.03033763717,71.99833333333322,68969.02867097051,42738.244063968064,201.98500914924108,153.93243666666643,43094.161509783975,262.17128921467213,287.4071908607672
0+6+12,2025-07-06,71735.62298940329,75561.65880939644,9014.000668097218,84575.65947749365,44910.166570094996,3227.2520127784746,34476.672956735536,82614.09153960901,3923.9967588820323,97.96093888888856
0+6+12,2025-07-07,73639.78108333332,69852.46113018758,7903.253213683129,77755.71434387071,45618.855410746604,-1002.9809202743085,28803.30886459705,73419.18335506934,141.9602824166666,3929.280235562414
0+6+12,2025-07-08,77435.74526563786,73183.37143228739,7478.063814611111,80661.4352468985,48052.57586023798,-1221.981241316102,28727.289492223572,75557.88411114545,37.985316666666506,4290.35915001715
0+6+12,2025-07-09,79243.12661775926,75417.86848335047,5370.6916327083345,80788.5601160588,48801.759100097996,-1192.4661711830527,20600.655051283786,68209.94798019872,36.1445638888888,3861.402698297667
0+6+12,2025-07-10,74584.29668432786,73762.95702043895,4766.874117900731,78529.83113833968,46746.587110323206,-60.10819443548701,16720.65073596375,63407.12965185147,101.05963194444405,922.3992958333347
0+6+12,2025-07-11,83627.10188948901,81596.40744916821,0.0,81596.40744916821,52335.90109824757,-736.5393527162398,0.0,51599.36174553133,0.0,2030.69444032082
0+6+12,2025-07-12,74261.97550495542,78694.45044655452,0.0,78694.45044655452,46608.45943968913,3759.158430718104,0.0,50367.61787040724,4432.474941599106,0.0
0+6+12,2025-07-13,80927.95861666667,74459.59069453018,2176.889279166665,76636.47997369684,51554.27845628583,-2386.3659995196576,8293.161610566658,57461.074067332826,0.0,6468.367922136485
0+6+12,2025-07-14,77374.897669393,74636.07280812963,3002.026119444446,77638.09892757407,47798.879885699615,-413.94325718259273,12427.634974450702,59812.57160296773,316.49114900755086,3055.316010270924
0+6+12,2025-07-15,81521.71527548009,76690.2989361797,2534.941973083334,79225.24090926303,50626.71947291131,-1328.5450991389632,9046.055960664613,58344.23033443696,0.0,4831.416339300416
0+6+12,2025-07-16,78976.27356397462,77114.00114581206,2604.0119236111104,79718.01306942316,50059.416153820195,-583.9263078733917,8550.020953441668,58025.510799388474,267.18324224554493,2129.4556604081
0+6+12,2025-07-17,77082.59332515432,78155.5497227709,1749.311014384946,79904.86073715585,48146.75220159504,1834.4936486844217,7021.927987575508,57003.17383785497,1818.4895906721558,745.5331930555535
0+6+12,2025-07-18,88119.48480663888,82510.16790252057,0.0,82510.16790252057,55499.22504525643,-1770.5422540053776,0.0,53728.682791251056,292.28420586111054,5901.6011099794305
0+6+12,2025-07-19,85932.46183237311,76765.77724176954,31.365000000000123,76797.14224176954,54699.746468524114,-1895.606872809968,67.05837000000027,52871.19796571414,1846.2283959876463,11012.912986591213
0+6+12,2025-07-20,82754.99149986281,80398.59540229765,730.5835641527776,81129.17896645043,51344.02633625514,-496.7153747244294,2992.6662930129096,53839.97725454362,218.5857124999999,2574.9818100651632
0+6+12,2025-07-21,83721.37340507544,81926.3437145919,847.724627777779,82774.06834236968,52466.07927616263,31.198626665449297,3080.779391559033,55578.05729438711,892.2196663751712,2687.2493568587115
0+6+12,2025-07-22,79983.0985679698,82620.88108535664,1042.0314652777777,83662.91255063441,50331.95402278108,5463.060676669844,3803.7793364506947,59598.79403590162,7327.737374793558,4689.954857406725
0+6+12,2025-07-23,90031.92154480451,81328.45712716837,1003.6019708333336,82332.0590980017,57144.36119916051,-2916.8918630260055,3718.5366177583337,57946.00595389283,0.0,8703.464417636147
0+6+12,2025-07-24,89696.87591263888,83686.43661592936,385.4526513888886,84071.88926731824,56964.69675779075,-2042.4130443906283,1342.8293106159713,56265.11302401609,0.0,6010.4392967095355
0+6+12,2025-07-25,79840.80628029836,80785.49513352195,0.0,80785.49513352195,50345.26181538773,2153.6788206902734,0.0,52498.940636078,3354.333805295946,2409.644952072355
0+6+12,2025-07-26,85641.2478168726,83670.28398847753,0.0,83670.28398847753,53493.80237479842,-466.5488555622786,0.0,53027.25351923614,180.99766250000016,2151.961490895059
0+6+12,2025-07-27,82385.03196471209,82492.58622016221,663.2237236111098,83155.80994377332,51514.142867513845,1097.4086409902434,2326.781762856939,54938.33327136103,1092.9696700334362,985.4154145833318
0+6+12,2025-07-28,85568.59715348079,86018.58877148284,1102.5166819444446,87121.10545342728,53684.5020422064,1234.1010747283658,4162.787362409724,59081.39047934449,1033.8365270555512,583.8449090534891
0+6+12,2025-07-29,82923.45235221193,86539.1055042867,305.1443822499988,86844.2498865367,52017.73360793534,3364.0387870417126,1273.8932531927148,56655.665648169765,3632.6884437414337,17.035291666666694
0+6+12,2025-07-30,76742.03199722222,83592.74477819855,515.1977236111109,84107.94250180967,48322.08748478736,6468.792651740311,1828.7452946666663,56619.625431194334,6850.7127809763415,0.0
0+6+12,2025-07-31,81544.04046316014,83154.31454063187,582.1325652777782,83736.44710590964,50985.39349763621,1728.4186883253471,2231.462132067364,54945.27431802892,1610.2740774717124,0.0
0+6+12,2025-08-01,81926.74859727366,74974.476402572,0.0,74974.476402572,51870.191536716586,-1857.509330478023,0.0,50012.68220623856,517.6708265432111,7469.943021244853
0+6+12,2025-08-02,89357.62696388888,77282.2921037037,32.52833333333342,77314.82043703704,56522.38895885319,-3822.547576975463,69.54557666666685,52769.38695854439,0.0,12075.334860185185
0+6+12,2025-08-03,71817.36487705761,70696.47141860424,491.10896944444494,71187.58038804868,45621.23370771947,569.931632749239,2086.622831320143,48277.78817178885,1157.6419699410167,2278.5354283943757
0+6+12,2025-08-04,76602.82877090192,74084.13283149862,652.073381944446,74736.20621344306,49080.75054684581,-478.27445480868073,2663.359729791673,51265.835821828805,1316.8581837448578,3835.554123148154
0+6+12,2025-08-05,75119.58830862484,75627.81659902657,214.50761666666648,75842.32421569324,47822.27567113583,768.115739527554,927.9887556999995,49518.38016636338,1631.159079290635,1122.9307888888907
0+6+12,2025-08-06,82858.67772926955,79194.23573735409,226.26909166666604,79420.50482902075,53485.20986302561,-1455.1038530977899,937.234384726386,52967.3403946542,41.83214345833403,3706.274135373793
0+6+12,2025-08-07,83769.80673525376,75185.15586776406,312.9281347222226,75498.08400248628,52237.76958780081,-1595.6440133990932,929.4099122243063,51571.535486626024,689.5896875000004,9274.240554989705
0+6+12,2025-08-08,73087.76577099999,72993.35331961111,0.0,72993.35331961111,46543.67540638721,-39.63043610993051,0.0,46504.044970277275,0.0,94.41245138888883
0+6+12,2025-08-09,78059.30150123456,75541.3798383059,0.0,75541.3798383059,49212.15757484154,-676.6946313293959,0.0,48535.462943512146,0.0,2517.9216629286666
0+6+12,2025-08-10,77529.91794760476,74617.84693860271,298.2612166666681,74916.10815526938,49486.5387287385,-1020.3683594120183,1024.4928852222272,49490.663254548715,0.0,2912.0710090020602
0+6+12,2025-08-11,75863.93103225308,76503.12694924553,355.90989305555536,76859.03684230108,47429.08885262847,988.5751726191263,1286.8984575256934,49704.56248277328,865.5168308813436,226.32091388888904
0+6+12,2025-08-12,82221.6467717764,79618.59738290467,252.00910694444178,79870.60648984912,51555.21540541417,19.49970804474367,848.4862304777619,52423.20134393668,757.4364833333336,3360.4858722050703
0+6+12,2025-08-13,75120.13395684156,75285.14494679355,592.1491236111078,75877.29407040465,47051.93989961672,341.0049389427487,2365.071579977758,49758.016418537234,367.5079385631018,202.49694861111084
0+6+12,2025-08-14,77085.11300670439,78102.98107553154,143.12566805555568,78246.1067435871,49069.98270311192,1134.3954505265442,550.3394485833337,50754.7176022218,2084.1663846364972,1066.298315809334
0+6+12,2025-08-15,86549.60783993483,75766.60153470507,0.0,75766.60153470507,54873.154882570525,-3509.991922917686,0.0,51363.16295965284,0.0,10783.006305229768
0+6+12,2025-08-16,84187.06953794582,73134.34982295951,0.0,73134.34982295951,53964.06446856966,-3646.811960247168,0.0,50317.25250832249,0.0,11052.719714986286
0+6+12,2025-08-17,79780.99099439266,74936.81967321673,323.29757361111115,75260.11724682784,49742.65259125562,-995.4788940175677,1664.377370033332,50411.55106727138,261.0214944444447,5105.192815620367
0+6+12,2025-08-18,76810.21175980795,75104.45175951647,337.7923833333328,75442.2441428498,48888.99313375089,-639.793003439268,1516.0717130638886,49765.27184337551,0.0,1705.7600002914871
0+6+12,2025-08-19,76230.55728592249,75119.84996186556,438.95202638888895,75558.80198825445,48264.576532011284,-2.252023194400863,2185.1425462263896,50447.46705504327,507.6976805555555,1618.4050046124853
0+6+12,2025-08-20,84368.05329270953,79883.28728895748,392.66272638888955,80275.95001534637,52736.10191553882,-873.6783532497939,1561.834180306947,53424.257742595975,417.1321469166681,4901.898150668728
0+6+12,2025-08-21,80696.69687451988,76342.55396479767,322.79638888888906,76665.35035368656,50457.62231937793,-979.4099159537716,1178.5405927472225,50656.75299617138,223.19033472222054,4577.333244444444
0+6+12,2025-08-22,79801.08902002743,73610.23063199587,0.0,73610.23063199587,50745.66261039121,-1720.1851976950106,0.0,49025.4774126962,221.21344578189326,6412.071833813441
0+6+12,2025-08-23,77269.93107690329,75971.09568024692,0.0,75971.09568024692,48576.41672225312,700.5720830742584,0.0,49276.988805327375,1601.4082279149538,2900.2436245713243
0+6+12,2025-08-24,75655.70263825446,73518.03264240397,307.59537916666693,73825.62802157064,48470.84916966292,1004.3851082246081,1209.1249477222218,50684.359225609755,2196.3585052812077,4334.028501131688
0+6+12,2025-08-25,96706.28622554868,81079.81598583676,249.68236805555537,81329.49835389231,61686.054271802976,-5287.624883929664,829.8073602562499,57228.236748129566,0.0,15626.47023971193
0+6+12,2025-08-26,76781.55352896091,75595.40773842591,180.15055416666706,75775.55829259258,49328.86268753776,-430.62574585588544,613.7943369430579,49512.031278624934,81.20688501371711,1267.3526755486998
0+6+12,2025-08-27,77868.70807772633,79868.16753588819,113.6707444444441,79981.83828033264,49753.32528142021,3245.3970307923296,458.8263458187489,53457.54865803129,4070.8591365569346,2071.39967839507
0+6+12,2025-08-28,77356.67826481481,80139.59899579904,690.5936111111114,80830.19260691015,48343.42489195375,3552.766423132578,2815.5540807736115,54711.745395859936,3107.8906768175593,324.9699458333335
0+6+12,2025-08-29,87485.06304126131,78214.24360121743,0.0,78214.24360121743,55654.39460229072,-2641.675723978193,0.0,53012.718878312524,436.5543916666667,9707.373831710558
0+6+12,2025-08-30,82687.48834415294,74588.81467400548,0.0,74588.81467400548,52767.757032425936,-2437.328228207638,0.0,50330.428804218296,0.0,8098.673670147465
0+6+12,2025-08-31,75922.53697419632,75957.34941984105,637.6122333847783,76594.96165322582,48493.25263947247,95.25722137756767,2571.963470255888,51160.47333110593,198.8643257715991,164.05188012688723
0+6+12,2025-09-01,84560.34457361112,77014.06350727024,0.0,77014.06350727024,52955.23542308598,-1624.0830992077751,0.0,51331.1523238782,801.0058982167393,8347.286964557614
0+6+12,2025-09-02,75676.0201558299,76067.46149045833,0.0,76067.46149045833,47590.67884132746,1717.255103322277,0.0,49307.93394464974,2182.0119137779475,1790.5705791495193
0+6+12,2025-09-03,80472.10480456104,77559.9853015432,0.0,77559.9853015432,50660.312043256636,-496.4583719225312,0.0,50163.8536713341,269.31827916666583,3181.4377821844987
0+6+12,2025-09-04,78089.12471805555,75197.72807303634,73.84267638888889,75271.57074942523,49939.199537359724,-716.2711685440537,177.64689281041666,49400.57526162609,125.85735011111024,3017.253995130319
0+6+12,2025-09-05,73550.65123688529,72689.15965204303,0.0,72689.15965204303,47194.74188095667,-408.6303293428643,0.0,46786.11155161381,0.0,861.4915848422553
0+6+12,2025-09-06,74320.18826839849,74214.54355414951,0.0,74214.54355414951,47352.85185326754,300.7532496353315,0.0,47653.60510290287,510.2676347222201,615.912348971194
0+6+12,2025-09-07,74165.66834178669,76073.25915589849,45.06188333333341,76118.32103923181,47097.9698553699,2375.278311071842,253.5412121354171,49726.78937857716,3429.101073731135,1521.5102596193433
0+6+12,2025-09-08,81274.32917526973,80601.29475735596,0.0,80601.29475735596,51248.583384350284,943.3635135650202,0.0,52191.9468979153,1557.0252157578873,2230.059633671642
0+6+12,2025-09-09,71550.51440838477,73270.18448615671,32.128440277778,73302.31292643449,45732.81648287551,3064.7766179665723,76.86729336458386,48874.46039420667,3318.711537305556,1599.0414595336092
0+6+12,2025-09-10,83009.26689580554,80790.90446026303,28.048130555555304,80818.95259081859,52418.42048021447,341.0515689703875,86.14628116249911,52845.61833034736,1419.184227941354,3637.5466634838767
0+6+12,2025-09-11,82389.6106616598,73863.84982870371,96.99231527777778,73960.84214398148,52319.759683227734,-2474.6851064619027,523.4905669027778,50368.56514366861,0.0,8525.760832956108
0+6+12,2025-09-12,73376.76131886145,74450.11260169666,0.0,74450.11260169666,47102.33072770883,1348.980219844627,0.0,48451.31094755346,1729.3770197865233,656.0257369513034
0+6+12,2025-09-13,72231.48507743483,73339.43255186899,0.0,73339.43255186899,46423.88779073685,1021.9184310352017,0.0,47445.80622177205,1396.895348868316,288.9478744341568
0+6+12,2025-09-14,85113.88496040809,79927.25798396775,0.0,79927.25798396775,54317.2307384769,-1699.632763732909,0.0,52617.59797474399,94.34651388888881,5280.973490329217
0+6+12,2025-09-15,70398.03439209535,70682.08122887518,566.3071888888888,71248.38841776407,45315.37079912417,262.0737055287676,2066.596615002777,47644.04111965571,284.0468367798346,0.0
0+6+12,2025-09-16,84230.91160651852,79204.58256034585,0.0,79204.58256034585,53144.06168932151,-1589.1735390912659,0.0,51554.88815023025,41.35523023611108,5067.684276408772
0+6+12,2025-09-17,80194.2973174554,77991.11539512705,128.59832500000024,78119.71372012705,51394.95838397021,-817.0461434983853,551.2601210284733,51129.17236150029,9.408136125001818,2212.590058453363
0+6+12,2025-09-18,72622.32908155007,78174.1471401058,10.966204166666785,78185.11334427245,46439.8264340536,4936.517830793692,25.955578991667,51402.29984383896,6256.30021315106,704.4821545953362
0+6+12,2025-09-19,78670.20634768519,78514.28673388204,0.0,78514.28673388204,49763.48913633486,76.86223964064196,0.0,49840.3513759755,139.98421258573558,295.9038263888898
0+6+12,2025-09-20,75373.23459034637,77193.39011385458,0.0,77193.39011385458,48311.81520733744,1700.2278766843194,0.0,50012.04308402176,2425.2594269890233,605.1039034807939
0+6+12,2025-09-21,76927.38530514404,75099.66252517147,11.513304166666558,75111.17582933814,48490.15830558383,-524.6179683998166,32.86869340416634,47998.40903058818,0.0,1827.7227799725651
0+6+12,2025-09-22,78297.22744705074,71978.15781279148,369.4095847222228,72347.5673975137,49250.52487842347,-2003.128098441118,1064.9019292263897,48312.29870920874,0.0,6319.069634259259
0+6+12,2025-09-23,76400.19805298353,74670.44275857578,39.265666666666675,74709.70842524245,47983.455369158146,-535.2627439524329,166.18796429166684,47614.380589497385,0.0,1729.7552944077527
0+6+12,2025-09-24,66929.87419665637,69805.11867315447,640.9157138888891,70446.03438704336,42456.86116548654,2154.8396784044676,1774.1271063979184,46385.82795028892,2875.244476498117,0.0
0+6+12,2025-09-25,72962.10998295611,72855.1199452332,198.70388055555577,73053.82382578874,45560.71450906506,360.14002832660674,760.5644242708338,46681.4189616625,616.5350650548635,723.5251027777774
0+6+12,2025-09-26,80049.91522695473,75032.93533732853,0.0,75032.93533732853,50422.64914901226,-1730.6912256270523,0.0,48691.957923385206,0.0,5016.979889626205
0+6+12,2025-09-27,67167.11584751372,71238.19442986556,0.0,71238.19442986556,42251.45569430336,4102.4260998937425,0.0,46353.88179419711,5036.187559375163,965.1089770233225
0+6+12,2025-09-28,70742.40748175583,72966.73668200069,291.9763972222221,73258.71307922291,44165.92420852315,3359.6086043247874,1217.4269702006936,48742.95978304863,4765.487552452506,2541.158352207648
0+6+12,2025-09-29,73852.69401249998,68258.76271850137,1283.589291666666,69542.35201016803,46435.24794894083,-1782.6545901460788,4864.174647371525,49516.768006166276,35.8169912208586,5629.7482852194735
0+6+12,2025-09-30,72559.06558161866,72840.30940436866,799.3057155178294,73639.61511988648,45969.725125593766,489.7870178935226,3410.487187682897,49869.999331170184,495.5193824722205,214.27555972222217
0+6+12,2025-10-01,70018.54544648492,65519.23696376046,34.82689583333308,65554.06385959379,43496.33199262186,-1144.3387143684774,84.20584920833242,42436.19912746172,46.65055390277712,4545.959036627235
0+6+12,2025-10-02,75327.24859103377,66070.65006126542,120.11445694444444,66190.76451820986,47214.67409774869,-3029.7602948818244,313.4191485152777,44498.332951382145,0.0,9256.598529768346
0+6+12,2025-10-03,67089.60294969135,63611.25542833231,0.0,63611.25542833231,41564.99674739699,-694.6609564524281,0.0,40870.33579094456,184.91699937139882,3663.264520730445
0+6+12,2025-10-04,78997.03989497221,67950.12676003086,0.0,67950.12676003086,49451.89352420144,-3486.6066093392965,0.0,45965.28691486215,0.0,11046.913134941358
0+6+12,2025-10-05,73910.58410149177,65858.98471215792,249.94742222222234,66108.93213438014,45859.34484456605,-2258.6669848363063,711.1906295881954,44311.86848931793,94.6759875694454,8146.275376903296
0+6+12,2025-10-06,63058.58991558641,65393.79468481361,875.0270916666666,66268.82177648028,39800.87883414148,1720.8463509620735,2830.7006247576387,44352.42580986118,2552.025919347225,216.8211501200284
0+6+12,2025-10-07,68564.35309492456,68748.80462105625,138.83459166666637,68887.63921272292,42341.499376636995,984.321405722972,429.3162824604156,43755.13706482038,995.4223296982204,810.9708035665351
0+6+12,2025-10-08,67167.94525975651,66238.9186643004,332.655895833333,66571.57456013374,41757.44662105596,-241.01379717863932,1180.2394608729137,42696.67228475024,20.02212777777754,949.0487232338807
0+6+12,2025-10-09,76282.0914427469,65271.420128034966,239.40217500000048,65510.82230303497,47686.041462367415,-3350.9010586747368,890.0325175819469,45225.17292127462,0.0,11010.671314711932
0+6+12,2025-10-10,73725.97423203017,66684.55961728394,0.0,66684.55961728394,46220.93586099261,-2189.250620132189,0.0,44031.685240860425,0.0,7041.414614746232
0+6+12,2025-10-11,74283.36069008916,70346.96614667351,0.0,70346.96614667351,46352.754236111905,-819.3594213885503,0.0,45533.39481472335,336.0869819444442,4272.4815253600855
0+6+12,2025-10-12,69008.84451586076,67567.76008103567,566.2813996111133,68134.04148064677,42634.20007394338,64.05339686227018,2283.023153386939,44981.276624192586,361.95198333333485,1803.0364181584346
0+6+12,2025-10-13,70899.3176829218,65271.764050257196,907.955477777778,66179.71952803497,43954.330714701864,-1323.4416938887614,3234.598564715279,45865.48758552838,346.8330277777807,5974.386660442385
0+6+12,2025-10-14,73707.53364384259,67800.55889878256,1232.9395236111127,69033.49842239368,46010.40682678416,-658.377642159146,4257.190543721532,49609.21972834654,1650.459920629278,7557.4346656892985
0+6+12,2025-10-15,76603.47017069341,70621.90355886487,490.4005513888897,71112.30411025375,48028.085713116656,-1871.1861295345602,1319.3045240909742,47476.20410767307,159.459878960901,6141.026490789441
0+6+12,2025-10-16,73141.4211151063,72575.91536411797,297.730563888888,72873.64592800687,45895.63503998361,27.934569456016618,994.9325158131918,46918.50212525282,256.9623188333322,822.4680698216758
0+6+12,2025-10-17,63441.35521944444,69296.67865327501,0.0,69296.67865327501,39445.675156734156,5622.758575504778,0.0,45068.43373223893,5855.323433830584,0.0
0+6+12,2025-10-18,75487.9934853443,71463.99799734703,0.0,71463.99799734703,47040.40958862687,-1209.6976164787702,0.0,45830.7119721481,238.7240999999998,4262.719587997257
0+6+12,2025-10-19,73422.4164289952,71290.1850646605,649.4984138888879,71939.68347854938,46098.133679848965,-637.2256160815375,2472.2321737340208,47933.140237501444,0.0,2132.2313643347047
0+6+12,2025-10-20,76393.89972846364,73859.75297098767,290.8590138888889,74150.61198487655,48152.41170099666,-899.1255961860372,1044.20472544375,48297.49083025437,0.0,2534.146757475991
0+6+12,2025-10-21,75244.8259128659,74835.78052016444,494.8807111111115,75330.66123127555,46993.27125740692,-37.94848517416443,1759.3300245569465,48714.652796789705,391.47709303240543,800.5224857338819
0+6+12,2025-10-22,73223.18882925241,73941.5248175583,324.07402499999966,74265.59884255829,45990.69631334061,760.7134019603247,949.4655196388883,47700.87523493982,1028.918039780521,310.5820514746249
0+6+12,2025-10-23,83270.29602779492,71037.46483118998,502.29833472222344,71539.7631659122,52013.5753206239,-3499.1415057026447,1461.9825631951421,49976.416378116395,417.18269166666767,12650.013888271598
0+6+12,2025-10-24,72108.74964855966,72086.81048734568,0.0,72086.81048734568,44840.90708930744,1180.6337844863401,0.0,46021.540873793776,1603.4202445987657,1625.3594058127596
0+6+12,2025-10-25,77184.8019526749,72987.17347740056,0.0,72987.17347740056,47816.804992435296,-1224.4454460023774,0.0,46592.35954643292,119.14907222222496,4316.777547496569
0+6+12,2025-10-26,76064.79800788753,70656.47665742456,721.3836958333345,71377.8603532579,47147.88166944132,-1379.5745547524964,2191.2514151743108,47959.558529863134,532.0921999828543,5940.413550445821
0+6+12,2025-10-27,69288.68067071331,72344.27884749658,303.288909722223,72647.5677572188,43026.19074379358,4039.90055753969,1143.5561295104208,48209.64743084369,5017.746360922489,1962.1481841392276
0+6+12,2025-10-28,69685.54178106996,73001.07998837449,297.80096527777795,73298.88095365227,43383.970861871174,3439.876555602742,859.4270420958338,47683.27445956975,3643.771948799728,328.2337414952008
0+6+12,2025-10-29,78236.79381319975,77618.85022789454,257.7761444444441,77876.62637233899,48474.15339527777,-146.01165964432772,899.7777876902775,49227.91952332372,49.34156527777918,667.2851505829886
0+6+12,2025-10-30,69318.6756630144,71306.06834003805,711.3612537916731,72017.42959382973,42967.450364685756,2215.5712522214735,2733.472007107205,47916.49362401444,2009.5332700792155,22.14059305555901
0+6+12,2025-10-31,78717.77101806874,76634.71742518467,0.0,76634.71742518467,48986.0106727722,-767.7696832407377,0.0,48218.24098953146,0.0,2083.0535928840836
0+6+12,2025-11-01,74055.10197463991,74548.96895192045,0.0,74548.96895192045,45785.979125002035,485.9569804930669,0.0,46271.9361054951,750.9936008916327,257.1266236111112
0+6+12,2025-11-02,74688.94105090876,75917.50651815945,542.1524333333346,76459.65895149279,46479.89798194199,2622.553210335366,2006.8920072243113,51109.34319950167,3739.916075412549,2511.350608161867
0+6+12,2025-11-03,79838.10024027777,76874.85405234326,392.0470999999993,77266.90115234326,49443.29967975819,-884.8359703493711,1230.1003421874975,49788.56405159632,133.20156843278585,3096.4477563672876
0+6+12,2025-11-04,74352.97318331618,75338.35165227161,502.5518385833335,75840.90349085494,46106.339177147966,1359.4384723996009,1925.7307956576417,49391.50844520521,1544.9348815240046,559.5564125685803
0+6+12,2025-11-05,82807.02700504115,76744.69057664438,528.8527013888882,77273.54327803326,51662.388645551946,-2053.697291670373,2115.366310488887,51724.057664370455,15.32685277777773,6077.663281174554
0+6+12,2025-11-06,77910.19591527776,78525.79757137841,636.8092347222223,79162.60680610064,48323.332364480826,1127.1685669958717,2525.850715377085,51976.351646853785,1099.8319452638907,484.23028916323705
0+6+12,2025-11-07,75888.99206714678,77372.7607468949,0.0,77372.7607468949,47366.05470454313,2494.244462585244,0.0,49860.299167128374,3413.7998441171044,1930.0311643689981
0+6+12,2025-11-08,79518.0526505,76755.81028372222,0.0,76755.81028372222,49678.44231140198,-949.5357358348682,0.0,48728.90657556711,107.5967962638855,2869.8391630416677
0+6+12,2025-11-09,78747.07234502709,78666.63269641597,360.5969361111111,79027.22963252707,49069.96609065658,133.34310728020844,1368.2083153208341,50571.51751325762,179.9235958333336,260.3632444444447
0+6+12,2025-11-10,79660.98380250257,81307.02537192404,624.7487791666664,81931.7741510907,49801.119460742906,1940.0512626214477,2349.892290595138,54091.063013959494,2597.486468222225,951.444898800757
0+6+12,2025-11-11,82355.22549104938,79359.2496091075,322.6405055555556,79681.89011466305,51816.49291030853,-1060.776720577599,1044.239038443056,51799.95522817399,0.0,2995.9758819418753
0+6+12,2025-11-12,78961.519765625,79190.86504847222,300.99421318055954,79491.85926165277,49249.00426688048,2183.8811852493423,1307.5655349120734,52740.4509870419,2789.1590133170394,2559.8137304698175
0+6+12,2025-11-13,76791.92389807956,78634.87287129165,993.4314736111096,79628.30434490276,47985.216270411955,1972.8740976317424,3755.2437569242998,53713.334124967994,1904.2390009898813,61.29002777777828
0+6+12,2025-11-14,79256.84137487499,79200.78722477212,0.0,79200.78722477212,49219.58019352318,710.3771082242354,0.0,49929.95730174742,972.8710240054893,1028.9251741083685
0+6+12,2025-11-15,85121.42777201645,80468.75953852726,0.0,80468.75953852726,53673.05146222282,-1648.20300857826,0.0,52024.84845364456,0.0,4652.668233489201
0+6+12,2025-11-16,79375.3934209019,80977.9691892037,588.0003888888886,81565.96957809258,49513.97406378049,1977.7910120344634,2446.8675625388896,53938.63263835384,1717.5054784869708,114.92971018518787
0+6+12,2025-11-17,76187.11961599793,80691.75700182459,406.675524691358,81098.43252651594,47675.10714375322,4842.90286691042,1271.4691134054015,53789.47912406905,5221.219059077676,716.5816732510309
0+6+12,2025-11-18,80669.96834705916,80128.84415439796,1126.490150000001,81255.33430439795,50413.440442043604,194.05705960946602,4234.672029304171,54842.169530957246,607.8801948388194,1149.0043875000015
0+6+12,2025-11-19,80202.67355812361,83161.77604185407,488.07148194444494,83649.84752379851,50133.85769427282,3747.994065600725,1718.3784253902802,55600.23018526382,3896.3351654691346,937.2326817386847
0+6+12,2025-11-20,80273.83280889077,81069.41686204578,626.0306791388907,81695.44754118467,50131.23786524579,923.4694866108678,2642.777824839357,53697.48517669602,813.1303017661155,17.54624861111131
0+6+12,2025-11-21,80834.33584540276,82017.12234170336,0.0,82017.12234170336,50570.16898636399,1626.9709850528338,0.0,52197.13997141682,2126.145871780689,943.3593754801093
0+6+12,2025-11-22,87710.76534444444,83184.19028979767,0.0,83184.19028979767,55579.626695137915,-1616.6019184969275,0.0,53963.02477664099,0.0,4526.575054646775
0+6+12,2025-11-23,80585.05955673268,81441.37640150222,634.9262821666681,82076.30268366888,50539.959423967215,1475.7761577596564,2389.44997774659,54405.18555947346,1539.9243615390865,683.6075167695451
0+6+12,2025-11-24,79888.16938489882,79865.8780501766,953.250269684496,80819.12831986109,50161.99792378685,46.18576117749985,3353.3334406499425,53561.517125614286,83.32688055555548,105.61821527777772
0+6+12,2025-11-25,91466.43358256172,84042.66218132715,371.93859305555657,84414.6007743827,58275.36843433145,-2621.3480751388897,1277.0698094159766,56931.090168608534,0.0,7423.771401234571
0+6+12,2025-11-26,86676.66298055556,85002.09853956755,402.99579027777713,85405.09432984533,54576.29759702236,-428.320407787963,1599.484242638886,55747.461431873286,145.336580805552,1819.9010217935556
0+6+12,2025-11-27,84281.375946262,83939.62062959533,386.07130787500023,84325.69193747033,53029.83040152008,-104.86044839208314,1569.1441363768972,54494.11408950489,22.25270694444464,364.00802361111096
0+6+12,2025-11-28,84663.24141930726,83765.40982157065,0.0,83765.40982157065,53453.09156137864,-212.11233182463909,0.0,53240.979229554,255.75661562071662,1153.5882133573373
0+6+12,2025-11-29,94444.94230841906,88251.93928787722,0.0,88251.93928787722,60169.46269602084,-2096.6686799977524,0.0,58072.79401602309,122.42591740397677,6315.428937945816
0+6+12,2025-11-30,86559.99316279149,86749.34544260975,664.9602387222235,87414.30568133197,54414.21017555414,743.5378578260132,2963.8801257694804,58121.62815914963,812.1058623285318,622.7535825102871
0+6+12,2025-12-01,89864.71242664609,85399.50119965707,6307.189290472219,91706.69049012929,57466.42242222058,-1673.4876821870575,22752.67165903565,78545.60639906918,0.0,4465.211226989027
0+6+12,2025-12-02,93218.78246870713,89249.4358565972,4854.0469625,94103.4828190972,59387.602598935475,-1327.906665555588,17702.825165305556,75762.52109868545,0.0,3969.3466121099145
0+6+12,2025-12-03,83678.96835996228,87482.46844196226,5189.939216666666,92672.40765862893,52895.715485777924,3688.429856962771,18242.880077831942,74827.02542057264,3822.3360125555564,18.83593055555548
0+6+12,2025-12-04,91779.68883888888,87695.31111699245,4777.444860458334,92472.75597745078,58859.59810440222,-1569.1994659368584,16922.452622054916,74212.85126052028,0.0,4084.377721896433
0+6+12,2025-12-05,90445.29331735254,89594.84361749588,0.0,89594.84361749588,57813.91555035353,-282.32576994824205,0.0,57531.58978040529,32.80642161111223,883.2561214677665
0+6+12,2025-12-06,92883.49848182441,91451.97637717763,0.0,91451.97637717763,59538.69843224318,-554.6733622680797,0.0,58984.025069975105,0.0,1431.5221046467766
0+6+12,2025-12-07,94327.92524444443,88903.36738204543,4209.935665277778,93113.3030473232,60401.59176131958,-1704.1294648701582,13382.019855464585,72079.48215191401,147.30685205555707,5571.864714454563
0+6+12,2025-12-08,94127.33868329904,92270.99249388889,2443.516126044925,94714.50861993381,60204.38575718721,-541.8370475628747,7661.7700578349795,67324.3187674593,74.14665590277605,1930.4928453129266
0+6+12,2025-12-09,93598.82612498285,91315.99984127228,2353.4248597222218,93669.4247009945,59878.8381963468,-622.8385631136892,8137.548927097916,67393.54856033102,89.37681805555519,2372.2031017661175
0+6+12,2025-12-10,90867.73434833676,91278.55834959721,3212.65995551389,94491.2183051111,57996.7405368601,539.8469029037472,11775.343121815258,70311.93056157911,1131.1095607777738,720.2855595173158
0+6+12,2025-12-11,94955.62916093963,91741.88958705554,1171.8565949305566,92913.7461819861,60555.44133777956,-1152.4466304733792,4138.3812239117415,63541.37593121792,0.47132733333592114,3214.210901217426
0+6+12,2025-12-12,94265.87161805555,94996.50158848609,0.0,94996.50158848609,60109.23411262777,801.1899577397481,0.0,60910.42407036752,951.1484551527781,220.51848472222218
0+6+12,2025-12-13,95135.02718009257,94933.80273148147,2.8350000000000364,94936.63773148147,61058.70539936481,805.8820259275974,6.061230000000077,61870.6486552924,1099.5435162208555,1300.7679648319681
0+6+12,2025-12-14,90453.87803609396,92224.53148909465,2459.2420800277782,94683.77356912242,57478.43945613332,1588.374755721288,10106.562114171626,69173.37632602622,1770.6534530006902,0.0
0+6+12,2025-12-15,90719.85973942043,93659.85622189642,1785.0726309156378,95444.92885281205,57660.76008934255,2823.5719377699797,6783.614056247066,67267.9460833596,2939.9964824759945,0.0
0+6+12,2025-12-16,96498.45389444444,94842.81096388889,962.5903125000004,95805.40127638889,62081.3907896436,-626.4367994922912,3037.2793025340297,64492.233292685334,0.0,1655.6429305555548
0+6+12,2025-12-17,97384.57164322701,93805.50407229867,977.7056848333353,94783.209757132,62381.54273393348,-1247.3329283829744,3292.5094187141754,64426.71922426468,0.0,3579.0675709283264
0+6+12,2025-12-18,92944.99198749999,93215.00767920833,1013.0877513888888,94228.09543059721,59541.60758862735,478.65141992093186,3251.4747337027766,63271.73374225106,487.320272263893,217.3045805555557
0+6+12,2025-12-19,93173.42832674895,94523.82928803154,0.0,94523.82928803154,59615.177061176146,1340.7638320530866,0.0,60955.940893229235,1637.0440167181177,286.643055435536
0+6+12,2025-12-20,95854.90284583332,94734.53848136145,0.0,94734.53848136145,61734.409442932636,-456.3606668182656,0.0,61278.048776114374,0.0,1120.364364471879
0+6+12,2025-12-21,95529.39926474623,94748.83430641289,1329.3861437499982,96078.22045016289,61023.24257756536,-22.257185122612725,4334.537858433325,65335.523250876075,351.1353574074111,1131.7003157407444
0+6+12,2025-12-22,93619.77005795609,94128.46138612277,1226.7530989369013,95355.21448505967,60032.72023613579,463.53251415835456,4018.275288830253,64514.5280391244,579.8408989999997,71.14957083333366
0+6+12,2025-12-23,96311.85487832647,94110.25282356257,712.9272041666652,94823.18002772924,61592.738280470876,-670.1203290604772,2525.5867204874958,63448.204671897896,45.532533333333504,2247.1345880972276
0+6+12,2025-12-24,95536.47906244855,95065.06705034291,506.3747263888879,95571.44177673181,61462.33706084096,-183.29687483682986,1603.3857961368008,62882.42598214093,1.4672541666666348,472.8792662722892
0+6+12,2025-12-25,92372.54421385459,93826.84356784978,1308.4871819444438,95135.33074979422,58728.87978898777,1497.3033212045561,4552.0490518152765,64778.232162007596,1494.9572928840862,40.657938888889134
0+6+12,2025-12-26,94895.77140917353,95108.1622347908,0.0,95108.1622347908,60634.179858968,600.6782684765267,0.0,61234.858127444524,476.91619583333267,264.52537021604974
0+6+12,2025-12-27,96558.14639722221,96186.64385984722,0.0,96186.64385984722,61829.45139790639,229.4792362684601,0.0,62058.93063417485,339.5683555555548,711.0708929305556
0+6+12,2025-12-28,95441.35153187584,94250.76700404665,469.11831111111127,94719.88531515776,61051.84257316583,-459.51810886485833,1715.8913113833346,62308.2157756843,0.0,1190.5845278292131
0+6+12,2025-12-29,94415.484875,95358.65813103583,452.5403597222225,95811.19849075805,59955.23464859555,1052.7192262506887,1708.3528185152784,62716.30669336151,1091.756087980271,148.58283194444437
0+6+12,2025-12-30,95668.25442974965,93228.13681840277,720.0535868749978,93948.19040527777,61080.631030909506,-711.4270776495529,2841.32368153652,63210.52763479647,138.87185720833344,2578.989468555218
0+6+12,2025-12-31,97742.0858699417,96687.71820466392,522.2877667695477,97210.00597143346,62406.21958317963,-247.1979825071531,1743.7312085657422,63902.75280923821,0.0,1054.3676652777795
0+6+12+18,2025-02-01,93429.28859569615,90170.67618579663,0.0,90170.67618579663,59395.01843862276,-976.3704130617748,0.0,58418.648025560986,359.2521414722224,3617.864551371739
0+6+12+18,2025-02-02,93013.98304266117,90604.95297030365,13.789651388888956,90618.74262169254,58750.41665189426,-797.8143122859091,85.85586733194467,58038.45820694029,9.655611111111057,2418.6856834686228
0+6+12+18,2025-02-03,95562.53238888888,90804.17765593278,145.0575666666666,90949.23522259945,60470.27568131819,-1700.816263378062,662.6321263166667,59432.0915442568,0.0,4758.3547329561015
0+6+12+18,2025-02-04,97679.91239583332,93284.39318235597,74.05790972222232,93358.45109207819,62395.5796822361,-1652.8651329799334,245.02853587638936,60987.743085132555,0.0,4395.519213477368
0+6+12+18,2025-02-05,92742.84375982509,91928.62392637173,24.201163888889084,91952.82509026062,58761.72436063056,-229.93125336875715,112.13879798472357,58643.93190524652,102.71259444444465,916.9324278978045
0+6+12+18,2025-02-06,98267.08830138888,91719.06337222221,19.80902916666662,91738.87240138887,62633.72605929402,-2471.3541309914563,105.75077096249994,60268.12269926506,0.0,6548.024929166662
0+6+12+18,2025-02-07,94385.3950288923,89899.31591114539,0.0,89899.31591114539,59972.692875450666,-1575.9451794603021,0.0,58396.747695990365,70.39387500000046,4556.472992746914
0+6+12+18,2025-02-08,86001.55528223576,87069.76657932648,0.0,87069.76657932648,53672.87581746682,1186.704137272469,0.0,54859.57995473929,1081.4135109795973,13.202213888888991
0+6+12+18,2025-02-09,93405.08508194443,92365.72532232903,11.187437499999874,92376.91275982904,59036.70783862444,-382.8163095314525,54.49400806249938,58708.38553715549,4.126791430555613,1043.4865510459567
0+6+12+18,2025-02-10,88767.52914999999,84481.78809814455,155.9196027777777,84637.70770092233,55678.15593494472,-151.55009239202604,526.8229431951386,56053.428785747834,1921.0984139917714,6206.8394658472225
0+6+12+18,2025-02-11,89682.09669125514,85502.49807938957,24.52791388888908,85527.02599327845,56695.34691189259,-1629.1945120417913,74.868913521529,55141.02131337234,0.0,4179.598611865565
0+6+12+18,2025-02-12,89814.88468055555,85307.13506980453,28.202454458334614,85335.33752426287,56505.9492984968,-1577.727178268744,153.11888935821463,55081.34100958627,0.0,4507.749610751025
0+6+12+18,2025-02-13,84346.8667236111,81547.80963755914,58.11487361111134,81605.92451117025,52353.97471950027,-695.2052013931755,289.25946407291815,51948.02898218001,325.1861924897073,3124.243278541662
0+6+12+18,2025-02-14,86884.20855190328,85753.76184198611,0.0,85753.76184198611,54108.225898860124,86.18597383588636,0.0,54194.41187269601,586.2433828189346,1716.6900927361107
0+6+12+18,2025-02-15,88290.5040494513,83777.32752250598,0.0,83777.32752250598,54966.396657073456,-1481.737944291203,0.0,53484.65871278225,37.62457576388988,4550.801102709196
0+6+12+18,2025-02-16,89877.46801388887,83784.58734904166,268.18470555555484,84052.77205459721,56350.59278370708,-2153.6483130553056,1012.2823372569414,55209.226807908715,0.0,6092.880664847217
0+6+12+18,2025-02-17,88958.54734994855,81115.43587779491,139.80606388888833,81255.2419416838,55275.42614698615,-2485.867063321464,611.0675731263866,53400.62665679107,92.44295138888856,7935.554423542526
0+6+12+18,2025-02-18,80233.65361973594,81480.23513553172,294.5529736111102,81774.78810914283,49758.786033814285,990.6080832218369,1294.3861127861069,52043.78022982223,1246.5815157957798,0.0
0+6+12+18,2025-02-19,80714.37768411916,81010.8734148462,326.18348194444553,81337.05689679064,50128.41726120714,412.729895305971,1303.6002305062555,51844.74738701937,457.65111822702477,161.1553874999995
0+6+12+18,2025-02-20,83279.41539027778,81076.06427087808,240.7872722222242,81316.8515431003,51333.96486079221,59.876915624612934,1184.8409703361253,52578.68274675295,852.6149888888895,3055.96610828858
0+6+12+18,2025-02-21,81369.59173940329,81414.27522693758,0.0,81414.27522693758,50313.39229082767,900.5163720196189,0.0,51213.908662847294,1157.3224912355975,1112.6390037013052
0+6+12+18,2025-02-22,82807.39319058642,82066.74628057887,0.0,82066.74628057887,51237.133080496904,13.033869563940357,0.0,51250.16695006085,395.47145633333196,1136.1183663408747
0+6+12+18,2025-02-23,81437.41613174707,79489.17841264558,492.12760555555553,79981.30601820112,50182.815213086986,-638.5044822156254,1717.6934188715272,51262.00414974288,107.56243888888835,2055.8001579903926
0+6+12+18,2025-02-24,77723.81582933813,78754.51544948558,230.2336250000003,78984.74907448557,48302.9413039102,880.2881453889092,1183.8444806708344,50367.07392996994,1502.6270312585693,471.9274111111106
0+6+12+18,2025-02-25,80392.9759449861,75375.99432108333,213.7383486111122,75589.73266969444,49488.6424565491,-1512.3485274846091,919.828449479867,48896.12237854436,251.57500480624458,5268.556628709017
0+6+12+18,2025-02-26,73882.11549657065,76139.3340252915,442.3785041666656,76581.71252945816,45027.442761471946,2116.8532772014714,1839.3649627236068,48983.66100139703,2257.2185287208504,0.0
0+6+12+18,2025-02-27,75308.9164026406,75207.2567792181,338.89226388888676,75546.149043107,46137.80373944654,411.0449674814872,1633.9793631208215,48182.828070048854,547.4207251886193,649.0803486111109
0+6+12+18,2025-02-28,75524.92967674896,76806.91898129287,0.0,76806.91898129287,46057.357868489285,1305.1229980804446,0.0,47362.48086656973,1428.6934850994508,146.7041805555558
0+6+12+18,2025-03-01,85843.77428271604,79061.60548425221,0.0,79061.60548425221,53538.95427258208,-1913.2203215446684,0.0,51625.73395103741,655.5921782407385,7437.76097670456
0+6+12+18,2025-03-02,83044.5713120377,83777.46625668724,265.4243902777762,84042.89064696502,51336.141206940505,1168.4643799596463,1354.3381044604066,53858.94369136056,1070.7000988161951,337.80515416666617
0+6+12+18,2025-03-03,84771.50518931754,81417.0572545439,409.8113388888871,81826.8685934328,52357.21259632244,-146.66462339398777,1940.4760717951283,54151.02404472358,1003.9465516803895,4358.394486454049
0+6+12+18,2025-03-04,75940.61318621399,77788.35926380589,705.4339902777785,78493.79325408366,46683.85452413651,1808.2905300733687,2450.3924621250026,50942.53751633488,1847.7460775919067,0.0
0+6+12+18,2025-03-05,79791.13168575102,76426.92259943415,251.2034255833374,76678.1260250175,49019.97667418915,-1027.0801102075106,1100.159331292318,49093.05589527396,98.76374722222067,3462.9728335390964
0+6+12+18,2025-03-06,75133.27603170439,75521.07369859397,251.51623362500118,75772.58993221898,45793.33100176396,596.1227377285951,1080.5549343943326,47470.00867388689,660.7190196673542,272.9213527777771
0+6+12+18,2025-03-07,80780.17255865209,76809.35650978377,0.0,76809.35650978377,49925.33451632256,-1392.7287391460331,0.0,48532.605777176526,0.0,3970.8160488683116
0+6+12+18,2025-03-08,74584.90752095832,74698.32740051439,0.0,74698.32740051439,45277.808822833715,801.0914096767335,0.0,46078.900232510445,1022.7384970800808,909.318617524008
0+6+12+18,2025-03-09,78726.83741445473,73149.59969677126,328.6005124999997,73478.20020927125,47915.24272755087,-779.3980866619029,1526.2296972472213,48662.07433813618,1212.1531003377977,6789.390818021264
0+6+12+18,2025-03-10,75556.90248144718,76610.30791218055,450.75297083333385,77061.06088301388,45694.439071622764,1231.2661302056777,1664.753623445834,48590.458825274276,1097.4987349000323,44.09330416666694
0+6+12+18,2025-03-11,67445.78799300411,73519.00938355058,312.4431541666662,73831.45253771725,41154.20600928577,6228.404038366063,1294.950561279165,48677.560608930995,7527.266376148658,1454.044985602191
0+6+12+18,2025-03-12,77094.27813489368,71847.2854365415,271.5042375000007,72118.7896740415,47072.643559517805,-883.4451328040195,1000.1222078493097,47189.3206345631,1055.8286960236699,6302.821394375855
0+6+12+18,2025-03-13,77235.24039634773,77889.24265655008,352.0168375000005,78241.25949405009,46932.613143723946,904.3823238468352,1530.5562928062513,49367.55176037703,886.8265379801123,232.82427777777843
0+6+12+18,2025-03-14,69945.92924377572,70410.78955646999,0.0,70410.78955646999,42582.074433641945,974.8647206259016,0.0,43556.93915426785,1062.074714180386,597.2144014861183
0+6+12+18,2025-03-15,76322.13890694444,77219.68460559774,9.053333333333399,77228.73793893107,46223.971102382086,2787.334589659042,19.356026666666803,49030.66171870779,3319.4645095072015,2421.9188108539083
0+6+12+18,2025-03-16,73848.90551299724,73492.83256680556,207.9710791666658,73700.80364597224,45111.90710272442,369.36352386836893,881.1149323326356,46362.38555892543,1278.242011111116,1634.3149573028127
0+6+12+18,2025-03-17,69483.16628336042,66016.53532686179,469.84203194444484,66486.37735880623,41452.52690656767,-136.76980855690385,2016.0588923145851,43331.81599032535,916.5636425411435,4383.194599039777
0+6+12+18,2025-03-18,77960.13295833333,72260.13360757852,127.97163888888917,72388.10524646741,47794.13632616624,-1688.768522529626,421.54472833194563,46526.91253196856,255.6599997222221,5955.659350477021
0+6+12+18,2025-03-19,65028.111678772286,68778.677885631,571.6218124999983,69350.299698131,39569.21747725693,3770.280335002299,1515.1911478930485,44854.68896015228,4206.261252143349,455.69504528463654
0+6+12+18,2025-03-20,73413.45432347392,68090.06683018673,1217.371652777779,69307.4384829645,44712.58691134697,-1279.9466358142308,4610.473000330561,48043.113275863296,940.4327088904381,6263.820202177637
0+6+12+18,2025-03-21,71224.7246241706,65080.03849881686,0.0,65080.03849881686,42813.49560244485,-1482.3655160098867,0.0,41331.13008643496,464.3863732916676,6609.072498645404
0+6+12+18,2025-03-22,73697.9483563443,70476.24716786694,9.078333333333376,70485.32550120028,45017.12890273389,-794.1677040137563,19.409476666666755,44242.3706753868,421.70770589848746,3643.4088943758525
0+6+12+18,2025-03-23,74106.61468137859,69894.12807806926,265.80300694444463,70159.93108501371,45109.31601797122,-1512.2423338701376,1206.0201286166675,44803.09381271775,0.0,4212.486603309329
0+6+12+18,2025-03-24,69821.60133141288,67694.78557297942,289.5525361111105,67984.33810909053,42025.367988600156,-95.42542122383125,804.9931763972196,42734.935743773545,577.3558835761343,2704.171642009602
0+6+12+18,2025-03-25,77048.39567949245,68376.36173199589,544.3677637638895,68920.72949575978,46948.23656421999,-2692.2170567520775,2156.878942669559,46412.898450137465,172.95469166666504,8844.988639163239
0+6+12+18,2025-03-26,67170.62047189643,64600.350167986966,282.4780458333328,64882.8282138203,40612.20439221275,-564.771339829079,991.4273440708301,41038.8603964545,335.42696666666603,2905.69727057613
0+6+12+18,2025-03-27,70422.60704269547,66254.37323846022,616.7828847222218,66871.15612318245,42686.15192227504,-854.1583502450934,2277.7880992333307,44109.78167126328,656.5187777777792,4824.752582013025
0+6+12+18,2025-03-28,68377.01879999999,65182.87734320987,0.0,65182.87734320987,41568.56711670125,-740.5058610498635,0.0,40828.06125565139,516.9822654320978,3711.1237222222267
0+6+12+18,2025-03-29,62918.48269305554,62110.40954431944,0.0,62110.40954431944,37884.15785276639,305.46594985478566,0.0,38189.62380262117,668.9791457083361,1477.052294444446
0+6+12+18,2025-03-30,68736.60165999657,61870.959181447186,895.3223916666661,62766.281573113854,41069.81557712857,-1994.2926690196978,3661.8256487868057,42737.348556895675,0.0,6865.642478549378
0+6+12+18,2025-03-31,60338.92374489026,64017.37060025719,488.9113041666675,64506.28190442386,36259.9969352702,5018.0347189688755,1760.4657588000023,43038.497413039084,6689.066582733204,3010.619727366261
0+6+12+18,2025-04-01,72743.26750594992,68838.19138015431,498.69868055555537,69336.89006070986,43155.53767072038,-858.0985558324453,1757.2412233833338,44054.68033827127,371.17693833333493,4276.253064128945
0+6+12+18,2025-04-02,69635.84076805555,69251.27231959876,569.6291277777776,69820.90144737654,41622.897211218326,832.1401193632073,2307.923392078472,44762.960722660006,1157.0063593449963,1541.574807801785
0+6+12+18,2025-04-03,70491.49285644719,65303.9578103395,396.7265379115235,65700.68434825103,42856.68546439257,-1772.5209936264012,1353.5019895521145,42437.66646031829,0.0,5187.535046107686
0+6+12+18,2025-04-04,62042.7369625,59828.13638523611,0.0,59828.13638523611,37139.30921500861,-667.9676078148601,0.0,36471.341607193746,35.01717412499879,2249.6177513888897
0+6+12+18,2025-04-05,62188.41999722221,62424.75211219135,0.0,62424.75211219135,36797.67218818888,687.8724359328489,0.0,37485.54462412173,724.4768094135819,488.1446944444444
0+6+12+18,2025-04-06,66123.87401843278,63162.48959075789,355.019955555552,63517.50954631344,38889.40105871911,-57.32654073868298,1494.2945630201152,40326.369081000536,650.0204680555594,3611.4048957304562
0+6+12+18,2025-04-07,59158.94066527777,60562.36912944101,513.125079166667,61075.49420860768,34894.89435607916,2179.2213862095937,1833.3708916423623,38907.48663393112,2012.408193827161,608.9797296639258
0+6+12+18,2025-04-08,67606.08887062757,62896.77307978395,466.6846013888887,63363.45768117283,40552.130630269625,-1294.4598664362472,2007.2814522791664,41264.95221611254,152.98921111111076,4862.30500195473
0+6+12+18,2025-04-09,66265.9621968107,66567.88734982852,485.51371527777746,67053.4010651063,39443.85029747786,505.9347244781243,1906.5879605562495,41856.372982512235,1140.9004858539106,838.9753328360767
0+6+12+18,2025-04-10,65038.09262872084,62350.170706395744,823.832842181069,63174.00354857681,39224.68303155548,-835.6234518907985,3614.1306015845626,42003.19018124925,260.7266274862842,2948.6485498113843
0+6+12+18,2025-04-11,53960.15668957475,55882.337511566526,0.0,55882.337511566526,32244.417330992168,1866.6165026575156,0.0,34111.033833649686,1973.665298277778,51.48447628600661
0+6+12+18,2025-04-12,68624.42385119444,62952.93339002057,0.0,62952.93339002057,40788.239735872616,-1804.0828369997805,0.0,38984.15689887283,0.0,5671.490461173869
0+6+12+18,2025-04-13,61545.11532222222,61284.73875712397,593.4374041666669,61878.176161290634,36310.74577977847,228.30342990227138,2379.8408614611117,38918.89007114185,356.4678150972227,616.8443801954767
0+6+12+18,2025-04-14,64705.521376183126,58381.03179211248,1030.3529633744834,59411.384755486964,38824.39750460308,-2220.070554415721,3811.8825739289514,40416.20952411631,0.0,6324.489584070647
0+6+12+18,2025-04-15,56743.35386025377,57794.012984482164,499.71541527777777,58293.728399759944,33388.057934137105,1924.6793869134956,2464.6950699409726,37777.43239099157,1927.7554940672194,877.0963698388236
0+6+12+18,2025-04-16,63175.22998683128,62960.067620130314,463.18534166666655,63423.25296179698,36810.893830620866,1509.4632314593143,1771.1021880326384,40091.45925011281,1690.5115721707818,1905.6739388717474
0+6+12+18,2025-04-17,57574.03766159122,60056.63974586762,364.9404875000004,60421.580233367626,34654.40027999258,2215.237446306773,1534.8824621034755,38404.52018840283,3664.871071690663,1182.2689874142648
0+6+12+18,2025-04-18,58610.451108161855,58984.44307792575,0.0,58984.44307792575,34558.62348775934,396.6534196288126,0.0,34955.27690738815,373.9919697638908,0.0
0+6+12+18,2025-04-19,62579.16936666666,61627.83544444444,0.0,61627.83544444444,36493.915475393194,1328.6727893110415,0.0,37822.58826470424,1733.5727444444447,2684.906666666666
0+6+12+18,2025-04-20,58332.29027520575,59002.22502221963,566.0279361111118,59568.25295833074,34620.41875269064,813.6166025682026,1962.1468127506973,37396.18216800954,692.4151692361123,22.48042222222267
0+6+12+18,2025-04-21,61243.55799903978,54814.25627670833,994.8481542916692,55809.104431,36253.68370694095,-1646.2705948439634,3576.0775411805307,38183.49065327752,233.3725017083335,6662.674224039783
0+6+12+18,2025-04-22,54910.379863888884,58332.87278103566,687.0598236111115,59019.93260464677,32472.777613439717,3158.9132207423118,2707.6811192722234,38339.371953454254,3776.929817746917,354.43690060013864
0+6+12+18,2025-04-23,53910.865749519886,57725.681397685184,824.1496999999999,58549.831097685186,31922.357805766085,3092.7591259103733,2727.8001222555567,37742.91705393201,3814.8156481652977,0.0
0+6+12+18,2025-04-24,56075.27262918055,55546.56726668056,677.1235041666666,56223.69077084723,33137.836616325425,764.0777673317384,2523.26713088125,36425.18151453841,1059.8013041666684,1588.5066666666662
0+6+12+18,2025-04-25,54714.76270233196,54333.04403566529,0.0,54333.04403566529,32995.14751898478,-188.93656264520806,0.0,32806.21095633957,0.0,381.71866666666597
0+6+12+18,2025-04-26,54604.99958220165,54429.56189986334,0.0,54429.56189986334,32755.536883653873,632.5481280984195,0.0,33388.08501175229,809.8945118317913,985.332194170096
0+6+12+18,2025-04-27,55062.24398189299,56590.611981172835,793.8392555555572,57384.45123672839,32756.051712804365,1335.8555116714087,3103.8036779465397,37195.71090242231,1730.972111779835,202.60411249999981
0+6+12+18,2025-04-28,65820.82891141975,64285.15031524348,444.86893438888467,64730.019249632365,38573.21529012594,-398.42774559875954,1723.704477109507,39898.49202163669,155.32600972222053,1691.0046058984926
0+6+12+18,2025-04-29,57162.87302366255,55939.504386231136,268.2510291666671,56207.755415397805,33747.06000927683,440.3299663005344,1285.743361260419,35473.13333683778,676.4168555555541,1899.7854929869677
0+6+12+18,2025-04-30,54337.98941570645,53252.12351428326,1611.546842999999,54863.670357283256,32568.227005210487,-451.4962217074698,5777.421984546662,37894.15276804968,0.0,1085.8659014231864
0+6+12+18,2025-05-01,57168.08622148491,56418.62144166666,2907.3077763888914,59325.92921805556,34091.775846399396,-93.43273747685458,13355.73874677918,47354.08185570172,224.29297361110736,973.7577534293565
0+6+12+18,2025-05-02,67725.72750735597,66477.06588100137,0.0,66477.06588100137,40011.91481553619,-394.05355222485895,0.0,39617.86126331133,4.07770277777729,1252.7393291323733
0+6+12+18,2025-05-03,63938.99743607681,61074.77012976543,18.39166666666665,61093.1617964321,37703.201040286425,-810.2186498105001,39.3213833333333,36932.30377380926,3.9138296111134423,2868.1411359224994
0+6+12+18,2025-05-04,60949.74251558641,54509.81984166666,3598.3648597222227,58108.18470138888,35913.771924014254,-1761.971370248102,15038.128829275001,49189.929383041155,0.0,6439.922673919753
0+6+12+18,2025-05-05,61903.140418055555,59355.27127538425,2757.8821844583345,62113.153459842586,37144.11023286791,-1051.3820322385118,12617.932405304928,48710.660605934325,63.50339112499864,2611.372533796297
0+6+12+18,2025-05-06,54281.05694718793,55958.862655615216,3117.9258916805547,59076.78854729577,32342.2022478391,1555.2938756912401,13742.587220497033,47640.08334402737,2357.1783548950593,679.3726464677691
0+6+12+18,2025-05-07,57846.83926531207,59252.0077967764,2292.7756195555585,61544.78341633196,34805.900774781476,969.7832298068323,10695.987490471101,46471.67149505941,1405.1685314643385,0.0
0+6+12+18,2025-05-08,64362.44505832561,61173.149699108355,2397.670994444444,63570.8206935528,37250.59326307691,-561.9980654746181,11872.35611085208,48560.95130845437,321.29460258916595,3510.5899618064154
0+6+12+18,2025-05-09,67542.22879528464,60493.898906944436,0.0,60493.898906944436,39560.34590978577,-1839.5181100036525,0.0,37720.82779978212,109.00800555555534,7157.337893895745
0+6+12+18,2025-05-10,65730.25748077023,64361.32957807837,0.0,64361.32957807837,38493.8573407315,795.2335851606038,0.0,39289.0909258921,1226.3001861111127,2595.228088802979
0+6+12+18,2025-05-11,62312.21982818929,59840.174319290105,2052.4650361111107,61892.63935540122,36308.47332884034,-10.356295516087926,10085.667335720136,46383.784369044384,671.1155310528106,3143.1610399519905
0+6+12+18,2025-05-12,55626.12271243141,57408.954005469815,1505.2749041666646,58914.22890963648,33111.50778772933,2485.5419524510526,6687.286004831931,42284.335745012315,2952.723291255138,1169.891998216736
0+6+12+18,2025-05-13,64636.29115312071,59231.159209299716,1201.1091819444462,60432.268391244164,37859.32763421592,-977.7495304469602,5792.833805238202,42674.41190900716,505.477330733197,5910.6092745541855
0+6+12+18,2025-05-14,63028.20192676611,59694.443679869684,963.1280472222209,60657.571727091905,38032.36050077957,-967.5295927411969,3935.7387245326317,41000.56963257101,378.15734235253535,3711.915589248965
0+6+12+18,2025-05-15,61829.94477007424,59896.44208939866,711.963431944445,60608.405521343106,37914.53200037076,-135.36222603938,2692.5438456097245,40471.7136199411,1323.4708347393678,3256.9735154149444
0+6+12+18,2025-05-16,58854.16810546981,56006.739049914264,0.0,56006.739049914264,35851.0999553423,-949.6554087726929,0.0,34901.44454656961,0.0,2847.429055555553
0+6+12+18,2025-05-17,66891.34851658093,64207.22392848078,3.5616666666666106,64210.78559514745,39858.48946880014,-857.62354030302,7.614843333333213,39008.48077183045,0.0,2684.1245881001414
0+6+12+18,2025-05-18,66484.45099698217,62679.79188887173,689.996774999999,63369.78866387173,39145.90378950878,-1054.530803104728,2209.1140456687426,40300.48703207279,0.0,3804.6591081104284
0+6+12+18,2025-05-19,60550.91036694101,56702.826623531204,497.6325041666664,57200.45912769787,35790.457003286036,-548.7632432626966,2599.3489901847206,37841.04275020806,335.59646686111194,4183.680210270919
0+6+12+18,2025-05-20,60057.88522263374,61283.33071901371,713.2296669410175,61996.560385954734,35707.15495163588,1326.4544538561095,3324.4129093820875,40358.02231487408,1259.2577033244195,33.81220694444437
0+6+12+18,2025-05-21,56671.6308803155,58878.258635939645,721.1550097222243,59599.41364566187,34291.02212009536,2474.279234620114,2756.033388404182,39521.33474311966,3000.0002880144016,793.372532390258
0+6+12+18,2025-05-22,59554.15739696502,58994.315994204386,451.94415663888935,59446.26015084328,36108.05381034689,-139.8801930244479,1868.4614841684615,37836.63510149091,0.0,559.841402760631
0+6+12+18,2025-05-23,63681.17096476337,62541.40236656379,0.0,62541.40236656379,37667.794076741186,1269.5578769016806,0.0,38937.351953642865,1532.4411237654303,2672.2097219650186
0+6+12+18,2025-05-24,57900.62112021604,57806.74927308527,0.0,57806.74927308527,35132.3541909966,25.498513177225703,0.0,35157.85270417383,128.18257407407367,222.05442120484963
0+6+12+18,2025-05-25,60570.73799840534,57056.58471328532,801.5410743055577,57858.12578759088,35902.438843632095,-649.6991913962488,3160.688089248627,38413.42774148448,140.40341638888864,3654.556701508917
0+6+12+18,2025-05-26,58637.32468204167,61978.05848152727,600.2798992283956,62578.33838075566,35441.74160239911,2700.131812819329,2020.7262027624258,40162.599617980864,3340.733799485595,0.0
0+6+12+18,2025-05-27,55899.014393227015,56754.25996754115,889.7792958333334,57644.03926337448,33971.59195733478,1950.6671360921796,3644.481234202084,39566.74032762904,2914.442386145409,2059.1968118312766
0+6+12+18,2025-05-28,63716.46592222222,62088.11763659928,384.7297486111107,62472.84738521039,37704.08732342305,-64.93052751094355,1489.4808535569434,39128.637649469056,318.9618678749985,1947.310153497939
0+6+12+18,2025-05-29,62960.61063472222,62176.56952251372,559.2642984053493,62735.83382091907,37420.34999897958,468.5486112905686,2462.1707811163033,40351.06939138645,979.7086306111125,1763.7497428196202
0+6+12+18,2025-05-30,66817.84670312071,61204.252502959185,0.0,61204.252502959185,40060.36914258423,-1352.7541844149816,0.0,38707.61495816925,96.89277108333329,5710.486971244851
0+6+12+18,2025-05-31,69685.75350154939,63672.28967743484,92.18666666666661,63764.47634410151,42418.67151516987,-2086.9078394535136,197.0950933333332,40528.858769049686,0.0,6013.463824114546
0+6+12+18,2025-06-01,77390.77704531893,71456.31407856652,6404.2475314444455,77860.56161001096,46832.32454412542,-2150.8204006408687,25838.80092771894,70520.30507120349,0.0,5934.462966752401
0+6+12+18,2025-06-02,78860.16936685526,68002.45811484911,6404.218571861111,74406.67668671023,48382.20696719123,-3511.75715652552,24502.008038227417,69372.45784889313,0.0,10857.71125200617
0+6+12+18,2025-06-03,72795.50102247941,71452.28955294924,5018.796670833333,76471.08622378256,44103.5510551509,627.1079276159978,20084.901039646524,64815.56002241342,1158.9898791666667,2502.2013486968367
0+6+12+18,2025-06-04,83604.211835631,70589.5017897169,5272.061034996568,75861.56282471347,51602.961057118155,-2173.1978654032855,19256.653410981256,68686.41660269612,3511.6019459754807,16526.311991889575
0+6+12+18,2025-06-05,73037.06383739712,72251.47889778807,5445.475443055555,77696.95434084363,43766.22054828738,418.2843224831281,21701.07329026598,65885.5781610365,582.255991666666,1367.8409312757162
0+6+12+18,2025-06-06,80123.133022548,76482.48089986111,0.0,76482.48089986111,49632.01412493882,-1154.005065928252,0.0,48478.00905901057,179.63926682098486,3820.2913895078864
0+6+12+18,2025-06-07,84918.85505138888,76817.3713530972,76.18833333333339,76893.55968643054,52746.05585316375,-2489.6632645568498,162.89065666666679,50419.283245273575,433.6741725416633,8535.157870833333
0+6+12+18,2025-06-08,69706.5844656725,66906.49916283025,4709.409445833332,71615.90860866358,41827.69843662318,35.55028954513588,18317.718874604165,60180.96760077248,1028.6597693460258,3828.745072188268
0+6+12+18,2025-06-09,79049.65121111111,73759.32385891152,3656.266552777777,77415.59041168929,48880.05287087361,-1842.585473698355,13866.685379341663,60904.152776516916,0.0,5290.327352199588
0+6+12+18,2025-06-10,74717.07478849452,74332.68871412893,3396.0369625000003,77728.72567662894,45518.96434463294,414.4447320326017,12284.280896715278,58217.689973380824,733.75413233882,1118.140206704389
0+6+12+18,2025-06-11,80712.11057977777,80058.20575150548,2697.8416876371703,82756.04743914265,50710.87706337326,106.22845193755506,10569.782887338075,61386.88840264888,477.1648324444454,1131.0696607167279
0+6+12+18,2025-06-12,79529.63437673182,78376.6214953846,1439.4940446330588,79816.11554001766,49388.73780638222,-447.9652186823187,5568.356190916031,54509.12877861592,0.0,1153.0128813472231
0+6+12+18,2025-06-13,80448.31446826833,79144.85983436917,0.0,79144.85983436917,50009.482354239706,-230.9078037713358,0.0,49778.57455046837,312.18080972222185,1615.6354436213933
0+6+12+18,2025-06-14,81536.44776375171,76547.69485833333,0.0,76547.69485833333,49990.154293713495,-1583.6852382236968,0.0,48406.4690554898,0.0,4988.752905418383
0+6+12+18,2025-06-15,73965.39111627228,75472.14962165637,1887.4926131805576,77359.64223483692,45455.07694614427,1178.8734066219865,7618.054498574584,54252.00485134084,1649.1023095507592,142.3438041666668
0+6+12+18,2025-06-16,77837.53947129182,77636.03978742077,1748.2164291666677,79384.25621658744,48006.49774434583,-37.160090407977364,7059.422811186811,55028.760465124666,35.42105542935718,236.92073930041033
0+6+12+18,2025-06-17,80098.13796541494,80817.50328729422,1460.511614125001,82278.01490141923,49602.09087936391,1233.4891580848198,5914.0200150184355,56749.60005246717,1363.1846425583035,643.8193206790157
0+6+12+18,2025-06-18,80843.76291838134,79048.37253907749,758.7884749999998,79807.16101407749,49948.55817164031,-84.17384160479935,3004.507316759027,52868.89164679454,734.7303926097416,2530.1207719135837
0+6+12+18,2025-06-19,76841.25717973249,74330.00589427297,1624.1559208333329,75954.1618151063,47131.75638834956,752.1361448368021,6812.638192306249,54696.530725492616,2054.5531163237283,4565.8044017832635
0+6+12+18,2025-06-20,79451.10218472223,76858.98329534498,0.0,76858.98329534498,49076.74647880375,-939.885401807114,0.0,48136.86107699663,0.0,2592.1188893772296
0+6+12+18,2025-06-21,74343.05803558246,74194.00876261025,0.0,74194.00876261025,45952.65598009236,58.991351597314086,0.0,46011.64733168967,118.8614819444445,267.91075491666504
0+6+12+18,2025-06-22,74581.25031387173,74228.38684979903,1024.2372486111149,75252.62409841015,45152.43047003234,2057.779463862642,4129.831958422938,51340.041892317924,2270.6990959581594,2623.5625600308626
0+6+12+18,2025-06-23,75582.74032003377,75342.00309511951,664.0074364583353,76006.01053157785,47076.59587974889,-80.48448346618257,2716.0542137040024,49712.16560998671,0.0,240.73722491426446
0+6+12+18,2025-06-24,87201.96061944443,84504.84714867969,861.3007875000008,85366.1479361797,54860.31037643861,-968.1676326650543,3146.1940634854222,57038.33680725898,0.0,2697.113470764746
0+6+12+18,2025-06-25,78372.91368487653,79376.21077313324,741.3576222222237,80117.56839535545,48001.21712721663,1629.239487617717,3516.1692322541785,53146.62584708853,1506.4894150205755,503.19232676388583
0+6+12+18,2025-06-26,75320.3980254801,75717.8572553155,827.4383652777786,76545.29562059327,46867.11663615812,412.80439531933996,3636.79651902431,50916.71755050177,526.2382451131658,128.77901527777726
0+6+12+18,2025-06-27,78026.33264727521,73135.1653443678,0.0,73135.1653443678,49134.819585546036,-1883.8132799852722,0.0,47251.00630556076,0.0,4891.167302907412
0+6+12+18,2025-06-28,76925.65200710151,76989.38587275875,0.0,76989.38587275875,48162.080115368764,166.89961803734326,0.0,48328.97973340611,295.2463190694443,231.51245341220772
0+6+12+18,2025-06-29,73640.96534322701,76264.80294544085,1360.4852861111128,77625.28823155197,45056.92516183178,3445.685452229217,4316.296820081255,52818.90743414225,3175.774821227712,551.9372190138873
0+6+12+18,2025-06-30,79981.5909963786,78734.89880658333,711.4583333333312,79446.35713991665,49700.82246293185,-119.41550480911285,2648.019042627069,52229.42600074981,334.83873611111176,1581.5309259063752
0+6+12+18,2025-07-01,70877.38221376885,71657.97255269942,11789.888834583335,83447.86138728276,43401.58799988911,650.4675283195918,43348.17845933231,87400.23398754101,792.1603555972263,11.570016666666561
0+6+12+18,2025-07-02,68531.7922380144,67145.723215655,9582.747388214673,76728.47060386967,42560.14973184124,-485.6110690114941,36278.27879343005,78352.8174562598,0.0,1386.0690223593951
0+6+12+18,2025-07-03,77235.2865717349,76329.65549282543,8628.450653375003,84958.10614620044,47588.76784744527,-289.7545565794812,32705.306764104964,80004.32005497075,89.51655972222181,995.1476386316913
0+6+12+18,2025-07-04,69890.00331207133,71541.2543620571,0.0,71541.2543620571,43088.262261168056,2423.6883392823197,0.0,45511.95060045038,2792.6670672697146,1141.4160172839524
0+6+12+18,2025-07-05,68922.26623928326,68897.03033763717,71.99833333333322,68969.02867097051,42738.244063968064,201.98500914924108,153.93243666666643,43094.161509783975,262.17128921467213,287.4071908607672
0+6+12+18,2025-07-06,71735.62298940329,75561.65880939644,9014.582594555555,84576.241403952,44910.166570094996,3227.2520127784746,34479.0618008485,82616.48038372197,3923.9967588820323,97.96093888888856
0+6+12+18,2025-07-07,73639.78108333332,69852.46113018758,7903.253213683128,77755.71434387071,45618.855410746604,-1002.9809202743085,28802.88005491301,73418.75454538531,141.9602824166666,3929.280235562414
0+6+12+18,2025-07-08,77435.74526563786,73183.37143228739,7478.055553569442,80661.42698585683,48052.57586023798,-1221.981241316102,28733.25710073801,75563.85171965988,37.985316666666506,4290.35915001715
0+6+12+18,2025-07-09,79243.12661775926,75417.86848335047,5371.080665361113,80788.94914871157,48801.759100097996,-1192.4661711830527,20591.387690174575,68200.68061908951,36.1445638888888,3861.402698297667
0+6+12+18,2025-07-10,74584.29668432786,73762.95702043895,4766.874117900731,78529.83113833968,46746.587110323206,-60.10819443548701,16725.236647097085,63411.7155629848,101.05963194444405,922.3992958333347
0+6+12+18,2025-07-11,83627.10188948901,81596.40744916821,0.0,81596.40744916821,52335.90109824757,-736.5393527162398,0.0,51599.36174553133,0.0,2030.69444032082
0+6+12+18,2025-07-12,74261.97550495542,78694.45044655452,0.0,78694.45044655452,46608.45943968913,3759.158430718104,0.0,50367.61787040724,4432.474941599106,0.0
0+6+12+18,2025-07-13,80927.95861666667,74459.59069453018,2175.085945791665,76634.67664032185,51554.27845628583,-2386.3659995196576,8281.901355317805,57449.81381208397,0.0,6468.367922136485
0+6+12+18,2025-07-14,77374.897669393,74636.07280812963,2995.552140277778,77631.6249484074,47798.879885699615,-413.94325718259273,12383.945727583334,59768.88235610036,316.49114900755086,3055.316010270924
0+6+12+18,2025-07-15,81521.71527548009,76690.2989361797,2529.4896163194435,79219.78855249914,50626.71947291131,-1328.5450991389632,9012.99613424436,58311.1705080167,0.0,4831.416339300416
0+6+12+18,2025-07-16,78976.27356397462,77114.00114581206,2603.355066666665,79717.35621247873,50059.416153820195,-583.9263078733917,8545.795836982632,58021.28568292943,267.18324224554493,2129.4556604081
0+6+12+18,2025-07-17,77082.59332515432,78155.5497227709,1749.8819631210579,79905.43168589196,48146.75220159504,1834.4936486844217,7026.833783410013,57008.07963368947,1818.4895906721558,745.5331930555535
0+6+12+18,2025-07-18,88119.48480663888,82510.16790252057,0.0,82510.16790252057,55499.22504525643,-1770.5422540053776,0.0,53728.682791251056,292.28420586111054,5901.6011099794305
0+6+12+18,2025-07-19,85932.46183237311,76765.77724176954,31.365000000000123,76797.14224176954,54699.746468524114,-1895.606872809968,67.05837000000027,52871.19796571414,1846.2283959876463,11012.912986591213
0+6+12+18,2025-07-20,82754.99149986281,80398.59540229765,731.4057333333328,81130.00113563098,51344.02633625514,-496.7153747244294,2997.8299265513856,53845.140888082096,218.5857124999999,2574.9818100651632
0+6+12+18,2025-07-21,83721.37340507544,81926.3437145919,852.9014694444456,82779.24518403635,52466.07927616263,31.198626665449297,3113.2925456465323,55610.57044847461,892.2196663751712,2687.2493568587115
0+6+12+18,2025-07-22,79983.0985679698,82620.88108535664,1042.0314652777777,83662.91255063441,50331.95402278108,5463.060676669844,3803.7793364506947,59598.79403590162,7327.737374793558,4689.954857406725
0+6+12+18,2025-07-23,90031.92154480451,81328.45712716837,1012.2540236111115,82340.71115077948,57144.36119916051,-2916.8918630260055,3767.9559110277796,57995.425247162275,0.0,8703.464417636147
0+6+12+18,2025-07-24,89696.87591263888,83686.43661592936,383.7468343472234,84070.18345027659,56964.69675779075,-2042.4130443906283,1332.1159266857926,56254.39964008592,0.0,6010.4392967095355
0+6+12+18,2025-07-25,79840.80628029836,80785.49513352195,0.0,80785.49513352195,50345.26181538773,2153.6788206902734,0.0,52498.940636078,3354.333805295946,2409.644952072355
0+6+12+18,2025-07-26,85641.2478168726,83670.28398847753,0.0,83670.28398847753,53493.80237479842,-466.5488555622786,0.0,53027.25351923614,180.99766250000016,2151.961490895059
0+6+12+18,2025-07-27,82385.03196471209,82492.58622016221,669.4544972222204,83162.04071738443,51514.142867513845,1097.4086409902434,2365.64405413402,54977.19556263811,1092.9696700334362,985.4154145833318
0+6+12+18,2025-07-28,85568.59715348079,86018.58877148284,1098.542152777778,87117.13092426062,53684.5020422064,1234.1010747283658,4138.051880140974,59056.65499707573,1033.8365270555512,583.8449090534891
0+6+12+18,2025-07-29,82923.45235221193,86539.1055042867,309.0582041249995,86848.1637084117,52017.73360793534,3364.0387870417126,1297.2545058605326,56679.02690083758,3632.6884437414337,17.035291666666694
0+6+12+18,2025-07-30,76742.03199722222,83592.74477819855,506.9447249999997,84099.68950319855,48322.08748478736,6468.792651740311,1777.1996905312492,56568.079827058915,6850.7127809763415,0.0
0+6+12+18,2025-07-31,81544.04046316014,83154.31454063187,582.1325652777782,83736.44710590964,50985.39349763621,1728.4186883253471,2231.462132067364,54945.27431802892,1610.2740774717124,0.0
0+6+12+18,2025-08-01,81926.74859727366,74974.476402572,0.0,74974.476402572,51870.191536716586,-1857.509330478023,0.0,50012.68220623856,517.6708265432111,7469.943021244853
0+6+12+18,2025-08-02,89357.62696388888,77282.2921037037,32.52833333333342,77314.82043703704,56522.38895885319,-3822.547576975463,69.54557666666685,52769.38695854439,0.0,12075.334860185185
0+6+12+18,2025-08-03,71817.36487705761,70696.47141860424,491.564667764061,71188.0360863683,45621.23370771947,569.931632749239,2089.906473490686,48281.071813959396,1157.6419699410167,2278.5354283943757
0+6+12+18,2025-08-04,76602.82877090192,74084.13283149862,652.073381944446,74736.20621344306,49080.75054684581,-478.27445480868073,2663.359729791673,51265.835821828805,1316.8581837448578,3835.554123148154
0+6+12+18,2025-08-05,75119.58830862484,75627.81659902657,214.50761666666648,75842.32421569324,47822.27567113583,768.115739527554,927.9887556999995,49518.38016636338,1631.159079290635,1122.9307888888907
0+6+12+18,2025-08-06,82858.67772926955,79194.23573735409,226.66126249999928,79420.89699985409,53485.20986302561,-1455.1038530977899,939.5725520749966,52969.67856200282,41.83214345833403,3706.274135373793
0+6+12+18,2025-08-07,83769.80673525376,75185.15586776406,315.1981527777783,75500.35402054184,52237.76958780081,-1595.6440133990932,941.7944846826408,51583.92005908436,689.5896875000004,9274.240554989705
0+6+12+18,2025-08-08,73087.76577099999,72993.35331961111,0.0,72993.35331961111,46543.67540638721,-39.63043610993051,0.0,46504.044970277275,0.0,94.41245138888883
0+6+12+18,2025-08-09,78059.30150123456,75541.3798383059,0.0,75541.3798383059,49212.15757484154,-676.6946313293959,0.0,48535.462943512146,0.0,2517.9216629286666
0+6+12+18,2025-08-10,77529.91794760476,74608.8044889285,298.2612166666681,74907.06570559516,49486.5387287385,-1026.0474699299073,1024.4928852222272,49484.98414403082,0.0,2921.1134586762723
0+6+12+18,2025-08-11,75863.93103225308,76503.12694924553,353.16379027777793,76856.2907395233,47429.08885262847,988.5751726191263,1269.8842606548621,49687.548285902456,865.5168308813436,226.32091388888904
0+6+12+18,2025-08-12,82221.6467717764,79618.59738290467,249.02775694444404,79867.62513984911,51555.21540541417,19.49970804474367,825.6612452499982,52400.37635870891,757.4364833333336,3360.4858722050703
0+6+12+18,2025-08-13,75120.13395684156,75285.14494679355,585.9282888888886,75871.07323568243,47051.93989961672,341.0049389427487,2326.3065358604163,49719.25137441989,367.5079385631018,202.49694861111084
0+6+12+18,2025-08-14,77085.11300670439,78097.0091810871,143.12566805555568,78240.13484914265,49069.98270311192,1130.6574823932108,550.3394485833337,50750.979634088464,2084.1663846364972,1072.2702102537785
0+6+12+18,2025-08-15,86549.60783993483,75761.01873609396,0.0,75761.01873609396,54873.154882570525,-3513.4751232637277,0.0,51359.6797593068,0.0,10788.589103840879
0+6+12+18,2025-08-16,84187.06953794582,73134.34982295951,0.0,73134.34982295951,53964.06446856966,-3646.811960247168,0.0,50317.25250832249,0.0,11052.719714986286
0+6+12+18,2025-08-17,79780.99099439266,74936.81967321673,324.49299583333345,75261.31266905006,49742.65259125562,-995.4788940175677,1670.862382434027,50418.03607967207,261.0214944444447,5105.192815620367
0+6+12+18,2025-08-18,76810.21175980795,75104.45175951647,337.7923833333328,75442.2441428498,48888.99313375089,-639.793003439268,1516.0717130638886,49765.27184337551,0.0,1705.7600002914871
0+6+12+18,2025-08-19,76230.55728592249,75119.84996186556,438.95202638888895,75558.80198825445,48264.576532011284,-2.252023194400863,2185.1425462263896,50447.46705504327,507.6976805555555,1618.4050046124853
0+6+12+18,2025-08-20,84368.05329270953,79883.28728895748,393.36983611111174,80276.6571250686,52736.10191553882,-873.6783532497939,1566.2751829173635,53428.69874520639,417.1321469166681,4901.898150668728
0+6+12+18,2025-08-21,80696.69687451988,76342.55396479767,322.64118834019155,76665.19515313786,50457.62231937793,-979.4099159537716,1177.6356878261277,50655.848091250286,223.19033472222054,4577.333244444444
0+6+12+18,2025-08-22,79801.08902002743,73610.23063199587,0.0,73610.23063199587,50745.66261039121,-1720.1851976950106,0.0,49025.4774126962,221.21344578189326,6412.071833813441
0+6+12+18,2025-08-23,77269.93107690329,75971.09568024692,0.0,75971.09568024692,48576.41672225312,700.5720830742584,0.0,49276.988805327375,1601.4082279149538,2900.2436245713243
0+6+12+18,2025-08-24,75655.70263825446,73518.03264240397,319.59675000000027,73837.62939240396,48470.84916966292,1004.3851082246081,1283.2993098034722,50758.533587691,2196.3585052812077,4334.028501131688
0+6+12+18,2025-08-25,96706.28622554868,81079.81598583676,249.68236805555537,81329.49835389231,61686.054271802976,-5287.624883929664,829.8073602562499,57228.236748129566,0.0,15626.47023971193
0+6+12+18,2025-08-26,76781.55352896091,75595.40773842591,180.15055416666706,75775.55829259258,49328.86268753776,-430.62574585588544,613.7943369430579,49512.031278624934,81.20688501371711,1267.3526755486998
0+6+12+18,2025-08-27,77868.70807772633,79868.16753588819,113.6707444444441,79981.83828033264,49753.32528142021,3245.3970307923296,458.8263458187489,53457.54865803129,4070.8591365569346,2071.39967839507
0+6+12+18,2025-08-28,77356.67826481481,80139.59899579904,689.5436374999999,80829.14263329904,48343.42489195375,3552.766423132578,2808.0332253743036,54704.22454046063,3107.8906768175593,324.9699458333335
0+6+12+18,2025-08-29,87485.06304126131,78214.24360121743,0.0,78214.24360121743,55654.39460229072,-2641.675723978193,0.0,53012.718878312524,436.5543916666667,9707.373831710558
0+6+12+18,2025-08-30,82687.48834415294,74588.81467400548,0.0,74588.81467400548,52767.757032425936,-2437.328228207638,0.0,50330.428804218296,0.0,8098.673670147465
0+6+12+18,2025-08-31,75922.53697419632,75957.34941984105,637.6122333847783,76594.96165322582,48493.25263947247,95.25722137756767,2571.963470255888,51160.47333110593,198.8643257715991,164.05188012688723
0+6+12+18,2025-09-01,84560.34457361112,77014.06350727024,0.0,77014.06350727024,52955.23542308598,-1624.0830992077751,0.0,51331.1523238782,801.0058982167393,8347.286964557614
0+6+12+18,2025-09-02,75676.0201558299,76067.46149045833,0.0,76067.46149045833,47590.67884132746,1717.255103322277,0.0,49307.93394464974,2182.0119137779475,1790.5705791495193
0+6+12+18,2025-09-03,80472.10480456104,77559.9853015432,0.0,77559.9853015432,50660.312043256636,-496.4583719225312,0.0,50163.8536713341,269.31827916666583,3181.4377821844987
0+6+12+18,2025-09-04,78089.12471805555,75197.72807303634,73.84267638888889,75271.57074942523,49939.199537359724,-716.2711685440537,177.64689281041666,49400.57526162609,125.85735011111024,3017.253995130319
0+6+12+18,2025-09-05,73550.65123688529,72689.15965204303,0.0,72689.15965204303,47194.74188095667,-408.6303293428643,0.0,46786.11155161381,0.0,861.4915848422553
0+6+12+18,2025-09-06,74320.18826839849,74214.54355414951,0.0,74214.54355414951,47352.85185326754,300.7532496353315,0.0,47653.60510290287,510.2676347222201,615.912348971194
0+6+12+18,2025-09-07,74165.66834178669,76073.25915589849,45.06188333333341,76118.32103923181,47097.9698553699,2375.278311071842,253.5412121354171,49726.78937857716,3429.101073731135,1521.5102596193433
0+6+12+18,2025-09-08,81274.32917526973,80601.29475735596,0.0,80601.29475735596,51248.583384350284,943.3635135650202,0.0,52191.9468979153,1557.0252157578873,2230.059633671642
0+6+12+18,2025-09-09,71550.51440838477,73270.18448615671,32.128440277778,73302.31292643449,45732.81648287551,3064.7766179665723,76.86729336458386,48874.46039420667,3318.711537305556,1599.0414595336092
0+6+12+18,2025-09-10,83009.26689580554,80790.90446026303,28.048130555555304,80818.95259081859,52418.42048021447,341.0515689703875,86.14628116249911,52845.61833034736,1419.184227941354,3637.5466634838767
0+6+12+18,2025-09-11,82389.6106616598,73863.84982870371,96.99231527777778,73960.84214398148,52319.759683227734,-2474.6851064619027,523.4905669027778,50368.56514366861,0.0,8525.760832956108
0+6+12+18,2025-09-12,73376.76131886145,74450.11260169666,0.0,74450.11260169666,47102.33072770883,1348.980219844627,0.0,48451.31094755346,1729.3770197865233,656.0257369513034
0+6+12+18,2025-09-13,72231.48507743483,73339.43255186899,0.0,73339.43255186899,46423.88779073685,1021.9184310352017,0.0,47445.80622177205,1396.895348868316,288.9478744341568
0+6+12+18,2025-09-14,85113.88496040809,79927.25798396775,0.0,79927.25798396775,54317.2307384769,-1699.632763732909,0.0,52617.59797474399,94.34651388888881,5280.973490329217
0+6+12+18,2025-09-15,70398.03439209535,70682.08122887518,566.3071888888888,71248.38841776407,45315.37079912417,262.0737055287676,2066.596615002777,47644.04111965571,284.0468367798346,0.0
0+6+12+18,2025-09-16,84230.91160651852,79204.58256034585,0.0,79204.58256034585,53144.06168932151,-1589.1735390912659,0.0,51554.88815023025,41.35523023611108,5067.684276408772
0+6+12+18,2025-09-17,80194.2973174554,77991.11539512705,128.59832500000024,78119.71372012705,51394.95838397021,-817.0461434983853,551.2601210284733,51129.17236150029,9.408136125001818,2212.590058453363
0+6+12+18,2025-09-18,72622.32908155007,78174.1471401058,10.966204166666785,78185.11334427245,46439.8264340536,4936.517830793692,25.955578991667,51402.29984383896,6256.30021315106,704.4821545953362
0+6+12+18,2025-09-19,78670.20634768519,78514.28673388204,0.0,78514.28673388204,49763.48913633486,76.86223964064196,0.0,49840.3513759755,139.98421258573558,295.9038263888898
0+6+12+18,2025-09-20,75373.23459034637,77193.39011385458,0.0,77193.39011385458,48311.81520733744,1700.2278766843194,0.0,50012.04308402176,2425.2594269890233,605.1039034807939
0+6+12+18,2025-09-21,76927.38530514404,75099.66252517147,11.513304166666558,75111.17582933814,48490.15830558383,-524.6179683998166,32.86869340416634,47998.40903058818,0.0,1827.7227799725651
0+6+12+18,2025-09-22,78297.22744705074,71978.15781279148,369.4095847222228,72347.5673975137,49250.52487842347,-2003.128098441118,1064.9019292263897,48312.29870920874,0.0,6319.069634259259
0+6+12+18,2025-09-23,76400.19805298353,74670.44275857578,39.265666666666675,74709.70842524245,47983.455369158146,-535.2627439524329,166.18796429166684,47614.380589497385,0.0,1729.7552944077527
0+6+12+18,2025-09-24,66929.87419665637,69805.11867315447,640.9157138888891,70446.03438704336,42456.86116548654,2154.8396784044676,1774.1271063979184,46385.82795028892,2875.244476498117,0.0
0+6+12+18,2025-09-25,72962.10998295611,72855.1199452332,198.70388055555577,73053.82382578874,45560.71450906506,360.14002832660674,760.5644242708338,46681.4189616625,616.5350650548635,723.5251027777774
0+6+12+18,2025-09-26,80049.91522695473,75032.93533732853,0.0,75032.93533732853,50422.64914901226,-1730.6912256270523,0.0,48691.957923385206,0.0,5016.979889626205
0+6+12+18,2025-09-27,67167.11584751372,71238.19442986556,0.0,71238.19442986556,42251.45569430336,4102.4260998937425,0.0,46353.88179419711,5036.187559375163,965.1089770233225
0+6+12+18,2025-09-28,70742.40748175583,72966.73668200069,291.9763972222221,73258.71307922291,44165.92420852315,3359.6086043247874,1217.4269702006936,48742.95978304863,4765.487552452506,2541.158352207648
0+6+12+18,2025-09-29,73852.69401249998,68258.76271850137,1283.589291666666,69542.35201016803,46435.24794894083,-1782.6545901460788,4864.174647371525,49516.768006166276,35.8169912208586,5629.7482852194735
0+6+12+18,2025-09-30,72559.06558161866,72840.30940436866,799.3057155178294,73639.61511988648,45969.725125593766,489.7870178935226,3410.487187682897,49869.999331170184,495.5193824722205,214.27555972222217
0+6+12+18,2025-10-01,70018.54544648492,65519.23696376046,34.82689583333308,65554.06385959379,43496.33199262186,-1144.3387143684774,84.20584920833242,42436.19912746172,46.65055390277712,4545.959036627235
0+6+12+18,2025-10-02,75327.24859103377,66070.65006126542,120.11445694444444,66190.76451820986,47214.67409774869,-3029.7602948818244,313.4191485152777,44498.332951382145,0.0,9256.598529768346
0+6+12+18,2025-10-03,67089.60294969135,63611.25542833231,0.0,63611.25542833231,41564.99674739699,-694.6609564524281,0.0,40870.33579094456,184.91699937139882,3663.264520730445
0+6+12+18,2025-10-04,78997.03989497221,67950.12676003086,0.0,67950.12676003086,49451.89352420144,-3486.6066093392965,0.0,45965.28691486215,0.0,11046.913134941358
0+6+12+18,2025-10-05,73910.58410149177,65858.98471215792,249.94742222222234,66108.93213438014,45859.34484456605,-2258.6669848363063,711.1906295881954,44311.86848931793,94.6759875694454,8146.275376903296
0+6+12+18,2025-10-06,63058.58991558641,65393.79468481361,875.0270916666666,66268.82177648028,39800.87883414148,1720.8463509620735,2830.7006247576387,44352.42580986118,2552.025919347225,216.8211501200284
0+6+12+18,2025-10-07,68564.35309492456,68748.80462105625,138.83459166666637,68887.63921272292,42341.499376636995,984.321405722972,429.3162824604156,43755.13706482038,995.4223296982204,810.9708035665351
0+6+12+18,2025-10-08,67167.94525975651,66238.9186643004,332.655895833333,66571.57456013374,41757.44662105596,-241.01379717863932,1180.2394608729137,42696.67228475024,20.02212777777754,949.0487232338807
0+6+12+18,2025-10-09,76282.0914427469,65271.420128034966,239.40217500000048,65510.82230303497,47686.041462367415,-3350.9010586747368,890.0325175819469,45225.17292127462,0.0,11010.671314711932
0+6+12+18,2025-10-10,73725.97423203017,66684.55961728394,0.0,66684.55961728394,46220.93586099261,-2189.250620132189,0.0,44031.685240860425,0.0,7041.414614746232
0+6+12+18,2025-10-11,74283.36069008916,70346.96614667351,0.0,70346.96614667351,46352.754236111905,-819.3594213885503,0.0,45533.39481472335,336.0869819444442,4272.4815253600855
0+6+12+18,2025-10-12,69008.84451586076,67567.76008103567,566.2813996111133,68134.04148064677,42634.20007394338,64.05339686227018,2283.023153386939,44981.276624192586,361.95198333333485,1803.0364181584346
0+6+12+18,2025-10-13,70899.3176829218,65271.764050257196,907.955477777778,66179.71952803497,43954.330714701864,-1323.4416938887614,3234.598564715279,45865.48758552838,346.8330277777807,5974.386660442385
0+6+12+18,2025-10-14,73707.53364384259,67800.55889878256,1232.9395236111127,69033.49842239368,46010.40682678416,-658.377642159146,4257.190543721532,49609.21972834654,1650.459920629278,7557.4346656892985
0+6+12+18,2025-10-15,76603.47017069341,70621.90355886487,490.4005513888897,71112.30411025375,48028.085713116656,-1871.1861295345602,1319.3045240909742,47476.20410767307,159.459878960901,6141.026490789441
0+6+12+18,2025-10-16,73141.4211151063,72575.91536411797,297.730563888888,72873.64592800687,45895.63503998361,27.934569456016618,994.9325158131918,46918.50212525282,256.9623188333322,822.4680698216758
0+6+12+18,2025-10-17,63441.35521944444,69296.67865327501,0.0,69296.67865327501,39445.675156734156,5622.758575504778,0.0,45068.43373223893,5855.323433830584,0.0
0+6+12+18,2025-10-18,75487.9934853443,71463.99799734703,0.0,71463.99799734703,47040.40958862687,-1209.6976164787702,0.0,45830.7119721481,238.7240999999998,4262.719587997257
0+6+12+18,2025-10-19,73422.4164289952,71290.1850646605,649.4984138888879,71939.68347854938,46098.133679848965,-637.2256160815375,2472.2321737340208,47933.140237501444,0.0,2132.2313643347047
0+6+12+18,2025-10-20,76393.89972846364,73859.75297098767,290.8590138888889,74150.61198487655,48152.41170099666,-899.1255961860372,1044.20472544375,48297.49083025437,0.0,2534.146757475991
0+6+12+18,2025-10-21,75244.8259128659,74835.78052016444,494.8807111111115,75330.66123127555,46993.27125740692,-37.94848517416443,1759.3300245569465,48714.652796789705,391.47709303240543,800.5224857338819
0+6+12+18,2025-10-22,73223.18882925241,73941.5248175583,324.07402499999966,74265.59884255829,45990.69631334061,760.7134019603247,949.4655196388883,47700.87523493982,1028.918039780521,310.5820514746249
0+6+12+18,2025-10-23,83270.29602779492,71037.46483118998,502.29833472222344,71539.7631659122,52013.5753206239,-3499.1415057026447,1461.9825631951421,49976.416378116395,417.18269166666767,12650.013888271598
0+6+12+18,2025-10-24,72108.74964855966,72086.81048734568,0.0,72086.81048734568,44840.90708930744,1180.6337844863401,0.0,46021.540873793776,1603.4202445987657,1625.3594058127596
0+6+12+18,2025-10-25,77184.8019526749,72987.17347740056,0.0,72987.17347740056,47816.804992435296,-1224.4454460023774,0.0,46592.35954643292,119.14907222222496,4316.777547496569
0+6+12+18,2025-10-26,76064.79800788753,70656.47665742456,721.3836958333345,71377.8603532579,47147.88166944132,-1379.5745547524964,2191.2514151743108,47959.558529863134,532.0921999828543,5940.413550445821
0+6+12+18,2025-10-27,69288.68067071331,72344.27884749658,303.288909722223,72647.5677572188,43026.19074379358,4039.90055753969,1143.5561295104208,48209.64743084369,5017.746360922489,1962.1481841392276
0+6+12+18,2025-10-28,69685.54178106996,73001.07998837449,297.8009652777776,73298.88095365227,43383.970861871174,3439.876555602742,859.4270420958314,47683.27445956975,3643.771948799728,328.2337414952008
0+6+12+18,2025-10-29,78236.79381319975,77618.85022789454,257.7761444444441,77876.62637233899,48474.15339527777,-146.01165964432772,899.7777876902775,49227.91952332372,49.34156527777918,667.2851505829886
0+6+12+18,2025-10-30,69318.6756630144,71306.06834003805,711.3612537916731,72017.42959382973,42967.450364685756,2215.5712522214735,2733.472007107205,47916.49362401444,2009.5332700792155,22.14059305555901
0+6+12+18,2025-10-31,78717.77101806874,76634.71742518467,0.0,76634.71742518467,48986.0106727722,-767.7696832407377,0.0,48218.24098953146,0.0,2083.0535928840836
0+6+12+18,2025-11-01,74055.10197463991,74548.96895192045,0.0,74548.96895192045,45785.979125002035,485.9569804930669,0.0,46271.9361054951,750.9936008916327,257.1266236111112
0+6+12+18,2025-11-02,74688.94105090876,75917.50651815945,542.1524333333346,76459.65895149279,46479.89798194199,2622.553210335366,2006.8920072243113,51109.34319950167,3739.916075412549,2511.350608161867
0+6+12+18,2025-11-03,79838.10024027777,76874.85405234326,392.0470999999993,77266.90115234326,49443.29967975819,-884.8359703493711,1230.1003421874975,49788.56405159632,133.20156843278585,3096.4477563672876
0+6+12+18,2025-11-04,74352.97318331618,75338.35165227161,502.5518385833335,75840.90349085494,46106.339177147966,1359.4384723996009,1925.7307956576417,49391.50844520521,1544.9348815240046,559.5564125685803
0+6+12+18,2025-11-05,82807.02700504115,76744.69057664438,528.8527013888882,77273.54327803326,51662.388645551946,-2053.697291670373,2115.366310488887,51724.057664370455,15.32685277777773,6077.663281174554
0+6+12+18,2025-11-06,77910.19591527776,78525.79757137841,636.8092347222223,79162.60680610064,48323.332364480826,1127.1685669958717,2525.850715377085,51976.351646853785,1099.8319452638907,484.23028916323705
0+6+12+18,2025-11-07,75888.99206714678,77372.7607468949,0.0,77372.7607468949,47366.05470454313,2494.244462585244,0.0,49860.299167128374,3413.7998441171044,1930.0311643689981
0+6+12+18,2025-11-08,79518.0526505,76755.81028372222,0.0,76755.81028372222,49678.44231140198,-949.5357358348682,0.0,48728.90657556711,107.5967962638855,2869.8391630416677
0+6+12+18,2025-11-09,78747.07234502709,78666.63269641597,360.59693611111123,79027.22963252707,49069.96609065658,133.34310728020844,1368.2083153208346,50571.51751325762,179.9235958333336,260.3632444444447
0+6+12+18,2025-11-10,79660.98380250257,81307.02537192404,624.7487791666664,81931.7741510907,49801.119460742906,1940.0512626214477,2349.892290595138,54091.063013959494,2597.486468222225,951.444898800757
0+6+12+18,2025-11-11,82355.22549104938,79359.2496091075,322.6405055555556,79681.89011466305,51816.49291030853,-1060.776720577599,1044.239038443056,51799.95522817399,0.0,2995.9758819418753
0+6+12+18,2025-11-12,78961.519765625,79190.86504847222,300.99421318055954,79491.85926165277,49249.00426688048,2183.8811852493423,1307.5655349120734,52740.4509870419,2789.1590133170394,2559.8137304698175
0+6+12+18,2025-11-13,76791.92389807956,78634.87287129165,993.4314736111096,79628.30434490276,47985.216270411955,1972.8740976317424,3755.2437569242998,53713.334124967994,1904.2390009898813,61.29002777777828
0+6+12+18,2025-11-14,79256.84137487499,79200.78722477212,0.0,79200.78722477212,49219.58019352318,710.3771082242354,0.0,49929.95730174742,972.8710240054893,1028.9251741083685
0+6+12+18,2025-11-15,85121.42777201645,80468.75953852726,0.0,80468.75953852726,53673.05146222282,-1648.20300857826,0.0,52024.84845364456,0.0,4652.668233489201
0+6+12+18,2025-11-16,79375.3934209019,80977.9691892037,588.0003888888886,81565.96957809258,49513.97406378049,1977.7910120344634,2446.8675625388896,53938.63263835384,1717.5054784869708,114.92971018518787
0+6+12+18,2025-11-17,76187.11961599793,80691.75700182459,406.675524691358,81098.43252651594,47675.10714375322,4842.90286691042,1271.4691134054015,53789.47912406905,5221.219059077676,716.5816732510309
0+6+12+18,2025-11-18,80669.96834705916,80128.84415439796,1126.4901500000014,81255.33430439795,50413.440442043604,194.05705960946602,4234.672029304171,54842.169530957246,607.8801948388194,1149.0043875000015
0+6+12+18,2025-11-19,80202.67355812361,83161.77604185407,488.07148194444426,83649.84752379851,50133.85769427282,3747.994065600725,1718.3784253902754,55600.23018526382,3896.3351654691346,937.2326817386847
0+6+12+18,2025-11-20,80273.83280889077,81069.41686204578,626.0306791388914,81695.44754118467,50131.23786524579,923.4694866108678,2642.7778248393606,53697.48517669602,813.1303017661155,17.54624861111131
0+6+12+18,2025-11-21,80834.33584540276,82017.12234170336,0.0,82017.12234170336,50570.16898636399,1626.9709850528338,0.0,52197.13997141682,2126.145871780689,943.3593754801093
0+6+12+18,2025-11-22,87710.76534444444,83184.19028979767,0.0,83184.19028979767,55579.626695137915,-1616.6019184969275,0.0,53963.02477664099,0.0,4526.575054646775
0+6+12+18,2025-11-23,80585.05955673268,81441.37640150222,634.9262821666681,82076.30268366888,50539.959423967215,1475.7761577596564,2389.44997774659,54405.18555947346,1539.9243615390865,683.6075167695451
0+6+12+18,2025-11-24,79888.16938489882,79865.8780501766,953.250269684496,80819.12831986109,50161.99792378685,46.18576117749985,3353.3334406499425,53561.517125614286,83.32688055555548,105.61821527777772
0+6+12+18,2025-11-25,91466.43358256172,84042.66218132715,371.9385930555567,84414.6007743827,58275.36843433145,-2621.3480751388897,1277.069809415977,56931.090168608534,0.0,7423.771401234571
0+6+12+18,2025-11-26,86676.66298055556,85002.09853956755,402.99579027777713,85405.09432984533,54576.29759702236,-428.320407787963,1599.484242638886,55747.461431873286,145.336580805552,1819.9010217935556
0+6+12+18,2025-11-27,84281.375946262,83939.62062959533,386.07130787500023,84325.69193747033,53029.83040152008,-104.86044839208314,1569.1441363768972,54494.11408950489,22.25270694444464,364.00802361111096
0+6+12+18,2025-11-28,84663.24141930726,83765.40982157065,0.0,83765.40982157065,53453.09156137864,-212.11233182463909,0.0,53240.979229554,255.75661562071662,1153.5882133573373
0+6+12+18,2025-11-29,94444.94230841906,88251.93928787722,0.0,88251.93928787722,60169.46269602084,-2096.6686799977524,0.0,58072.79401602309,122.42591740397677,6315.428937945816
0+6+12+18,2025-11-30,86559.99316279149,86749.34544260975,664.9602387222235,87414.30568133197,54414.21017555414,743.5378578260132,2963.8801257694804,58121.62815914963,812.1058623285318,622.7535825102871
0+6+12+18,2025-12-01,89864.71242664609,85399.50119965707,6307.189290472219,91706.69049012929,57466.42242222058,-1673.4876821870575,22752.67165903565,78545.60639906918,0.0,4465.211226989027
0+6+12+18,2025-12-02,93218.78246870713,89249.4358565972,4854.0469625,94103.4828190972,59387.602598935475,-1327.906665555588,17702.825165305552,75762.52109868544,0.0,3969.3466121099145
0+6+12+18,2025-12-03,83678.96835996228,87482.46844196226,5189.939216666666,92672.40765862893,52895.715485777924,3688.429856962771,18242.880077831942,74827.02542057264,3822.3360125555564,18.83593055555548
0+6+12+18,2025-12-04,91779.68883888888,87695.31111699245,4777.444860458334,92472.75597745078,58859.59810440222,-1569.1994659368584,16922.452622054916,74212.85126052028,0.0,4084.377721896433
0+6+12+18,2025-12-05,90445.29331735254,89594.84361749588,0.0,89594.84361749588,57813.91555035353,-282.32576994824205,0.0,57531.58978040529,32.80642161111223,883.2561214677665
0+6+12+18,2025-12-06,92883.49848182441,91451.97637717763,0.0,91451.97637717763,59538.69843224318,-554.6733622680797,0.0,58984.025069975105,0.0,1431.5221046467766
0+6+12+18,2025-12-07,94327.92524444443,88903.36738204543,4209.935665277778,93113.3030473232,60401.59176131958,-1704.1294648701582,13382.019855464585,72079.48215191401,147.30685205555707,5571.864714454563
0+6+12+18,2025-12-08,94127.33868329904,92270.99249388889,2443.516126044925,94714.50861993381,60204.38575718721,-541.8370475628747,7661.7700578349795,67324.3187674593,74.14665590277605,1930.4928453129266
0+6+12+18,2025-12-09,93598.82612498285,91315.99984127228,2353.4248597222218,93669.4247009945,59878.8381963468,-622.8385631136892,8137.548927097916,67393.54856033102,89.37681805555519,2372.2031017661175
0+6+12+18,2025-12-10,90867.73434833676,91278.55834959721,3212.65995551389,94491.2183051111,57996.7405368601,539.8469029037472,11775.343121815258,70311.93056157911,1131.1095607777738,720.2855595173158
0+6+12+18,2025-12-11,94955.62916093963,91741.88958705554,1171.8565949305566,92913.7461819861,60555.44133777956,-1152.4466304733792,4138.3812239117415,63541.37593121792,0.47132733333592114,3214.210901217426
0+6+12+18,2025-12-12,94265.87161805555,94996.50158848609,0.0,94996.50158848609,60109.23411262777,801.1899577397481,0.0,60910.42407036752,951.1484551527781,220.51848472222218
0+6+12+18,2025-12-13,95135.02718009257,94933.80273148147,2.8350000000000364,94936.63773148147,61058.70539936481,805.8820259275974,6.061230000000077,61870.6486552924,1099.5435162208555,1300.7679648319681
0+6+12+18,2025-12-14,90453.87803609396,92224.53148909465,2459.2420800277782,94683.77356912242,57478.43945613332,1588.374755721288,10106.562114171626,69173.37632602622,1770.6534530006902,0.0
0+6+12+18,2025-12-15,90719.85973942043,93659.85622189642,1785.072630915638,95444.92885281207,57660.76008934255,2823.5719377699797,6783.614056247066,67267.9460833596,2939.9964824759945,0.0
0+6+12+18,2025-12-16,96498.45389444444,94842.81096388889,962.5903125000004,95805.40127638889,62081.3907896436,-626.4367994922912,3037.2793025340293,64492.233292685334,0.0,1655.6429305555548
0+6+12+18,2025-12-17,97384.57164322701,93805.50407229867,977.7056848333355,94783.209757132,62381.54273393348,-1247.3329283829744,3292.5094187141754,64426.71922426468,0.0,3579.0675709283264
0+6+12+18,2025-12-18,92944.99198749999,93215.00767920833,1013.087751388889,94228.09543059721,59541.60758862735,478.65141992093186,3251.4747337027766,63271.73374225106,487.320272263893,217.3045805555557
0+6+12+18,2025-12-19,93173.42832674895,94523.82928803154,0.0,94523.82928803154,59615.177061176146,1340.7638320530866,0.0,60955.940893229235,1637.0440167181177,286.643055435536
0+6+12+18,2025-12-20,95854.90284583332,94734.53848136145,0.0,94734.53848136145,61734.409442932636,-456.3606668182656,0.0,61278.048776114374,0.0,1120.364364471879
0+6+12+18,2025-12-21,95529.39926474623,94748.83430641289,1329.3861437499982,96078.22045016289,61023.24257756536,-22.257185122612725,4334.537858433325,65335.523250876075,351.1353574074111,1131.7003157407444
0+6+12+18,2025-12-22,93619.77005795609,94128.46138612277,1226.753098936901,95355.21448505967,60032.72023613579,463.53251415835456,4018.275288830252,64514.528039124394,579.8408989999997,71.14957083333366
0+6+12+18,2025-12-23,96311.85487832647,94110.25282356257,712.9272041666652,94823.18002772924,61592.738280470876,-670.1203290604772,2525.5867204874958,63448.204671897896,45.532533333333504,2247.1345880972276
0+6+12+18,2025-12-24,95536.47906244855,95065.06705034291,506.3747263888878,95571.44177673181,61462.33706084096,-183.29687483682986,1603.3857961368003,62882.42598214093,1.4672541666666348,472.8792662722892
0+6+12+18,2025-12-25,92372.54421385459,93826.84356784978,1308.4871819444438,95135.33074979422,58728.87978898777,1497.3033212045561,4552.0490518152765,64778.232162007596,1494.9572928840862,40.657938888889134
0+6+12+18,2025-12-26,94895.77140917353,95108.1622347908,0.0,95108.1622347908,60634.179858968,600.6782684765267,0.0,61234.858127444524,476.91619583333267,264.52537021604974
0+6+12+18,2025-12-27,96558.14639722221,96186.64385984722,0.0,96186.64385984722,61829.45139790639,229.4792362684601,0.0,62058.93063417485,339.5683555555548,711.0708929305556
0+6+12+18,2025-12-28,95441.35153187584,94250.76700404665,469.11831111111127,94719.88531515776,61051.84257316583,-459.51810886485833,1715.8913113833346,62308.2157756843,0.0,1190.5845278292131
0+6+12+18,2025-12-29,94415.484875,95358.65813103583,452.5403597222225,95811.19849075805,59955.23464859555,1052.7192262506887,1708.3528185152784,62716.30669336151,1091.756087980271,148.58283194444437
0+6+12+18,2025-12-30,95668.25442974965,93228.13681840277,720.0535868749978,93948.19040527777,61080.631030909506,-711.4270776495529,2841.32368153652,63210.52763479647,138.87185720833344,2578.989468555218
0+6+12+18,2025-12-31,97742.0858699417,96687.71820466392,522.2877667695477,97210.00597143346,62406.21958317963,-247.1979825071531,1743.7312085657422,63902.75280923821,0.0,1054.3676652777795
0+12+18,2025-02-01,93429.28859569615,90844.85200855623,0.0,90844.85200855623,59395.01843862276,-1008.687966418543,0.0,58386.33047220422,0.0,2584.436587139919
0+12+18,2025-02-02,93013.98304266117,91378.20319903977,13.789651388888956,91391.99285042865,58750.41665189426,-594.1111780016777,85.85586733194467,58242.16134122452,0.0,1635.7798436213989
0+12+18,2025-02-03,95562.53238888888,92481.89437361111,47.20604861111076,92529.10042222223,60470.27568131819,-1134.375532528401,180.46629751944312,59516.366446309235,0.0,3080.6380152777742
0+12+18,2025-02-04,97679.91239583332,93195.92583179011,74.05790972222232,93269.98374151233,62395.5796822361,-1692.7611744832025,245.02853587638936,60947.847043629285,0.0,4483.986564043211
0+12+18,2025-02-05,92742.84375982509,91286.07249431944,236.52665972222283,91522.59915404166,58761.72436063056,-578.2845305793346,636.9110721645852,58820.3509022158,0.0,1456.7712655056594
0+12+18,2025-02-06,98267.08830138888,92088.15815528118,19.80902916666662,92107.96718444784,62633.72605929402,-2338.9968805607323,105.75077096249994,60400.479949695786,0.0,6178.930146107679
0+12+18,2025-02-07,94385.3950288923,89749.96029170095,0.0,89749.96029170095,59972.692875450666,-1701.0562573007196,0.0,58271.63661814995,0.0,4635.434737191358
0+12+18,2025-02-08,86001.55528223576,86471.20141929132,0.0,86471.20141929132,53672.87581746682,507.32215869447674,0.0,54180.1979761613,469.64613705555666,0.0
0+12+18,2025-02-09,93405.08508194443,93369.3508986111,11.187437499999874,93380.5383361111,59036.70783862444,-7.790438347222179,54.49400806249938,59083.41140833972,0.0,35.734183333333135
0+12+18,2025-02-10,88767.52914999999,87474.38478858024,34.42862500000024,87508.81341358024,55678.15593494472,-447.3706233992367,177.0196096250014,55407.804921170486,0.0,1293.1443614197537
0+12+18,2025-02-11,89682.09669125514,84989.30234389575,41.001359722222155,85030.30370361797,56695.34691189259,-1815.0503192751985,104.43966979027772,54984.73626240767,0.0,4692.794347359395
0+12+18,2025-02-12,89814.88468055555,87787.98929665636,27.08039583333357,87815.06969248969,56505.9492984968,-744.1708522484953,147.61133887916787,55909.389785127474,0.0,2026.895383899176
0+12+18,2025-02-13,84346.8667236111,83899.57927527433,37.79403333333346,83937.37330860767,52353.97471950027,-17.959137055319616,192.23761216666767,52528.25319461162,128.3616695644737,575.649117901234
0+12+18,2025-02-14,86884.20855190328,87931.96095010288,0.0,87931.96095010288,54108.225898860124,1321.5605483884674,0.0,55429.78644724859,1187.7152662551462,139.96286805555485
0+12+18,2025-02-15,88290.5040494513,84592.94983763716,0.0,84592.94983763716,54966.396657073456,-1293.961928229358,0.0,53672.4347288441,0.0,3697.5542118141284
0+12+18,2025-02-16,89877.46801388887,85496.25438839162,136.49840972222182,85632.75279811384,56350.59278370708,-1626.9009265867257,675.3046427840256,55398.99649990437,0.0,4381.213625497255
0+12+18,2025-02-17,88958.54734994855,84722.87376015088,139.80606388888833,84862.67982403976,55275.42614698615,-1421.5098429264103,611.0675731263866,54464.983877186125,0.0,4235.673589797673
0+12+18,2025-02-18,80233.65361973594,81075.3088563443,482.2669541666653,81557.57581051097,49758.786033814285,660.4530016917954,1685.557041224301,52104.79607673038,841.6552366083677,0.0
0+12+18,2025-02-19,80714.37768411916,81273.82993984618,448.35415555555664,81722.18409540174,50128.41726120714,573.1774070495816,1726.3981447513938,52427.99281300812,559.4522557270242,0.0
0+12+18,2025-02-20,83279.41539027778,82581.96137326816,202.83353055555563,82784.79490382371,51333.96486079221,-135.81114398359944,1005.5693934583337,52203.72311026695,104.64823750000068,802.1022545096039
0+12+18,2025-02-21,81369.59173940329,82094.36263350479,0.0,82094.36263350479,50313.39229082767,833.0846556188463,0.0,51146.47694644652,825.081301045948,100.31040694444471
0+12+18,2025-02-22,82807.39319058642,82147.00110549366,0.0,82147.00110549366,51237.133080496904,-205.9069566348708,0.0,51031.226123862034,25.837543319445444,686.2296284122034
0+12+18,2025-02-23,81437.41613174707,78841.09202361951,863.2547250000013,79704.34674861951,50182.815213086986,-933.8542997013394,3523.5632122513944,52772.524125637035,0.0,2596.324108127567
0+12+18,2025-02-24,77723.81582933813,77397.3239093107,924.7418763888886,78322.06578569958,48302.9413039102,-138.71672562062946,2878.961554280555,51043.186132570125,0.0,326.49192002743723
0+12+18,2025-02-25,80392.9759449861,77813.7085437001,233.08885416666737,78046.79739786676,49488.6424565491,-776.3730444170217,1001.8975505937543,49714.16696272584,0.0,2579.267401286009
0+12+18,2025-02-26,73882.11549657065,75863.50685401235,689.6274999999988,76553.13435401235,45027.442761471946,1866.791812223457,2897.5468721305506,49791.78144582595,1981.391357441696,0.0
0+12+18,2025-02-27,75308.9164026406,75636.80722505144,353.2372486111095,75990.04447366255,46137.80373944654,486.7685568896797,1760.5563595791573,48385.12865591538,491.36418074417287,163.4733583333341
0+12+18,2025-02-28,75524.92967674896,75518.04982112482,0.0,75518.04982112482,46057.357868489285,3.868831681223707,0.0,46061.22670017051,21.394612431407722,28.274468055555417
0+12+18,2025-03-01,85843.77428271604,81995.36410872769,0.0,81995.36410872769,53538.95427258208,-1369.690300698037,0.0,52169.263971884044,0.0,3848.41017398834
0+12+18,2025-03-02,83044.5713120377,81956.21129180453,352.8299444444433,82309.04123624897,51336.141206940505,-417.05478901857214,1544.8867263381867,52463.97314426012,0.0,1088.3600202331927
0+12+18,2025-03-03,84771.50518931754,83608.6943757716,330.4553874999991,83939.1497632716,52357.21259632244,279.1443934757624,1662.2991509701337,54298.65614076833,699.6715472222268,1862.4823607681758
0+12+18,2025-03-04,75940.61318621399,76640.40840497255,987.4960888888891,77627.90449386144,46683.85452413651,579.5198833406807,3127.6548284819464,50391.02923595913,699.79521875857,0.0
0+12+18,2025-03-05,79791.13168575102,76762.37181743825,262.3429263888894,77024.71474382713,49019.97667418915,-1053.0212212759066,1161.3629291805582,49128.3183820938,0.0,3028.759868312761
0+12+18,2025-03-06,75133.27603170439,75068.02769837105,427.13206887860156,75495.15976724966,45793.33100176396,-18.356918598333312,1881.9359965521903,47656.91007971781,0.0,65.24833333333322
0+12+18,2025-03-07,80780.17255865209,76977.10392831944,0.0,76977.10392831944,49925.33451632256,-1401.230991558135,0.0,48524.103524764425,0.0,3803.0686303326515
0+12+18,2025-03-08,74584.90752095832,73875.08276300222,0.0,73875.08276300222,45277.808822833715,-208.11062975269894,0.0,45069.698193081014,17.553950000000214,727.3787079561025
0+12+18,2025-03-09,78726.83741445473,74816.24827952674,270.96293472222214,75087.21121424896,47915.24272755087,-1190.5508038886014,1438.9931656791664,48163.68508934143,0.0,3910.5891349279864
0+12+18,2025-03-10,75556.90248144718,75550.19350783607,1056.0116444444457,76606.20515228051,45694.439071622764,-1.5551351505557327,4604.183172909031,50297.06710938124,0.0,6.708973611111787
0+12+18,2025-03-11,67445.78799300411,69466.29589454734,2658.6546486111106,72124.95054315844,41154.20600928577,1584.9886653058975,9425.135469199304,52164.330143790976,2020.5079015432125,0.0
0+12+18,2025-03-12,77094.27813489368,73691.4923305727,229.8303263888895,73921.3226569616,47072.643559517805,-1115.4733627070536,798.6801056965314,46755.850302507286,0.0,3402.785804320986
0+12+18,2025-03-13,77235.24039634773,78624.79846388887,384.19133180555866,79008.98979569443,46932.613143723946,1509.0295808771987,1677.3249433484216,50118.96766794957,1459.511238374485,69.95317083333305
0+12+18,2025-03-14,69945.92924377572,71099.44372311386,0.0,71099.44372311386,42582.074433641945,1121.7180236740455,0.0,43703.79245731599,1153.514479338134,0.0
0+12+18,2025-03-15,76322.13890694444,76761.22439363855,9.053333333333399,76770.27772697188,46223.971102382086,779.720628260703,19.356026666666803,47023.047757309454,693.1890138888887,254.10352719478868
0+12+18,2025-03-16,73848.90551299724,72492.40428929166,414.7701486111106,72907.17443790277,45111.90710272442,-502.7406929774045,1829.1320492895816,46438.298459036596,0.0,1356.5012237055867
0+12+18,2025-03-17,69483.16628336042,68441.52927910801,373.8664236111107,68815.39570271912,41452.52690656767,107.70052050267674,1752.063439861803,43312.290866932155,399.4186041666653,1441.0556084190712
0+12+18,2025-03-18,77960.13295833333,75291.3371063786,118.93182222222231,75410.26892860082,47794.13632616624,-840.5334252152634,374.40208441527795,47328.00498536626,0.0,2668.795851954727
0+12+18,2025-03-19,65028.111678772286,67357.87660908778,808.6786305555553,68166.55523964333,39569.21747725693,2138.8072551136115,2342.2391380111085,44050.26387038165,2329.7649303155035,0.0
0+12+18,2025-03-20,73413.45432347392,68537.82810354937,1169.8154833333344,69707.64358688271,44712.58691134697,-1682.4657633221898,4601.752080304171,47631.87322832895,0.0,4875.626219924551
0+12+18,2025-03-21,71224.7246241706,65435.69972946895,0.0,65435.69972946895,42813.49560244485,-1810.4946166155464,0.0,41003.0009858293,0.0,5789.024894701647
0+12+18,2025-03-22,73697.9483563443,71267.88741699245,9.078333333333376,71276.96575032579,45017.12890273389,-827.5218677778067,19.409476666666755,44209.01651162275,0.0,2430.0609393518516
0+12+18,2025-03-23,74106.61468137859,70308.36889543894,265.80300694444463,70574.17190238339,45109.31601797122,-1328.386458304299,1206.0201286166675,44986.949688283596,0.0,3798.2457859396463
0+12+18,2025-03-24,69821.60133141288,69350.7592146461,266.7613916666661,69617.52060631276,42025.367988600156,367.262490023837,692.6158415791642,43085.24632020316,519.1012407777779,989.94335754458
0+12+18,2025-03-25,77048.39567949245,71536.55958799725,322.01267083333124,71858.57225883058,46948.23656421999,-1691.9790442542305,1189.8906106874879,46446.148130653244,0.0,5511.836091495199
0+12+18,2025-03-26,67170.62047189643,63513.838129098076,494.5996222222221,64008.4377513203,40612.20439221275,-1128.3847380590091,1958.911295406248,41442.73094955999,0.0,3656.7823427983535
0+12+18,2025-03-27,70422.60704269547,68497.17761232852,408.70020416666614,68905.8778164952,42686.15192227504,-639.9301113758063,1441.9472819520804,43488.16909285132,0.0,1925.429430366937
0+12+18,2025-03-28,68377.01879999999,68780.1485531207,0.0,68780.1485531207,41568.56711670125,550.3785260477002,0.0,42118.94564274895,577.1543906207127,174.02463749999959
0+12+18,2025-03-29,62918.48269305554,63539.04868333333,0.0,63539.04868333333,37884.15785276639,780.6175607139585,0.0,38664.77541348035,620.5659902777782,0.0
0+12+18,2025-03-30,68736.60165999657,65279.344271724956,985.3512541666666,66264.69552589163,41069.81557712857,-1008.9565718860176,4063.0201958944467,44123.879201136995,0.0,3457.2573882716024
0+12+18,2025-03-31,60338.92374489026,61894.12149744512,1520.7808586076817,63414.9023560528,36259.9969352702,1311.0372694041105,5010.540036342714,42581.57424101702,1555.197752554867,0.0
0+12+18,2025-04-01,72743.26750594992,71580.53346261264,555.4893822777789,72136.02284489042,43155.53767072038,-102.08224586490911,1979.612347522927,45033.067772378396,230.48911940277833,1393.2231627400554
0+12+18,2025-04-02,69635.84076805555,69810.38635584703,661.8959569444446,70472.28231279147,41622.897211218326,227.36924268511078,2701.9215261902787,44552.18798009372,232.84179334705348,58.2962055555555
0+12+18,2025-04-03,70491.49285644719,67177.89209151235,395.7415518004124,67573.63364331276,42856.68546439257,-1085.566812442983,1349.3975524271148,43120.5162043767,0.0,3313.600764934846
0+12+18,2025-04-04,62042.7369625,62075.955608847216,0.0,62075.955608847216,37139.30921500861,39.973663731390346,0.0,37179.28287874,33.21864634722128,0.0
0+12+18,2025-04-05,62188.41999722221,63240.77049032922,0.0,63240.77049032922,36797.67218818888,1079.072362530718,0.0,37876.744550719595,1052.3504931069965,0.0
0+12+18,2025-04-06,66123.87401843278,64875.27047270234,345.2639472222187,65220.53441992456,38889.40105871911,390.03664392937424,1450.26713587706,40729.70483852554,650.0204680555594,1898.624013786005
0+12+18,2025-04-07,59158.94066527777,61817.83486949587,594.419398611111,62412.25426810698,34894.89435607916,2602.0474101950886,1917.4550770194458,39414.396843293696,2658.8942042181043,0.0
0+12+18,2025-04-08,67606.08887062757,63034.30485200617,501.81804722222114,63536.122899228394,40552.130630269625,-1324.5127851559648,2176.980380753466,41404.59822586712,1.0802236111144339,4572.86424223251
0+12+18,2025-04-09,66265.9621968107,65500.10862693759,1442.8002819444448,66942.90890888203,39443.85029747786,-267.44891689416585,4570.103324198613,43746.50470478231,20.56168472222498,786.415254595335
0+12+18,2025-04-10,65038.09262872084,63026.18966454046,678.9852505144024,63705.174915054864,39224.68303155548,-795.8476304404298,2901.081783558174,41329.91718467323,0.0,2011.9029641803854
0+12+18,2025-04-11,53960.15668957475,54499.9279340192,0.0,54499.9279340192,32244.417330992168,543.2177283341682,0.0,32787.635059326334,539.7712444444464,0.0
0+12+18,2025-04-12,68624.42385119444,64453.90712586866,0.0,64453.90712586866,40788.239735872616,-1366.1971197795233,0.0,39422.042616093095,0.0,4170.516725325786
0+12+18,2025-04-13,61545.11532222222,61733.73862638889,602.8066858710565,62336.54531225995,36310.74577977847,209.81929375291645,2377.827270491468,38898.392344022854,188.62330416666646,0.0
0+12+18,2025-04-14,64705.521376183126,60168.79567618312,959.5975015946508,61128.393177777776,38824.39750460308,-1616.7436849053302,3366.096990752447,40573.7508104502,0.0,4536.725700000004
0+12+18,2025-04-15,56743.35386025377,57800.3515133059,792.3520097222216,58592.70352302812,33388.057934137105,1182.8186113641063,3659.3992676527737,38230.27581315398,1056.9976530521271,0.0
0+12+18,2025-04-16,63175.22998683128,63834.292323405345,501.36637638888857,64335.658699794236,36810.893830620866,940.3379110358992,1904.2616583305542,39655.493399987325,764.4865115740719,105.42417500000408
0+12+18,2025-04-17,57574.03766159122,57562.17627548011,1457.8544625342943,59020.0307380144,34654.40027999258,-7.347103185972199,5374.415197801249,40021.46837460785,0.0,11.861386111111074
0+12+18,2025-04-18,58610.451108161855,58984.44307792575,0.0,58984.44307792575,34558.62348775934,396.6534196288126,0.0,34955.27690738815,373.9919697638908,0.0
0+12+18,2025-04-19,62579.16936666666,63899.37181666666,0.0,63899.37181666666,36493.915475393194,2056.726226039931,0.0,38550.641701433124,1733.5727444444447,413.37029444444295
0+12+18,2025-04-20,58332.29027520575,60196.6338902752,773.9762291666673,60970.61011944187,34620.41875269064,1864.7953485379314,2649.5972334527796,39134.81133468135,1872.4161053472299,8.072490277778456
0+12+18,2025-04-21,61243.55799903978,57201.22135716735,741.2333055555555,57942.45466272291,36253.68370694095,-1188.6261367215363,2814.60507773125,37879.66264795067,0.0,4042.33664187243
0+12+18,2025-04-22,54910.379863888884,57512.86972988683,2136.128697222223,59648.99842710905,32472.777613439717,2322.8184587162964,6973.729451268055,41769.325523424064,2602.4898659979435,0.0
0+12+18,2025-04-23,53910.865749519886,56260.05957469993,1592.599423611111,57852.658998311046,31922.357805766085,1931.3510288790785,4671.374361808333,38525.083196453495,2349.1938251800448,0.0
0+12+18,2025-04-24,56075.27262918055,56872.00161251389,599.6152236111113,57471.616836125,33137.836616325425,951.7306792970855,2293.429432823612,36382.99672844612,796.7289833333349,0.0
0+12+18,2025-04-25,54714.76270233196,53270.17896282578,0.0,53270.17896282578,32995.14751898478,-580.8056859168992,0.0,32414.341833067876,0.0,1444.5837395061762
0+12+18,2025-04-26,54604.99958220165,54545.91211785442,0.0,54545.91211785442,32755.536883653873,343.0913365862932,0.0,33098.62822024016,346.40292454166627,405.49038888888884
0+12+18,2025-04-27,55062.24398189299,54681.860263288734,1914.6276527777786,56596.487916066515,32756.051712804365,229.57015727059084,8309.103170409036,41294.72504048399,266.95359999999664,647.3373186042519
0+12+18,2025-04-28,65820.82891141975,63113.89355413237,940.6606249999995,64054.55417913237,38573.21529012594,-729.9529724313296,4064.9651024923583,41908.227420186966,16.864401388886563,2723.7997586762713
0+12+18,2025-04-29,57162.87302366255,56186.210999176954,432.7633111111113,56618.97431028807,33747.06000927683,497.884037385675,2166.7611739243066,36411.70522058681,660.9317763888876,1637.5938008744847
0+12+18,2025-04-30,54337.98941570645,53030.197118484226,1914.9315013888895,54945.12861987312,32568.227005210487,-484.79459997895856,6896.824213918751,38980.25661915028,0.0,1307.7922972222248
0+12+18,2025-05-01,57168.08622148491,55889.82125277778,3228.722476028804,59118.54372880658,34091.775846399396,-298.91333999143603,15283.62486090228,49076.48736731024,0.0,1278.2649687071357
0+12+18,2025-05-02,67725.72750735597,67176.69329279836,0.0,67176.69329279836,40011.91481553619,-191.78307016171547,0.0,39820.13174537448,0.0,549.0342145576129
0+12+18,2025-05-03,63938.99743607681,61438.60652179355,18.39166666666665,61456.99818846022,37703.201040286425,-681.5118445726391,39.3213833333333,37061.01057904712,0.0,2500.3909142832654
0+12+18,2025-05-04,60949.74251558641,57174.85645555555,2806.49115,59981.34760555555,35913.771924014254,-1166.3525129551158,12898.005634890971,47645.42504595011,0.0,3774.8860600308644
0+12+18,2025-05-05,61903.140418055555,59894.65270972222,2885.050689763374,62779.703399485596,37144.11023286791,-902.085255539582,12180.715552778958,48422.74053010729,0.0,2008.4877083333297
0+12+18,2025-05-06,54281.05694718793,54294.75779608161,4329.70110973611,58624.45890581772,32342.2022478391,183.78124380962095,19785.623693902584,52311.60718555131,158.41254177777995,144.7116928840956
0+12+18,2025-05-07,57846.83926531207,58066.2803699417,2968.9667987222247,61035.247168663926,34805.900774781476,145.03062323930723,12736.689582867628,47687.62098088841,219.44110462963215,0.0
0+12+18,2025-05-08,64362.44505832561,62984.168486857845,2357.503123166666,65341.67161002451,37250.59326307691,-270.1979299736898,11719.220872655054,48699.61620575827,59.478333333333325,1437.754904801097
0+12+18,2025-05-09,67542.22879528464,62005.782879166654,0.0,62005.782879166654,39560.34590978577,-1455.7732523357358,0.0,38104.57265745004,51.27010555555523,5587.716021673522
0+12+18,2025-05-10,65730.25748077023,64909.14360020953,0.0,64909.14360020953,38493.8573407315,371.2848465244974,0.0,38865.142187255995,599.3466065277776,1420.4604870884755
0+12+18,2025-05-11,62312.21982818929,61414.92716313442,2064.496386111111,63479.423549245534,36308.47332884034,81.99782018300186,10144.735941040277,46535.20709006362,282.9532069444437,1180.24587199932
0+12+18,2025-05-12,55626.12271243141,56383.36807493141,2048.6145597222207,58431.98263465363,33111.50778772933,934.3798008354169,8630.367771863184,42676.255360427924,757.2453625000003,0.0
0+12+18,2025-05-13,64636.29115312071,64633.376570576125,946.2912111111116,65579.66778168724,37859.32763421592,437.70897214489133,4828.829056547226,43125.86566290804,484.61997301097404,487.5345555555572
0+12+18,2025-05-14,63028.20192676611,58285.31464072359,1382.4259305555552,59667.740571279144,38032.36050077957,-1454.025629625238,5323.067425516664,41901.402296670996,0.0,4742.887286042524
0+12+18,2025-05-15,61829.94477007424,59633.06672911059,910.5045236111112,60543.571252721704,37914.53200037076,-863.5084355391141,3375.2025345833326,40426.22609941498,0.0,2196.8780409636447
0+12+18,2025-05-16,58854.16810546981,56107.47762331962,0.0,56107.47762331962,35851.0999553423,-926.4987874276231,0.0,34924.601167914676,0.0,2746.690482150205
0+12+18,2025-05-17,66891.34851658093,63817.24511875857,3.5616666666666106,63820.80678542524,39858.48946880014,-925.9701381116306,7.614843333333213,38940.13417402184,0.0,3074.1033978223613
0+12+18,2025-05-18,66484.45099698217,63969.49526388888,689.6227291666657,64659.117993055545,39145.90378950878,-708.8036098398802,2207.5056485854093,40644.60582825431,0.0,2514.955733093283
0+12+18,2025-05-19,60550.91036694101,59465.39129074657,511.87234861111074,59977.26363935768,35790.457003286036,86.50399216472937,2657.668103377776,38534.62909882854,331.07868491666744,1416.5977611111086
0+12+18,2025-05-20,60057.88522263374,61464.88448542524,990.366879166667,62455.2513645919,35707.15495163588,1292.8774059698335,4317.301084613196,41317.33344221891,1406.9992627914983,0.0
0+12+18,2025-05-21,56671.6308803155,56963.732438086416,1055.3223930555578,58019.05483114197,34291.02212009536,825.4653437247011,4091.147934446544,39207.635398266604,826.6571991975286,534.555641426612
0+12+18,2025-05-22,59554.15739696502,59517.618684465015,871.7053191388883,60389.324003603906,36108.05381034689,-20.963653193055613,2823.0071141795697,38910.097271333405,0.0,36.53871250000009
0+12+18,2025-05-23,63681.17096476337,64503.08856121398,0.0,64503.08856121398,37667.794076741186,1615.138785192706,0.0,39282.93286193389,1354.1377950617261,532.2201986111104
0+12+18,2025-05-24,57900.62112021604,57867.48760874845,0.0,57867.48760874845,35132.3541909966,10.100688678402665,0.0,35142.454879675,34.230737143519605,67.36424861111288
0+12+18,2025-05-25,60570.73799840534,58271.43300784979,880.4357826388923,59151.86879048868,35902.438843632095,-369.2630646212026,3327.22670489863,38860.40248390952,138.20612472222197,2437.511115277778
0+12+18,2025-05-26,58637.32468204167,59928.44929731944,1300.4862561728396,61228.93555349228,35441.74160239911,1040.6319078160423,4456.729052265896,40939.10256248105,1291.124615277778,0.0
0+12+18,2025-05-27,55899.014393227015,55900.27646925479,1034.9710666666663,56935.24753592146,33971.59195733478,1.2494552675003192,4216.442777492359,38189.28419009464,1.2620760277781002,0.0
0+12+18,2025-05-28,63716.46592222222,63449.73842481944,384.7297486111107,63834.468173430556,37704.08732342305,276.135906591256,1489.4808535569434,39469.704083571254,293.69082898610964,560.4183263888843
0+12+18,2025-05-29,62960.61063472222,62889.615569444446,833.6654429012356,63723.28101234568,37420.34999897958,-10.423653657569913,3634.8275784418247,41044.753923763834,6.810633333333044,77.80569861111195
0+12+18,2025-05-30,66817.84670312071,63028.650632201636,0.0,63028.650632201636,40060.36914258423,-961.6029648434782,0.0,39098.766177740756,34.62310694444443,3823.8191778635114
0+12+18,2025-05-31,69685.75350154939,64890.1897400096,92.18666666666661,64982.37640667627,42418.67151516987,-1747.114618153669,197.0950933333332,40868.651990349535,0.0,4795.563761539784
0+12+18,2025-06-01,77390.77704531893,71396.19685912208,6624.3297994999975,78020.52665862208,46832.32454412542,-2231.5340888003398,26873.034934423093,71473.82538974818,0.0,5994.580186196847
0+12+18,2025-06-02,78860.16936685526,73479.94296601508,5735.877353805554,79215.82031982063,48382.20696719123,-1847.7877704096502,22139.89702272116,68674.31621950274,0.0,5380.226400840194
0+12+18,2025-06-03,72795.50102247941,71188.79905872769,5454.723886180557,76643.52294490824,44103.5510551509,-477.77372729546767,21925.878644020526,65551.65597187595,5.972494444444521,1612.6744581961584
0+12+18,2025-06-04,83604.211835631,78188.33929243826,4410.07778935185,82598.41708179012,51602.961057118155,-1904.5384733169526,15975.174461864812,65673.59704566601,0.0,5415.8725431927305
0+12+18,2025-06-05,73037.06383739712,73081.46802906378,5532.016279355282,78613.48430841907,43766.22054828738,613.6540272680548,22120.06292676203,66499.93750231748,564.0305472222219,519.6263555555571
0+12+18,2025-06-06,80123.133022548,79560.01035192044,0.0,79560.01035192044,49632.01412493882,-234.05483220291248,0.0,49397.959292735904,0.0,563.122670627574
0+12+18,2025-06-07,84918.85505138888,82327.86015468105,76.18833333333339,82404.04848801439,52746.05585316375,-760.8342902354411,162.89065666666679,52148.11221959498,132.04579999999964,2723.040696707821
0+12+18,2025-06-08,69706.5844656725,70471.01279904012,4955.887863888886,75426.90066292901,41827.69843662318,999.433204351385,19374.531481077076,62201.66312205164,1010.7995111454085,246.37117777777723
0+12+18,2025-06-09,79049.65121111111,77686.56135378944,3209.9487180555548,80896.510071845,48880.05287087361,-487.8325180218073,12091.624571607634,60483.84492445944,0.0,1363.0898573216737
0+12+18,2025-06-10,74717.07478849452,74850.64328293895,3025.6000819444444,77876.2433648834,45518.96434463294,142.27315042208295,11663.246474595835,57324.483969650864,148.27626527777733,14.707770833333598
0+12+18,2025-06-11,80712.11057977777,79082.3779290576,3196.187402791666,82278.56533184927,50710.87706337326,-661.7451483300933,12011.20306814347,62060.334983186636,0.0,1629.7326507201665
0+12+18,2025-06-12,79529.63437673182,79400.90126284293,1469.8320251886134,80870.73328803155,49388.73780638222,-49.982105798055535,5639.662761007,54978.41846159116,0.0,128.73311388888885
0+12+18,2025-06-13,80448.31446826833,79658.49640086436,0.0,79658.49640086436,50009.482354239706,-256.5409468164745,0.0,49752.94140742323,27.90342777777778,817.7214951817533
0+12+18,2025-06-14,81536.44776375171,78648.90633333333,0.0,78648.90633333333,49990.154293713495,-1018.6516712607798,0.0,48971.50262245272,0.0,2887.541430418383
0+12+18,2025-06-15,73965.39111627228,74259.56181766118,2930.7586173472255,77190.3204350084,45455.07694614427,238.93265084083373,11299.147624116253,56993.157221101355,436.5145055555562,142.3438041666668
0+12+18,2025-06-16,77837.53947129182,76431.13950087002,2366.1708069444467,78797.31030781446,48006.49774434583,-519.6831612036492,9215.45078914515,56702.26537228733,0.0,1406.399970421814
0+12+18,2025-06-17,80098.13796541494,79524.2081135631,1851.8278125000015,81376.03592606311,49602.09087936391,6.154769739584651,7968.401191910425,57576.64684101392,240.4375930555551,814.3674449074028
0+12+18,2025-06-18,80843.76291838134,78714.62373674553,873.7191120370375,79588.34284878257,49948.55817164031,-730.8612642220547,3487.291890454169,52704.98879787242,33.49279027777766,2162.6319719135836
0+12+18,2025-06-19,76841.25717973249,79158.68342244512,910.4164499999999,80069.09987244512,47131.75638834956,2592.6280741225255,4462.6108350069435,54186.99529747903,2346.117173268174,28.69093055555595
0+12+18,2025-06-20,79451.10218472223,78063.22543173868,0.0,78063.22543173868,49076.74647880375,-497.02526185452734,0.0,48579.72121694922,0.0,1387.876752983543
0+12+18,2025-06-21,74343.05803558246,74478.94085919358,0.0,74478.94085919358,45952.65598009236,138.91908041562525,0.0,46091.57506050798,135.8828236111113,0.0
0+12+18,2025-06-22,74581.25031387173,75826.29868539094,1377.6922902777783,77203.99097566871,45152.43047003234,1529.6640545906125,5669.063457079862,52351.15798170282,1263.358654852536,18.31028333333336
0+12+18,2025-06-23,75582.74032003377,75801.06010331567,963.6565583333318,76764.716661649,47076.59587974889,169.22741836233598,3606.4355418812456,50852.25883999248,300.8512585048039,82.53147522290612
0+12+18,2025-06-24,87201.96061944443,84442.13566318587,928.5927236111128,85370.72838679698,54860.31037643861,-1025.1015684898432,3516.82829152501,57352.037099473775,0.0,2759.824956258573
0+12+18,2025-06-25,78372.91368487653,80546.95284547325,761.9368666666686,81308.88971213992,48001.21712721663,2523.2340354741964,3583.9014289236243,54108.35259161445,2174.039160596706,0.0
0+12+18,2025-06-26,75320.3980254801,76882.10689180384,943.6495513888898,77825.75644319273,46867.11663615812,1369.651412682213,3692.491798027782,51929.25984686812,1561.708866323725,0.0
0+12+18,2025-06-27,78026.33264727521,74396.75815355092,0.0,74396.75815355092,49134.819585546036,-1426.956658786425,0.0,47707.86292675961,0.0,3629.574493724279
0+12+18,2025-06-28,76925.65200710151,76873.40703487929,0.0,76873.40703487929,48162.080115368764,-31.471677229721653,0.0,48130.60843813904,0.0,52.244972222221236
0+12+18,2025-06-29,73640.96534322701,77566.254579375,1299.641154166668,78865.89573354168,45056.92516183178,4203.071705061173,3974.49664216806,53234.49350906101,3925.2892361479758,0.0
0+12+18,2025-06-30,79981.5909963786,78665.168551625,914.2817194444435,79579.45027106945,49700.82246293185,-444.2369360272079,3562.441316659023,52819.02684356367,55.50021111111096,1371.9226558647065
0+12+18,2025-07-01,70877.38221376885,71671.83458120713,12053.488607234229,83725.32318844137,43401.58799988911,622.5755531755578,44280.12021772715,88304.28377079181,794.4523674382742,0.0
0+12+18,2025-07-02,68531.7922380144,68238.86645164608,9123.024686736107,77361.8911383822,42560.14973184124,-151.4551224665267,32763.609948589874,75172.30455796458,0.0,292.92578636831615
0+12+18,2025-07-03,77235.2865717349,76390.53726736248,8723.29524504167,85113.83251240416,47588.76784744527,-301.5620104785311,32726.231895429966,80013.4377323967,0.0,844.7493043724297
0+12+18,2025-07-04,69890.00331207133,70633.9257188443,0.0,70633.9257188443,43088.262261168056,647.0091108435751,0.0,43735.27137201163,743.9224067729714,0.0
0+12+18,2025-07-05,68922.26623928326,68922.26623928326,71.99833333333322,68994.2645726166,42738.244063968064,0.0,153.93243666666643,42892.176500634734,0.0,0.0
0+12+18,2025-07-06,71735.62298940329,72120.4053352366,11775.195254166665,83895.60058940327,44910.166570094996,631.1133056627075,45910.16792158264,91451.44779734034,454.8834249999993,70.10107916666652
0+12+18,2025-07-07,73639.78108333332,71754.93172422839,7342.527948081106,79097.45967230949,45618.855410746604,-543.6017250784037,26536.164872300153,71611.41855796835,0.0,1884.849359104939
0+12+18,2025-07-08,77435.74526563786,74900.12538449932,7222.680272069441,82122.80565656876,48052.57586023798,-625.4127804149132,27436.325716375024,74863.4887961981,37.985316666666506,2573.605197805213
0+12+18,2025-07-09,79243.12661775926,76077.70905848284,5372.723311027779,81450.43236951061,48801.759100097996,-979.2031638863882,20605.276638404775,68427.83257461638,36.1445638888888,3201.5621231652967
0+12+18,2025-07-10,74584.29668432786,73425.91557001029,4764.25089234105,78190.16646235134,46746.587110323206,-297.5208235086233,18036.91242603684,64485.97871285142,0.0,1158.381114317554
0+12+18,2025-07-11,83627.10188948901,82476.77884504458,0.0,82476.77884504458,52335.90109824757,-454.15712755770846,0.0,51881.74397068986,0.0,1150.3230444444448
0+12+18,2025-07-12,74261.97550495542,76498.95464928584,0.0,76498.95464928584,46608.45943968913,2125.0650821521267,0.0,48733.52452184126,2236.979144330417,0.0
0+12+18,2025-07-13,80927.95861666667,74749.0864585734,2172.2472221805547,76921.33368075395,51554.27845628583,-2275.8021275455035,8229.109123018503,57507.58545175883,0.0,6178.872158093276
0+12+18,2025-07-14,77374.897669393,76160.86715408298,2828.9631805555555,78989.83033463854,47798.879885699615,-181.59402275987884,11706.053929497917,59323.339792437655,97.76302443621643,1311.7935397462286
0+12+18,2025-07-15,81521.71527548009,79232.80313635115,2101.126398263888,81333.92953461505,50626.71947291131,-752.1844267997635,7828.457782784639,57702.99282889618,0.0,2288.9121391289464
0+12+18,2025-07-16,78976.27356397462,79125.14556397463,2295.173484482166,81420.31904845679,50059.416153820195,97.96385662875015,7207.503813604246,57364.88382405319,179.9355791666663,31.063579166666045
0+12+18,2025-07-17,77082.59332515432,78425.85517112483,1887.6205695694457,80313.47574069428,48146.75220159504,1532.5778531214307,7244.761517777565,56924.091572494035,1352.360604303844,9.098758333333194
0+12+18,2025-07-18,88119.48480663888,81340.08969665946,0.0,81340.08969665946,55499.22504525643,-2374.5225869831474,0.0,53124.702458273285,0.0,6779.395109979427
0+12+18,2025-07-19,85932.46183237311,78671.16267136487,31.365000000000123,78702.52767136488,54699.746468524114,-2434.6003473844157,67.05837000000027,52332.204491139695,0.0,7261.299161008235
0+12+18,2025-07-20,82754.99149986281,79870.7407095336,812.7250652777775,80683.46577481137,51344.02633625514,-687.6911296841779,3425.023668672915,54081.35887524388,141.8024569444441,3026.053247273669
0+12+18,2025-07-21,83721.37340507544,83327.73496757544,771.901231944445,84099.63619951988,52466.07927616263,-97.837611462778,3173.949086702086,55542.19075140194,0.0,393.6384375000009
0+12+18,2025-07-22,79983.0985679698,79976.48560408092,1602.1822417626863,81578.6678458436,50331.95402278108,-2.213359013611148,6047.833065240024,56377.57372900749,0.0,6.6129638888889986
0+12+18,2025-07-23,90031.92154480451,85246.74439708504,510.72532222222196,85757.46971930726,57144.36119916051,-1594.098271319709,2077.666842695137,57627.929770535935,0.0,4785.177147719482
0+12+18,2025-07-24,89696.87591263888,85491.76200281378,358.55394406944544,85850.31594688322,56964.69675779075,-1528.7950761980755,1241.8452388934313,56677.746920486105,0.0,4205.113909825108
0+12+18,2025-07-25,79840.80628029836,79392.99638276751,0.0,79392.99638276751,50345.26181538773,-168.46572080666644,0.0,50176.79609458106,0.0,447.8098975308622
0+12+18,2025-07-26,85641.2478168726,83378.90544507903,0.0,83378.90544507903,53493.80237479842,-718.5138916714358,0.0,52775.288483126984,30.717962499999544,2293.060334293552
0+12+18,2025-07-27,82385.03196471209,83446.5645509261,750.0001499999983,84196.56470092609,51514.142867513845,1492.5447118087202,2727.774007111798,55734.46158643436,1339.0057126028819,277.4731263888891
0+12+18,2025-07-28,85568.59715348079,84868.20446293056,1861.3627252229064,86729.56718815347,53684.5020422064,46.40605544744139,7547.748381325858,61278.6564789797,281.47503750000055,981.8677280502359
0+12+18,2025-07-29,82923.45235221193,83291.67160917353,1270.2190735522945,84561.89068272582,52017.73360793534,295.18541737357253,4816.480900999482,57129.3999263084,368.2192569615912,0.0
0+12+18,2025-07-30,76742.03199722222,81288.65581121399,1524.1065374999994,82812.762348714,48322.08748478736,4552.656552014296,5246.538811177775,58121.282847979426,4546.623813991775,0.0
0+12+18,2025-07-31,81544.04046316014,82863.46190143742,648.9486402777773,83512.4105417152,50985.39349763621,1396.6794217903846,2615.4803723868026,54997.5532918134,1319.4214382772716,0.0
0+12+18,2025-08-01,81926.74859727366,77024.02417935527,0.0,77024.02417935527,51870.191536716586,-1602.1010459968816,0.0,50268.090490719704,0.0,4902.724417918377
0+12+18,2025-08-02,89357.62696388888,79836.43399900549,32.52833333333342,79868.96233233882,56522.38895885319,-3148.130696068328,69.54557666666685,53443.803839451524,0.0,9521.1929648834
0+12+18,2025-08-03,71817.36487705761,71153.78362834362,517.2312288751723,71671.01485721879,45621.23370771947,-191.63266031557282,2078.7676182267965,47508.36866563069,0.0,663.581248713989
0+12+18,2025-08-04,76602.82877090192,73760.42974497599,620.2380736111127,74380.6678185871,49080.75054684581,-1168.689391433334,2520.312783513201,50432.37393892568,0.0,2842.399025925929
0+12+18,2025-08-05,75119.58830862484,74557.37586287722,1111.2682555555573,75668.64411843277,47822.27567113583,-261.216506989824,3501.2199948902817,51062.27915903629,0.0,562.2124457476028
0+12+18,2025-08-06,82858.67772926955,78566.00777933814,444.76771527777817,79010.77549461591,53485.20986302561,-1647.907634564808,2059.4403202562526,53896.742548717055,0.0,4292.669949931409
0+12+18,2025-08-07,83769.80673525376,79160.20618441358,352.014584722223,79512.2207691358,52237.76958780081,-746.9762375583701,1093.5292758034752,52584.32262604592,407.7131569444454,5017.31370778463
0+12+18,2025-08-08,73087.76577099999,72993.35331961111,0.0,72993.35331961111,46543.67540638721,-39.6304361099305,0.0,46504.044970277275,0.0,94.41245138888883
0+12+18,2025-08-09,78059.30150123456,77008.43284300412,0.0,77008.43284300412,49212.15757484154,-256.5772954631317,0.0,48955.58027937841,0.0,1050.868658230448
0+12+18,2025-08-10,77529.91794760476,74406.2489636027,449.35978888888974,74855.6087524916,49486.5387287385,-1060.2168425190323,1938.7378681222262,50365.059754341695,0.0,3123.668984002061
0+12+18,2025-08-11,75863.93103225308,76093.7728673011,526.6544777777775,76620.42734507888,47429.08885262847,798.5969953828779,1806.7646978937498,50034.45054590509,789.3125239369002,559.470688888888
0+12+18,2025-08-12,82221.6467717764,79663.84089653807,251.68433611111072,79915.52523264918,51555.21540541417,-523.5149836481819,835.2475111729149,51866.94793293891,213.23280986111115,2771.0386850994487
0+12+18,2025-08-13,75120.13395684156,76165.76666207131,754.4470555555558,76920.21371762687,47051.93989961672,1051.6519825360767,2995.2421670041667,51098.83404915696,1151.462828840874,105.83012361111093
0+12+18,2025-08-14,77085.11300670439,75986.1309111111,523.0032305555561,76509.13414166665,49069.98270311192,-434.5631679353652,2301.5032634694467,50936.922798645995,0.0,1098.9820955932782
0+12+18,2025-08-15,86549.60783993483,76964.18191095677,0.0,76964.18191095677,54873.154882570525,-3182.5617386354047,0.0,51690.59314393512,0.0,9585.425928978057
0+12+18,2025-08-16,84187.06953794582,75903.92197038751,0.0,75903.92197038751,53964.06446856966,-2932.379405631742,0.0,51031.68506293792,0.0,8283.147567558297
0+12+18,2025-08-17,79780.99099439266,76833.05452283916,265.8398625,77098.89438533915,49742.65259125562,-520.5297386473064,1426.31921719236,50648.44206980067,228.09235277777805,3176.028824331275
0+12+18,2025-08-18,76810.21175980795,75559.48050533264,345.94316388888836,75905.42366922153,48888.99313375089,-532.8541595916428,1554.2499691861108,49910.38894334536,0.0,1250.7312544753063
0+12+18,2025-08-19,76230.55728592249,75915.37540522977,434.67324027777784,76350.04864550754,48264.576532011284,-118.00339879388176,2012.2189014743062,50158.79203469171,0.0,315.18188069273225
0+12+18,2025-08-20,84368.05329270953,80825.28360227743,501.0260583333337,81326.30966061076,52736.10191553882,-1064.358618698672,2183.0859614243072,53854.82925826446,37.18377361111152,3579.953464043212
0+12+18,2025-08-21,80696.69687451988,78916.4357337277,172.6299313957465,79089.06566512345,50457.62231937793,-539.9730169125039,676.1114845059874,50593.76078697141,0.0,1780.2611407921818
0+12+18,2025-08-22,79801.08902002743,76310.54174015774,0.0,76310.54174015774,50745.66261039121,-1155.2639230277293,0.0,49590.398687363486,0.0,3490.54727986968
0+12+18,2025-08-23,77269.93107690329,78053.6456866255,0.0,78053.6456866255,48576.41672225312,848.1316015766666,0.0,49424.54832382978,783.7146097222219,0.0
0+12+18,2025-08-24,75655.70263825446,74237.2676318587,251.77581111111107,74489.04344296982,48470.84916966292,-418.8762367028605,985.9484373277768,49037.92137028783,0.0,1418.4350063957522
0+12+18,2025-08-25,96706.28622554868,87301.29788403635,158.24446111111098,87459.54234514746,61686.054271802976,-3385.1829251063946,387.31601321874996,58688.187359915326,0.0,9404.988341512346
0+12+18,2025-08-26,76781.55352896091,76575.60164262689,206.348686111111,76781.950328738,49328.86268753776,-107.32681491087139,619.5653652736119,49841.101237900504,0.0,205.95188633401267
0+12+18,2025-08-27,77868.70807772633,80845.2599345336,307.4708055555543,81152.73074008916,49753.32528142021,2799.3511597650886,926.7407312770799,53479.41717246238,2976.5518568072785,0.0
0+12+18,2025-08-28,77356.67826481481,80091.66227755486,444.3365055555558,80535.99878311042,48343.42489195375,2990.4899389641178,1834.0097370604176,53167.92456797829,2734.9840127400594,0.0
0+12+18,2025-08-29,87485.06304126131,81171.98765424141,0.0,81171.98765424141,55654.39460229072,-2106.63732915864,0.0,53547.757273132076,0.0,6313.075387019893
0+12+18,2025-08-30,82687.48834415294,75822.47828413922,0.0,75822.47828413922,52767.757032425936,-2136.4246607787636,0.0,50631.33237164717,0.0,6865.010060013721
0+12+18,2025-08-31,75922.53697419632,74515.08539998508,1229.12523611111,75744.21063609619,48493.25263947247,-515.2553722094354,5382.612585767356,53360.609853030386,0.0,1407.4515742112526
0+12+18,2025-09-01,84560.34457361112,81085.04884637671,0.0,81085.04884637671,52955.23542308598,-909.2280380167717,0.0,52046.007385069206,89.50869234722381,3564.804419581621
0+12+18,2025-09-02,75676.0201558299,76277.22128426921,0.0,76277.22128426921,47590.67884132746,747.3894373201958,0.0,48338.06827864766,704.7348201059683,103.53369166666732
0+12+18,2025-09-03,80472.10480456104,78883.54452549724,0.0,78883.54452549724,50660.312043256636,-166.8271245731134,0.0,50493.48491868352,252.73975833333242,1841.300037397122
0+12+18,2025-09-04,78089.12471805555,75947.31824883402,12.793491666666625,75960.1117405007,49939.199537359724,-666.4273074307457,74.31099634583309,49347.08322627481,0.0,2141.8064692215353
0+12+18,2025-09-05,73550.65123688529,72438.04357423098,0.0,72438.04357423098,47194.74188095667,-504.9771305396069,0.0,46689.76475041707,0.0,1112.6076626543218
0+12+18,2025-09-06,74320.18826839849,72415.70965831619,0.0,72415.70965831619,47352.85185326754,-539.1262374124437,0.0,46813.725615855095,0.0,1904.4786100823048
0+12+18,2025-09-07,74165.66834178669,74182.2479401749,244.1907513888881,74426.43869156379,47097.9698553699,121.2049928418201,1369.2635798256904,48588.43842803741,137.03390811042516,120.45430972222579
0+12+18,2025-09-08,81274.32917526973,82468.18037991649,0.0,82468.18037991649,51248.583384350284,1487.287016073864,0.0,52735.870400424144,1509.0996768689995,315.24847222222377
0+12+18,2025-09-09,71550.51440838477,73237.95304908195,223.28199166666718,73461.23504074861,45732.81648287551,1790.0394943732804,532.2394282937511,48055.095405542546,1687.4386406971842,0.0
0+12+18,2025-09-10,83009.26689580554,82629.67280183332,3.7819972222221168,82633.45479905554,52418.42048021447,332.9130385279756,17.206196362499522,52768.53971510495,496.01414352777823,875.6082374999999
0+12+18,2025-09-11,82389.6106616598,76050.76105490397,482.558652777777,76533.31970768175,52319.759683227734,-1918.760248244776,2621.3400404520794,53022.33947543504,0.0,6338.849606755832
0+12+18,2025-09-12,73376.76131886145,74412.45733643278,0.0,74412.45733643278,47102.33072770883,857.6392867754445,0.0,47959.97001448428,1035.696017571333,0.0
0+12+18,2025-09-13,72231.48507743483,71920.97050994512,0.0,71920.97050994512,46423.88779073685,-97.94752961820157,0.0,46325.94026111865,0.0,310.51456748970895
0+12+18,2025-09-14,85113.88496040809,84551.84248124143,0.0,84551.84248124143,54317.2307384769,-163.91397828861088,0.0,54153.31676018829,0.0,562.0424791666655
0+12+18,2025-09-15,70398.03439209535,71141.23973256172,495.29771805555504,71636.53745061728,45315.37079912417,565.301441260478,2013.6879059909677,47894.36014637561,743.2053404663914,0.0
0+12+18,2025-09-16,84230.91160651852,79709.29488713187,0.0,79709.29488713187,53144.06168932151,-1450.4125457581608,0.0,51693.64914356335,41.35523023611108,4562.971949622768
0+12+18,2025-09-17,80194.2973174554,77555.96283677983,429.9980541666676,77985.9608909465,51394.95838397021,-979.7841244805403,1339.179855879865,51754.35411536953,0.0,2638.334480675586
0+12+18,2025-09-18,72622.32908155007,73671.15925600137,1452.4409194444456,75123.60017544581,46439.8264340536,810.8919962876193,5474.3844383909745,52725.10286873219,1048.8301744512992,0.0
0+12+18,2025-09-19,78670.20634768519,78589.6389824074,0.0,78589.6389824074,49763.48913633486,-17.694943729236286,0.0,49745.79419260562,0.0,80.56736527777878
0+12+18,2025-09-20,75373.23459034637,74662.23281503771,0.0,74662.23281503771,48311.81520733744,-264.7115391758481,0.0,48047.10366816159,0.0,711.0017753086399
0+12+18,2025-09-21,76927.38530514404,75781.39463389918,6.956616666666605,75788.35125056584,48490.15830558383,-365.41404359021385,12.914958841666552,48137.65922083528,0.0,1145.9906712448542
0+12+18,2025-09-22,78297.22744705074,73475.97676001373,71.6150777777778,73547.59183779151,49250.52487842347,-1647.0827773609599,276.83419570277715,47880.27629676529,0.0,4821.250687037037
0+12+18,2025-09-23,76400.19805298353,74924.42491150548,39.265666666666675,74963.69057817216,47983.455369158146,-458.2826192515806,166.18796429166684,47691.360714198236,0.0,1475.7731414780505
0+12+18,2025-09-24,66929.87419665637,68512.91575345283,2054.2826611111104,70567.19841456394,42456.86116548654,1243.2943727633565,5454.194063436802,49154.34960168669,1583.041556796471,0.0
0+12+18,2025-09-25,72962.10998295611,72820.72016351167,181.94733055555548,73002.66749406722,45560.71450906506,73.38759441534737,682.9675253743048,46317.06962885471,126.81083611111121,268.20065555555544
0+12+18,2025-09-26,80049.91522695473,75050.90688093277,0.0,75050.90688093277,50422.64914901226,-1666.5061599208339,0.0,48756.14298909142,0.0,4999.0083460219485
0+12+18,2025-09-27,67167.11584751372,68892.37491484928,0.0,68892.37491484928,42251.45569430336,1469.0258089805718,0.0,43720.48150328393,1725.259067335559,0.0
0+12+18,2025-09-28,70742.40748175583,70992.54192620027,571.2417333333328,71563.7836595336,44165.92420852315,164.1323348179178,1925.7357594597202,46255.79230280079,250.13444444444622,0.0
0+12+18,2025-09-29,73852.69401249998,70986.08430140602,469.3995444444445,71455.48384585047,46435.24794894083,-1050.8361081263545,1837.4023274999995,47221.81416831447,0.0,2866.6097110939604
0+12+18,2025-09-30,72559.06558161866,70894.56523851166,3116.337393055555,74010.90263156721,45969.725125593766,-659.8664712955735,11439.740073122219,56749.59872742041,0.0,1664.500343106998
0+12+18,2025-10-01,70018.54544648492,66640.68233916324,48.003984722222185,66688.68632388546,43496.33199262186,-901.183298055258,141.91530109097224,42737.063995657576,0.0,3377.863107321678
0+12+18,2025-10-02,75327.24859103377,68367.2798805571,140.43131388888924,68507.71119444598,47214.67409774869,-2219.9895631864515,401.60910951944584,45396.293644081685,0.0,6959.968710476679
0+12+18,2025-10-03,67089.60294969135,65063.20806080829,0.0,65063.20806080829,41564.99674739699,-367.73670119978027,0.0,41197.26004619721,102.28865852777722,2128.683547410834
0+12+18,2025-10-04,78997.03989497221,73477.91684276029,0.0,73477.91684276029,49451.89352420144,-1636.8965007297286,0.0,47814.99702347171,0.0,5519.123052211935
0+12+18,2025-10-05,73910.58410149177,71047.47923827247,219.6297416666666,71267.10897993913,45859.34484456605,-622.7152622822114,643.0734331958331,45879.70301547967,94.6759875694454,2957.780850788756
0+12+18,2025-10-06,63058.58991558641,63833.34597952984,2078.3022819444427,65911.64826147429,39800.87883414148,539.0010082556448,6928.733735515969,47268.61357791309,774.756063943425,0.0
0+12+18,2025-10-07,68564.35309492456,68995.12687950961,144.88546805555558,69140.01234756516,42341.499376636995,975.3352746330912,463.3392406965283,43780.17389196662,893.7350887517185,462.9613041666699
0+12+18,2025-10-08,67167.94525975651,66141.35903096707,434.03145694444464,66575.39048791151,41757.44662105596,-268.68775101495856,1693.3146242256937,43182.0734942667,7.0790333333332,1033.665262122769
0+12+18,2025-10-09,76282.0914427469,70019.45076831276,134.17026944444683,70153.62103775721,47686.041462367415,-1896.5374117805009,419.76827857569987,46209.27232916261,0.0,6262.640674434154
0+12+18,2025-10-10,73725.97423203017,69076.3669539266,0.0,69076.3669539266,46220.93586099261,-1333.8442916935528,0.0,44887.09156929906,0.0,4649.607278103569
0+12+18,2025-10-11,74283.36069008916,72722.33374111797,0.0,72722.33374111797,46352.754236111905,-391.1620765151473,0.0,45961.59215959676,0.0,1561.0269489711961
0+12+18,2025-10-12,69008.84451586076,68628.52849341632,587.658944402779,69216.1874378191,42634.20007394338,148.8606612223363,2280.559150465408,45063.619885631124,221.60276644444602,601.9187888888849
0+12+18,2025-10-13,70899.3176829218,66207.9095363683,962.9940888888891,67170.9036252572,43954.330714701864,-1347.450211900015,3732.6752268347227,46339.55572963657,0.0,4691.408146553496
0+12+18,2025-10-14,73707.53364384259,69884.12100695987,745.4640388888891,70629.58504584877,46010.40682678416,-1219.8290511342352,3093.8263401347212,47884.404115784644,0.0,3823.4126368827124
0+12+18,2025-10-15,76603.47017069341,72171.30706121125,215.9643263888891,72387.27138760014,48028.085713116656,-1516.5587892301555,652.1101118000003,47163.6370356865,0.0,4432.1631094821705
0+12+18,2025-10-16,73141.4211151063,71556.09683293896,603.1277874999982,72159.22462043895,45895.63503998361,-525.6502769230391,1801.63682656458,47171.62158962515,0.0,1585.324282167349
0+12+18,2025-10-17,63441.35521944444,68468.32961999314,0.0,68468.32961999314,39445.675156734156,5103.165960416283,0.0,44548.84111715044,5026.974400548696,0.0
0+12+18,2025-10-18,75487.9934853443,71283.17737061522,0.0,71283.17737061522,47040.40958862687,-1362.0934706859016,0.0,45678.316117940965,0.0,4204.816114729079
0+12+18,2025-10-19,73422.4164289952,71903.54748689987,611.2956319444435,72514.84311884432,46098.133679848965,-498.6897469788215,2185.1574133048557,47784.601346175,0.0,1518.8689420953315
0+12+18,2025-10-20,76393.89972846364,74626.95973280177,328.311802777778,74955.27153557955,48152.41170099666,-657.3824785645716,975.9778664881953,48471.00708892028,0.0,1766.9399956618613
0+12+18,2025-10-21,75244.8259128659,73863.9685136032,1256.179754166667,75120.14826776987,46993.27125740692,-511.2117888488167,4359.480456725001,50841.53992528311,0.0,1380.857399262688
0+12+18,2025-10-22,73223.18882925241,73342.29872762345,715.1468819444433,74057.44560956789,45990.69631334061,76.66653662137382,1918.6097742194402,47985.97262418142,119.1098983710528,0.0
0+12+18,2025-10-23,83270.29602779492,79782.601433762,237.38452361111123,80019.98595737311,52013.5753206239,-656.161271811044,638.2657580895841,51995.679806902444,412.10632500000116,3899.800919032924
0+12+18,2025-10-24,72108.74964855966,74229.1592582133,0.0,74229.1592582133,44840.90708930744,2093.7652750650586,0.0,46934.6723643725,2150.453520764746,30.04391111111147
0+12+18,2025-10-25,77184.8019526749,76061.19941058094,0.0,76061.19941058094,47816.804992435296,-239.46041977198755,0.0,47577.34457266331,36.69151761111374,1160.2940597050742
0+12+18,2025-10-26,76064.79800788753,76049.23845509259,513.9540375000006,76563.1924925926,47147.88166944132,313.23190019899505,1649.1058781152815,49110.2194477556,352.00737359396345,367.56692638889115
0+12+18,2025-10-27,69288.68067071331,71559.35385294925,340.836486111112,71900.19033906037,43026.19074379358,2315.8417425208872,1184.8625748312538,46526.895061145726,2278.8193808470533,8.146198611111572
0+12+18,2025-10-28,69685.54178106996,73620.9374361111,696.4176874999995,74317.3551236111,43383.970861871174,3782.670672493863,1928.539469102775,49095.18100346781,3935.395655041149,0.0
0+12+18,2025-10-29,78236.79381319975,77146.71964157766,455.21672083333283,77601.93636241098,48474.15339527777,-339.1478989070708,1863.2328245902752,49998.238320960976,18.114465277776617,1108.1886368998623
0+12+18,2025-10-30,69318.6756630144,71657.94776586504,1019.6844236111115,72677.63218947615,42967.450364685756,2375.5995243345965,3566.134393228474,48909.184282248825,2339.272102850655,0.0
0+12+18,2025-10-31,78717.77101806874,76524.80903452967,0.0,76524.80903452967,48986.0106727722,-794.9871989197745,0.0,48191.02347385243,0.0,2192.961983539092
0+12+18,2025-11-01,74055.10197463991,74102.99813158436,0.0,74102.99813158436,45785.979125002035,36.560039733541096,0.0,45822.53916473558,66.37238194444365,18.476225000000113
0+12+18,2025-11-02,74688.94105090876,74327.58696164265,1379.4189083333326,75707.00586997598,46479.89798194199,-143.9244072670699,4833.583038132638,51169.55661280756,0.0,361.35408926612297
0+12+18,2025-11-03,79838.10024027777,78653.61456812413,353.244480555555,79006.85904867969,49443.29967975819,-349.96944608365146,1011.8219447874983,50105.152178462034,0.0,1184.4856721536362
0+12+18,2025-11-04,74352.97318331618,74771.54625663889,678.5240958333324,75450.07035247222,46106.339177147966,412.44585237054696,2717.3338697854115,49236.118899303925,418.5730733227018,0.0
0+12+18,2025-11-05,82807.02700504115,78629.211101286,486.5114138888882,79115.72251517489,51662.388645551946,-1438.6861496549923,1907.4663394673587,52131.16883536431,0.0,4177.815903755145
0+12+18,2025-11-06,77910.19591527776,78023.46213709722,770.6428861111116,78794.10502320832,48323.332364480826,143.6947669636161,3152.088411292364,51619.11554273681,129.74801765278067,16.481795833333308
0+12+18,2025-11-07,75888.99206714678,76061.899527869,0.0,76061.899527869,47366.05470454313,212.64506932882176,0.0,47578.69977387195,172.90746072221992,0.0
0+12+18,2025-11-08,79518.0526505,79486.91419877777,0.0,79486.91419877777,49678.44231140198,58.408072000098684,0.0,49736.85038340208,72.80034966666796,103.93880138888926
0+12+18,2025-11-09,78747.07234502709,78643.00643391597,396.1647569444451,79039.17119086042,49069.96609065658,124.6693985619439,1516.8072500916687,50711.44273931019,179.9235958333336,283.98950694444727
0+12+18,2025-11-10,79660.98380250257,78941.67240095936,1405.0435277777774,80346.71592873713,49801.119460742906,-265.5759854054792,5182.994862467358,54718.538337804785,0.0,719.3114015432119
0+12+18,2025-11-11,82355.22549104938,81476.16046352881,316.72255416666655,81792.88301769548,51816.49291030853,-299.76436057746696,1015.4907780402773,52532.219327771345,0.0,879.065027520577
0+12+18,2025-11-12,78961.519765625,78190.09849499605,415.66027361111117,78605.75876860716,49249.00426688048,-228.2369944219332,1842.087783652778,50862.85505611133,0.05298516666607611,771.4742557956088
0+12+18,2025-11-13,76791.92389807956,79827.60576863392,1239.792324999998,81067.39809363392,47985.216270411955,3026.8902020942505,4419.542416732631,55431.64888923883,3035.681870554354,0.0
0+12+18,2025-11-14,79256.84137487499,79750.8481969086,0.0,79750.8481969086,49219.58019352318,512.5106081070692,0.0,49732.09080163025,512.8534012002776,18.846579166666743
0+12+18,2025-11-15,85121.42777201645,83449.34595504115,0.0,83449.34595504115,53673.05146222282,-573.181851822798,0.0,53099.86961040003,0.0,1672.0818169753077
0+12+18,2025-11-16,79375.3934209019,80340.98128372771,981.9214666666658,81322.90275039438,49513.97406378049,1043.4221570351551,4133.1035091798585,54690.499729995514,965.5878628257963,0.0
0+12+18,2025-11-17,76187.11961599793,78070.968540072,1363.0076638888884,79433.97620396089,47675.10714375322,1822.4337752478348,4412.07493809861,53909.61585709966,1883.8489240740769,0.0
0+12+18,2025-11-18,80669.96834705916,80161.56753317027,1265.7869711805529,81427.35450435082,50413.440442043604,-185.2890418454174,5044.856356979499,55273.007757177686,0.0,508.40081388889075
0+12+18,2025-11-19,80202.67355812361,80309.02231923473,1194.9956550833347,81504.01797431806,50133.85769427282,196.63556894819595,5070.505896755476,55400.99915997649,198.32813194444577,91.97937083333375
0+12+18,2025-11-20,80273.83280889077,81261.64434676801,571.9744833333352,81833.61883010135,50131.23786524579,1104.290530671423,2244.265456584037,53479.79385250125,997.5795725994495,9.768034722222524
0+12+18,2025-11-21,80834.33584540276,81121.4214804165,0.0,81121.4214804165,50570.16898636399,317.38888642701426,0.0,50887.557872791,288.70778223593754,1.6221472222218836
0+12+18,2025-11-22,87710.76534444444,84787.41194257545,0.0,84787.41194257545,55579.626695137915,-1034.0459662626552,0.0,54545.58072887526,0.0,2923.353401869001
0+12+18,2025-11-23,80585.05955673268,80243.46932021005,1425.072363708333,81668.54168391837,50539.959423967215,-116.88800059612768,5914.927024678815,56337.998448049904,0.0,341.59023652263727
0+12+18,2025-11-24,79888.16938489882,79933.5169404544,1018.9975388194428,80952.51447927384,50161.99792378685,29.625666995000152,3573.912258930477,53765.53584971232,45.3475555555558,0.0
0+12+18,2025-11-25,91466.43358256172,86190.03979766803,362.7763430555566,86552.81614072357,58275.36843433145,-1889.9489413756032,1237.6721344159766,57623.091627371825,0.0,5276.393784893694
0+12+18,2025-11-26,86676.66298055556,84218.87206544924,519.9711833333323,84738.84324878256,54576.29759702236,-860.2627520349654,2194.438273760412,55910.47311874781,0.0,2457.790915106312
0+12+18,2025-11-27,84281.375946262,83708.61288033263,487.0799550972228,84195.69283542986,53029.83040152008,-205.3678088198223,2045.4915525852323,54869.95414528549,0.0,572.7630659293548
0+12+18,2025-11-28,84663.24141930726,84494.70477405693,0.0,84494.70477405693,53453.09156137864,-62.319443014938464,0.0,53390.772118363704,0.0,168.53664525034142
0+12+18,2025-11-29,94444.94230841906,92140.99407465706,0.0,92140.99407465706,60169.46269602084,-750.2612135685634,0.0,59419.20148245228,0.0,2303.9482337620034
0+12+18,2025-11-30,86559.99316279149,87222.22872736625,681.4331680555556,87903.66189542181,54414.21017555414,897.8302110777581,3029.96926657639,58342.00965320828,853.2666437414294,191.03107916666636
0+12+18,2025-12-01,89864.71242664609,87698.17238942043,4491.215529361109,92189.38791878155,57466.42242222058,-774.6659218853335,14585.623367682183,71277.37986801744,0.0,2166.5400372256518
0+12+18,2025-12-02,93218.78246870713,90673.66042270232,4489.94823611111,95163.60865881343,59387.602598935475,-864.0050693273708,15923.442896717359,74447.04042632546,0.0,2545.122046004804
0+12+18,2025-12-03,83678.96835996228,87070.47422030178,5620.314333333332,92690.78855363511,52895.715485777924,3632.3390094792708,17989.612156812495,74517.66665206969,3391.5058603395046,0.0
0+12+18,2025-12-04,91779.68883888888,86978.54969317556,5409.971543055555,92388.52123623111,58859.59810440222,-1850.1211639801695,19676.65300023542,76686.12994065747,0.0,4801.139145713306
0+12+18,2025-12-05,90445.29331735254,90268.14687312003,0.0,90268.14687312003,57813.91555035353,-37.30255622944104,0.0,57776.61299412409,32.80642161111223,209.95286584362034
0+12+18,2025-12-06,92883.49848182441,91609.4514701303,0.0,91609.4514701303,59538.69843224318,-487.80940893530794,0.0,59050.88902330787,0.0,1274.0470116941042
0+12+18,2025-12-07,94327.92524444443,91737.80662704045,3277.725067805556,95015.53169484601,60401.59176131958,-947.7672257508013,11159.501273967142,70613.32580953592,0.0,2590.1186174039794
0+12+18,2025-12-08,94127.33868329904,93486.60258539094,2659.0717250171483,96145.67431040808,60204.38575718721,-199.1427219737082,8501.834119008456,68507.07715422196,0.0,640.7360979080935
0+12+18,2025-12-09,93598.82612498285,92646.85421391958,2800.3841208333333,95447.23833475291,59878.8381963468,-296.7965393027704,10048.703529308335,69630.74518635236,14.704642486111425,966.676553549385
0+12+18,2025-12-10,90867.73434833676,90599.50883444786,3821.618331292868,94421.12716574072,57996.7405368601,-99.15342285881978,13392.717315881426,71290.3044298827,0.0,268.22551388888974
0+12+18,2025-12-11,94955.62916093963,92146.23145138889,1143.3850819444438,93289.61653333333,60555.44133777956,-1021.4672735797856,4053.05241637847,63587.02648057824,0.0,2809.397709550761
0+12+18,2025-12-12,94265.87161805555,94622.08466444444,0.0,94622.08466444444,60109.23411262777,472.9760583521281,0.0,60582.210170979895,408.81289222222466,52.59984583333335
0+12+18,2025-12-13,95135.02718009257,95665.83250805897,2.8350000000000364,95668.66750805898,61058.70539936481,624.2749971683639,6.061230000000077,61689.04162653317,542.0896307441722,11.284302777777953
0+12+18,2025-12-14,90453.87803609396,91470.91913736283,3151.8815305555563,94622.80066791839,57478.43945613332,1026.308207591862,11906.243761229165,70410.99142495435,1017.0411012688655,0.0
0+12+18,2025-12-15,90719.85973942043,91527.56449080931,3702.487243055556,95230.05173386486,57660.76008934255,670.2166596570823,13447.122310359726,71778.09905935936,807.7047513888878,0.0
0+12+18,2025-12-16,96498.45389444444,94875.90395053153,1029.7212805555562,95905.62523108709,62081.3907896436,-612.2662033352519,3261.8558404590294,64730.980426767375,0.0,1622.5499439128962
0+12+18,2025-12-17,97384.57164322701,96242.96253895746,895.4679250000004,97138.43046395747,62381.54273393348,-387.32421687509964,2934.817579927779,64929.03609698616,0.0,1141.6091042695477
0+12+18,2025-12-18,92944.99198749999,92943.3469063443,1128.7793819444446,94072.12628828875,59541.60758862735,59.06581160491395,3719.353837564584,63320.02723779685,73.56731884431326,75.21239999999977
0+12+18,2025-12-19,93173.42832674895,93518.74470324896,0.0,93518.74470324896,59615.177061176146,360.93937516765857,0.0,59976.11643634381,491.9435362222205,146.62715972222236
0+12+18,2025-12-20,95854.90284583332,94817.16634166666,0.0,94817.16634166666,61734.409442932636,-421.6123931365277,0.0,61312.79704979611,0.0,1037.7365041666662
0+12+18,2025-12-21,95529.39926474623,95670.08741039094,784.5515625000003,96454.63897289094,61023.24257756536,218.21798440289754,2804.008321259028,64045.46888322728,204.35844008916226,63.67029444444472
0+12+18,2025-12-22,93619.77005795609,94023.51293712277,1491.07474861111,95514.58768573387,60032.72023613579,278.76658467923653,4652.358567405554,64963.84538822058,411.3879986111118,7.645119444444617
0+12+18,2025-12-23,96311.85487832647,95954.78909082647,511.6897706388865,96466.47886146535,61592.738280470876,-88.81504674104174,1858.8984371616434,63362.82167089148,0.0,357.06578750000006
0+12+18,2025-12-24,95536.47906244855,95028.79609266117,561.5421736111106,95590.33826627229,61462.33706084096,-200.46496581348833,1744.9266920437467,63006.79878707122,0.0,507.68296978737715
0+12+18,2025-12-25,92372.54421385459,93730.92187757201,1408.4054680555532,95139.32734562756,58728.87978898777,1359.5008922580978,4796.495468944435,64884.8761501903,1358.3776637174196,0.0
0+12+18,2025-12-26,94895.77140917353,94858.38960361796,0.0,94858.38960361796,60634.179858968,-12.796077579791799,0.0,60621.383781388206,0.0,37.38180555555596
0+12+18,2025-12-27,96558.14639722221,95962.061881375,0.0,95962.061881375,61829.45139790639,-232.85630945688672,0.0,61596.5950884495,0.0,596.0845158472234
0+12+18,2025-12-28,95441.35153187584,94136.35890149177,511.39497500000016,94647.75387649177,61051.84257316583,-499.3421340432553,1775.3038766673617,62327.80431578994,0.0,1304.992630384088
0+12+18,2025-12-29,94415.484875,94729.69697241083,550.3035763888888,95280.00054879973,59955.23464859555,401.0426002123112,2078.8497573798604,62435.12700618772,333.06809324416247,18.855995833333623
0+12+18,2025-12-30,95668.25442974965,93689.2507125,447.2351069444442,94136.48581944444,61080.631030909506,-721.4027444696146,1956.2735382958326,62315.50182473573,0.0,1979.003717249662
0+12+18,2025-12-31,97742.0858699417,97517.10777582304,527.9296569444448,98045.03743276748,62406.21958317963,81.90825853546067,1729.143636778474,64217.27147849357,131.67008643689582,356.64818055555645
0+6+18,2025-02-01,93429.28859569615,89826.63979154664,0.0,89826.63979154664,59395.01843862276,-1369.5391781171834,0.0,58025.47926050558,0.0,3602.6488041495163
0+6+18,2025-02-02,93013.98304266117,91115.35277358332,14.969616666666866,91130.32239024999,58750.41665189426,-603.9124099895282,91.67427611666756,58238.1785180214,7.174727777777662,1905.8049968556224
0+6+18,2025-02-03,95562.53238888888,91824.3262097222,140.44107916666653,91964.76728888886,60470.27568131819,-1324.1469377574988,640.1452157041664,59786.27395926486,0.0,3738.2061791666647
0+6+18,2025-02-04,97679.91239583332,94396.05700142318,71.72141666666664,94467.77841808985,62395.5796822361,-1267.6607029665272,236.4821256666665,61364.401104936245,0.0,3283.855394410155
0+6+18,2025-02-05,92742.84375982509,92579.9208209362,24.201163888889084,92604.12198482509,58761.72436063056,39.523576632430775,112.13879798472357,58913.38673524771,102.71259444444465,265.63553333333357
0+6+18,2025-02-06,98267.08830138888,94101.67242836076,17.3943361111111,94119.06676447188,62633.72605929402,-1594.757184746774,93.87018375555569,61132.8390583028,0.0,4165.415873028116
0+6+18,2025-02-07,94385.3950288923,92517.51053746569,0.0,92517.51053746569,59972.692875450666,-612.1611039310296,0.0,59360.531771519636,70.39387500000046,1938.2783664266135
0+6+18,2025-02-08,86001.55528223576,87013.29362554869,0.0,87013.29362554869,53672.87581746682,1123.2160521567275,0.0,54796.091869623546,1015.8278863684864,4.089543055555623
0+6+18,2025-02-09,93405.08508194443,92838.45161643055,11.187437499999874,92849.63905393056,59036.70783862444,-224.12621520564863,54.49400806249938,58867.07563148129,4.126791430555613,570.7602569444448
0+6+18,2025-02-10,88767.52914999999,82560.68968415278,885.3121236111108,83446.00180776388,55678.15593494472,-2131.2188910227223,3208.3013286069436,56755.23837252894,0.0,6206.8394658472225
0+6+18,2025-02-11,89682.09669125514,86440.41917061042,23.317709722222382,86463.73688033264,56695.34691189259,-1259.7248427574723,68.9740090256955,55504.596078160816,0.0,3241.67752064472
0+6+18,2025-02-12,89814.88468055555,85581.78568052125,32.47324583333341,85614.25892635458,56505.9492984968,-1474.069844466489,174.0667482291671,55205.94620225948,0.0,4233.099000034293
0+6+18,2025-02-13,84346.8667236111,81222.62344506945,72.20080000000021,81294.82424506945,52353.97471950027,-1054.7679203447829,332.8855483659737,51632.09234752146,0.0,3124.243278541662
0+6+18,2025-02-14,86884.20855190328,85751.9701239477,0.0,85751.9701239477,54108.225898860124,-64.19287202056671,0.0,54044.033026839556,402.2799342249757,1534.5183621805556
0+6+18,2025-02-15,88290.5040494513,83739.7029467421,0.0,83739.7029467421,54966.396657073456,-1527.7467354960895,0.0,53438.649921577366,0.0,4550.801102709196
0+6+18,2025-02-16,89877.46801388887,84205.17784583333,249.58385694444394,84454.76170277777,56350.59278370708,-1986.761294025346,933.6557752118031,55297.487264893534,0.0,5672.2901680555515
0+6+18,2025-02-17,88958.54734994855,82752.41949982852,96.11098333333314,82848.53048316186,55275.42614698615,-1929.904424460924,503.7237782666656,53849.24550079189,92.44295138888856,6298.570801508912
0+6+18,2025-02-18,80233.65361973594,80958.30826164264,806.0025361111109,81764.31079775374,49758.786033814285,488.8270788831825,3526.193476339583,53773.80658903705,724.6546419067156,0.0
0+6+18,2025-02-19,80714.37768411916,80565.96843117473,437.70491111111215,81003.67334228584,50128.41726120714,-25.10777329642793,1620.8602376305603,51724.16972554127,12.746134555555273,161.1553874999995
0+6+18,2025-02-20,83279.41539027778,82077.47493168054,226.73519583333308,82304.21012751387,51333.96486079221,430.57048208484684,1116.9598681451378,52881.4952110222,852.6149888888895,2054.5554474861115
0+6+18,2025-02-21,81369.59173940329,82053.22589313888,0.0,82053.22589313888,50313.39229082767,1057.2998548722508,0.0,51370.692145699926,1108.9023523467113,425.2681986111123
0+6+18,2025-02-22,82807.39319058642,82935.9658149753,0.0,82935.9658149753,51237.133080496904,323.05944196745054,0.0,51560.19252246436,395.47145633333196,266.89883194444485
0+6+18,2025-02-23,81437.41613174707,81404.33931369153,287.2542944444464,81691.59360813597,50182.815213086986,79.75885871492986,1138.7092647097288,51401.283336511646,107.56243888888835,140.63925694444526
0+6+18,2025-02-24,77723.81582933813,79130.46245226337,297.36010416666716,79427.82255643004,48302.9413039102,969.5323295159924,1502.2401628826408,50774.71379630883,1502.6270312585693,95.98040833333334
0+6+18,2025-02-25,80392.9759449861,78311.28036991735,197.57155416666683,78508.85192408403,49488.6424565491,-608.8912694997975,885.2405543263897,49764.99174137569,251.57500480624458,2333.2705798749967
0+6+18,2025-02-26,73882.11549657065,74637.95010013718,1079.7876111111136,75717.7377112483,45027.442761471946,590.5391023440675,4380.717509170151,49998.699372986164,755.8346035665277,0.0
0+6+18,2025-02-27,75308.9164026406,74943.9139486454,386.8843902777759,75330.79833892317,46137.80373944654,109.58176427495849,1842.0782045187389,48089.46370824024,254.60730433813148,619.6097583333333
0+6+18,2025-02-28,75524.92967674896,76924.26461601509,0.0,76924.26461601509,46057.357868489285,1330.9838793537085,0.0,47388.34174784299,1428.6934850994508,29.35854583333321
0+6+18,2025-03-01,85843.77428271604,78406.01330601147,0.0,78406.01330601147,53538.95427258208,-2464.2071174572357,0.0,51074.747155124845,0.0,7437.76097670456
0+6+18,2025-03-02,83044.5713120377,83869.30372752057,316.80169166666644,84186.10541918724,51336.141206940505,1190.3797690623546,1612.337271710415,54138.85824771327,1070.7000988161951,245.9676833333333
0+6+18,2025-03-03,84771.50518931754,81223.47007647462,462.0041458333335,81685.47422230795,52357.21259632244,-278.9191978638896,2100.3425656090276,54178.63596406757,810.359373611114,4358.394486454049
0+6+18,2025-03-04,75940.61318621399,77459.33289429286,1005.3337472222238,78464.66664151508,46683.85452413651,1483.246913078626,3578.5397725458397,51745.64120976097,1518.7197080788837,0.0
0+6+18,2025-03-05,79791.13168575102,78200.07261219136,175.29395416666716,78375.36656635803,49019.97667418915,-382.8324547212993,938.6356129041701,49575.77983237202,98.76374722222067,1689.822820781888
0+6+18,2025-03-06,75133.27603170439,75452.29877081618,270.5380680555562,75722.83683887174,45793.33100176396,540.3009981775531,1161.8535520798637,47495.485552021375,591.9440918895762,272.9213527777771
0+6+18,2025-03-07,80780.17255865209,76809.35650978377,0.0,76809.35650978377,49925.33451632256,-1392.7287391460331,0.0,48532.605777176526,0.0,3970.8160488683116
0+6+18,2025-03-08,74584.90752095832,74536.90306700958,0.0,74536.90306700958,45277.808822833715,541.494491364279,0.0,45819.30331419799,753.5618607974961,801.5663147462299
0+6+18,2025-03-09,78726.83741445473,71948.31002282235,962.1249750000001,72910.43499782235,47915.24272755087,-2102.7174026980897,4183.205989941668,49995.73131479445,0.0,6778.527391632375
0+6+18,2025-03-10,75556.90248144718,76563.55374962499,439.21464444444365,77002.76839406943,45694.439071622764,1177.2507458210448,1784.623307598607,48656.31312504242,1045.2850084555905,38.63374027777763
0+6+18,2025-03-11,67445.78799300411,74973.05436915277,278.56171249999966,75251.61608165277,41154.20600928577,6747.2888092814,1158.1758986270822,49059.670717194254,7527.266376148658,0.0
0+6+18,2025-03-12,77094.27813489368,70791.45674051782,750.0972652777792,71541.55400579561,47072.643559517805,-2075.6876949362436,3098.6128004402854,48095.56866502185,0.0,6302.821394375855
0+6+18,2025-03-13,77235.24039634773,77986.84177460562,365.06761944444486,78351.90939405006,46932.613143723946,922.0827423865577,1621.145141579862,49475.84102769036,879.6175685356679,128.01619027777758
0+6+18,2025-03-14,69945.92924377572,70334.86985881909,0.0,70334.86985881909,42582.074433641945,896.5576534987257,0.0,43478.63208714067,986.155016529495,597.2144014861183
0+6+18,2025-03-15,76322.13890694444,79613.35093867386,9.053333333333399,79622.40427200719,46223.971102382086,3588.462057742945,19.356026666666803,49831.7891867917,3291.212031729423,0.0
0+6+18,2025-03-16,73848.90551299724,75126.28997688615,191.84106666666622,75318.13104355281,45111.90710272442,929.1953828047973,819.0183815951373,46860.12086712436,1278.242011111116,0.8575472222219105
0+6+18,2025-03-17,69483.16628336042,65099.97168432064,1025.8411263888897,66125.81281070953,41452.52690656767,-1146.289666238685,4198.920379159725,44505.15761948871,0.0,4383.194599039777
0+6+18,2025-03-18,77960.13295833333,74668.43755469444,107.61980000000028,74776.05735469444,47794.13632616624,-906.597790272015,329.86258022500124,47217.40111611923,255.6599997222221,3547.3554033611113
0+6+18,2025-03-19,65028.111678772286,69234.37293091563,565.2403291666657,69799.6132600823,39569.21747725693,3970.3154079224105,1481.2711323097194,45020.804017489056,4206.261252143349,0.0
0+6+18,2025-03-20,73413.45432347392,67204.57031851851,1967.8741166666675,69172.44443518519,44712.58691134697,-2017.771793949595,7597.814708752781,50292.62982615016,54.936197222223655,6263.820202177637
0+6+18,2025-03-21,71224.7246241706,65675.08166543208,0.0,65675.08166543208,42813.49560244485,-1503.1487660041475,0.0,41310.3468364407,292.1189385694443,5841.761897307953
0+6+18,2025-03-22,73697.9483563443,70054.53946196845,9.078333333333376,70063.61779530179,45017.12890273389,-1108.7490443391625,19.409476666666755,43927.789335061396,0.0,3643.4088943758525
0+6+18,2025-03-23,74106.61468137859,72004.8023685528,237.4166805555559,72242.21904910836,45109.31601797122,-797.0213260053424,1064.852567318752,45377.14725928463,0.0,2101.812312825782
0+6+18,2025-03-24,69821.60133141288,68211.0312547668,289.31265138888904,68500.34390615569,42025.367988600156,-140.78702999011597,874.1370117777798,42758.717970387814,389.25825113168816,1999.8283277777791
0+6+18,2025-03-25,77048.39567949245,68203.40704032921,699.3687430555535,68902.77578338477,46948.23656421999,-2905.125836920409,2760.2598977187386,46803.37062501832,0.0,8844.988639163239
0+6+18,2025-03-26,67170.62047189643,67178.32505402948,214.87329305555505,67393.19834708504,40612.20439221275,281.02459343163207,704.7960468472195,41598.025032491605,335.42696666666603,327.72238453360853
0+6+18,2025-03-27,70422.60704269547,69328.85887083333,513.2655736111108,69842.12444444443,42686.15192227504,195.8152237943533,1858.9014667020808,44740.868612771475,656.5187777777792,1750.266949639913
0+6+18,2025-03-28,68377.01879999999,65171.486212654316,0.0,65171.486212654316,41568.56711670125,-753.9961913127802,0.0,40814.57092538847,504.6275862654309,3710.160173611115
0+6+18,2025-03-29,62918.48269305554,61998.7128486111,0.0,61998.7128486111,37884.15785276639,175.10919777888876,0.0,38059.26705054528,557.2824500000002,1477.052294444446
0+6+18,2025-03-30,68736.60165999657,63714.076964163236,459.500951388888,64173.57791555212,41069.81557712857,-1381.8460604918057,1570.0970934173588,41258.06661005412,0.0,5022.524695833334
0+6+18,2025-03-31,60338.92374489026,67027.99032762347,259.59268472222243,67287.5830123457,36259.9969352702,6083.1923915044545,771.377305165278,43114.56663193993,6689.066582733204,0.0
0+6+18,2025-04-01,72743.26750594992,70434.69514706104,483.7370728472222,70918.43221990825,43155.53767072038,-379.7684671435957,1704.1438070946192,44479.91301067141,371.17693833333493,2679.7492972222235
0+6+18,2025-04-02,69635.84076805555,70457.97841351165,461.90939166666647,70919.88780517831,41622.897211218326,1234.4126849859213,1848.8539191451378,44706.163815349384,1157.0063593449963,334.86871388888983
0+6+18,2025-04-03,70491.49285644719,66577.00080517832,391.2395809670792,66968.24038614541,42856.68546439257,-1432.2143556040717,1342.218062595865,42766.689171384365,0.0,3914.4920512688655
0+6+18,2025-04-04,62042.7369625,59793.119211111116,0.0,59793.119211111116,37139.30921500861,-710.4405057462501,0.0,36428.86870926236,0.0,2249.6177513888897
0+6+18,2025-04-05,62188.41999722221,62199.65705385802,0.0,62199.65705385802,36797.67218818888,418.79018608097385,0.0,37216.46237426985,499.3817510802485,488.1446944444444
0+6+18,2025-04-06,66123.87401843278,62778.789372239364,420.97840138889,63199.76777362826,38889.40105871911,-684.2806914168837,1782.623684438896,39987.74405174112,157.43566944444433,3502.520315637863
0+6+18,2025-04-07,59158.94066527777,61136.75355354938,513.5136763888913,61650.26722993827,34894.89435607916,2331.7846220199312,1835.9964487743212,39062.67542687341,2012.408193827161,34.59530555555568
0+6+18,2025-04-08,67606.08887062757,64494.830785425234,366.6655666666661,64861.4963520919,40552.130630269625,-775.2241080623305,1632.270536142359,41409.177058349655,152.98921111111076,3264.2472963134414
0+6+18,2025-04-09,66265.9621968107,67386.30099794238,479.83737491666875,67866.13837285904,39443.85029747786,789.4254313427997,1891.7875336799407,42125.063262500604,1120.3388011316856,0.0
0+6+18,2025-04-10,65038.09262872084,65298.81925620713,568.5965632544566,65867.41581946159,39224.68303155548,168.1163265667346,2465.968271764059,41858.76762988628,260.7266274862842,0.0
0+6+18,2025-04-11,53960.15668957475,55933.82198785254,0.0,55933.82198785254,32244.417330992168,1891.8008900446753,0.0,34136.21822103684,1973.665298277778,0.0
0+6+18,2025-04-12,68624.42385119444,63986.88089401577,0.0,63986.88089401577,40788.239735872616,-1545.6336584470594,0.0,39242.60607742555,0.0,4637.54295717867
0+6+18,2025-04-13,61545.11532222222,61116.63964166666,1019.9681943523635,62136.60783601902,36310.74577977847,-179.5876959213196,4189.417262326187,40320.57534618333,0.0,428.4756805555562
0+6+18,2025-04-14,64705.521376183126,58390.60263110424,1055.4723453189297,59446.074976423166,38824.39750460308,-2214.996745741172,3688.475195445627,40297.87595430754,0.0,6314.9187450788795
0+6+18,2025-04-15,56743.35386025377,58671.109354320986,430.3233083333338,59101.43266265432,33388.057934137105,2174.5051826497515,2197.5409270868086,37760.10404387367,1927.7554940672194,0.0
0+6+18,2025-04-16,63175.22998683128,64685.56454789094,443.2329208333333,65128.797468724275,36810.893830620866,1948.4614032282398,1699.371582218055,40458.72681606716,1690.5115721707818,180.17701111111353
0+6+18,2025-04-17,57574.03766159122,61238.90873328188,323.5587430555562,61562.467476337435,34654.40027999258,2543.0655112886434,1384.1356568277824,38581.60144810901,3664.871071690663,0.0
0+6+18,2025-04-18,58610.451108161855,58656.187890439636,0.0,58656.187890439636,34558.62348775934,45.279414455000904,0.0,34603.90290221434,45.736782277778694,0.0
0+6+18,2025-04-19,62579.16936666666,60068.653504166665,0.0,60068.653504166665,36493.915475393194,-780.862337960208,0.0,35713.05313743299,0.0,2510.515862499998
0+6+18,2025-04-20,58332.29027520575,58321.98159891408,751.0363588005937,59073.01795771467,34620.41875269064,1.2182736047686715,2761.6381146454783,37383.27514094089,4.099255652777025,14.407931944444215
0+6+18,2025-04-21,61243.55799903978,54580.883774999995,1132.9686361111112,55713.852411111104,36253.68370694095,-1918.7836654768657,4098.711144749307,38433.61118621339,0.0,6662.674224039783
0+6+18,2025-04-22,54910.379863888884,58687.3096816358,577.1978166666665,59264.50749830247,32472.777613439717,3254.8756873547322,2318.083315482638,38045.73661627709,3776.929817746917,0.0
0+6+18,2025-04-23,53910.865749519886,56673.86794958847,1444.319256944444,58118.187206532915,31922.357805766085,2099.3842580579617,5165.509500317359,39187.25156414141,2763.002200068586,0.0
0+6+18,2025-04-24,56075.27262918055,54486.76596251389,839.3327694444445,55326.09873195834,33137.836616325425,-352.10551722347213,3027.9394585034725,35813.67055760543,0.0,1588.5066666666662
0+6+18,2025-04-25,54714.76270233196,54593.85534682785,0.0,54593.85534682785,32995.14751898478,-57.93319727569427,0.0,32937.214321709085,0.0,120.90735550411512
0+6+18,2025-04-26,54604.99958220165,53619.66738803155,0.0,53619.66738803155,32755.536883653873,-300.7540665137475,0.0,32454.782817140127,0.0,985.332194170096
0+6+18,2025-04-27,55062.24398189299,56163.701995061725,1469.9558583333326,57633.65785339506,32756.051712804365,802.9767180453854,5873.610045421525,39432.63847627128,1111.2469853909506,9.788972222222412
0+6+18,2025-04-28,65820.82891141975,65897.6988919753,438.8088454999971,66336.5077374753,38573.21529012594,85.28422378770867,1685.1560901553485,40343.655604069,138.46160833333397,61.5916277777784
0+6+18,2025-04-29,57162.87302366255,55489.34597234225,571.1708958333307,56060.51686817558,33747.06000927683,-153.33075320425502,2558.2013877388777,36151.93064381145,213.35662916666678,1886.8836804869654
0+6+18,2025-04-30,54337.98941570645,54181.34914348423,1789.4604847222215,55970.80962820645,32568.227005210487,-94.25812597416663,6153.000851719442,38626.96973095576,0.0,156.64027222222217
0+6+18,2025-05-01,57168.08622148491,56192.352934876544,2982.5487236111117,59174.90165848766,34091.775846399396,-264.9806576570665,13599.19783389445,47425.99302263677,0.0,975.7332866083663
0+6+18,2025-05-02,67725.72750735597,67425.3812156893,0.0,67425.3812156893,40011.91481553619,-76.01768946236047,0.0,39935.89712607383,4.07770277777729,304.4239944444423
0+6+18,2025-05-03,63938.99743607681,62458.92418818586,18.39166666666665,62477.31585485253,37703.201040286425,-460.58886699956565,39.3213833333333,37281.9335566202,0.0,1480.0732478909456
0+6+18,2025-05-04,60949.74251558641,56623.63983431069,2991.544834670777,59615.18466898147,35913.771924014254,-994.4310388559493,12235.353167057876,47154.69405221618,0.0,4326.102681275721
0+6+18,2025-05-05,61903.140418055555,60447.479423199584,2717.480672749998,63164.96009594958,37144.11023286791,-708.9563256108167,12407.204571770726,48842.358479027826,0.0,1455.6609948559703
0+6+18,2025-05-06,54281.05694718793,56479.82276030521,3393.476505972223,59873.299266277434,32342.2022478391,1493.039045608955,14994.208876541674,48829.45016998972,2198.7658131172793,0.0
0+6+18,2025-05-07,57846.83926531207,59157.06509538751,2254.2062546527777,61411.27135004029,34805.900774781476,906.6013045366235,10510.621220255209,46223.123299573315,1310.2258300754488,0.0
0+6+18,2025-05-08,64362.44505832561,60967.21270485253,2548.7610855555577,63515.97379040808,37250.59326307691,-839.0581271603223,12579.542460857374,48991.07759677396,29.428331944444267,3424.660685417526
0+6+18,2025-05-09,67542.22879528464,60464.66439444444,0.0,60464.66439444444,39560.34590978577,-1858.8815756355275,0.0,37701.464334150245,79.77349305555549,7157.337893895745
0+6+18,2025-05-10,65730.25748077023,65709.08827828412,0.0,65709.08827828412,38493.8573407315,1191.496106898967,0.0,39685.35344763046,1226.3001861111127,1247.4693885972208
0+6+18,2025-05-11,62312.21982818929,61692.39659006447,2168.8645143611084,63861.261104425575,36308.47332884034,296.2746034353338,10773.480730090567,47378.22866236624,528.280295997255,1148.1035341220802
0+6+18,2025-05-12,55626.12271243141,58578.84600368654,1462.4665763888884,60041.312580075435,33111.50778772933,2794.2912968664195,6581.451642259025,42487.25072685477,2952.723291255138,0.0
0+6+18,2025-05-13,64636.29115312071,58995.48870773318,1295.8257194444468,60291.314427177625,37859.32763421592,-1242.608869288234,6142.259231034737,42758.97799596243,269.8068291666664,5910.6092745541855
0+6+18,2025-05-14,63028.20192676611,63389.21967050753,786.6058472222219,64175.825517729754,38032.36050077957,248.7909180983774,3179.991686268053,41461.143105146,378.15734235253535,17.13959861111198
0+6+18,2025-05-15,61829.94477007424,63136.94362703583,592.3998444444444,63729.34347148027,37914.53200037076,992.8560006541497,2168.795983815278,41076.18398484019,1323.4708347393678,16.47197777777785
0+6+18,2025-05-16,58854.16810546981,56384.28582215363,0.0,56384.28582215363,35851.0999553423,-804.9884304162767,0.0,35046.111524926026,0.0,2469.8822833161803
0+6+18,2025-05-17,66891.34851658093,64772.384519204374,3.5616666666666106,64775.94618587104,39858.48946880014,-711.2907938117919,7.614843333333213,39154.81351832168,0.0,2118.963997376548
0+6+18,2025-05-18,66484.45099698217,63475.48222568587,675.4943541666662,64150.97657985253,39145.90378950878,-833.990434802036,2187.59107413333,40499.504428840075,0.0,3008.9687712962923
0+6+18,2025-05-19,60550.91036694101,57475.82242055898,535.9857201250003,58011.80814068398,35790.457003286036,-569.2146624027132,2789.7371207901942,38010.979461673516,143.02181805555549,3218.1097644375877
0+6+18,2025-05-20,60057.88522263374,61317.14292595816,773.7222499999998,62090.865175958155,35707.15495163588,1340.0723202029844,3538.7211545694418,40585.94842640831,1259.2577033244195,0.0
0+6+18,2025-05-21,56671.6308803155,59671.6311683299,698.2083458333343,60369.839514163235,34291.02212009536,2676.690943715397,2675.00651251459,39642.71957632535,3000.0002880144016,0.0
0+6+18,2025-05-22,59554.15739696502,59030.854706704384,630.1815444444449,59661.03625114883,36108.05381034689,-118.91653983139227,2357.591082491669,38346.72835300717,0.0,523.3026902606309
0+6+18,2025-05-23,63681.17096476337,61557.25073585391,0.0,61557.25073585391,37667.794076741186,-525.5875787791516,0.0,37142.20649796203,0.0,2123.9202289094665
0+6+18,2025-05-24,57900.62112021604,57648.422065060586,0.0,57648.422065060586,35132.3541909966,-122.29335682940942,0.0,35010.06083416719,0.0,252.1990551554665
0+6+18,2025-05-25,60570.73799840534,59073.38334118809,652.9825569444454,59726.365898132535,35902.438843632095,-282.0694767846322,2944.391563402783,38564.760930250246,60.96042901388864,1558.315086231139
0+6+18,2025-05-26,58637.32468204167,60164.492625611616,1651.8070728395069,61816.29969845113,35441.74160239911,1053.791238265132,5699.64920703187,42195.182047696115,1527.1679435699493,0.0
0+6+18,2025-05-27,55899.014393227015,58813.45677937243,888.3511278750009,59701.80790724743,33971.59195733478,2561.9796913580885,3637.1539438777213,40170.72559257058,2914.442386145409,0.0
0+6+18,2025-05-28,63716.46592222222,62280.30624721039,466.350206944444,62746.656454154836,37704.08732342305,-137.62915102315515,1761.9039070173603,39328.36207941726,214.0390618194447,1650.198736831278
0+6+18,2025-05-29,62960.61063472222,63897.882566722226,456.8386775720152,64354.72124429424,37420.34999897958,918.5209366299689,2048.695433736439,40387.56636934599,979.7086306111125,42.43669861111175
0+6+18,2025-05-30,66817.84670312071,61784.309574152605,0.0,61784.309574152605,40060.36914258423,-1170.1161322804592,0.0,38890.25301030377,96.89277108333329,5130.429900051432
0+6+18,2025-05-31,69685.75350154939,64626.84485138889,92.18666666666661,64719.031518055555,42418.67151516987,-1875.441021137785,197.0950933333332,40740.32558736542,0.0,5058.908650160496
0+6+18,2025-06-01,77390.77704531893,73360.85389188956,5181.383969444447,78542.23786133401,46832.32454412542,-1375.2940196903996,20135.930302472232,65592.96082690725,0.0,4029.923153429355
0+6+18,2025-06-02,78860.16936685526,68020.63455149176,6483.7800440833325,74504.4145955751,48382.20696719123,-3505.525931591968,24681.00054690797,69557.68158250724,0.0,10839.534815363506
0+6+18,2025-06-03,72795.50102247941,73675.77415025719,4256.856250000003,77932.63040025719,44103.5510551509,1400.4274455949999,16915.19101799793,62419.16951874383,1158.9898791666667,278.71675138888946
0+6+18,2025-06-04,83604.211835631,67077.89984374141,8210.928281944445,75288.82812568586,51602.961057118155,-5707.554770307073,31081.8035311007,76977.20981791177,0.0,16526.311991889575
0+6+18,2025-06-05,73037.06383739712,72168.30196934156,5663.0791944444445,77831.381163786,43766.22054828738,11.012016435138321,22620.793412820844,66398.02597754337,182.6116194444441,1051.3734875000005
0+6+18,2025-06-06,80123.133022548,76316.56182748458,0.0,76316.56182748458,49632.01412493882,-1266.510613327764,0.0,48365.50351161105,0.0,3806.5711950634422
0+6+18,2025-06-07,84918.85505138888,76385.79720138888,76.18833333333339,76461.98553472222,52746.05585316375,-3052.447239934583,162.89065666666679,49856.49926989584,0.0,8533.05785
0+6+18,2025-06-08,69706.5844656725,67216.51286496915,4658.681650377228,71875.19451534637,41827.69843662318,69.25537533764123,18375.600017896963,60272.55382985778,989.2509173182465,3479.3225180216004
0+6+18,2025-06-09,79049.65121111111,73797.6060755782,3679.0768361111095,77476.6829116893,48880.05287087361,-1831.7191091765494,13963.358009047213,61011.69177074428,0.0,5252.045135532921
0+6+18,2025-06-10,74717.07478849452,73598.93458179012,3792.2459596949593,77391.18054148508,45518.96434463294,-290.38924526368135,13967.789573503616,59196.36467287288,0.0,1118.140206704389
0+6+18,2025-06-11,80712.11057977777,79992.34977650549,3450.58409861111,83442.9338751166,50710.87706337326,13.337282891929817,13734.837834922913,64459.052181188104,411.3088574444452,1131.0696607167279
0+6+18,2025-06-12,79529.63437673182,78748.61444538459,1422.558616499997,80171.17306188459,49388.73780638222,-326.6859160083609,5472.925613931431,54534.97750430529,0.0,781.0199313472249
0+6+18,2025-06-13,80448.31446826833,78832.67902464695,0.0,78832.67902464695,50009.482354239706,-634.9208250177935,0.0,49374.561529221915,0.0,1615.6354436213933
0+6+18,2025-06-14,81536.44776375171,77180.86642222223,0.0,77180.86642222223,49990.154293713495,-1330.1732887377243,0.0,48659.98100497577,0.0,4355.581341529493
0+6+18,2025-06-15,73965.39111627228,75206.83102436557,2116.448516833848,77323.27954119942,45455.07694614427,928.0878205311702,8606.543746178175,54989.70851285361,1330.9348678155075,89.49495972222303
0+6+18,2025-06-16,77837.53947129182,77867.26864338786,1786.7656138888906,79654.03425727674,48006.49774434583,33.32729291021394,7244.123107109732,55283.94814436577,35.42105542935718,5.691883333333408
0+6+18,2025-06-17,80098.13796541494,81407.12616769547,1369.2268253611114,82776.35299305659,49602.09087936391,1461.7462957832754,5543.3506056906845,56607.18778083787,1363.1846425583035,54.19644027777724
0+6+18,2025-06-18,80843.76291838134,81576.68057765775,686.0365222222218,82262.71709987997,49948.55817164031,824.4003157485749,2710.701709267359,53483.66019665624,732.9176592764084,0.0
0+6+18,2025-06-19,76841.25717973249,72827.40792521313,2242.6602269583327,75070.06815217147,47131.75638834956,-909.7196436897715,9516.317753663996,55738.35449832378,551.9551472638897,4565.8044017832635
0+6+18,2025-06-20,79451.10218472223,77778.46766027983,0.0,77778.46766027983,49076.74647880375,-643.6804274299092,0.0,48433.06605137384,0.0,1672.634524442382
0+6+18,2025-06-21,74343.05803558246,74307.5301695547,0.0,74307.5301695547,45952.65598009236,2.539079396896028,0.0,45955.195059489255,13.550437499999816,49.07830352777998
0+6+18,2025-06-22,74581.25031387173,74586.68320274349,1050.0318472222257,75636.71504996571,45152.43047003234,2143.9701788852526,4243.6014055278,51540.002054445395,2266.856176680381,2261.4232878086377
0+6+18,2025-06-23,75582.74032003377,75568.26888904955,653.5559124027808,76221.82480145233,47076.59587974889,-9.088782229642142,2702.9352219669504,49770.4423194862,0.0,14.471430984224412
0+6+18,2025-06-24,87201.96061944443,84573.88513527092,1060.8835027777786,85634.7686380487,54860.31037643861,-948.7665406711894,4017.218794875702,57928.76263064312,0.0,2628.0754841735265
0+6+18,2025-06-25,78372.91368487653,78594.58328762226,1113.9175680555543,79708.5008556778,48001.21712721663,553.1782082513587,5127.87011739583,53682.26545286382,630.521737842937,408.8521350972195
0+6+18,2025-06-26,75320.3980254801,75516.05147403979,977.155558333334,76493.20703237313,46867.11663615812,153.5625255763837,4293.386506500698,51314.0656682352,266.6324443930081,70.97899583333333
0+6+18,2025-06-27,78026.33264727521,75442.4508379206,0.0,75442.4508379206,49134.819585546036,-1032.4618406629943,0.0,48102.35774488304,0.0,2583.881809354598
0+6+18,2025-06-28,76925.65200710151,77193.17046367095,0.0,77193.17046367095,48162.080115368764,248.96944102794518,0.0,48411.04955639671,295.2463190694443,27.72786250000013
0+6+18,2025-06-29,73640.96534322701,75221.0380398167,1690.8749833333345,76911.91302315003,45056.92516183178,2438.8208167470843,5460.078234906254,52955.82421348512,2132.0099156035662,551.9372190138873
0+6+18,2025-06-30,79981.5909963786,78704.22865519444,753.3818583333326,79457.61051352778,49700.82246293185,-139.7084104755712,2882.636431681245,52443.75048413753,304.1685847222228,1581.5309259063752
0+6+18,2025-07-01,70877.38221376885,71028.95589170096,12371.675419391291,83400.63131109225,43401.58799988911,192.14129406750334,45630.35570224933,89224.08499620594,163.14369459876997,11.570016666666561
0+6+18,2025-07-02,68531.7922380144,68181.39078983196,8968.27268416735,77149.6634739993,42560.14973184124,-179.92063064193795,33680.37841651703,76060.60751771633,0.0,350.4014481824447
0+6+18,2025-07-03,77235.2865717349,77253.03574951268,8197.642734514751,85450.67848402743,47588.76784744527,33.53766480534691,30963.532116125258,78585.83762837588,89.51655972222181,71.76738194444476
0+6+18,2025-07-04,69890.00331207133,72682.67037934104,0.0,72682.67037934104,43088.262261168056,2777.988259533269,0.0,45866.250520701324,2792.6670672697146,0.0
0+6+18,2025-07-05,68922.26623928326,69184.43752849795,71.99833333333322,69256.43586183128,42738.244063968064,267.38451542960865,153.93243666666643,43159.56101606434,262.17128921467213,0.0
0+6+18,2025-07-06,71735.62298940329,75398.14799209533,9138.276056097222,84536.42404819255,44910.166570094996,3016.6606726181667,35271.0105335042,83197.83777621736,3689.34752352538,26.82252083333333
0+6+18,2025-07-07,73639.78108333332,69867.31816721536,7984.074954722223,77851.39312193758,45618.855410746604,-1141.0596034417526,29231.14459138875,73708.94039869361,0.0,3772.4629161179696
0+6+18,2025-07-08,77435.74526563786,73201.88554062071,7496.072452236107,80697.95799285683,48052.57586023798,-1255.4953155072824,28888.233579593783,75685.31412432448,6.110162499999888,4239.96988751715
0+6+18,2025-07-09,79243.12661775926,77569.9380330247,4997.345450555555,82567.28348358025,48801.759100097996,-568.2672008273115,19152.57928926096,67386.07118853164,0.0,1673.1885847345666
0+6+18,2025-07-10,74584.29668432786,73772.53225516118,4922.0397107340605,78694.57196589523,46746.587110323206,-56.948366977153626,17169.006955362536,63858.64569870859,101.05963194444405,912.8240611111123
0+6+18,2025-07-11,83627.10188948901,83181.67448755982,0.0,83181.67448755982,52335.90109824757,-142.16208051772918,0.0,52193.73901772984,0.0,445.42740192919223
0+6+18,2025-07-12,74261.97550495542,77929.26894850822,0.0,77929.26894850822,46608.45943968913,3008.502309871727,0.0,49616.96174956086,3667.2934435528105,0.0
0+6+18,2025-07-13,80927.95861666667,75899.29278115569,1706.994399999998,77606.28718115568,51554.27845628583,-1860.7878899392997,6244.398758270825,55937.889324617354,0.0,5028.66583551097
0+6+18,2025-07-14,77374.897669393,74678.54631712963,3079.072461111112,77757.61877824074,47798.879885699615,-452.4646829852638,12752.738193991669,60099.15339670602,269.8199274519942,2966.171279715369
0+6+18,2025-07-15,81521.71527548009,76849.94314963992,2471.982205650376,79321.9253552903,50626.71947291131,-1256.5563858620374,8755.284680572557,58125.44776762183,0.0,4671.772125840196
0+6+18,2025-07-16,78976.27356397462,76797.03818828875,2773.1523819444437,79570.19057023319,50059.416153820195,-812.139651519395,8893.021727356943,58140.29822965775,0.0,2179.2353756858774
0+6+18,2025-07-17,77082.59332515432,78709.4799991598,1855.8161317043907,80565.29613086418,48146.75220159504,1842.7097343787962,7522.731607437995,57512.19354341183,1706.9124059499336,80.0257319444454
0+6+18,2025-07-18,88119.48480663888,86341.68254245541,0.0,86341.68254245541,55499.22504525643,-404.66330848428925,0.0,55094.56173677214,292.28420586111054,2070.0864700445854
0+6+18,2025-07-19,85932.46183237311,74919.54884578189,31.365000000000123,74950.91384578189,54699.746468524114,-3585.965447605552,67.05837000000027,51180.83939091856,0.0,11012.912986591213
0+6+18,2025-07-20,82754.99149986281,82185.15781652948,749.4933069444427,82934.65112347392,51344.02633625514,-4.321003568610706,3106.851007661101,54446.556340347626,127.11661944444461,696.950302777777
0+6+18,2025-07-21,83721.37340507544,81034.12404821673,1117.972866666667,82152.0969148834,52466.07927616263,-848.5639301264382,4292.5257214180565,55910.04106745425,0.0,2687.2493568587115
0+6+18,2025-07-22,79983.0985679698,87310.83594276337,794.5448416666663,88105.38078443003,50331.95402278108,7130.24761193952,2906.028819787499,60368.2304545081,7327.737374793558,0.0
0+6+18,2025-07-23,90031.92154480451,82030.89600311144,838.0172819444457,82868.91328505588,57144.36119916051,-2733.014871074595,2986.63480068681,57397.98112877272,0.0,8001.025541693075
0+6+18,2025-07-24,89696.87591263888,84875.96804905693,341.9412694444435,85217.90931850138,56964.69675779075,-1547.3929591734966,1070.9968184895797,56488.30061710683,0.0,4820.907863581959
0+6+18,2025-07-25,79840.80628029836,83195.14008559429,0.0,83195.14008559429,50345.26181538773,2959.6992494626556,0.0,53304.96106485038,3354.333805295946,0.0
0+6+18,2025-07-26,85641.2478168726,84775.44793909483,0.0,84775.44793909483,53493.80237479842,-92.56425608312327,0.0,53401.23811871529,177.80425000000025,1043.6041277777736
0+6+18,2025-07-27,82385.03196471209,82144.24535429543,899.6897236111091,83043.93507790654,51514.142867513845,713.1633851032652,3215.505718693046,55442.81197131016,744.6288041666674,985.4154145833318
0+6+18,2025-07-28,85568.59715348079,86575.77442636967,1001.726852777778,87577.50127914744,53684.5020422064,1440.6284533865,3882.9933171979183,59008.123812790815,1033.8365270555512,26.659254166666415
0+6+18,2025-07-29,82923.45235221193,86076.33616750684,484.76795833333324,86561.10412584018,52017.73360793534,2884.7224771894053,2112.8458521152784,57015.30193724002,3152.883815294924,0.0
0+6+18,2025-07-30,76742.03199722222,82973.57648423422,641.7913245277775,83615.36780876199,48322.08748478736,5840.295998206139,2223.4392095467097,56385.822692540205,6231.544487012006,0.0
0+6+18,2025-07-31,81544.04046316014,82441.05171084157,1036.9652048055557,83478.01691564712,50985.39349763621,930.1613443086062,4083.507398829251,55999.06224077407,897.0112476814136,0.0
0+6+18,2025-08-01,81926.74859727366,74456.8055760288,0.0,74456.8055760288,51870.191536716586,-2224.96352227618,0.0,49645.22801444041,0.0,7469.943021244853
0+6+18,2025-08-02,89357.62696388888,78945.39423410494,32.52833333333342,78977.92256743828,56522.38895885319,-3414.036979310138,69.54557666666685,53177.89755620971,0.0,10412.232729783947
0+6+18,2025-08-03,71817.36487705761,72975.00684699861,425.6698274862828,73400.6766744849,45621.23370771947,1282.302310280374,1777.5554059483227,48681.091423948164,1157.6419699410167,0.0
0+6+18,2025-08-04,76602.82877090192,77854.21434770232,173.86817638888903,78028.08252409121,49080.75054684581,871.9723443107652,503.7643622104167,50456.48725336699,1316.8581837448578,65.47260694444458
0+6+18,2025-08-05,75119.58830862484,76750.74738791546,232.98291249999983,76983.73030041545,47822.27567113583,1175.0088484395683,989.8255708541662,49987.11009042957,1631.159079290635,0.0
0+6+18,2025-08-06,82858.67772926955,79535.68132913236,158.02730605555598,79693.70863518793,53485.20986302561,-1380.0880010859564,630.397596906198,52735.519458845854,0.0,3322.9964001371727
0+6+18,2025-08-07,83769.80673525376,77895.32809756223,315.1981527777783,78210.52625034002,52237.76958780081,-914.0784296889858,941.7944846826408,52265.48564279447,660.4660825416667,6534.944720233194
0+6+18,2025-08-08,73087.76577099999,73087.06431266665,0.0,73087.06431266665,46543.67540638721,-0.15470663541669208,0.0,46543.52069975179,0.0,0.7014583333334485
0+6+18,2025-08-09,78059.30150123456,75805.6741633059,0.0,75805.6741633059,49212.15757484154,-617.8441571750914,0.0,48594.31341766645,0.0,2253.6273379286713
0+6+18,2025-08-10,77529.91794760476,75567.5708234621,314.8754444444463,75882.44626790655,49486.5387287385,-681.6935897720539,1061.491028938895,49866.33616790534,0.0,1962.3471241426644
0+6+18,2025-08-11,75863.93103225308,76513.89449218106,521.2503708333327,77035.1448630144,47429.08885262847,805.6660360984941,1905.5504348159695,50140.30532354293,649.9634599279825,0.0
0+6+18,2025-08-12,82221.6467717764,80794.26894989712,249.0475273333327,81043.31647723044,51555.21540541417,354.993872144767,825.7945965230522,52736.003874081995,757.4364833333336,2184.8143052126175
0+6+18,2025-08-13,75120.13395684156,75001.27118323045,665.4618175925921,75666.73300082303,47051.93989961672,-19.51746713520839,2625.7369454699055,49658.15937795142,18.265726388888766,137.12849999999992
0+6+18,2025-08-14,77085.11300670439,79158.71279550754,143.12566805555568,79301.8384635631,49069.98270311192,1547.8955199266807,550.3394485833337,51168.21767162193,2084.1663846364972,10.566595833332258
0+6+18,2025-08-15,86549.60783993483,77748.77703972909,0.0,77748.77703972909,54873.154882570525,-2916.3318287685142,0.0,51956.823053802014,0.0,8800.830800205762
0+6+18,2025-08-16,84187.06953794582,73193.02448684842,0.0,73193.02448684842,53964.06446856966,-3634.226880102029,0.0,50329.837588467635,0.0,10994.045051097397
0+6+18,2025-08-17,79780.99099439266,77330.80023701972,410.30032915277866,77741.1005661725,49742.65259125562,-675.938957247749,2060.678024639082,51127.39165864695,21.705035819443992,2471.895793192386
0+6+18,2025-08-18,76810.21175980795,76676.17804447873,250.18967083333314,76926.36771531207,48888.99313375089,-68.58922734908222,1130.1216446326403,49950.52555103445,0.0,134.03371532921452
0+6+18,2025-08-19,76230.55728592249,74809.33125353223,584.6289541666665,75393.9602076989,48264.576532011284,-587.1860304000257,2754.155728348611,50431.546229959866,0.0,1421.2260323902633
0+6+18,2025-08-20,84368.05329270953,79883.28728895748,476.5897444444459,80359.87703340192,52736.10191553882,-873.6783532497939,1884.1996964277828,53746.62325871681,417.1321469166681,4901.898150668728
0+6+18,2025-08-21,80696.69687451988,76342.55396479767,363.12976411111197,76705.68372890879,50457.62231937793,-979.4099159537716,1378.7627126758664,50856.975116100024,223.19033472222054,4577.333244444444
0+6+18,2025-08-22,79801.08902002743,73389.01718621398,0.0,73389.01718621398,50745.66261039121,-1938.807400440334,0.0,48806.85520995088,0.0,6412.071833813441
0+6+18,2025-08-23,77269.93107690329,74578.35294006806,0.0,74578.35294006806,48576.41672225312,-555.9050828068896,0.0,48020.51163944623,208.66548773610987,2900.2436245713243
0+6+18,2025-08-24,75655.70263825446,71339.290921845,1648.3893416666672,72987.68026351166,48470.84916966292,-1548.450176786015,7140.853038315973,54063.25203119288,0.0,4316.411716409467
0+6+18,2025-08-25,96706.28622554868,82996.29495673868,249.68236805555537,83245.97732479424,61686.054271802976,-4553.437841448099,829.8073602562499,57962.42379061113,0.0,13709.991268810016
0+6+18,2025-08-26,76781.55352896091,76860.93260703018,200.10092638888926,77061.03353341906,49328.86268753776,48.9526335577558,668.7339872562525,50046.549308351765,81.20688501371711,1.8278069444422727
0+6+18,2025-08-27,77868.70807772633,81939.56721428328,130.81203333333366,82070.37924761661,49753.32528142021,3812.3879844621642,533.913816865974,54099.62708274835,4070.8591365569346,0.0
0+6+18,2025-08-28,77356.67826481481,80342.91554441015,780.4402708333336,81123.35581524349,48343.42489195375,3638.2074124723003,3117.401026134028,55099.03333056008,3107.8906768175593,121.65339722222257
0+6+18,2025-08-29,87485.06304126131,77815.26240677298,0.0,77815.26240677298,55654.39460229072,-3211.1113970659017,0.0,52443.28320522482,0.0,9669.800634488336
0+6+18,2025-08-30,82687.48834415294,75801.04797674896,0.0,75801.04797674896,52767.757032425936,-2012.9431478649992,0.0,50754.813884560936,0.0,6886.440367403977
0+6+18,2025-08-31,75922.53697419632,76061.05412122994,774.4051902777785,76835.45931150772,48493.25263947247,119.08792127409558,3099.8091744965327,51712.1497352431,198.8643257715991,60.347178737997865
0+6+18,2025-09-01,84560.34457361112,76213.0576090535,0.0,76213.0576090535,52955.23542308598,-2530.961523376097,0.0,50424.27389970988,0.0,8347.286964557614
0+6+18,2025-09-02,75676.0201558299,77858.03206960786,0.0,77858.03206960786,47590.67884132746,2180.351127887468,0.0,49771.02996921493,2182.0119137779475,0.0
0+6+18,2025-09-03,80472.10480456104,77437.49676682099,0.0,77437.49676682099,50660.312043256636,-648.6039427991275,0.0,50011.70810045751,145.4674041666666,3180.075441906721
0+6+18,2025-09-04,78089.12471805555,76061.35513274142,186.87433750000048,76248.22947024142,49939.199537359724,-428.12115565145314,430.4681075993067,49941.54648930758,125.85735011111024,2153.6269354252427
0+6+18,2025-09-05,73550.65123688529,73007.81083854852,0.0,73007.81083854852,47194.74188095667,-258.53615369580075,0.0,46936.20572726087,0.0,542.8403983367665
0+6+18,2025-09-06,74320.18826839849,74710.23577808641,0.0,74710.23577808641,47352.85185326754,521.6010526198902,0.0,47874.452905887425,510.2676347222201,120.2201250342938
0+6+18,2025-09-07,74165.66834178669,77594.76941551783,45.06188333333341,77639.83129885116,47097.9698553699,2770.3162838280305,253.5412121354171,50121.82735133335,3429.101073731135,0.0
0+6+18,2025-09-08,81274.32917526973,79469.83880092592,0.0,79469.83880092592,51248.583384350284,-220.11549921941554,0.0,51028.46788513087,405.32262599451127,2209.8130003383085
0+6+18,2025-09-09,71550.51440838477,74869.22594569033,32.128440277778,74901.35438596811,45732.81648287551,3547.6776869571077,76.86729336458386,49357.3614631972,3318.711537305556,0.0
0+6+18,2025-09-10,83009.26689580554,79371.72023232168,172.2738861111111,79543.99411843279,52418.42048021447,-1138.6139327636815,519.9951590881942,51799.80170653898,0.0,3637.5466634838767
0+6+18,2025-09-11,82389.6106616598,74276.25035903635,121.58538749999968,74397.83574653635,52319.759683227734,-2311.494608328381,578.3700075666659,50586.63508246602,0.0,8113.360302623459
0+6+18,2025-09-12,73376.76131886145,72720.73558191015,0.0,72720.73558191015,47102.33072770883,-259.8439483102495,0.0,46842.48677939858,0.0,656.0257369513034
0+6+18,2025-09-13,72231.48507743483,73628.38042630313,0.0,73628.38042630313,46423.88779073685,1114.7235746536123,0.0,47538.61136539046,1396.895348868316,0.0
0+6+18,2025-09-14,85113.88496040809,79832.91147007886,2.7238861111108577,79835.63535618997,54317.2307384769,-1759.100760607909,5.601671787499479,52563.731649656496,0.0,5280.973490329217
0+6+18,2025-09-15,70398.03439209535,70465.94837331961,613.1218722222221,71079.07024554184,45315.37079912417,62.68943912006958,2171.7355275944437,47549.79576583868,67.91398122428023,0.0
0+6+18,2025-09-16,84230.91160651852,81408.8176335499,0.0,81408.8176335499,53144.06168932151,-919.9176091473269,0.0,52224.144080174185,17.417650319444192,2839.5116232880596
0+6+18,2025-09-17,80194.2973174554,79057.56813377589,128.59832500000024,79186.16645877589,51394.95838397021,-379.0084415520045,551.2601210284733,51567.21006344668,9.408136125001818,1146.1373198045308
0+6+18,2025-09-18,72622.32908155007,78878.62929470112,10.966204166666785,78889.59549886778,46439.8264340536,5143.508399795848,25.955578991667,51609.29041284112,6256.30021315106,0.0
0+6+18,2025-09-19,78670.20634768519,78514.28673388204,0.0,78514.28673388204,49763.48913633486,76.86223964064196,0.0,49840.3513759755,139.98421258573558,295.9038263888898
0+6+18,2025-09-20,75373.23459034637,77763.65663122426,0.0,77763.65663122426,48311.81520733744,1875.1435552296898,0.0,50186.95876256713,2425.2594269890233,34.83738611111107
0+6+18,2025-09-21,76927.38530514404,76927.38530514404,11.513304166666558,76938.89860931071,48490.15830558383,0.0,32.86869340416634,48523.026998987996,0.0,0.0
0+6+18,2025-09-22,78297.22744705074,72796.04093036693,392.6313263888894,73188.67225675582,49250.52487842347,-1685.5405770881305,1115.636329609723,48680.620630945064,0.0,5501.186516683814
0+6+18,2025-09-23,76400.19805298353,75582.73569671022,39.265666666666675,75622.0013633769,47983.455369158146,-247.61857714953112,166.18796429166684,47902.024756300285,0.0,817.4623562733145
0+6+18,2025-09-24,66929.87419665637,68906.73279552467,902.5515208333329,69809.28431635801,42456.86116548654,1342.6752159715284,2468.5209900618056,46268.05737151987,1976.8585988683137,0.0
0+6+18,2025-09-25,72962.10998295611,73515.52238967763,198.70388055555577,73714.22627023318,45560.71450906506,507.0632384100095,760.5644242708338,46828.342171745906,587.8544178326413,34.44201111111124
0+6+18,2025-09-26,80049.91522695473,75516.72837145062,0.0,75516.72837145062,50422.64914901226,-1596.2242364369727,0.0,48826.42491257528,0.0,4533.18685550412
0+6+18,2025-09-27,67167.11584751372,72203.30340688888,0.0,72203.30340688888,42251.45569430336,4441.358892310254,0.0,46692.81458661362,5036.187559375163,0.0
0+6+18,2025-09-28,70742.40748175583,75507.89503420834,344.5580624999997,75852.45309670834,44165.92420852315,4143.928272070464,1496.166761914582,49806.0192425082,4765.487552452506,0.0
0+6+18,2025-09-29,73852.69401249998,68222.94572728052,1736.875573611111,69959.82130089162,46435.24794894083,-1804.7518828797874,6283.314788834026,50913.81085489506,0.0,5629.7482852194735
0+6+18,2025-09-30,72559.06558161866,72912.40625575755,860.801822462274,73773.20807821983,45969.725125593766,504.1989387959527,3594.6678879620645,50068.59195235179,461.77034219444204,108.42966805555557
0+6+18,2025-10-01,70018.54544648492,68722.58685316546,34.82689583333308,68757.41374899879,43496.33199262186,-274.26084762396255,84.20584920833242,43306.27699420623,46.65055390277712,1342.6091472222233
0+6+18,2025-10-02,75327.24859103377,68924.60686332305,120.11445694444444,69044.72132026749,47214.67409774869,-2278.6391345246193,313.4191485152777,45249.454111739346,0.0,6402.6417277107375
0+6+18,2025-10-03,67089.60294969135,63444.35698451646,0.0,63444.35698451646,41564.99674739699,-907.3485694207001,0.0,40657.64817797629,16.114630555555607,3661.3605957304453
0+6+18,2025-10-04,78997.03989497221,69889.09507776062,0.0,69889.09507776062,49451.89352420144,-2986.395530279862,0.0,46465.49799392158,0.0,9107.944817211592
0+6+18,2025-10-05,73910.58410149177,65827.11758565792,256.6295805555557,66083.74716621348,45859.34484456605,-2333.1146001633533,744.6081034131955,44270.83834781589,37.69574440277779,8121.162260236628
0+6+18,2025-10-06,63058.58991558641,65594.05308493364,1101.3601164952058,66695.41320142885,39800.87883414148,1781.818229286247,3343.6807645394556,44926.37782796718,2535.4631693472256,0.0
0+6+18,2025-10-07,68564.35309492456,68383.3309246497,503.6251958333329,68886.95612048302,42341.499376636995,62.25601928147812,1799.7515497743038,44203.506945692774,110.18310273611195,291.20527301098116
0+6+18,2025-10-08,67167.94525975651,66607.38954953704,370.7768986111102,66978.16644814814,41757.44662105596,-162.866295867394,1253.3002662812455,42847.88059146981,0.0,560.5557102194764
0+6+18,2025-10-09,76282.0914427469,65698.25770025718,257.471352777779,65955.72905303496,47686.041462367415,-3254.2468194084886,930.8728032958375,45362.66744625477,0.0,10583.833742489716
0+6+18,2025-10-10,73725.97423203017,70151.39610013718,0.0,70151.39610013718,46220.93586099261,-1201.3839920872188,0.0,45019.55186890539,0.0,3574.5781318930053
0+6+18,2025-10-11,74283.36069008916,71593.46770814472,0.0,71593.46770814472,46352.754236111905,-458.2704073473624,0.0,45894.48382876454,336.0869819444442,3025.9799638888926
0+6+18,2025-10-12,69008.84451586076,69354.84125742456,553.5579020138887,69908.39915943844,42634.20007394338,452.81714555108954,2202.3640917115954,45289.38131120606,356.37882777778,10.38208621399508
0+6+18,2025-10-13,70899.3176829218,66068.81206836419,564.463631944445,66633.27570030863,43954.330714701864,-1164.2760501535233,2167.5252431034714,44957.579907651816,322.4738972222252,5152.9795117798385
0+6+18,2025-10-14,73707.53364384259,66354.63424773663,2281.4977888888898,68636.13203662552,46010.40682678416,-1868.9630555100493,8583.882964573615,52725.32673584772,204.53526958333185,7557.4346656892985
0+6+18,2025-10-15,76603.47017069341,70462.44367990397,611.702605555557,71074.14628545953,48028.085713116656,-2032.569594924602,1634.961327150003,47630.47744534206,0.0,6141.026490789441
0+6+18,2025-10-16,73141.4211151063,72835.55131149452,340.1688805555549,73175.72019205008,45895.63503998361,114.48354705887164,1162.5801104298591,47172.69869747234,256.9623188333322,562.8321224451327
0+6+18,2025-10-17,63441.35521944444,68014.6505834362,0.0,68014.6505834362,39445.675156734156,4560.677378482477,0.0,44006.35253521663,4573.2953639917705,0.0
0+6+18,2025-10-18,75487.9934853443,75726.7175853443,0.0,75726.7175853443,47040.40958862687,164.65391744958322,0.0,47205.063506076454,238.7240999999998,0.0
0+6+18,2025-10-19,73422.4164289952,73374.43466093965,342.40989166666657,73716.84455260632,46098.133679848965,-15.833983458333375,1235.7084932368039,47318.008189627435,0.0,47.981768055555676
0+6+18,2025-10-20,76393.89972846364,75905.87032429698,212.99147500000004,76118.86179929698,48152.41170099666,-200.67129319944456,708.6150223159725,48660.35543011318,0.0,488.0294041666668
0+6+18,2025-10-21,75244.8259128659,75636.30300589831,494.8807111111115,76131.18371700942,46993.27125740692,275.62583774276806,1759.3300245569465,49028.22711970664,391.47709303240543,0.0
0+6+18,2025-10-22,73223.18882925241,72912.60677777778,1001.3061666666671,73913.91294444444,45990.69631334061,-128.9838120691957,3861.8719421548626,49723.584443426276,0.0,310.5820514746249
0+6+18,2025-10-23,83270.29602779492,70849.13749924554,636.8177180555556,71485.95521730109,52013.5753206239,-3734.8748753686873,1920.1184286541666,50198.81887390938,228.85535972222272,12650.013888271598
0+6+18,2025-10-24,72108.74964855966,72268.41609984568,0.0,72268.41609984568,44840.90708930744,1221.9581416107155,0.0,46062.865230918156,1603.4202445987657,1443.7537933127574
0+6+18,2025-10-25,77184.8019526749,73507.76445655007,0.0,73507.76445655007,47816.804992435296,-1097.1165963542273,0.0,46719.68839608107,108.71910833333664,3785.7566044581617
0+6+18,2025-10-26,76064.79800788753,70316.8397824417,876.1400143611099,71192.97979680281,47147.88166944132,-1692.1856007005226,2727.8236883745485,48183.51975711535,192.45532499999916,5940.413550445821
0+6+18,2025-10-27,69288.68067071331,74277.33223441357,303.288909722223,74580.62114413579,43026.19074379358,4538.520222164953,1143.5561295104208,48708.26709546895,4988.651563700267,0.0
0+6+18,2025-10-28,69685.54178106996,73309.5052895919,288.62905833333343,73598.13434792524,43383.970861871174,3544.986927004032,821.1661994736098,47750.123988348816,3643.6800543552827,19.716545833333157
0+6+18,2025-10-29,78236.79381319975,78185.50536458864,257.4202388888879,78442.92560347752,48474.15339527777,28.093476308127137,901.4769587291621,49403.72383031505,43.9292486111126,95.21769722222177
0+6+18,2025-10-30,69318.6756630144,71315.51840241306,722.0777486111153,72037.59615102418,42967.450364685756,2209.436322805601,2727.0913849743183,47903.978072465674,2001.0911671764372,4.248427777777806
0+6+18,2025-10-31,78717.77101806874,78331.83319862431,0.0,78331.83319862431,48986.0106727722,-153.53103685923645,0.0,48832.47963591296,0.0,385.93781944444504
0+6+18,2025-11-01,74055.10197463991,74589.85301538065,0.0,74589.85301538065,45785.979125002035,376.20790670395655,0.0,46162.187031705995,589.5974768518494,54.84643611111119
0+6+18,2025-11-02,74688.94105090876,78428.85712632132,496.2102361111127,78925.06736243244,46479.89798194199,3484.15605755259,1969.5420102201474,51933.596049714724,3739.916075412549,0.0
0+6+18,2025-11-03,79838.10024027777,78014.32498212723,368.1135527777773,78382.43853490501,49443.29967975819,-519.919498587108,1166.966799793748,50090.34698096483,133.20156843278585,1956.9768265833352
0+6+18,2025-11-04,74352.97318331618,75897.90806484019,507.3457805555553,76405.25384539574,46106.339177147966,1545.7274627779211,1987.5138232604158,49639.5804631863,1544.9348815240046,0.0
0+6+18,2025-11-05,82807.02700504115,76744.49996831105,529.541905555555,77274.0418738666,51662.388645551946,-2067.6533930460673,2111.557387807638,51706.29264031352,0.0,6062.527036730109
0+6+18,2025-11-06,77910.19591527776,78992.45270915277,638.9024180555562,79631.35512720833,48323.332364480826,1278.9152229286321,2535.207974684032,52137.45556209349,1085.420102208335,3.163308333333134
0+6+18,2025-11-07,75888.99206714678,79293.08986126388,0.0,79293.08986126388,47366.05470454313,3061.56930191351,0.0,50427.62400645664,3413.7998441171044,9.7020500000001
0+6+18,2025-11-08,79518.0526505,76808.77565886112,0.0,76808.77565886112,49678.44231140198,-971.2970048354213,0.0,48707.14530656656,68.35086445833025,2777.627856097223
0+6+18,2025-11-09,78747.07234502709,78762.31031308265,496.9267222222235,79259.23703530488,49069.96609065658,54.648032929930764,1959.531327745144,51084.14545133165,50.79141111111119,35.55344305555502
0+6+18,2025-11-10,79660.98380250257,82137.60603461368,587.9943680555552,82725.60040266924,49801.119460742906,2196.87047762151,2279.8597403312488,54277.84967869567,2597.486468222225,120.86423611111081
0+6+18,2025-11-11,82355.22549104938,81042.46933292437,318.37958055555566,81360.84891347993,51816.49291030853,-493.7586661655665,1026.641262309723,52349.375506452685,0.0,1312.756158125001
0+6+18,2025-11-12,78961.519765625,81750.67877894203,262.294227777778,82012.97300671981,49249.00426688048,3050.764957023222,1141.8019433395839,53441.57116724329,2789.1590133170394,0.0
0+6+18,2025-11-13,76791.92389807956,78475.86011620832,1164.5614027777783,79640.4215189861,47985.216270411955,1793.05952139079,4374.456861597224,54152.732653399966,1745.2262459065491,61.29002777777828
0+6+18,2025-11-14,79256.84137487499,78227.91620076663,0.0,78227.91620076663,49219.58019352318,-308.07871501769927,0.0,48911.50147850548,0.0,1028.9251741083685
0+6+18,2025-11-15,85121.42777201645,82561.05470004989,0.0,82561.05470004989,53673.05146222282,-913.1084228704492,0.0,52759.94303935237,0.0,2560.373071966569
0+6+18,2025-11-16,79375.3934209019,81013.62517994444,548.2941847222216,81561.91936466667,49513.97406378049,1993.17778536377,2276.5282014493055,53783.68005059357,1717.5054784869708,79.27371944444451
0+6+18,2025-11-17,76187.11961599793,81408.33867507562,431.27898888888836,81839.61766396451,47675.10714375322,5065.385403492777,1399.2097062270802,54139.70225347308,5221.219059077676,0.0
0+6+18,2025-11-18,80669.96834705916,79520.96395955914,1564.2150268689984,81085.17898642815,50413.440442043604,-434.7421635765977,5619.30027228899,55597.99855075599,0.0,1149.0043875000015
0+6+18,2025-11-19,80202.67355812361,84015.50980137053,563.0719013888892,84578.58170275942,50133.85769427282,3950.8949535802617,2014.7231770708331,56099.47582492391,3813.627437691356,0.7911944444444998
0+6+18,2025-11-20,80273.83280889077,80410.00524083522,1131.425547374999,81541.43078821021,50131.23786524579,169.70128456277808,4793.339741625635,55094.2788914342,143.95064583333357,7.778213888888786
0+6+18,2025-11-21,80834.33584540276,82960.48171718346,0.0,82960.48171718346,50570.16898636399,1925.1079068781646,0.0,52495.27689324215,2126.145871780689,0.0
0+6+18,2025-11-22,87710.76534444444,84329.32318019547,0.0,84329.32318019547,55579.626695137915,-1249.8753412680585,0.0,54329.751353869855,0.0,3381.4421642489656
0+6+18,2025-11-23,80585.05955673268,82124.98391827176,633.5158625000007,82758.49978077176,50539.959423967215,1729.5052317591412,2389.2975587729197,54658.76221449928,1539.9243615390865,0.0
0+6+18,2025-11-24,79888.16938489882,79831.87972100993,1033.4313585733842,80865.31107958332,50161.99792378685,23.04233930604147,3723.183695739149,53908.22395883204,46.00543472222205,102.29509861111103
0+6+18,2025-11-25,91466.43358256172,85621.1715432956,266.6296263888894,85887.80116968449,58275.36843433145,-2077.2113977241197,820.3428769666689,57018.49991357401,0.0,5845.262039266117
0+6+18,2025-11-26,86676.66298055556,86274.87950997222,359.07449166666606,86633.95400163888,54576.29759702236,33.5951182930408,1421.2969983368034,56031.18971365221,145.336580805552,547.1200513888899
0+6+18,2025-11-27,84281.375946262,84206.29581570644,562.6023708333339,84768.89818653978,53029.83040152008,-11.954663705208118,2295.737985463892,55313.61372327876,22.25270694444464,97.33283749999964
0+6+18,2025-11-28,84663.24141930726,84817.79913492798,0.0,84817.79913492798,53453.09156137864,142.063557468274,0.0,53595.15511884692,255.75661562071662,101.19889999999953
0+6+18,2025-11-29,94444.94230841906,88293.84102880658,0.0,88293.84102880658,60169.46269602084,-2207.889480581023,0.0,57961.57321543982,0.0,6151.101279612483
0+6+18,2025-11-30,86559.99316279149,86910.92658206447,684.2441541666674,87595.17073623113,54414.21017555414,763.7650294203005,3055.183082573615,58233.15828754805,782.5590651063094,431.62564583333244
0+6+18,2025-12-01,89864.71242664609,87756.84975246913,5584.589422222221,93341.43917469136,57466.42242222058,-774.0761821955141,19986.112820788192,76678.45906081326,0.0,2107.862674176955
0+6+18,2025-12-02,93218.78246870713,91095.34885224467,4432.282580555555,95527.63143280023,59387.602598935475,-642.9805273566194,16308.450703252774,75053.07277483163,0.0,2123.4336164624547
0+6+18,2025-12-03,83678.96835996228,86409.77661016803,5974.075519444443,92383.85212961247,52895.715485777924,2470.985173610415,21771.454688482634,77138.15534787098,2749.644180761315,18.83593055555548
0+6+18,2025-12-04,91779.68883888888,88326.38640339505,4674.416834722221,93000.80323811727,58859.59810440222,-1347.8376018788579,16620.34094251528,74132.10144503864,0.0,3453.302435493827
0+6+18,2025-12-05,90445.29331735254,90327.85881040808,0.0,90327.85881040808,57813.91555035353,-30.324278279583353,0.0,57783.59127207394,0.0,117.43450694444448
0+6+18,2025-12-06,92883.49848182441,91480.93155356652,0.0,91480.93155356652,59538.69843224318,-545.0304416590518,0.0,58993.66799058413,0.0,1402.5669282578874
0+6+18,2025-12-07,94327.92524444443,88756.06052998986,4379.69081388889,93135.75134387874,60401.59176131958,-1822.335439113635,13882.939881610422,72462.19620381636,0.0,5571.864714454563
0+6+18,2025-12-08,94127.33868329904,93970.75588781292,2234.549828805555,96205.30571661847,60204.38575718721,35.915573476247744,6812.855716464022,67053.15704712748,74.14665590277605,230.72945138888917
0+6+18,2025-12-09,93598.82612498285,91437.85338220163,2509.150580555555,93947.00396275718,59878.8381963468,-590.7589167863,8845.31688983611,68133.39616939661,89.37681805555519,2250.3495608367602
0+6+18,2025-12-10,90867.73434833676,91877.50600772563,3246.793012458334,95124.29902018397,57996.7405368601,773.8556756322254,11914.744473140257,70685.34068563259,1131.1095607777738,121.33790138888844
0+6+18,2025-12-11,94955.62916093963,91942.89915277777,1221.6040282638896,93164.50318104165,60555.44133777956,-1105.5707735354795,4320.765090983962,63770.63565522804,0.0,3012.7300081618705
0+6+18,2025-12-12,94265.87161805555,94828.1705097222,0.0,94828.1705097222,60109.23411262777,389.903751370834,0.0,60499.1378639986,562.2988916666677,0.0
0+6+18,2025-12-13,95135.02718009257,95466.57735881343,2.8350000000000364,95469.41235881344,61058.70539936481,1000.759862797091,6.061230000000077,62065.5264921619,1099.5435162208555,767.993337500001
0+6+18,2025-12-14,90453.87803609396,91935.5179305384,2639.2913203055564,94574.80925084394,57478.43945613332,1253.8148289264577,10782.362057386905,69514.61634244668,1481.639894444444,0.0
0+6+18,2025-12-15,90719.85973942043,93631.94979080932,1818.7125531378608,95450.66234394717,57660.76008934255,2795.8017992233335,6875.85847131582,67332.42035988171,2912.090051388889,0.0
0+6+18,2025-12-16,96498.45389444444,94993.12884027776,1049.2234819444445,96042.3523222222,62081.3907896436,-573.0169496535414,3242.2619502604175,64750.63579025048,0.0,1505.3250541666662
0+6+18,2025-12-17,97384.57164322701,93952.13499119443,990.5525777777789,94942.68756897221,62381.54273393348,-1201.253945998722,3295.5400462257,64475.82883416046,0.0,3432.4366520325807
0+6+18,2025-12-18,92944.99198749999,93432.31225976389,1134.944759722222,94567.2570194861,59541.60758862735,550.366922445168,3790.349830394442,63882.324341466956,487.320272263893,0.0
0+6+18,2025-12-19,93173.42832674895,94810.47234346707,0.0,94810.47234346707,59615.177061176146,1433.4261638741864,0.0,61048.603225050334,1637.0440167181177,0.0
0+6+18,2025-12-20,95854.90284583332,94781.83191606653,0.0,94781.83191606653,61734.409442932636,-435.2382084683631,0.0,61299.17123446427,0.0,1073.0709297668031
0+6+18,2025-12-21,95529.39926474623,94397.69894900547,1569.8456458333335,95967.54459483881,61023.24257756536,-309.0736620075477,4991.625388336111,65705.79430389393,0.0,1131.7003157407444
0+6+18,2025-12-22,93619.77005795609,93550.63076212278,1675.0089156035688,95225.63967772634,60032.72023613579,-20.688756123611252,5577.107104708727,65589.1385847209,2.0102749999999787,71.14957083333366
0+6+18,2025-12-23,96311.85487832647,94171.15854022925,930.2121069444458,95101.3706471737,61592.738280470876,-649.4603023635326,3125.432894879174,64068.710872986514,45.532533333333504,2186.2288714305605
0+6+18,2025-12-24,95536.47906244855,95518.99208605966,458.0084652777778,95977.00055133743,61462.33706084096,-3.016277298333308,1347.55767076736,62806.87845430999,1.4672541666666348,18.95423055555534
0+6+18,2025-12-25,92372.54421385459,92332.13764024348,2089.634140888892,94421.77178113238,58728.87978898777,-12.17235201979162,7396.932854370772,66113.64029133874,0.2513652777778361,40.657938888889134
0+6+18,2025-12-26,94895.77140917353,95099.13489173524,0.0,95099.13489173524,60634.179858968,594.5947603838183,0.0,61228.77461935182,467.52127777777713,264.15779521604975
0+6+18,2025-12-27,96558.14639722221,96217.43931262499,0.0,96217.43931262499,61829.45139790639,239.82973247366837,0.0,62069.28113038006,339.5683555555548,680.275440152778
0+6+18,2025-12-28,95441.35153187584,94434.566508179,480.34711174999984,94914.91361992901,61051.84257316583,-392.6991500790291,1774.0737705844308,62433.217193671226,0.0,1006.7850236968463
0+6+18,2025-12-29,94415.484875,95374.70504056945,481.8177388888888,95856.52277945833,59955.23464859555,930.8687480158064,1828.8984801847214,62715.00187679607,964.9599183472185,5.739752777777994
0+6+18,2025-12-30,95668.25442974965,95113.9784230691,668.6473618749976,95782.6257849441,61080.631030909506,9.837533466759169,2667.732350413603,63758.200914789864,138.87185720833344,693.1478638888891
0+6+18,2025-12-31,97742.0858699417,96777.91524771947,530.5384569444441,97308.45370466392,62406.21958317963,-225.48014676625036,1801.7883360173598,63982.52777243074,0.0,964.1706222222239
