policy,date,initial_plan_kwh,executed_adjusted_kwh,emergency_kwh,actual_grid_energy_kwh,plan_cost,adjustment_cost,emergency_cost,total_cost,up_adjust_kwh,down_adjust_kwh
0,2025-02-01,88119.34509089505,88119.34509089505,0.0,88119.34509089505,57195.55700210562,0.0,0.0,57195.55700210562,0.0,0.0
0,2025-02-02,93028.6246420439,93028.6246420439,14.969616666666298,93043.59425871057,58839.060400709204,0.0,91.6742761166646,58930.73467682587,0.0,0.0
0,2025-02-03,95577.53221666666,95577.53221666666,47.20604861111053,95624.73826527777,60558.444441050415,0.0,180.46629751944167,60738.91073856986,0.0,0.0
0,2025-02-04,97688.50120833333,97688.50120833333,71.72141666666641,97760.222625,62482.35854711139,0.0,236.48212566666552,62718.84067277805,0.0,0.0
0,2025-02-05,92788.15158477366,92788.15158477366,232.14904027777837,93020.30062505144,58875.31532150251,0.0,616.0006785083355,59491.31600001085,0.0,0.0
0,2025-02-06,98234.56463472222,98234.56463472222,16.758883333332733,98251.32351805555,62695.27143961862,0.0,90.74860335833017,62786.020042976954,0.0,0.0
0,2025-02-07,94474.5442013203,94474.5442013203,0.0,94474.5442013203,60119.248691742076,0.0,0.0,60119.248691742076,0.0,0.0
0,2025-02-08,86053.73136680367,86053.73136680367,0.0,86053.73136680367,53787.067046554046,0.0,0.0,53787.067046554046,0.0,0.0
0,2025-02-09,93438.11954583332,93438.11954583332,12.103629166666536,93450.22317499999,59142.627602440276,0.0,58.45012367916603,59201.077726119445,0.0,0.0
0,2025-02-10,88797.01672916667,88797.01672916667,34.428624999999556,88831.44535416667,55779.44379949264,0.0,177.019609624998,55956.46340911764,0.0,0.0
0,2025-02-11,89709.45243739712,89709.45243739712,39.791155555555456,89749.24359295268,56788.813061771376,0.0,98.54476529444423,56887.35782706582,0.0,0.0
0,2025-02-12,89798.25652916667,89798.25652916667,21.020950000000198,89819.27747916667,56577.33935887,0.0,117.77835872500103,56695.117717595,0.0,0.0
0,2025-02-13,84413.83668112141,84413.83668112141,35.78411666666659,84449.62079778807,52476.753799738784,0.0,178.68402237499964,52655.43782211378,0.0,0.0
0,2025-02-14,86991.25089624485,86991.25089624485,0.0,86991.25089624485,54265.70464703727,0.0,0.0,54265.70464703727,0.0,0.0
0,2025-02-15,88422.08587558298,88422.08587558298,0.0,88422.08587558298,55138.20110624938,0.0,0.0,55138.20110624938,0.0,0.0
0,2025-02-16,89879.89245833334,89879.89245833334,95.29220555555526,89975.1846638889,56428.057626723064,0.0,491.80302172360916,56919.86064844667,0.0,0.0
0,2025-02-17,88991.23042054183,88991.23042054183,101.18791666666607,89092.4183372085,55375.26212020045,0.0,537.9470697999967,55913.209190000445,0.0,0.0
0,2025-02-18,80245.56908545953,80245.56908545953,1343.6554791666656,81589.2245646262,49840.35739805133,0.0,4410.680095110414,54251.03749316175,0.0,0.0
0,2025-02-19,80409.07311854167,80409.07311854167,743.6975291666661,81152.77064770833,50033.709591020786,0.0,2646.008052428471,52679.71764344926,0.0,0.0
0,2025-02-20,82982.23160555554,82982.23160555554,280.53447361111,83262.76607916666,51200.40037852764,0.0,1365.6728396381895,52566.07321816583,0.0,0.0
0,2025-02-21,81458.35216886146,81458.35216886146,0.0,81458.35216886146,50441.974697659054,0.0,0.0,50441.974697659054,0.0,0.0
0,2025-02-22,82861.7819963306,82861.7819963306,0.0,82861.7819963306,51355.34566039165,0.0,0.0,51355.34566039165,0.0,0.0
0,2025-02-23,81499.8173694357,81499.8173694357,642.1449694444453,82141.96233888014,50309.29988660493,0.0,2934.7679738381985,53244.06786044313,0.0,0.0
0,2025-02-24,77687.16165975652,77687.16165975652,1489.0360236111117,79176.19768336763,48372.990414610875,0.0,4319.720976311806,52692.71139092268,0.0,0.0
0,2025-02-25,80016.396157,80016.396157,206.76697916666592,80223.16313616667,49376.61836458574,0.0,892.1739482909696,50268.79231287671,0.0,0.0
0,2025-02-26,74051.09401884432,74051.09401884432,1704.73006111111,75755.82407995543,45205.11981803728,0.0,6271.660739111801,51476.78055714908,0.0,0.0
0,2025-02-27,75170.60503609396,75170.60503609396,575.3714805555546,75745.9765166495,46122.355418703264,0.0,2667.890683346524,48790.24610204979,0.0,0.0
0,2025-02-28,75439.08500819615,75439.08500819615,0.0,75439.08500819615,46068.35556438651,0.0,0.0,46068.35556438651,0.0,0.0
0,2025-03-01,85886.78376817558,85886.78376817558,0.0,85886.78376817558,53645.69125830758,0.0,0.0,53645.69125830758,0.0,0.0
0,2025-03-02,83098.92063782646,83098.92063782646,351.29544861111,83450.21608643758,51454.98184984361,0.0,1538.5981036826338,52993.57995352624,0.0,0.0
0,2025-03-03,84687.21983693415,84687.21983693415,890.0060680555533,85577.2259049897,52378.704395007866,0.0,4094.107384704852,56472.81177971272,0.0,0.0
0,2025-03-04,75875.0880087963,75875.0880087963,1773.477779166667,77648.56578796297,46697.9282085675,0.0,6120.4368330340285,52818.36504160153,0.0,0.0
0,2025-03-05,79361.90970108024,79361.90970108024,198.31215277777682,79560.22185385802,48820.09861461712,0.0,988.3292173166619,49808.42783193378,0.0,0.0
0,2025-03-06,75184.81234478738,75184.81234478738,453.74530694444377,75638.55765173183,45896.528776106454,0.0,1985.5100766784706,47882.03885278492,0.0,0.0
0,2025-03-07,80665.62344683951,80665.62344683951,0.0,80665.62344683951,49915.97464325587,0.0,0.0,49915.97464325587,0.0,0.0
0,2025-03-08,74667.39066155556,74667.39066155556,0.0,74667.39066155556,45423.24962275214,0.0,0.0,45423.24962275214,0.0,0.0
0,2025-03-09,78776.92993561385,78776.92993561385,240.56305694444393,79017.4929925583,48031.334328236466,0.0,1307.4289936187472,49338.763321855215,0.0,0.0
0,2025-03-10,75618.67998619686,75618.67998619686,1086.5937180555543,76705.27370425241,45806.47483454832,0.0,4675.787019353466,50482.261853901786,0.0,0.0
0,2025-03-11,67295.29892289094,67295.29892289094,3848.938822222223,71144.23774511316,41139.86259954247,0.0,13262.205137977777,54402.06773752025,0.0,0.0
0,2025-03-12,76704.06132381687,76704.06132381687,250.44740972222155,76954.5087335391,46917.764934709,0.0,843.5570724715258,47761.322007180526,0.0,0.0
0,2025-03-13,77226.19892273663,77226.19892273663,1028.5380194444433,78254.73694218107,47010.08733776506,0.0,4535.8222831743005,51545.90962093936,0.0,0.0
0,2025-03-14,69835.21597866941,69835.21597866941,0.0,69835.21597866941,42585.445959391436,0.0,0.0,42585.445959391436,0.0,0.0
0,2025-03-15,76397.8108736111,76397.8108736111,9.053333333333399,76406.86420694443,46364.323227578745,0.0,19.356026666666803,46383.67925424541,0.0,0.0
0,2025-03-16,73950.30933283607,73950.30933283607,478.79769861111004,74429.10703144719,45267.20287668891,0.0,2001.957992390968,47269.16086907988,0.0,0.0
0,2025-03-17,69398.40242787672,69398.40242787672,772.1040333333328,70170.50646121005,41471.651184979,0.0,3299.5056770388874,44771.15686201789,0.0,0.0
0,2025-03-18,77869.01376249999,77869.01376249999,99.14331666666567,77968.15707916666,47806.30926222612,0.0,283.92237130833024,48090.23163353445,0.0,0.0
0,2025-03-19,65079.80081210562,65079.80081210562,1505.4880958333338,66585.28890793896,39688.72530978568,0.0,5210.558683684028,44899.28399346971,0.0,0.0
0,2025-03-20,73066.57028628257,73066.57028628257,1123.4568472222227,74190.02713350479,44567.43859362263,0.0,4479.956359544446,49047.39495316708,0.0,0.0
0,2025-03-21,71126.58986886145,71126.58986886145,0.0,71126.58986886145,42828.035939267036,0.0,0.0,42828.035939267036,0.0,0.0
0,2025-03-22,73772.56041689197,73772.56041689197,9.078333333333376,73781.6387502253,45145.8645317483,0.0,19.409476666666755,45165.27400841497,0.0,0.0
0,2025-03-23,74245.14979837104,74245.14979837104,240.3689222222216,74485.51872059326,45295.170284286534,0.0,1081.5841581013858,46376.75444238792,0.0,0.0
0,2025-03-24,69847.76149471878,69847.76149471878,445.67238194444417,70293.43387666323,42113.36804215893,0.0,1507.462926093749,43620.83096825268,0.0,0.0
0,2025-03-25,77017.58165118314,77017.58165118314,259.99921527777656,77277.5808664609,47006.19304728956,0.0,905.6041316611077,47911.79717895067,0.0,0.0
0,2025-03-26,67186.71854492456,67186.71854492456,478.749838888888,67665.46838381345,40700.17822400459,0.0,1795.996005942358,42496.17422994695,0.0,0.0
0,2025-03-27,70489.69490859054,70489.69490859054,369.9775499999987,70859.67245859053,42817.80347551008,0.0,1277.616455423606,44095.41993093369,0.0,0.0
0,2025-03-28,68361.37539999999,68361.37539999999,0.0,68361.37539999999,41642.791896256254,0.0,0.0,41642.791896256254,0.0,0.0
0,2025-03-29,63013.482554166665,63013.482554166665,0.0,63013.482554166665,38027.36281387265,0.0,0.0,38027.36281387265,0.0,0.0
0,2025-03-30,68798.59212110768,68798.59212110768,564.9969583333323,69363.58907944101,41197.41459106524,0.0,2053.47611725972,43250.89070832496,0.0,0.0
0,2025-03-31,60270.450690997954,60270.450690997954,2788.9214097222202,63059.372100720175,36289.43373263633,0.0,9630.460303107633,45919.894035743964,0.0,0.0
0,2025-04-01,72096.25897746913,72096.25897746913,1057.9816416666654,73154.24061913579,42830.40045412492,0.0,3950.282951227773,46780.6834053527,0.0,0.0
0,2025-04-02,69617.64484861112,69617.64484861112,843.6169930555543,70461.26184166667,41669.26945208431,0.0,3395.048297184717,45064.31774926902,0.0,0.0
0,2025-04-03,70415.4100060871,70415.4100060871,403.72026666666545,70819.13027275377,42874.12998175607,0.0,1372.3338746993013,44246.463856455375,0.0,0.0
0,2025-04-04,62029.23326944445,62029.23326944445,0.0,62029.23326944445,37208.94934368583,0.0,0.0,37208.94934368583,0.0,0.0
0,2025-04-05,62350.3926875,62350.3926875,0.0,62350.3926875,36988.97235171514,0.0,0.0,36988.97235171514,0.0,0.0
0,2025-04-06,66337.77573630109,66337.77573630109,535.4039569444434,66873.17969324553,39109.4796093865,0.0,2333.8616744326337,41443.341283819136,0.0,0.0
0,2025-04-07,59095.17369305555,59095.17369305555,2774.1314013888873,61869.30509444443,34905.02338476166,0.0,10331.273541081242,45236.29692584291,0.0,0.0
0,2025-04-08,67052.59339862826,67052.59339862826,452.56614861110927,67505.15954723937,40327.15284023147,0.0,1976.0140186562414,42303.166858887715,0.0,0.0
0,2025-04-09,66307.37138127572,66307.37138127572,1502.807027777778,67810.1784090535,39537.70534853361,0.0,4793.64812962153,44331.353478155135,0.0,0.0
0,2025-04-10,64586.644043998625,64586.644043998625,459.4998180555541,65046.14386205418,39029.75446180507,0.0,1900.162456849301,40929.916918654366,0.0,0.0
0,2025-04-11,53976.87837415981,53976.87837415981,0.0,53976.87837415981,32305.900017251544,0.0,0.0,32305.900017251544,0.0,0.0
0,2025-04-12,68675.73529702777,68675.73529702777,0.0,68675.73529702777,40902.72887173429,0.0,0.0,40902.72887173429,0.0,0.0
0,2025-04-13,61612.38380277778,61612.38380277778,859.0378055555535,62471.42160833334,36430.07634795806,0.0,3268.239075682631,39698.315423640684,0.0,0.0
0,2025-04-14,64294.799384773665,64294.799384773665,767.6391930555543,65062.43857782922,38654.6466874452,0.0,2393.154480524996,41047.801167970196,0.0,0.0
0,2025-04-15,56668.82697443415,56668.82697443415,1911.6560013888889,58580.48297582304,33414.71552853981,0.0,7900.303633813192,41315.019162353005,0.0,0.0
0,2025-04-16,62858.396338117294,62858.396338117294,1207.03827222222,64065.434610339515,36651.55557722117,0.0,4916.515950840963,41568.07152806213,0.0,0.0
0,2025-04-17,57352.08148966049,57352.08148966049,2019.74522638889,59371.826716049385,34557.116513232875,0.0,6636.317973281948,41193.43448651482,0.0,0.0
0,2025-04-18,58145.672197719476,58145.672197719476,0.0,58145.672197719476,34401.17278723418,0.0,0.0,34401.17278723418,0.0,0.0
0,2025-04-19,62596.839586111106,62596.839586111106,0.0,62596.839586111106,36583.35513290028,0.0,0.0,36583.35513290028,0.0,0.0
0,2025-04-20,58487.95133515089,58487.95133515089,1723.2450194444436,60211.19635459533,34768.25460550373,0.0,6313.14762337986,41081.40222888359,0.0,0.0
0,2025-04-21,60982.75898050412,60982.75898050412,747.8480152777763,61730.6069957819,36166.0139648341,0.0,2748.1410212520786,38914.15498608618,0.0,0.0
0,2025-04-22,54952.626122222224,54952.626122222224,4067.6065611111126,59020.232683333335,32538.82527213611,0.0,13745.201530070834,46284.02680220694,0.0,0.0
0,2025-04-23,53175.259115740744,53175.259115740744,4038.0663513888894,57213.32546712963,31632.802345371252,0.0,13608.257294871526,45241.05964024278,0.0,0.0
0,2025-04-24,55567.51204228395,55567.51204228395,1192.8574750000005,56760.36951728395,32897.232980606335,0.0,3770.298826945833,36667.531807552165,0.0,0.0
0,2025-04-25,54497.30066502058,54497.30066502058,0.0,54497.30066502058,32946.759809725554,0.0,0.0,32946.759809725554,0.0,0.0
0,2025-04-26,54657.82681421468,54657.82681421468,0.0,54657.82681421468,32850.360323688816,0.0,0.0,32850.360323688816,0.0,0.0
0,2025-04-27,55117.337919393,55117.337919393,2068.009808333333,57185.34772772634,32854.43815284537,0.0,9236.882855733335,42091.3210085787,0.0,0.0
0,2025-04-28,65552.98615468107,65552.98615468107,1150.8073472222213,66703.79350190329,38499.28895091507,0.0,4923.113655829859,43422.40260674493,0.0,0.0
0,2025-04-29,56892.8872409465,56892.8872409465,922.4129111111104,57815.30015205761,33682.10990390746,0.0,4322.707305729165,38004.817209636625,0.0,0.0
0,2025-04-30,54237.30045315501,54237.30045315501,1928.5888666666651,56165.889319821676,32536.975000339844,0.0,6941.731531151384,39478.706531491225,0.0,0.0
0,2025-05-01,56878.97608113855,56878.97608113855,3274.1565680555527,60153.1326491941,34015.53594333657,0.0,15490.581293409015,49506.11723674558,0.0,0.0
0,2025-05-02,67566.18369221536,67566.18369221536,0.0,67566.18369221536,39949.1259317783,0.0,0.0,39949.1259317783,0.0,0.0
0,2025-05-03,64054.707585631,64054.707585631,18.39166666666665,64073.09925229767,37846.35748467524,0.0,39.3213833333333,37885.678868008574,0.0,0.0
0,2025-05-04,61002.92474288408,61002.92474288408,2097.476462499997,63100.40120538408,36014.566369109525,0.0,9734.218445780545,45748.78481489007,0.0,0.0
0,2025-05-05,61804.26269583333,61804.26269583333,2590.007151388888,64394.26984722222,37144.13812852555,0.0,10210.79230204583,47354.930430571374,0.0,0.0
0,2025-05-06,54016.80815768176,54016.80815768176,4676.1053305555515,58692.91348823731,32239.151186410912,0.0,21110.53940323957,53349.69058965048,0.0,0.0
0,2025-05-07,57379.658421827844,57379.658421827844,3300.419588888887,60680.07801071673,34577.19480287672,0.0,13985.055295540966,48562.25009841769,0.0,0.0
0,2025-05-08,63988.10440763889,63988.10440763889,2485.6229138888866,66473.72732152778,37049.08612766284,0.0,12215.036784888878,49264.12291255172,0.0,0.0
0,2025-05-09,67222.95466111111,67222.95466111111,0.0,67222.95466111111,39324.73821788423,0.0,0.0,39324.73821788423,0.0,0.0
0,2025-05-10,65814.28531575171,65814.28531575171,0.0,65814.28531575171,38630.12569834241,0.0,0.0,38630.12569834241,0.0,0.0
0,2025-05-11,62487.65549862826,62487.65549862826,2296.5248541666638,64784.18035279492,36479.486315735914,0.0,11148.251586034708,47627.737901770626,0.0,0.0
0,2025-05-12,55144.78056634088,55144.78056634088,3166.403781944441,58311.18434828532,32674.6078298052,0.0,13635.800533760405,46310.408363565606,0.0,0.0
0,2025-05-13,64193.24975903636,64193.24975903636,1496.0539930555537,65689.30375209192,37576.25903424274,0.0,7137.045519927075,44713.304554169816,0.0,0.0
0,2025-05-14,62934.70256371741,62934.70256371741,1131.1411499999995,64065.843713717404,37946.63764841246,0.0,4194.618855852774,42141.256504265235,0.0,0.0
0,2025-05-15,61727.06308238597,61727.06308238597,1108.9636583333313,62836.0267407193,37891.92488885002,0.0,3733.9675205361036,41625.89240938613,0.0,0.0
0,2025-05-16,58624.71018022976,58624.71018022976,0.0,58624.71018022976,35814.68957221355,0.0,0.0,35814.68957221355,0.0,0.0
0,2025-05-17,66944.41583497942,66944.41583497942,3.5616666666666106,66947.97750164608,39976.99841816776,0.0,7.614843333333213,39984.613261501094,0.0,0.0
0,2025-05-18,66581.20434609053,66581.20434609053,648.0120138888873,67229.21635997941,39295.32269802845,0.0,1992.622829086801,41287.945527115255,0.0,0.0
0,2025-05-19,60458.33473009258,60458.33473009258,743.4289416666654,61201.76367175925,35817.86618033819,0.0,3549.1658458527727,39367.032026190966,0.0,0.0
0,2025-05-20,60081.12863000685,60081.12863000685,2100.69689537037,62181.82552537722,35795.31404342114,0.0,8544.80641235532,44340.12045577646,0.0,0.0
0,2025-05-21,56422.014095833336,56422.014095833336,1899.7378666666643,58321.7519625,34221.823668172496,0.0,7271.852046644434,41493.67571481693,0.0,0.0
0,2025-05-22,59421.81919711934,59421.81919711934,1245.9557208333322,60667.77491795267,36093.91879178134,0.0,3570.5063661048584,39664.425157886195,0.0,0.0
0,2025-05-23,63570.34636205419,63570.34636205419,0.0,63570.34636205419,37696.26427789373,0.0,0.0,37696.26427789373,0.0,0.0
0,2025-05-24,58060.20598655693,58060.20598655693,0.0,58060.20598655693,35313.84194253221,0.0,0.0,35313.84194253221,0.0,0.0
0,2025-05-25,60669.01960044582,60669.01960044582,682.686220833333,61351.70582127915,36059.12918041958,0.0,3062.493525849999,39121.622706269576,0.0,0.0
0,2025-05-26,58609.760960833344,58609.760960833344,2292.3723208333313,60902.133281666676,35486.95815745645,0.0,7519.7615295069345,43006.719686963384,0.0,0.0
0,2025-05-27,55451.56172422839,55451.56172422839,1198.0935291666647,56649.65525339506,33875.86559077653,0.0,4868.262620471518,38744.12821124805,0.0,0.0
0,2025-05-28,63549.789158333326,63549.789158333326,549.8122444444423,64099.60140277777,37681.499381388334,0.0,2266.9471921062423,39948.44657349458,0.0,0.0
0,2025-05-29,62916.784580555555,62916.784580555555,1072.9075736111104,63989.69215416667,37480.36232930361,0.0,4652.977906136803,42133.34023544041,0.0,0.0
0,2025-05-30,66646.06882193072,66646.06882193072,0.0,66646.06882193072,40026.055726345294,0.0,0.0,40026.055726345294,0.0,0.0
0,2025-05-31,69797.36170756191,69797.36170756191,92.18666666666661,69889.54837422857,42596.07734491127,0.0,197.0950933333332,42793.1724382446,0.0,0.0
0,2025-06-01,77486.23261153977,77486.23261153977,4721.7063083333305,82207.93891987311,46998.38924965395,0.0,18287.628180224296,65286.017429878244,0.0,0.0
0,2025-06-02,78592.40225720164,78592.40225720164,4989.629040277775,83582.03129747942,48260.47510426074,0.0,19318.92117548749,67579.39627974822,0.0,0.0
0,2025-06-03,72622.79730246913,72622.79730246913,5449.79363333333,78072.59093580247,44037.608896413454,0.0,21897.10205513332,65934.71095154677,0.0,0.0
0,2025-06-04,83198.84251411179,83198.84251411179,4470.021423611109,87668.8639377229,51386.97735131832,0.0,15890.986947034024,67277.96429835234,0.0,0.0
0,2025-06-05,72825.79362777778,72825.79362777778,6341.188142305549,79166.98177008332,43704.174580889994,0.0,25469.295986173503,69173.4705670635,0.0,0.0
0,2025-06-06,79628.52967139918,79628.52967139918,0.0,79628.52967139918,49333.56750772628,0.0,0.0,49333.56750772628,0.0,0.0
0,2025-06-07,85003.1275361111,85003.1275361111,76.18833333333339,85079.31586944444,52924.06728450695,0.0,162.89065666666679,53086.95794117362,0.0,0.0
0,2025-06-08,69946.47271879287,69946.47271879287,5651.742863888886,75598.21558268175,42129.12407522593,0.0,22274.996158080547,64404.12023330648,0.0,0.0
0,2025-06-09,78259.56910694444,78259.56910694444,3535.169018055552,81794.73812499999,48380.861510814306,0.0,13075.907039487487,61456.76855030179,0.0,0.0
0,2025-06-10,73820.43095905348,73820.43095905348,3924.33569722222,77744.76665627571,44995.50615745527,0.0,14571.85213010138,59567.35828755665,0.0,0.0
0,2025-06-11,79691.15208255556,79691.15208255556,3596.175147222219,83287.32722977779,49966.142437571594,0.0,13513.956820318042,63480.09925788964,0.0,0.0
0,2025-06-12,78673.60630705573,78673.60630705573,1848.056143055553,80521.66245011128,48805.657965998544,0.0,7246.035477890962,56051.693443889504,0.0,0.0
0,2025-06-13,79994.95557387001,79994.95557387001,0.0,79994.95557387001,49747.5472241083,0.0,0.0,49747.5472241083,0.0,0.0
0,2025-06-14,81583.36647510288,81583.36647510288,0.0,81583.36647510288,50102.03687424838,0.0,0.0,50102.03687424838,0.0,0.0
0,2025-06-15,74060.52272530863,74060.52272530863,3738.0917972222214,77798.61452253086,45586.360339589744,0.0,13771.99949819097,59358.359837780714,0.0,0.0
0,2025-06-16,77128.49310487055,77128.49310487055,2642.8111791666643,79771.3042840372,47576.792072344644,0.0,10315.797255757629,57892.58932810227,0.0,0.0
0,2025-06-17,79622.7243907236,79622.7243907236,2140.8920416666656,81763.61643239026,49375.975300139144,0.0,9086.380197887498,58462.35549802664,0.0,0.0
0,2025-06-18,80450.63267726336,80450.63267726336,1032.5541569444438,81483.18683420781,49720.07210540546,0.0,4233.583234717359,53953.655340122816,0.0,0.0
0,2025-06-19,76722.21620713305,76722.21620713305,2515.752187499999,79237.96839463305,47099.33845856865,0.0,11252.037255438192,58351.37571400684,0.0,0.0
0,2025-06-20,79129.75719166666,79129.75719166666,0.0,79129.75719166666,48892.872138098195,0.0,0.0,48892.872138098195,0.0,0.0
0,2025-06-21,74439.13286454475,74439.13286454475,0.0,74439.13286454475,46099.379105740074,0.0,0.0,46099.379105740074,0.0,0.0
0,2025-06-22,74614.80203070988,74614.80203070988,2079.6699611111103,76694.47199182099,45246.94207042754,0.0,8750.487721802077,53997.42979222962,0.0,0.0
0,2025-06-23,75223.3038210048,75223.3038210048,1626.600605555553,76849.90442656034,46896.41896422555,0.0,5529.835492442351,52426.2544566679,0.0,0.0
0,2025-06-24,86969.06232222222,86969.06232222222,654.7133888888873,87623.77571111111,54768.40132967834,0.0,2428.2094069340233,57196.61073661236,0.0,0.0
0,2025-06-25,78263.79604879973,78263.79604879973,2000.210469444443,80264.00651824418,47993.56111466876,0.0,8947.601827506245,56941.162942175004,0.0,0.0
0,2025-06-26,75033.914878738,75033.914878738,2446.269973611111,77480.1848523491,46730.068847253744,0.0,9085.638288360416,55815.70713561416,0.0,0.0
0,2025-06-27,77699.77345468587,77699.77345468587,0.0,77699.77345468587,48971.28380499304,0.0,0.0,48971.28380499304,0.0,0.0
0,2025-06-28,77015.7595489796,77015.7595489796,0.0,77015.7595489796,48309.75005885805,0.0,0.0,48309.75005885805,0.0,0.0
0,2025-06-29,73693.02631476338,73693.02631476338,3956.463684722222,77649.48999948561,45173.65292375874,0.0,14467.016913090276,59640.66983684902,0.0,0.0
0,2025-06-30,79285.4096809122,79285.4096809122,990.5186819444434,80275.92836285665,49301.80118554518,0.0,3729.0263033486062,53030.82748889378,0.0,0.0
0,2025-07-01,70775.20626421468,70775.20626421468,13022.607449999998,83797.81371421467,43416.4019132296,0.0,46595.110572568745,90011.51248579835,0.0,0.0
0,2025-07-02,67650.2228138546,67650.2228138546,9656.77832678326,77307.00114063786,42084.84088049569,0.0,33587.390923224084,75672.23180371977,0.0,0.0
0,2025-07-03,76273.45844562756,76273.45844562756,9094.513640277775,85367.97208590533,47042.81696736546,0.0,33892.752224620825,80935.56919198629,0.0,0.0
0,2025-07-04,69158.63011409465,69158.63011409465,0.0,69158.63011409465,42683.335017373625,0.0,0.0,42683.335017373625,0.0,0.0
0,2025-07-05,68978.74125474966,68978.74125474966,71.99833333333322,69050.739588083,42840.77122060036,0.0,153.93243666666643,42994.70365726703,0.0,0.0
0,2025-07-06,71902.84564290123,71902.84564290123,12190.029043055552,84092.87468595678,45073.152680489075,0.0,47226.97068938818,92300.12336987726,0.0,0.0
0,2025-07-07,72531.02130639573,72531.02130639573,7681.887601388888,80212.90890778461,44996.229903977626,0.0,28148.122084222217,73144.35198819984,0.0,0.0
0,2025-07-08,76781.82174893467,76781.82174893467,7797.890148611107,84579.71189754579,47633.480596974565,0.0,29374.348310112484,77007.82890708705,0.0,0.0
0,2025-07-09,78082.9642832735,78082.9642832735,5933.627686111106,84016.59196938461,48072.625893421966,0.0,22384.977547094422,70457.6034405164,0.0,0.0
0,2025-07-10,72653.73455240055,72653.73455240055,6045.421287499995,78699.15583990054,45354.84654560216,0.0,23566.158886211088,68921.00543181325,0.0,0.0
0,2025-07-11,82500.77338700273,82500.77338700273,0.0,82500.77338700273,51568.33366439269,0.0,0.0,51568.33366439269,0.0,0.0
0,2025-07-12,74326.77625390947,74326.77625390947,0.0,74326.77625390947,46716.17184135709,0.0,0.0,46716.17184135709,0.0,0.0
0,2025-07-13,81053.87048611112,81053.87048611112,1558.5038861111102,82612.37437222223,51708.84923792083,0.0,5432.421809645829,57141.27104756666,0.0,0.0
0,2025-07-14,76905.95713299038,76905.95713299038,3152.275506944443,80058.23263993482,47590.88595057411,0.0,12745.206775979852,60336.092726553965,0.0,0.0
0,2025-07-15,80852.39769022634,80852.39769022634,1742.7217638888878,82595.11945411522,50196.46993296273,0.0,7028.049035918053,57224.51896888079,0.0,0.0
0,2025-07-16,78696.06399314129,78696.06399314129,2931.210401388886,81627.27439453018,49918.53831477881,0.0,9102.3315709986,59020.86988577741,0.0,0.0
0,2025-07-17,76551.2359717421,76551.2359717421,3421.5035250000005,79972.73949674211,47927.07174141104,0.0,13435.380771193752,61362.452512604796,0.0,0.0
0,2025-07-18,87688.2898623611,87688.2898623611,0.0,87688.2898623611,55269.34501048217,0.0,0.0,55269.34501048217,0.0,0.0
0,2025-07-19,85966.58794741082,85966.58794741082,31.36500000000001,85997.95294741083,54792.8608084768,0.0,67.05837000000001,54859.9191784768,0.0,0.0
0,2025-07-20,82803.5431202332,82803.5431202332,898.7599111111097,83702.3030313443,51447.52577254801,0.0,3781.606541257633,55229.13231380565,0.0,0.0
0,2025-07-21,83516.54322750343,83516.54322750343,770.545297222222,84287.08852472565,52399.5388540314,0.0,3239.3954504326384,55638.93430446404,0.0,0.0
0,2025-07-22,79877.80577601166,79877.80577601166,1808.5065930555552,81686.31236906722,50326.46454571407,0.0,6744.030144008331,57070.4946897224,0.0,0.0
0,2025-07-23,89721.84156742113,89721.84156742113,310.38259861111095,90032.22416603223,56995.01430864399,0.0,1202.332844564582,58197.347153208575,0.0,0.0
0,2025-07-24,89667.02516402779,89667.02516402779,267.6654722222212,89934.69063625,57015.878978775465,0.0,810.2749029777744,57826.15388175324,0.0,0.0
0,2025-07-25,79848.3866682956,79848.3866682956,0.0,79848.3866682956,50427.13909206916,0.0,0.0,50427.13909206916,0.0,0.0
0,2025-07-26,85690.43680402313,85690.43680402313,0.0,85690.43680402313,53607.76702978471,0.0,0.0,53607.76702978471,0.0,0.0
0,2025-07-27,82479.66959499332,82479.66959499332,1976.1156361111107,84455.78523110443,51662.49551471243,0.0,8026.125331959722,59688.62084667215,0.0,0.0
0,2025-07-28,85263.15805586247,85263.15805586247,2060.6913638888864,87323.84941975135,53537.41106574297,0.0,8739.771412430546,62277.18247817352,0.0,0.0
0,2025-07-29,82631.98529399863,82631.98529399863,1756.955180555554,84388.94047455418,51894.378405974465,0.0,6732.772241974994,58627.15064794946,0.0,0.0
0,2025-07-30,76546.42425138887,76546.42425138887,4169.644958333331,80716.0692097222,48284.47288302389,0.0,15186.15469564304,63470.62757866693,0.0,0.0
0,2025-07-31,80785.36516649519,80785.36516649519,2085.5363236111093,82870.9014901063,50572.207601770075,0.0,7990.187437056244,58562.39503882632,0.0,0.0
0,2025-08-01,81655.66662954389,81655.66662954389,0.0,81655.66662954389,51758.49473637194,0.0,0.0,51758.49473637194,0.0,0.0
0,2025-08-02,89389.41945416667,89389.41945416667,32.52833333333331,89421.9477875,56619.38742802681,0.0,69.5455766666666,56688.93300469347,0.0,0.0
0,2025-08-03,71927.56816580932,71927.56816580932,480.49839722222265,72408.06656303155,45746.68647859705,0.0,1852.767239172223,47599.45371776927,0.0,0.0
0,2025-08-04,76612.68390588133,76612.68390588133,279.04083333333296,76891.72473921467,49133.72202658132,0.0,949.6214071048603,50083.34343368618,0.0,0.0
0,2025-08-05,75128.90171805557,75128.90171805557,1210.1039083333349,76339.0056263889,47901.88572331786,0.0,3686.1659953472254,51588.05171866508,0.0,0.0
0,2025-08-06,82691.23121397462,82691.23121397462,411.8760069444447,83103.10722091906,53483.85464321844,0.0,1874.3880532888911,55358.24269650733,0.0,0.0
0,2025-08-07,83739.63423271605,83739.63423271605,391.2778791666667,84130.91211188272,52292.183487684844,0.0,1281.492770136806,53573.67625782165,0.0,0.0
0,2025-08-08,73089.16381381944,73089.16381381944,0.0,73089.16381381944,46591.30991281286,0.0,0.0,46591.30991281286,0.0,0.0
0,2025-08-09,78125.5251159808,78125.5251159808,0.0,78125.5251159808,49320.8962209851,0.0,0.0,49320.8962209851,0.0,0.0
0,2025-08-10,77654.66050159466,77654.66050159466,446.51094305555574,78101.17144465022,49635.70376217485,0.0,1925.3169554013903,51561.02071757624,0.0,0.0
0,2025-08-11,75758.96222791495,75758.96222791495,999.9444152777776,76758.90664319272,47453.00892419397,0.0,3565.3651992708315,51018.374123464804,0.0,0.0
0,2025-08-12,82040.03026709532,82040.03026709532,347.088488888888,82387.11875598421,51497.246802356094,0.0,1168.3645169395795,52665.61131929568,0.0,0.0
0,2025-08-13,75087.86306757544,75087.86306757544,1201.9173888888881,76289.78045646433,47081.6057091245,0.0,5151.247565531941,52232.853274656445,0.0,0.0
0,2025-08-14,76892.6923475823,76892.6923475823,546.1880388888892,77438.88038647118,49026.95707207648,0.0,2308.9803471569458,51335.93741923343,0.0,0.0
0,2025-08-15,86388.75556634087,86388.75556634087,0.0,86388.75556634087,54846.725088393214,0.0,0.0,54846.725088393214,0.0,0.0
0,2025-08-16,84234.34615317216,84234.34615317216,0.0,84234.34615317216,54073.45066844517,0.0,0.0,54073.45066844517,0.0,0.0
0,2025-08-17,79933.71047662947,79933.71047662947,344.29343472222166,80278.00391135168,49925.063173205825,0.0,1801.0598916527751,51726.1230648586,0.0,0.0
0,2025-08-18,76811.73927704047,76811.73927704047,277.9566569444442,77089.69593398491,48951.05764753921,0.0,1173.60910464375,50124.66675218296,0.0,0.0
0,2025-08-19,76240.40384298697,76240.40384298697,443.1499499999994,76683.55379298698,48342.39736386567,0.0,2046.5571479319428,50388.95451179761,0.0,0.0
0,2025-08-20,84356.84013670438,84356.84013670438,524.0512888888883,84880.89142559328,52791.75523188664,0.0,2285.210442096525,55076.96567398316,0.0,0.0
0,2025-08-21,80755.94325474967,80755.94325474967,160.19536666666585,80916.13862141634,50546.91152725481,0.0,676.428856886107,51223.340384140916,0.0,0.0
0,2025-08-22,79863.46786469477,79863.46786469477,0.0,79863.46786469477,50852.42334356604,0.0,0.0,50852.42334356604,0.0,0.0
0,2025-08-23,77365.0216302469,77365.0216302469,0.0,77365.0216302469,48716.86459902268,0.0,0.0,48716.86459902268,0.0,0.0
0,2025-08-24,75853.48107913237,75853.48107913237,251.77581111111118,76105.25689024349,48654.05626600185,0.0,985.9484373277762,49640.00470332962,0.0,0.0
0,2025-08-25,96593.6424919067,96593.6424919067,160.4685791666662,96754.11107107338,61674.944043343356,0.0,390.3691154354154,62065.31315877877,0.0,0.0
0,2025-08-26,76795.51617429696,76795.51617429696,688.367790277778,77483.88396457474,49411.789395546635,0.0,2254.7138283625018,51666.50322390914,0.0,0.0
0,2025-08-27,77686.73207078189,77686.73207078189,1998.8770416666675,79685.60911244855,49737.379655208824,0.0,7891.4890449895875,57628.868700198414,0.0,0.0
0,2025-08-28,76939.87386064815,76939.87386064815,2049.4291027777776,78989.30296342593,48200.70474060334,0.0,8140.787637411109,56341.492378014445,0.0,0.0
0,2025-08-29,87054.46019086076,87054.46019086076,0.0,87054.46019086076,55431.336063619776,0.0,0.0,55431.336063619776,0.0,0.0
0,2025-08-30,82762.11102230794,82762.11102230794,0.0,82762.11102230794,52886.63803422305,0.0,0.0,52886.63803422305,0.0,0.0
0,2025-08-31,76092.84806819275,76092.84806819275,1119.1078236111116,77211.95589180385,48666.94327952436,0.0,4914.272973963195,53581.21625348756,0.0,0.0
0,2025-09-01,84335.024595625,84335.024595625,0.0,84335.024595625,52844.5992300461,0.0,0.0,52844.5992300461,0.0,0.0
0,2025-09-02,75709.34444538751,75709.34444538751,0.0,75709.34444538751,47691.875579769374,0.0,0.0,47691.875579769374,0.0,0.0
0,2025-09-03,80625.74434872308,80625.74434872308,0.0,80625.74434872308,50840.20362940365,0.0,0.0,50840.20362940365,0.0,0.0
0,2025-09-04,78140.96295461248,78140.96295461248,12.793491666666625,78153.75644627915,50039.48852081242,0.0,74.31099634583309,50113.79951715825,0.0,0.0
0,2025-09-05,73680.48290444101,73680.48290444101,0.0,73680.48290444101,47332.65199841131,0.0,0.0,47332.65199841131,0.0,0.0
0,2025-09-06,74332.77968590535,74332.77968590535,0.0,74332.77968590535,47434.42304267989,0.0,0.0,47434.42304267989,0.0,0.0
0,2025-09-07,74237.16175231482,74237.16175231482,244.19075138888783,74481.3525037037,47207.44611897427,0.0,1369.2635798256888,48576.70969879996,0.0,0.0
0,2025-09-08,81308.6868987265,81308.6868987265,6.879919444444397,81315.56681817095,51348.45290839177,0.0,33.46456629305525,51381.91747468483,0.0,0.0
0,2025-09-09,71636.49417801783,71636.49417801783,485.7140791666682,72122.20825718451,45846.89974029634,0.0,1642.3273744326427,47489.22711472899,0.0,0.0
0,2025-09-10,82881.59893747221,82881.59893747221,3.7819972222221168,82885.38093469443,52428.059423062514,0.0,17.206196362499522,52445.265619425016,0.0,0.0
0,2025-09-11,82486.36404814816,82486.36404814816,482.5586527777767,82968.92270092593,52464.64214897997,0.0,2621.340040452077,55085.98218943205,0.0,0.0
0,2025-09-12,73391.45147719479,73391.45147719479,0.0,73391.45147719479,47171.384596573276,0.0,0.0,47171.384596573276,0.0,0.0
0,2025-09-13,72351.46295644718,72351.46295644718,0.0,72351.46295644718,46568.095072788055,0.0,0.0,46568.095072788055,0.0,0.0
0,2025-09-14,85261.03066243141,85261.03066243141,0.0,85261.03066243141,54499.34031704992,0.0,0.0,54499.34031704992,0.0,0.0
0,2025-09-15,70637.34329096365,70637.34329096365,557.9470194444443,71195.29031040809,45502.83133772795,0.0,2150.7833526729137,47653.614690400864,0.0,0.0
0,2025-09-16,84002.85212381893,84002.85212381893,0.0,84002.85212381893,53073.57251061219,0.0,0.0,53073.57251061219,0.0,0.0
0,2025-09-17,80311.4714331447,80311.4714331447,431.22933472222377,80742.70076786693,51549.19198569027,0.0,1341.8954451451432,52891.08743083541,0.0,0.0
0,2025-09-18,72597.76629127229,72597.76629127229,1774.2261777777799,74371.99246905006,46503.98509832763,0.0,6240.298062120144,52744.28316044777,0.0,0.0
0,2025-09-19,78376.68450665295,78376.68450665295,0.0,78376.68450665295,49665.00445386998,0.0,0.0,49665.00445386998,0.0,0.0
0,2025-09-20,75472.54578712277,75472.54578712277,0.0,75472.54578712277,48450.45566652665,0.0,0.0,48450.45566652665,0.0,0.0
0,2025-09-21,77102.33142275376,77102.33142275376,6.956616666666605,77109.28803942043,48679.426059563455,0.0,12.914958841666552,48692.341018405124,0.0,0.0
0,2025-09-22,78383.74817091908,78383.74817091908,71.61507777777723,78455.36324869686,49411.5790867098,0.0,276.83419570277516,49688.41328241257,0.0,0.0
0,2025-09-23,76505.7901442044,76505.7901442044,38.007233333333375,76543.79737753773,48136.73177932639,0.0,148.6878808916674,48285.41966021805,0.0,0.0
0,2025-09-24,66950.10459526749,66950.10459526749,3339.2121611111115,70289.3167563786,42552.895062827374,0.0,8744.835162966669,51297.73022579405,0.0,0.0
0,2025-09-25,72494.36281073389,72494.36281073389,240.60701944444344,72734.96983017834,45380.4947641177,0.0,892.8167960256903,46273.31156014339,0.0,0.0
0,2025-09-26,79992.03216769546,79992.03216769546,0.0,79992.03216769546,50463.60180388823,0.0,0.0,50463.60180388823,0.0,0.0
0,2025-09-27,67359.72090445817,67359.72090445817,0.0,67359.72090445817,42445.31909014503,0.0,0.0,42445.31909014503,0.0,0.0
0,2025-09-28,70849.31501630659,70849.31501630659,937.2644833333329,71786.57949963992,44361.35680588665,0.0,2844.1577997298596,47205.51460561651,0.0,0.0
0,2025-09-29,73545.08615085733,73545.08615085733,555.8042138888877,74100.89036474621,46350.80499983182,0.0,1963.9130381291636,48314.71803796098,0.0,0.0
0,2025-09-30,72526.80575121741,72526.80575121741,3469.287084722221,75996.09283593963,46039.0195607882,0.0,12245.936771949302,58284.9563327375,0.0,0.0
0,2025-10-01,69333.81889266118,69333.81889266118,49.59565138888888,69383.41454405007,43246.32286813406,0.0,145.38274692430565,43391.70561505837,0.0,0.0
0,2025-10-02,75436.04630611677,75436.04630611677,158.15390833333277,75594.2002144501,47407.74618263784,0.0,467.31633434722056,47875.06251698506,0.0,0.0
0,2025-10-03,67162.65056150548,67162.65056150548,0.0,67162.65056150548,41728.568026183064,0.0,0.0,41728.568026183064,0.0,0.0
0,2025-10-04,79110.09673991665,79110.09673991665,0.0,79110.09673991665,49643.035276126495,0.0,0.0,49643.035276126495,0.0,0.0
0,2025-10-05,74070.59542767491,74070.59542767491,217.20197777777716,74287.79740545269,46062.18969115536,0.0,632.4419194673594,46694.631610622724,0.0,0.0
0,2025-10-06,63069.95049058642,63069.95049058642,3044.218615277775,66114.1691058642,39918.03773479606,0.0,9901.92084559999,49819.95858039605,0.0,0.0
0,2025-10-07,67633.5269654664,67633.5269654664,576.2820180555557,68209.80898352196,41993.04513397462,0.0,2131.678257571529,44124.72339154615,0.0,0.0
0,2025-10-08,67154.83695420096,67154.83695420096,442.7237402777762,67597.56069447874,41828.77889831763,0.0,1732.7610429263837,43561.53994124401,0.0,0.0
0,2025-10-09,76117.23789134086,76117.23789134086,134.59710694444414,76251.83499828531,47676.23946042845,0.0,428.6130040493048,48104.85246447776,0.0,0.0
0,2025-10-10,73809.93848259603,73809.93848259603,0.0,73809.93848259603,46387.490085113,0.0,0.0,46387.490085113,0.0,0.0
0,2025-10-11,74400.18480814471,74400.18480814471,0.0,74400.18480814471,46527.008698047735,0.0,0.0,46527.008698047735,0.0,0.0
0,2025-10-12,69083.76096724966,69083.76096724966,798.5792055555553,69882.34017280521,42793.339587622555,0.0,3160.194477789583,45953.53406541214,0.0,0.0
0,2025-10-13,70803.84119082647,70803.84119082647,496.91061111110963,71300.75180193757,43973.48263323269,0.0,2097.6339968048555,46071.11663003755,0.0,0.0
0,2025-10-14,73762.55088054595,73762.55088054595,755.5294416666659,74518.08032221263,46148.61955240683,0.0,3135.180673658329,49283.80022606516,0.0,0.0
0,2025-10-15,76588.72753804954,76588.72753804954,211.94560972222234,76800.67314777177,48116.43955270068,0.0,616.1245480958332,48732.56410079651,0.0,0.0
0,2025-10-16,73181.46922772634,73181.46922772634,726.7014930555529,73908.1707207819,46038.21702224954,0.0,2076.8930451645774,48115.11006741412,0.0,0.0
0,2025-10-17,63292.01657083333,63292.01657083333,0.0,63292.01657083333,39484.02636615028,0.0,0.0,39484.02636615028,0.0,0.0
0,2025-10-18,75660.29641841736,75660.29641841736,0.0,75660.29641841736,47286.23514597579,0.0,0.0,47286.23514597579,0.0,0.0
0,2025-10-19,73715.17400138888,73715.17400138888,385.54311805555477,74100.71711944444,46403.54766196819,0.0,1121.1623720118027,47524.71003397999,0.0,0.0
0,2025-10-20,76222.51400972222,76222.51400972222,430.00221666666494,76652.51622638888,48136.57629910125,0.0,1145.9134837867985,49282.48978288805,0.0,0.0
0,2025-10-21,75193.08283612448,75193.08283612448,1268.335220833333,76461.41805695782,47064.200918483475,0.0,4287.7819793958315,51351.98289787931,0.0,0.0
0,2025-10-22,73046.99209653636,73046.99209653636,1232.4479152777767,74279.44001181413,45963.105490810456,0.0,3203.2513602638855,49166.35685107434,0.0,0.0
0,2025-10-23,82991.56399933127,82991.56399933127,454.02418194444385,83445.58818127571,51915.21499673308,0.0,1715.381291140276,53630.596287873355,0.0,0.0
0,2025-10-24,71991.10419161522,71991.10419161522,0.0,71991.10419161522,44828.89511064619,0.0,0.0,44828.89511064619,0.0,0.0
0,2025-10-25,77336.51361440329,77336.51361440329,0.0,77336.51361440329,48003.456422729614,0.0,0.0,48003.456422729614,0.0,0.0
0,2025-10-26,76131.82820037723,76131.82820037723,474.09951250000097,76605.92771287724,47277.601232547306,0.0,1889.9018641256994,49167.503096673005,0.0,0.0
0,2025-10-27,69051.43435092592,69051.43435092592,2120.5835472222216,71172.01789814814,42941.316404782105,0.0,8465.029518307638,51406.34592308974,0.0,0.0
0,2025-10-28,69287.64144958847,69287.64144958847,4202.207781944443,73489.8492315329,43223.02378502312,0.0,15811.999081934719,59035.022866957836,0.0,0.0
0,2025-10-29,77738.65025130982,77738.65025130982,516.17322361111,78254.82347492094,48233.50561016697,0.0,2093.345936479162,50326.85154664613,0.0,0.0
0,2025-10-30,69242.55157829217,69242.55157829217,2967.149573611109,72209.70115190328,43003.37930037728,0.0,10746.918180773606,53750.29748115089,0.0,0.0
0,2025-10-31,78131.01530171347,78131.01530171347,0.0,78131.01530171347,48687.96175734211,0.0,0.0,48687.96175734211,0.0,0.0
0,2025-11-01,74177.26215125172,74177.26215125172,0.0,74177.26215125172,45943.702878743476,0.0,0.0,45943.702878743476,0.0,0.0
0,2025-11-02,74772.90255811042,74772.90255811042,1787.6625749999962,76560.56513311042,46614.67406488489,0.0,5989.818563759709,52604.4926286446,0.0,0.0
0,2025-11-03,79409.0039138889,79409.0039138889,352.65340972222066,79761.65732361111,49242.07844751903,0.0,1018.4568155520788,50260.535263071106,0.0,0.0
0,2025-11-04,74508.66196774691,74508.66196774691,941.6918041666652,75450.35377191358,46295.46876205645,0.0,3568.4938361152717,49863.962598171725,0.0,0.0
0,2025-11-05,82430.25616145405,82430.25616145405,481.0911013888882,82911.34726284293,51460.27197451208,0.0,1864.942082801387,53325.21405731347,0.0,0.0
0,2025-11-06,77865.13749444444,77865.13749444444,800.3248736111094,78665.46236805555,48371.34882882514,0.0,3257.1378517090207,51628.48668053416,0.0,0.0
0,2025-11-07,75628.45550294925,75628.45550294925,0.0,75628.45550294925,47245.44587450289,0.0,0.0,47245.44587450289,0.0,0.0
0,2025-11-08,79587.5172702361,79587.5172702361,0.0,79587.5172702361,49814.553038495505,0.0,0.0,49814.553038495505,0.0,0.0
0,2025-11-09,78817.82745963614,78817.82745963614,696.4915597222221,79514.31901935837,49204.549070470486,0.0,2680.7751649312486,51885.324235401735,0.0,0.0
0,2025-11-10,79447.65423923114,79447.65423923114,1609.386506944442,81057.04074617558,49734.09594245597,0.0,5615.584933248601,55349.68087570457,0.0,0.0
0,2025-11-11,81996.98406544924,81996.98406544924,329.2530013888877,82326.23706683813,51657.995470949165,0.0,1062.3408023958295,52720.336273345,0.0,0.0
0,2025-11-12,78939.75667395833,78939.75667395833,426.6934819444434,79366.45015590277,49323.257374651046,0.0,1879.6854961152744,51202.94287076632,0.0,0.0
0,2025-11-13,76767.65612477709,76767.65612477709,3993.7530180555536,80761.40914283264,48035.78912984302,0.0,15460.004101859024,63495.793231702046,0.0,0.0
0,2025-11-14,78846.22693115276,78846.22693115276,0.0,78846.22693115276,49013.77255130075,0.0,0.0,49013.77255130075,0.0,0.0
0,2025-11-15,85164.3927060871,85164.3927060871,0.0,85164.3927060871,53784.642006499984,0.0,0.0,53784.642006499984,0.0,0.0
0,2025-11-16,79439.7849614369,79439.7849614369,1554.9167874999985,80994.7017489369,49633.52354669655,0.0,6494.744485917357,56128.26803261391,0.0,0.0
0,2025-11-17,75898.92419055212,75898.92419055212,2810.6529180555526,78709.57710860767,47536.24246437732,0.0,10108.29206825207,57644.53453262939,0.0,0.0
0,2025-11-18,80149.04115156636,80149.04115156636,1585.22351111111,81734.26466267747,50159.62052562689,0.0,5481.014580273604,55640.635105900496,0.0,0.0
0,2025-11-19,79928.51328217336,79928.51328217336,1621.3826722222207,81549.89595439557,50032.02470879775,0.0,6826.354088876384,56858.37879767413,0.0,0.0
0,2025-11-20,80031.24944491273,80031.24944491273,1482.7110611111095,81513.96050602384,50013.18141431379,0.0,5848.557599451384,55861.739013765175,0.0,0.0
0,2025-11-21,80448.15238102777,80448.15238102777,0.0,80448.15238102777,50378.450449335425,0.0,0.0,50378.450449335425,0.0,0.0
0,2025-11-22,87740.1436736111,87740.1436736111,0.0,87740.1436736111,55682.31085197041,0.0,0.0,55682.31085197041,0.0,0.0
0,2025-11-23,80628.21129075738,80628.21129075738,1409.8146694444426,82038.02596020182,50651.63811172536,0.0,5835.733140299995,56487.37125202536,0.0,0.0
0,2025-11-24,79611.34529917352,79611.34529917352,1138.4453069444432,80749.79060611797,50040.17251789865,0.0,3960.0116493222154,54000.18416722087,0.0,0.0
0,2025-11-25,91147.90188758573,91147.90188758573,272.5906166666658,91420.4925042524,58146.51881251792,0.0,863.7062845249974,59010.225097042916,0.0,0.0
0,2025-11-26,86644.8476375,86644.8476375,479.9360499999982,87124.7836875,54636.76038224959,0.0,1987.0886534020758,56623.84903565166,0.0,0.0
0,2025-11-27,84173.56617059329,84173.56617059329,442.48682083333244,84616.05299142662,53015.671014311374,0.0,1900.2920594951354,54915.96307380651,0.0,0.0
0,2025-11-28,84410.42818540809,84410.42818540809,0.0,84410.42818540809,53325.23095823915,0.0,0.0,53325.23095823915,0.0,0.0
0,2025-11-29,94500.01237755487,94500.01237755487,0.0,94500.01237755487,60293.486779929975,0.0,0.0,60293.486779929975,0.0,0.0
0,2025-11-30,86612.02980336078,86612.02980336078,1322.855245833332,87934.88504919411,54528.09150747632,0.0,5731.457664647216,60259.54917212353,0.0,0.0
0,2025-12-01,89607.5838340878,89607.5838340878,3744.639705555551,93352.22353964335,57350.70475203924,0.0,11795.538315468733,69146.24306750797,0.0,0.0
0,2025-12-02,93094.71983923184,93094.71983923184,4173.950811111106,97268.67065034295,59384.30963128018,0.0,14852.606089022902,74236.91572030308,0.0,0.0
0,2025-12-03,83444.2152079904,83444.2152079904,8905.272538888885,92349.48774687928,52788.22402082119,0.0,30530.077900553457,83318.30192137464,0.0,0.0
0,2025-12-04,91026.59665694443,91026.59665694443,5481.434002777775,96508.03065972221,58375.230066314994,0.0,19961.23623983332,78336.46630614832,0.0,0.0
0,2025-12-05,90062.38181616942,90062.38181616942,0.0,90062.38181616942,57623.42519119494,0.0,0.0,57623.42519119494,0.0,0.0
0,2025-12-06,92908.07050096022,92908.07050096022,0.0,92908.07050096022,59633.548840807875,0.0,0.0,59633.548840807875,0.0,0.0
0,2025-12-07,94357.24878888889,94357.24878888889,3038.646261111109,97395.89504999999,60504.85948057625,0.0,10254.031705459021,70758.89118603527,0.0,0.0
0,2025-12-08,93801.59005937929,93801.59005937929,2839.07947222222,96640.66953160151,60064.102446411634,0.0,9023.105024018045,69087.20747042968,0.0,0.0
0,2025-12-09,93239.44545294924,93239.44545294924,2836.717743055553,96076.16319600478,59705.38459184168,0.0,9895.003452070823,69600.3880439125,0.0,0.0
0,2025-12-10,89821.63359463305,89821.63359463305,5170.837974999997,94992.47156963305,57398.93813734057,0.0,17216.665402636107,74615.60353997667,0.0,0.0
0,2025-12-11,94179.14626808985,94179.14626808985,1074.405291666664,95253.55155975652,60148.7549831957,0.0,3526.080540233322,63674.83552342902,0.0,0.0
0,2025-12-12,94016.03412499999,94016.03412499999,0.0,94016.03412499999,60019.313824452496,0.0,0.0,60019.313824452496,0.0,0.0
0,2025-12-13,95192.10355390946,95192.10355390946,2.8349999999999227,95194.93855390947,61188.054884982615,0.0,6.061229999999834,61194.116114982615,0.0,0.0
0,2025-12-14,90497.30215188614,90497.30215188614,3986.2186013888863,94483.52075327502,57588.68252979921,0.0,14725.470880080544,72314.15340987976,0.0,0.0
0,2025-12-15,90039.29979722222,90039.29979722222,5023.45430972222,95062.75410694444,57266.896564756666,0.0,17593.210590799994,74860.10715555666,0.0,0.0
0,2025-12-16,95801.65808749999,95801.65808749999,1351.1546111111102,97152.8126986111,61680.4173546036,0.0,3935.184323038885,65615.6016776425,0.0,0.0
0,2025-12-17,97220.33072599451,97220.33072599451,714.8150819444434,97935.14580793896,62370.70938092607,0.0,2298.798531131246,64669.507912057314,0.0,0.0
0,2025-12-18,92887.70981805556,92887.70981805556,1243.0410416666655,94130.75085972223,59583.442729849856,0.0,4122.467350654856,63705.91008050471,0.0,0.0
0,2025-12-19,92894.42441129973,92894.42441129973,0.0,92894.42441129973,59520.66351741474,0.0,0.0,59520.66351741474,0.0,0.0
0,2025-12-20,95913.06557083334,95913.06557083334,0.0,95913.06557083334,61865.44253032931,0.0,0.0,61865.44253032931,0.0,0.0
0,2025-12-21,95600.47547179356,95600.47547179356,856.007944444443,96456.483416238,61165.50887588954,0.0,3029.810049156244,64195.31892504579,0.0,0.0
0,2025-12-22,93405.41832575446,93405.41832575446,2124.0080597222195,95529.42638547669,59986.02169557674,0.0,6270.323262397909,66256.34495797465,0.0,0.0
0,2025-12-23,95960.65628858024,95960.65628858024,536.007298611109,96496.66358719135,61491.67509099441,0.0,2012.6628997729092,63504.337990767315,0.0,0.0
0,2025-12-24,95475.75494669066,95475.75494669066,644.6993847222205,96120.45433141288,61504.815344003975,0.0,1916.2304769229095,63421.04582092688,0.0,0.0
0,2025-12-25,92182.98701498628,92182.98701498628,2266.831465277777,94449.81848026406,58721.57103572788,0.0,7367.2068938333305,66088.77792956121,0.0,0.0
0,2025-12-26,94330.62044456447,94330.62044456447,0.0,94330.62044456447,60332.771462718476,0.0,0.0,60332.771462718476,0.0,0.0
0,2025-12-27,96591.47707222222,96591.47707222222,0.0,96591.47707222222,61936.612187480554,0.0,0.0,61936.612187480554,0.0,0.0
0,2025-12-28,95484.59444967422,95484.59444967422,501.39820555555485,95985.99265522977,61166.47124646427,0.0,1738.7171354874981,62905.18838195177,0.0,0.0
0,2025-12-29,94390.03338307614,94390.03338307614,623.8452527777769,95013.87863585391,60042.588164235254,0.0,2348.9526718312454,62391.5408360665,0.0,0.0
0,2025-12-30,95561.99241013374,95561.99241013374,417.28858333333187,95979.28099346707,61074.841536810185,0.0,1850.0889340833273,62924.93047089351,0.0,0.0
0,2025-12-31,97649.24427940673,97649.24427940673,608.4590624999985,98257.70334190673,62406.96056641044,0.0,2128.0897747659674,64535.05034117641,0.0,0.0
0+6,2025-02-01,88119.34509089505,84508.77380903634,0.0,84508.77380903634,57195.55700210562,-1372.6983565345372,0.0,55822.85864557108,0.0,3610.5712818587117
0+6,2025-02-02,93028.6246420439,91133.76078886111,14.969616666666298,91148.73040552778,58839.060400709204,-601.9786367075533,91.6742761166646,58328.75604011832,7.174727777777889,1902.0385809605625
0+6,2025-02-03,95577.53221666666,91820.37385972223,140.44107916666613,91960.81493888889,60558.444441050415,-1333.0753087086096,640.1452157041641,59865.51434804597,0.0,3757.158356944441
0+6,2025-02-04,97688.50120833333,94412.95006556927,71.72141666666641,94484.67148223594,62482.35854711139,-1264.0410385964442,236.48212566666552,61454.79963418162,0.0,3275.5511427640618
0+6,2025-02-05,92788.15158477366,92686.29193822015,23.015093055555383,92709.3070312757,58875.31532150251,79.98637391838739,106.45277440972183,59061.754469830616,163.77588677983914,265.63553333333357
0+6,2025-02-06,98234.56463472222,94141.88748319616,17.394336111110533,94159.28181930727,62695.27143961862,-1568.0965664281312,93.87018375555249,61221.04505694604,0.0,4092.6771515260616
0+6,2025-02-07,94474.5442013203,92537.03435063442,0.0,92537.03435063442,60119.248691742076,-656.2619904457969,0.0,59462.98670129628,53.46306111111119,1990.9729117969796
0+6,2025-02-08,86053.73136680367,87060.07926755829,0.0,87060.07926755829,53787.067046554046,1117.618976799324,0.0,54904.68602335337,1010.4374438101906,4.089543055555623
0+6,2025-02-09,93438.11954583332,92876.27242206945,11.187437499999874,92887.45985956946,59142.627602440276,-218.71717039397387,54.49400806249938,58978.4044401088,8.91313318055552,570.7602569444449
0+6,2025-02-10,88797.01672916667,82563.50425915277,878.3495736111101,83441.85383276388,55779.44379949264,-2143.349178542513,3176.8793404569415,56812.97396140707,0.0,6233.512470013889
0+6,2025-02-11,89709.45243739712,86162.54318165296,25.557193055555665,86188.10037470852,56788.813061771376,-1363.0869325853953,74.19424467569537,55499.92037386168,0.0,3546.9092557441677
0+6,2025-02-12,89798.25652916667,85607.75144507887,32.748245833333385,85640.49969091221,56577.33935887,-1462.7909004351932,175.35526072916696,55289.903719163965,0.0,4190.505084087791
0+6,2025-02-13,84413.83668112141,81241.21249144306,76.66246666666669,81317.87495810972,52476.753799738784,-1074.2117013343418,362.9638741993056,51765.50597260374,0.0,3172.624189678322
0+6,2025-02-14,86991.25089624485,85805.13052246708,0.0,85805.13052246708,54265.70464703727,-103.26561253430992,0.0,54162.43903450296,384.26808472222353,1570.3884585000014
0+6,2025-02-15,88422.08587558298,83761.365952572,0.0,83761.365952572,55138.20110624938,-1567.9977926803294,0.0,53570.20331356904,0.0,4660.719923010975
0+6,2025-02-16,89879.89245833334,84229.34068750001,238.4448319444436,84467.78551944446,56428.057626723064,-1977.2552742545822,883.3853553868015,55334.187707855286,0.0,5650.55177083333
0+6,2025-02-17,88991.23042054183,82625.97950378121,101.18791666666607,82727.16742044788,55375.26212020045,-2001.3566949592246,537.9470697999967,53911.85249504122,68.62953600000014,6433.88045276063
0+6,2025-02-18,80245.56908545953,80947.70588760288,806.3093611111108,81754.01524871399,49840.35739805133,472.6724632025159,3525.0137976861092,53838.043658939954,702.1368021433477,0.0
0+6,2025-02-19,80409.07311854167,80302.10977306945,486.03456249999977,80788.14433556945,50033.709591020786,-10.463567135666786,1762.057153850693,51785.30317773581,17.57354897222308,124.53689444444376
0+6,2025-02-20,82982.23160555554,81943.32240668056,239.7251749999973,82183.04758168056,51200.40037852764,499.3845238364439,1174.314683474293,52874.09958583838,857.4892763888886,1896.3984752638876
0+6,2025-02-21,81458.35216886146,82015.60849684499,0.0,82015.60849684499,50441.974697659054,939.7598642851375,0.0,51381.73456194419,993.5181627057626,436.26183472222283
0+6,2025-02-22,82861.7819963306,82994.4379193306,0.0,82994.4379193306,51355.34566039165,328.58659496745014,0.0,51683.9322553591,399.5547549444427,266.89883194444405
0+6,2025-02-23,81499.8173694357,81472.40754165791,281.58730416666685,81753.99484582458,50309.29988660493,88.04003160784623,1110.9388594666664,51508.27877767944,113.22942916666582,140.63925694444515
0+6,2025-02-24,77687.16165975652,79088.84634216392,304.59316388888806,79393.4395060528,48372.990414610875,962.5642025966611,1525.7617262395786,50861.31634344711,1493.5143157407329,91.8296333333335
0+6,2025-02-25,80016.396157,78208.28375333146,219.80998472222166,78428.09373805368,49376.61836458574,-546.5007426223481,982.6963584791652,49812.81398044256,235.6990198731168,2043.8114235416604
0+6,2025-02-26,74051.09401884432,74783.6467462332,1027.5029098333328,75811.14965606653,45205.11981803728,567.6551580626143,4163.674834558835,49936.44981065873,732.552727388886,0.0
0+6,2025-02-27,75170.60503609396,74786.90538899176,403.22089027777713,75190.12627926953,46122.355418703264,27.957868819661883,1922.0080161743026,48072.32130369723,151.71974873113913,535.4193958333335
0+6,2025-02-28,75439.08500819615,76796.49952234224,0.0,76796.49952234224,46068.35556438651,1283.144691409705,0.0,47351.500255796214,1372.211954423867,14.797440277777923
0+6,2025-03-01,85886.78376817558,78406.01330601149,0.0,78406.01330601149,53645.69125830758,-2479.938576369981,0.0,51165.7526819376,0.0,7480.77046216409
0+6,2025-03-02,83098.92063782646,83910.78818307613,316.8016916666657,84227.5898747428,51454.98184984361,1172.691385799948,1612.3372717104116,54240.01050735397,1057.8352285829985,245.96768333333353
0+6,2025-03-03,84687.21983693415,81197.02465226338,478.9831874999993,81676.00783976338,52378.704395007866,-252.94382556476648,2200.576989543748,54326.337558986845,826.5019569444439,4316.697141615225
0+6,2025-03-04,75875.0880087963,77307.70152044907,1078.3375478909493,78386.03906834002,46697.9282085675,1423.9638397986705,3844.257223962384,51966.149272328556,1432.613511652778,0.0
0+6,2025-03-05,79361.90970108024,78050.40218443055,183.5499486111105,78233.95213304166,48820.09861461712,-291.78807624551587,985.3296100472196,49513.640148418825,104.20713333333197,1415.7146499830246
0+6,2025-03-06,75184.81234478738,75447.7279153635,296.56244195832824,75744.29035732184,45896.528776106454,477.2484770758448,1268.5463331568938,47642.3235863392,528.5228247427945,265.6072541666665
0+6,2025-03-07,80665.62344683951,76755.68321503224,0.0,76755.68321503224,49915.97464325587,-1370.1483606718502,0.0,48545.82628258402,0.0,3909.940231807268
0+6,2025-03-08,74667.39066155556,74573.01212175925,0.0,74573.01212175925,45423.24962275214,490.5514032977834,0.0,45913.80102604992,724.458881534292,818.8374213305899
0+6,2025-03-09,78776.92993561385,72001.21299921125,946.6828999999985,72947.89589921125,48031.334328236466,-2103.339749048381,4116.636593849993,50044.63117303808,0.0,6775.716936402602
0+6,2025-03-10,75618.67998619686,76575.93628926389,496.0950065555557,77072.03129581944,45806.47483454832,1165.4740513000975,1993.6582008935575,48965.60708674197,1027.8265058448212,70.5702027777777
0+6,2025-03-11,67295.29892289094,74774.204281375,300.0670402777765,75074.27132165278,41139.86259954247,6682.435916330818,1221.7371288895793,49044.03564476287,7478.905358484053,0.0
0+6,2025-03-12,76704.06132381687,70780.06130401234,732.7616597222216,71512.82296373456,46917.764934709,-1961.9479523958614,2979.509515493053,47935.32649780619,0.0,5924.000019804524
0+6,2025-03-13,77226.19892273663,77799.66307765724,411.07354027777717,78210.73661793502,47010.08733776506,733.2117936566978,1810.4359824909695,49553.73511391273,701.4803451983873,128.01619027777713
0+6,2025-03-14,69835.21597866941,70285.81547708178,0.0,70285.81547708178,42585.445959391436,965.2598540015376,0.0,43550.705813392975,1042.2227225651602,591.6232241527841
0+6,2025-03-15,76397.8108736111,79663.13630136865,9.053333333333399,79672.18963470198,46364.323227578745,3554.6434550683107,19.356026666666803,49938.322709313725,3265.3254277575456,0.0
0+6,2025-03-16,73950.30933283607,75223.6757286694,185.8096083333324,75409.48533700274,45267.20287668891,928.9347595235412,786.6075111534684,46982.74514736592,1274.223943055556,0.8575472222221379
0+6,2025-03-17,69398.40242787672,65088.619160695656,994.5511083333331,66083.17026902898,41471.651184979,-1126.3992516278809,4120.304208795138,44465.556142146255,0.0,4309.783267181071
0+6,2025-03-18,77869.01376249999,74427.49338430555,108.18313333333253,74535.67651763889,47806.30926222612,-974.8435157902275,331.0650152249979,47162.530761660884,242.4489930555555,3683.9693712499966
0+6,2025-03-19,65079.80081210562,69265.98286347737,568.6128624999985,69834.59572597737,39688.72530978568,3945.370198834522,1486.3090931763825,45120.40460179658,4186.18205137175,0.0
0+6,2025-03-20,73066.57028628257,67204.5446324074,1983.8564180555545,69188.40105046296,44567.43859362263,-1862.8579771204093,7630.262406811801,50334.843023314024,104.18459305555899,5966.210246930722
0+6,2025-03-21,71126.58986886145,65348.51262409122,0.0,65348.51262409122,42828.035939267036,-1531.4946759407767,0.0,41296.54126332626,348.31026527777686,6126.387510048013
0+6,2025-03-22,73772.56041689197,70215.36762633985,9.078333333333376,70224.44595967319,45145.8645317483,-1086.7762136538825,19.409476666666755,44078.49779476109,0.0,3557.1927905521197
0+6,2025-03-23,74245.14979837104,72047.17351610083,237.38098055555508,72284.55449665638,45295.170284286534,-837.1824678805443,1064.6200309062478,45522.60784731224,0.0,2197.976282270226
0+6,2025-03-24,69847.76149471878,68307.43237760631,321.27483333333305,68628.70721093964,42113.36804215893,-128.26053745226943,978.5771325229159,42963.68463722958,380.4426162208451,1920.771733333334
0+6,2025-03-25,77017.58165118314,68162.36084921124,702.6483097222196,68865.00915893346,47006.19304728956,-2904.389113337869,2765.9988717187375,46867.80280567043,0.0,8855.22080197188
0+6,2025-03-26,67186.71854492456,66966.28387614884,234.10647638888582,67200.39035253772,40700.17822400459,183.10618502825457,760.5759166388711,41643.86032567172,322.3178166666679,542.7524854423884
0+6,2025-03-27,70489.69490859054,69319.08164305556,520.9256444444434,69840.0072875,42817.80347551008,169.34224666760008,1891.2567277895791,44878.40244996726,655.0267875000019,1825.640053034981
0+6,2025-03-28,68361.37539999999,65122.18922040466,0.0,65122.18922040466,41642.791896256254,-741.7149218741063,0.0,40901.07697438215,534.1372342935524,3773.323413888891
0+6,2025-03-29,63013.482554166665,62013.22072361111,0.0,62013.22072361111,38027.36281387265,147.00993678409577,0.0,38174.372750656745,557.2824499999995,1557.544280555559
0+6,2025-03-30,68798.59212110768,63719.19671832991,458.8995736111094,64178.09629194102,41197.41459106524,-1406.476589318403,1566.332665855551,41357.27066760239,0.0,5079.395402777778
0+6,2025-03-31,60270.450690997954,66778.85456105968,282.702943055555,67061.55750411523,36289.43373263633,5944.522962009919,823.5226425402755,43057.47933718652,6508.403870061724,0.0
0+6,2025-04-01,72096.25897746913,70451.03867244511,516.4516861111096,70967.49035855621,42830.40045412492,71.71875605330638,1774.592382962494,44676.711593140724,728.8717630315439,2374.092068055556
0+6,2025-04-02,69617.64484861112,70547.52120440672,498.27108888888756,71045.7922932956,41669.26945208431,1347.4633913432785,1970.6069146277719,44987.33975805536,1264.7450696844983,334.86871388888943
0+6,2025-04-03,70415.4100060871,66535.96061628943,408.7172930555545,66944.67790934499,42874.12998175607,-1416.9087952708903,1402.0293091562467,42859.250495641434,0.0,3879.449389797672
0+6,2025-04-04,62029.23326944445,59751.58164305556,0.0,59751.58164305556,37208.94934368583,-719.922665161041,0.0,36489.02667852479,0.0,2277.651626388886
0+6,2025-04-05,62350.3926875,62365.17175545268,0.0,62365.17175545268,36988.97235171514,422.2967772846771,0.0,37411.26912899982,502.92376239712036,488.14469444444427
0+6,2025-04-06,66337.77573630109,62799.24201529492,412.621965277777,63211.8639805727,39109.4796093865,-747.6192730887029,1732.024438071524,40093.88477436932,158.82559583333307,3697.3593168395114
0+6,2025-04-07,59095.17369305555,60982.031592438274,520.0482986111109,61502.07989104938,34905.02338476166,2229.0895630161804,1801.8409713368055,38935.95391911465,1921.453204938271,34.595305555555456
0+6,2025-04-08,67052.59339862826,64327.28851320301,388.82794166666406,64716.116454869676,40327.15284023147,-675.8504757756871,1695.246996297903,41346.549360753685,162.31922916666656,2887.624114591904
0+6,2025-04-09,66307.37138127572,67300.27136843279,497.6041347222199,67797.87550315501,39537.70534853361,694.1128229078571,1961.0449762902695,42192.86314773174,992.8999871570658,0.0
0+6,2025-04-10,64586.644043998625,65127.5831592764,593.1846139917698,65720.76777326818,39029.75446180507,361.0392460133328,2559.9767839121964,41950.7704917306,540.9391152777769,0.0
0+6,2025-04-11,53976.87837415981,55938.91725809037,0.0,55938.91725809037,32305.900017251544,1859.630958981786,0.0,34165.53097623333,1962.0388839305574,0.0
0+6,2025-04-12,68675.73529702777,63989.59963887175,0.0,63989.59963887175,40902.72887173429,-1564.5618083994975,0.0,39338.16706333479,0.0,4686.135658156035
0+6,2025-04-13,61612.38380277778,61204.58806431756,969.1684944444426,62173.756558762005,36430.07634795806,-169.8040153160171,4009.2074721937433,40269.479804835784,0.0,407.7957384602216
0+6,2025-04-14,64294.799384773665,58152.108916632365,1172.75218611111,59324.861102743474,38654.6466874452,-2181.2261271677503,4144.446798661803,40617.86735893926,0.0,6142.6904681412925
0+6,2025-04-15,56668.82697443415,58430.389173131,483.73365833333213,58914.12283146433,33414.71552853981,1995.0272295525867,2424.915179456244,37834.65793754864,1761.5621986968463,0.0
0+6,2025-04-16,62858.396338117294,64549.30695,459.81996249999827,65009.126912499996,36651.55557722117,2148.760514854094,1757.3775430874935,40557.69363516276,1880.0977382716023,189.18712638889153
0+6,2025-04-17,57352.08148966049,60940.51609417009,366.893416666667,61307.409510836755,34557.116513232875,2488.037722737261,1554.0711941263921,38599.22543009653,3588.434604509602,0.0
0+6,2025-04-18,58145.672197719476,58188.811865247255,0.0,58188.811865247255,34401.17278723418,42.70827085249874,0.0,34443.88105808668,43.13966752777651,0.0
0+6,2025-04-19,62596.839586111106,60102.47643472222,0.0,60102.47643472222,36583.35513290028,-776.8789189389574,0.0,35806.47621396132,0.0,2494.363151388886
0+6,2025-04-20,58487.95133515089,58487.23082265089,719.7159513888887,59206.94677403978,34768.25460550373,11.728818753194346,2621.439558706945,37401.42298296387,13.687419444444306,14.407931944444215
0+6,2025-04-21,60982.75898050412,54518.02223055556,1233.0364583333321,55751.058688888894,36166.0139648341,-1857.6214057626055,4546.029739499303,38854.4222985708,0.0,6464.73674994856
0+6,2025-04-22,54952.626122222224,58456.44061776406,630.9725347222212,59087.41315248628,32538.82527213611,3027.8241873931647,2557.640681697218,38124.29014122649,3503.8144955418393,0.0
0+6,2025-04-23,53175.259115740744,56563.90133353909,1483.4650137361064,58047.3663472752,31632.802345371252,2570.9092523990953,5264.290220358291,39468.00181812864,3388.6422177983522,0.0
0+6,2025-04-24,55567.51204228395,54115.225651347224,948.6837569444444,55063.90940829167,32897.232980606335,-310.78288075599966,3364.9542246249976,35951.404324475334,8.869109680554743,1461.155500617285
0+6,2025-04-25,54497.30066502058,54400.862942798354,0.0,54400.862942798354,32946.759809725554,-45.34994133333342,0.0,32901.40986839222,0.0,96.43772222222242
0+6,2025-04-26,54657.82681421468,53680.298993432785,0.0,53680.298993432785,32850.360323688816,-297.06181746378905,0.0,32553.298506225026,0.0,977.5278207818945
0+6,2025-04-27,55117.337919393,56247.98152968107,1446.4725333333306,57694.454063014404,32854.43815284537,816.0276944673478,5777.85839708749,39448.3242444002,1140.432582510295,9.788972222222753
0+6,2025-04-28,65552.98615468107,65700.24000745884,457.36037222222143,66157.60037968105,38499.28895091507,136.1364545089581,1768.7317814249986,40404.15718684903,212.85565555555513,65.6018027777775
0+6,2025-04-29,56892.8872409465,55382.64872067901,587.0054236111093,55969.65414429012,33682.10990390746,-127.4086784387581,2634.3413100992975,36189.042535568005,204.15864444444475,1714.3971647119265
0+6,2025-04-30,54237.30045315501,54094.780780932786,1745.3380888888857,55840.11886982167,32536.975000339844,-85.40101842062485,6044.622417788878,38496.1963997081,0.0,142.51967222222197
0+6,2025-05-01,56878.97608113855,55903.80951527777,3045.499289000001,58949.30880427777,34015.53594333657,-263.43094369432606,13849.082441447146,47601.18744108938,0.0,975.1665658607762
0+6,2025-05-02,67566.18369221536,67241.3765241598,0.0,67241.3765241598,39949.1259317783,-75.44270701416653,0.0,39873.68322476413,0.0,324.80716805555494
0+6,2025-05-03,64054.707585631,62463.14932193073,18.39166666666665,62481.5409885974,37846.35748467524,-492.5980108354314,39.3213833333333,37393.08085717314,0.0,1591.5582637002726
0+6,2025-05-04,61002.92474288408,56641.30823167009,2998.5568578875173,59639.86508955761,36014.566369109525,-1000.219794330048,12273.26651399214,47287.61308877161,0.0,4361.616511213989
0+6,2025-05-05,61804.26269583333,60258.16187822359,2834.2968458333326,63092.45872405692,37144.13812852555,-751.3714303112847,12937.83235886736,49330.59905708162,0.0,1546.1008176097382
0+6,2025-05-06,54016.80815768176,56265.89397854937,3609.2303388888868,59875.124317438254,32239.151186410912,1528.3299311362725,15981.371486424297,49748.85260397148,2249.085820867615,0.0
0+6,2025-05-07,57379.658421827844,58948.16471037381,2415.2123849861096,61363.377095359916,34577.19480287672,1080.0842740934588,11281.468139277466,46938.74721624765,1568.5062885459627,0.0
0+6,2025-05-08,63988.10440763889,60742.408571827844,2723.0351380833313,63465.443709911175,37049.08612766284,-797.3482104110202,13407.960529240021,49659.69844649184,27.48441388888864,3273.1802496999326
0+6,2025-05-09,67222.95466111111,60068.79778472222,0.0,60068.79778472222,39324.73821788423,-1820.2258028374665,0.0,37504.51241504677,124.30738055555537,7278.464256944446
0+6,2025-05-10,65814.28531575171,65789.83081729338,0.0,65789.83081729338,38630.12569834241,1193.3242038753965,0.0,39823.449902217806,1229.8427152777772,1254.2972137361103
0+6,2025-05-11,62487.65549862826,61770.0833521262,2142.6736427222186,63912.75699484842,36479.486315735914,304.5811206066306,10583.27682006501,47367.34425640755,557.7772432441673,1275.3493897462263
0+6,2025-05-12,55144.78056634088,58149.18984866255,1782.036576388885,59931.226425051434,32674.6078298052,2940.608934132938,8242.796110408315,43858.01287434645,3004.4092823216633,0.0
0+6,2025-05-13,64193.24975903636,58723.98379699931,1518.2207736111106,60242.20457061042,37576.25903424274,-1137.437606749586,7401.338809266664,43840.160236759824,336.86805972222135,5806.134021759264
0+6,2025-05-14,62934.70256371741,63151.284242369686,871.8505763888878,64023.134818758575,37946.63764841246,146.81767891423587,3578.1905298993006,41671.645857226,216.58167865226307,0.0
0+6,2025-05-15,61727.06308238597,63002.87447297239,682.9352432777782,63685.80971625017,37891.92488885002,949.5327210965881,2466.72622448609,41308.183834432704,1275.8113905864197,0.0
0+6,2025-05-16,58624.71018022976,56324.44572229081,0.0,56324.44572229081,35814.68957221355,-756.5118672625108,0.0,35058.17770495104,0.0,2300.2644579389566
0+6,2025-05-17,66944.41583497942,64825.45183760287,3.5616666666666106,64829.01350426954,39976.99841816776,-711.290793811792,7.614843333333213,39273.3224676893,0.0,2118.9639973765484
0+6,2025-05-18,66581.20434609053,63522.01249753086,681.0577708333353,64203.070268364194,39295.32269802845,-850.6680584171464,2242.239150500018,40686.893790111324,0.0,3059.1918485596752
0+6,2025-05-19,60458.33473009258,57409.715172102195,594.7420593472226,58004.457231449414,35817.86618033819,-533.1265635937289,2936.2171906078092,38220.95680735227,171.10343888888866,3219.722996879287
0+6,2025-05-20,60081.12863000685,61334.66202427982,778.2682470336088,62112.93027131343,35795.31404342114,1337.9854594564956,3516.8074315987615,40650.1069344764,1253.5333942729753,0.0
0+6,2025-05-21,56422.014095833336,59578.56102131345,766.4408388888868,60345.001860202334,34221.823668172496,2794.5727653522636,2996.7454357715187,40013.141869296276,3156.5469254801114,0.0
0+6,2025-05-22,59421.81919711934,58920.528086762686,620.4715666666655,59540.99965342935,36093.91879178134,-114.10559771200718,2285.1821792479122,38264.995373317244,0.0,501.2911103566499
0+6,2025-05-23,63570.34636205419,61434.872080452675,0.0,61434.872080452675,37696.26427789373,-528.8345776331741,0.0,37167.42970026055,0.0,2135.47428160151
0+6,2025-05-24,58060.20598655693,57786.10159458734,0.0,57786.10159458734,35313.84194253221,-110.1200196541554,0.0,35203.72192287806,0.0,274.1043919695917
0+6,2025-05-25,60669.01960044582,59177.658397067906,638.7671237825773,59816.425520850484,36059.12918041958,-273.29635303513305,2865.861135797704,38651.69396318215,68.08579305555565,1559.446996433468
0+6,2025-05-26,58609.760960833344,60052.5291038546,1713.5661013888885,61766.09520524349,35486.95815745645,997.129836099555,5846.416913134024,42330.50490669003,1442.7681430212547,0.0
0+6,2025-05-27,55451.56172422839,58536.14161402606,909.9141277777768,59446.05574180384,33875.86559077653,2611.8074085206745,3698.7399887222177,40186.41298801942,3084.579889797673,0.0
0+6,2025-05-28,63549.789158333326,62158.91857284001,490.7435027777765,62649.66207561779,37681.499381388334,-158.69304488898993,1871.2177645048573,39394.0241010042,177.3169925416633,1568.18757803498
0+6,2025-05-29,62916.784580555555,63798.31628780864,472.4536698899163,64270.769957698554,37480.36232930361,881.7857633728447,2028.260673114978,40390.40876579143,919.6180655864168,38.08635833333369
0+6,2025-05-30,66646.06882193072,61671.392996621405,0.0,61671.392996621405,40026.055726345294,-1200.5082926427076,0.0,38825.54743370259,50.52572105555794,5025.201546364871
0+6,2025-05-31,69797.36170756191,64671.77394166667,92.18666666666661,64763.96060833334,42596.07734491127,-1896.9537505370222,197.0950933333332,40896.21868770757,0.0,5125.587765895234
0+6,2025-06-01,77486.23261153977,73441.2114355624,5138.5249819444425,78579.73641750685,46998.38924965395,-1377.1333360712924,19860.503449778465,65481.759363361125,0.0,4045.0211759773633
0+6,2025-06-02,78592.40225720164,67555.29195788752,6776.836180555553,74332.12813844306,48260.47510426074,-3576.549556876621,25769.89366833889,70453.81921572301,0.0,11037.110299314128
0+6,2025-06-03,72622.79730246913,73067.22780408093,4535.366445833331,77602.59424991427,44037.608896413454,1263.5187095591848,17908.383198973603,63209.51080494624,1144.7854666666667,700.3549650548682
0+6,2025-06-04,83198.84251411179,66816.94954804526,8450.848679166666,75267.79822721193,51386.97735131832,-5647.803604994985,31858.6580277743,77597.83177409763,0.0,16381.892966066533
0+6,2025-06-05,72825.79362777778,71696.96886555557,6135.562705055551,77832.53157061111,43704.174580889994,-91.17816462743866,24290.209437561232,67903.20585382379,148.08093055555787,1276.9056927777724
0+6,2025-06-06,79628.52967139918,75709.26886493314,0.0,75709.26886493314,49333.56750772628,-1312.309417367899,0.0,48021.25809035838,0.0,3919.260806466045
0+6,2025-06-07,85003.1275361111,76459.71010277778,76.18833333333339,76535.89843611112,52924.06728450695,-3056.9018607679177,162.89065666666679,50030.0560804057,0.0,8543.417433333336
0+6,2025-06-08,69946.47271879287,67298.9891269033,4597.261840655005,71896.2509675583,42129.12407522593,5.509545081897386,17939.94717706919,60074.58079737702,992.3727414437647,3639.85633333333
0+6,2025-06-09,78259.56910694444,73048.03654029012,4283.726466666662,77331.76300695678,48380.861510814306,-1810.7550433187826,16265.224267953454,62835.33073544898,0.0,5211.532566654316
0+6,2025-06-10,73820.43095905348,72466.67119128944,4713.140339736108,77179.81153102555,44995.50615745527,-365.7949022944487,17011.38083207143,61641.092087232246,0.0,1353.7597677640547
0+6,2025-06-11,79691.15208255556,78985.12868110082,4102.903227777773,83088.03190887859,49966.142437571594,4.067880980203483,16238.126258462486,66208.33657701428,377.9131879999994,1083.9365894547286
0+6,2025-06-12,78673.60630705573,78286.68953141684,1749.4582444444418,80036.14777586127,48805.657965998544,-161.72429843840033,6898.547767202072,55542.481434762216,0.0,386.91677563888965
0+6,2025-06-13,79994.95557387001,78550.166263822,0.0,78550.166263822,49747.5472241083,-572.6463191975596,0.0,49174.90090491074,0.0,1444.7893100480076
0+6,2025-06-14,81583.36647510288,77250.03109183813,0.0,77250.03109183813,50102.03687424838,-1323.439026818427,0.0,48778.59784742995,0.0,4333.335383264746
0+6,2025-06-15,74060.52272530863,75298.35486274005,2100.8687415005124,77399.22360424056,45586.360339589744,923.4903593373095,8537.543156404001,55047.39385533106,1320.6060360425274,82.77389861111146
0+6,2025-06-16,77128.49310487055,77421.32518396777,1994.8565591805532,79416.18174314832,47576.792072344644,298.9222862285008,8040.666586928892,55916.38094550204,298.5239624305562,5.691883333333408
0+6,2025-06-17,79622.7243907236,80866.99739372428,1527.9466779861095,82394.94407171039,49375.975300139144,1315.6682415601979,6188.507911451033,56880.15145315037,1244.2730030006912,0.0
0+6,2025-06-18,80450.63267726336,81250.4981605967,754.7975305555543,82005.29569115226,49720.07210540546,913.009676557917,2985.84621139305,53618.927993356425,799.8654833333338,0.0
0+6,2025-06-19,76722.21620713305,72762.58991957732,2307.4523701388807,75070.0422897162,47099.33845856865,-849.102067860275,9772.9327482201,56023.16913892848,594.0997468750008,4553.726034430725
0+6,2025-06-20,79129.75719166666,77352.93010940535,0.0,77352.93010940535,48892.872138098195,-653.7719590973514,0.0,48239.100179000845,0.0,1776.8270822613176
0+6,2025-06-21,74439.13286454475,74369.68472348919,0.0,74369.68472348919,46099.379105740074,-11.18506387934304,0.0,46088.194041860734,13.55043749999993,82.99857855555865
0+6,2025-06-22,74614.80203070988,74616.6232470336,1050.9075999999998,75667.5308470336,45246.94207042754,2151.3625893543585,4265.924744365277,51664.229404147176,2275.2272615054862,2273.406045181754
0+6,2025-06-23,75223.3038210048,75282.45753074091,745.1961416666651,76027.65367240757,46896.41896422555,76.47156914648991,3132.0206626479094,50104.91119601995,59.15370973610653,0.0
0+6,2025-06-24,86969.06232222222,84590.86230234912,1040.5525273333324,85631.41482968246,54768.40132967834,-842.8318868332134,3902.486804258914,57828.05624710404,0.0,2378.2000198731093
0+6,2025-06-25,78263.79604879973,78349.03007259945,1177.9119700416627,79526.94204264111,47993.56111466876,412.15161429030115,5459.266340755104,53864.97906971416,494.03215781893186,408.7981340192042
0+6,2025-06-26,75033.914878738,75379.79974984568,1076.7480500000001,76456.54779984568,46730.068847253744,287.0888375533979,4762.848895711806,51780.00658051895,416.86386694101554,70.97899583333333
0+6,2025-06-27,77699.77345468587,75264.35811437157,0.0,75264.35811437157,48971.28380499304,-981.783727047465,0.0,47989.50007794558,0.0,2435.415340314302
0+6,2025-06-28,77015.7595489796,77318.73784861848,0.0,77318.73784861848,48309.75005885805,294.8195789656261,0.0,48604.569637823675,330.70616213888604,27.72786250000013
0+6,2025-06-29,73693.02631476338,75291.29786585699,1666.926526388888,76958.22439224587,45173.65292375874,2470.2839938523316,5372.37882637222,53016.31574398329,2164.7050186213983,566.4334675277787
0+6,2025-06-30,79285.4096809122,78485.31699147154,858.7695333333327,79344.08652480488,49301.80118554518,100.9535803260278,3199.639496754163,52602.39426262537,347.7652986111102,1147.857988051781
0+6,2025-07-01,70775.20626421468,70909.67753365912,12450.924663952334,83360.60219761146,43416.4019132296,171.8597893774993,45903.36365609137,89491.62535869848,134.85385972222173,0.382590277777922
0+6,2025-07-02,67650.2228138546,67238.93014679354,9585.135659291658,76824.0658060852,42084.84088049569,-202.54942213209966,36015.80099688487,77898.09245524846,0.0,411.2926670610448
0+6,2025-07-03,76273.45844562756,76312.49622062757,8882.445896083334,85194.9421167109,47042.81696736546,42.30339464979178,33505.05167639445,80590.1720384097,102.52980972222247,63.49203472222234
0+6,2025-07-04,69158.63011409465,72008.97509466734,0.0,72008.97509466734,42683.335017373625,2817.7242256001305,0.0,45501.05924297376,2850.3449805727023,0.0
0+6,2025-07-05,68978.74125474966,69266.51808527092,71.99833333333322,69338.51641860425,42840.77122060036,292.7340013231277,153.93243666666643,43287.43765859016,287.7768305212569,0.0
0+6,2025-07-06,71902.84564290123,75469.39788671123,9089.702729166664,84559.10061587789,45073.152680489075,2957.2728651949933,35119.03817255555,83149.46371823963,3593.374764643343,26.82252083333333
0+6,2025-07-07,72531.02130639573,69033.51681580931,8658.767691666666,77692.28450747598,44996.229903977626,-1090.3820782764424,32094.02597160764,75999.87379730883,0.0,3497.5044905864306
0+6,2025-07-08,76781.82174893467,72228.2693531207,8291.11961245833,80519.38896557904,47633.480596974565,-1330.8819328771722,31927.646421639405,78230.2450857368,14.805758333333301,4568.35815414729
0+6,2025-07-09,78082.9642832735,75983.5651635974,6048.021076543206,82031.5862401406,48072.625893421966,-706.9192532760217,22853.047279500912,70218.75391964686,0.0,2099.3991196760926
0+6,2025-07-10,72653.73455240055,72021.74945378944,6486.903491958326,78508.65294574776,45354.84654560216,208.13933429555476,23024.40934531326,68587.39522521097,280.83896249999964,912.8240611111124
0+6,2025-07-11,82500.77338700273,81998.88472153635,0.0,81998.88472153635,51568.33366439269,-155.94897867603441,0.0,51412.38468571666,0.0,501.8886654663937
0+6,2025-07-12,74326.77625390947,77931.5260369856,0.0,77931.5260369856,46716.17184135709,2962.0682249623837,0.0,49678.24006631948,3604.7497830761313,0.0
0+6,2025-07-13,81053.87048611112,76011.13395759603,1646.129945833331,77657.26390342937,51708.84923792083,-1848.954495080195,5863.546351917352,55723.44109475799,0.0,5042.736528515086
0+6,2025-07-14,76905.95713299038,74107.19621318586,3500.7674839166643,77607.96369710252,47590.88595057411,-557.8718843098859,14121.997121937813,61155.01118820204,172.7741134087828,2971.5350332133066
0+6,2025-07-15,80852.39769022634,76090.98867211933,2827.2650129444437,78918.25368506377,50196.46993296273,-1274.6146778424077,10252.468776635029,59174.32403175536,0.0,4761.409018106995
0+6,2025-07-16,78696.06399314129,76220.9244664952,3062.144908333332,79283.06937482853,49918.53831477881,-853.7836388083305,9844.80606928194,58909.56074525242,0.0,2475.1395266460895
0+6,2025-07-17,76551.2359717421,77980.9623039266,2205.9069055555533,80186.86920948216,47927.07174141104,1601.4054351407817,8855.89839365138,58384.37557020321,1524.9144238511687,95.18809166666824
0+6,2025-07-18,87688.2898623611,85942.41615063442,0.0,85942.41615063442,55269.34501048217,-476.814990992679,0.0,54792.53001948949,192.9777501388901,1938.851461865573
0+6,2025-07-19,85966.58794741082,74944.84221661523,31.36500000000001,74976.20721661524,54792.8608084768,-3588.8378452766824,67.05837000000001,51271.08133320011,0.0,11021.745730795601
0+6,2025-07-20,82803.5431202332,82233.70943689987,758.0729674305529,82991.78240433041,51447.52577254801,-4.321003568611303,3162.3092906350907,54605.51405961449,127.1166194444441,696.9503027777765
0+6,2025-07-21,83516.54322750343,80892.42687199931,1204.9800635972224,82097.40693559653,52399.5388540314,-822.5660779537291,4639.4707036174605,56216.44347969513,0.0,2624.116355504111
0+6,2025-07-22,79877.80577601166,86860.96715750651,821.1473999999987,87682.11455750652,50326.46454571407,6795.68701082989,3020.719314109023,60142.87087065299,6983.161381494853,0.0
0+6,2025-07-23,89721.84156742113,81966.013485667,854.102170180556,82820.11565584756,56995.01430864399,-2645.947882988382,3064.591514093646,57413.65793974926,0.0,7755.8280817541145
0+6,2025-07-24,89667.02516402779,84585.6313957819,356.08611111110963,84941.71750689301,57015.878978775465,-1616.581907324666,1117.4380473270785,56516.73511877788,0.0,5081.393768245887
0+6,2025-07-25,79848.3866682956,83113.50735852195,0.0,83113.50735852195,50427.13909206916,2892.5742351279314,0.0,53319.713327197096,3265.120690226334,0.0
0+6,2025-07-26,85690.43680402313,84788.76460968159,0.0,84788.76460968159,53607.76702978471,-105.50878151516622,0.0,53502.25824826954,177.80425000000014,1079.476444341561
0+6,2025-07-27,82479.66959499332,82193.87217068777,881.1359409464995,83075.00811163426,51662.49551471243,694.1643205607656,3162.29858265192,55518.95841792512,744.6288041666674,1030.426228472219
0+6,2025-07-28,85263.15805586247,86366.15825308471,1020.9106438611127,87387.06889694583,53537.41106574297,1544.0336641591657,3947.8107981189114,59029.25552802104,1135.6063416666664,32.60614444444468
0+6,2025-07-29,82631.98529399863,85955.1008002229,500.90711531944453,86456.00791554234,51894.378405974465,3035.2397097199796,2169.141991669331,57098.76010736378,3323.11550622428,0.0
0+6,2025-07-30,76546.42425138887,82993.73547817215,622.0376624999992,83615.77314067216,48284.47288302389,6026.764511571618,2098.626621986803,56409.86401658231,6447.311226783266,0.0
0+6,2025-07-31,80785.36516649519,82283.37443606774,1074.0552052638886,83357.42964133163,50572.207601770075,1513.6499740417244,4172.360528362472,56258.21810417427,1498.0092695725323,0.0
0+6,2025-08-01,81655.66662954389,74387.82867450273,0.0,74387.82867450273,51758.49473637194,-2157.8489788296565,0.0,49600.64575754228,0.0,7267.837955041148
0+6,2025-08-02,89389.41945416667,78981.65960125171,32.52833333333331,79014.18793458505,56619.38742802681,-3415.823845898416,69.5455766666666,53273.10915879506,0.0,10407.759852914955
0+6,2025-08-03,71927.56816580932,73119.01705808059,424.28077361111093,73543.2978316917,45746.68647859705,1318.1120746184351,1773.2213268881947,48838.01988010368,1191.4488922712637,0.0
0+6,2025-08-04,76612.68390588133,77816.9666057956,187.14588472222198,78004.11249051783,49133.72202658132,833.9098505177556,546.5680635812496,50514.19994068032,1204.2826999142674,0.0
0+6,2025-08-05,75128.90171805557,76724.68814741084,235.28991249999956,76959.97805991083,47901.88572331786,1151.5535629690216,989.4107320541659,50042.85001834104,1595.7864293552834,0.0
0+6,2025-08-06,82691.23121397462,79540.47238611111,168.90955416666614,79709.38194027777,53483.85464321844,-1318.594972641603,688.2202198631926,52853.47989044003,0.0,3150.758827863506
0+6,2025-08-07,83739.63423271605,77847.77768463649,323.1315069444436,78170.90919158093,52292.183487684844,-935.4421489458779,992.5091070270772,52349.25044576605,646.0430680555551,6537.899616135112
0+6,2025-08-08,73089.16381381944,73088.4623554861,0.0,73088.4623554861,46591.30991281286,-0.15470663541669208,0.0,46591.15520617744,0.0,0.7014583333334485
0+6,2025-08-09,78125.5251159808,75848.72770267489,0.0,75848.72770267489,49320.8962209851,-624.5443668866238,0.0,48696.35185409848,0.0,2276.797413305898
0+6,2025-08-10,77654.66050159466,75683.26063365911,300.2986041666676,75983.55923782579,49635.70376217485,-682.5882592879456,988.7744612131972,49941.889964100104,0.0,1971.3998679355345
0+6,2025-08-11,75758.96222791495,76368.4969660631,508.493374999999,76876.99034106311,47453.00892419397,748.4005229822085,1819.5218255305504,50020.93127270673,609.5347381481486,0.0
0+6,2025-08-12,82040.03026709532,80747.30300145748,279.48804583333276,81026.79104729081,51497.246802356094,458.3077809991071,950.1587090055531,52905.71329236076,825.8278472222227,2118.5551128600773
0+6,2025-08-13,75087.86306757544,74987.93464573045,714.6484731481472,75702.5831188786,47081.6057091245,-6.2766749451575095,2905.774262160877,49981.103296340225,37.2000781550131,137.12849999999924
0+6,2025-08-14,76892.6923475823,79098.53051802126,136.01194305555524,79234.54246107681,49026.95707207648,1649.658912301877,511.9247717583319,51188.540756136696,2205.8381704389612,0.0
0+6,2025-08-15,86388.75556634087,77712.0092644033,0.0,77712.0092644033,54846.725088393214,-2877.648589219357,0.0,51969.076499173854,0.0,8676.746301937586
0+6,2025-08-16,84234.34615317216,73267.81900495541,0.0,73267.81900495541,54073.45066844517,-3634.5962499908746,0.0,50438.8544184543,0.0,10966.527148216737
0+6,2025-08-17,79933.71047662947,77331.32915508506,417.7971833749995,77749.12633846006,49925.063173205825,-730.8192874687287,2107.385514105103,51301.6293998422,22.017930222223754,2624.3992517666306
0+6,2025-08-18,76811.73927704047,76688.6680406893,263.8483874999995,76952.5164281893,48951.05764753921,-64.90705442894239,1210.0066798159714,50096.15727292624,0.0,123.07123635116136
0+6,2025-08-19,76240.40384298697,74778.2068951989,593.1056638888883,75371.31255908779,48342.39736386567,-601.1249212475648,2788.493974806248,50529.76641742435,0.0,1462.1969477880725
0+6,2025-08-20,84356.84013670438,79760.86043340192,530.191229166667,80291.05166256859,52791.75523188664,-1008.8961864195339,2144.9727225069446,53927.83176797404,308.0422713888901,4904.021974691363
0+6,2025-08-21,80755.94325474967,76246.28161596364,422.40639027777837,76668.68800624143,50546.91152725481,-994.5217190734735,1584.8923423965275,51137.282150577856,248.6502861111108,4758.311924897118
0+6,2025-08-22,79863.46786469477,73307.96850968793,0.0,73307.96850968793,50852.42334356604,-1979.4236885430073,0.0,48872.999655023035,0.0,6555.499355006857
0+6,2025-08-23,77365.0216302469,74579.48806731807,0.0,74579.48806731807,48716.86459902268,-587.2513613668895,0.0,48129.61323765579,209.80061498611042,2995.334177914945
0+6,2025-08-24,75853.48107913237,71384.20767066185,1648.3893416666663,73032.59701232852,48654.05626600185,-1592.3972191236608,7140.853038315969,54202.512085194154,0.0,4469.273408470506
0+6,2025-08-25,96593.6424919067,82740.26730042868,268.3443847222221,83008.6116851509,61674.944043343356,-4603.172334667481,913.6800232145839,57985.45173189046,0.0,13853.375191478046
0+6,2025-08-26,76795.51617429696,76817.92451517489,200.23482638888873,77018.15934156378,49411.789395546635,13.824825904630718,662.2168536972232,50087.83107514849,22.408340877916714,0.0
0+6,2025-08-27,77686.73207078189,81905.90848878601,147.26311666666572,82053.17160545268,49737.379655208824,3919.515634617549,580.6896579236077,54237.58494774998,4219.176418004123,0.0
0+6,2025-08-28,76939.87386064815,80119.89515968792,822.6760458333326,80942.57120552125,48200.70474060334,3789.496711156074,3316.9651997409687,55307.16665150038,3301.6746962620055,121.65339722222222
0+6,2025-08-29,87054.46019086076,77669.85595121743,0.0,77669.85595121743,55431.336063619776,-3108.6583839200803,0.0,52322.67767969969,0.0,9384.604239643344
0+6,2025-08-30,82762.11102230794,75809.61775727023,0.0,75809.61775727023,52886.63803422305,-2032.8080018362584,0.0,50853.83003238679,0.0,6952.493265037723
0+6,2025-08-31,76092.84806819275,76134.52779111796,746.4664944444443,76880.9942855624,48666.94327952436,62.7522332494356,2994.991789459026,51724.68730223282,132.8493296467709,91.16960672153573
0+6,2025-09-01,84335.024595625,76005.12909327846,0.0,76005.12909327846,52844.5992300461,-2519.352635855297,0.0,50325.2465941908,0.0,8329.89550234653
0+6,2025-09-02,75709.34444538751,77840.06479382046,0.0,77840.06479382046,47691.875579769374,2140.8156032673987,0.0,49832.691183036775,2130.720348432955,0.0
0+6,2025-09-03,80625.74434872308,77445.06725570987,0.0,77445.06725570987,50840.20362940365,-699.0211306459685,0.0,50141.182498757684,145.46740416666694,3326.1444971798646
0+6,2025-09-04,78140.96295461248,76103.59202211334,171.58337777777842,76275.17539989112,50039.48852081242,-427.4682910293533,393.8844864638903,50005.90471624695,128.91442173611227,2166.2853542352573
0+6,2025-09-05,73680.48290444101,73093.42018443072,0.0,73093.42018443072,47332.65199841131,-274.68414113609066,0.0,47057.967857275224,0.0,587.0627200102882
0+6,2025-09-06,74332.77968590535,74754.06246851852,0.0,74754.06246851852,47434.42304267989,553.3113655111305,0.0,47987.73440819102,535.2795972222235,113.99681460905384
0+6,2025-09-07,74237.16175231482,77691.26573398491,45.061883333333355,77736.32761731824,47207.44611897427,2807.6751184926566,253.5412121354168,50268.66244960234,3454.1039816700977,0.0
0+6,2025-09-08,81308.6868987265,79678.52904547325,0.0,79678.52904547325,51348.45290839177,-150.15610218240863,0.0,51198.296806209364,436.4217858710544,2066.5796391243125
0+6,2025-09-09,71636.49417801783,75000.65914257546,8.245879166666668,75008.90502174213,45846.89974029634,3594.839440405787,19.728265906250005,49461.46744660838,3364.1649645576135,0.0
0+6,2025-09-10,82881.59893747221,79368.46189621056,172.27388611111115,79540.73578232167,52428.059423062514,-1106.409369518543,519.9951590881943,51841.64521263217,0.0,3513.137041261655
0+6,2025-09-11,82486.36404814816,74277.58571875856,121.58538749999994,74399.17110625857,52464.64214897997,-2345.7890756442885,578.3700075666662,50697.223080902346,0.0,8208.778329389577
0+6,2025-09-12,73391.45147719479,72739.56549579905,0.0,72739.56549579905,47171.384596573276,-258.41593963136063,0.0,46912.968656941914,0.0,651.8859813957478
0+6,2025-09-13,72351.46295644718,73691.25861796983,0.0,73691.25861796983,46568.095072788055,1054.1705114947454,0.0,47622.2655842828,1339.795661522634,0.0
0+6,2025-09-14,85261.03066243141,79928.96415202331,2.7238861111108577,79931.68803813442,54499.34031704992,-1780.1364146423361,5.601671787499479,52724.80557419509,0.0,5332.066510408091
0+6,2025-09-15,70637.34329096365,70670.24104374142,552.845359722222,71223.08640346365,45502.83133772795,41.350021976874956,1991.9497994236094,47536.13115912843,32.897752777777725,0.0
0+6,2025-09-16,84002.85212381893,81290.52104749023,0.0,81290.52104749023,53073.57251061219,-882.7523747482707,0.0,52190.82013586392,17.417650319443965,2729.7487266481476
0+6,2025-09-17,80311.4714331447,79214.98553568244,125.84106527777791,79340.82660096022,51549.19198569027,-376.333183118266,535.1535883611112,51708.012390933116,0.0,1096.485897462278
0+6,2025-09-18,72597.76629127229,78789.22765841975,12.510262499999953,78801.73792091975,46503.98509832763,5088.500233369605,34.41393054166686,51626.8992622389,6191.461367147463,0.0
0+6,2025-09-19,78376.68450665295,78289.90389223251,0.0,78289.90389223251,49665.00445386998,42.27654554446058,0.0,49707.28099941444,73.84470641289516,160.62532083333372
0+6,2025-09-20,75472.54578712277,77888.82467402262,0.0,77888.82467402262,48450.45566652665,1884.914974508434,0.0,50335.370641035086,2451.1162730109745,34.8373861111113
0+6,2025-09-21,77102.33142275376,77102.33142275376,11.050412499999766,77113.38183525376,48679.426059563455,0.0,30.841690795832463,48710.267750359286,0.0,0.0
0+6,2025-09-22,78383.74817091908,72890.85446786694,361.96194166666714,73252.81640953361,49411.5790867098,-1685.871803505108,1037.4768500659725,48763.18413327066,0.0,5492.8937030521265
0+6,2025-09-23,76505.7901442044,75441.31427289077,38.00723333333326,75479.3215062241,48136.73177932639,-319.9426687971797,148.68788089166662,47965.476991420874,0.0,1064.4758713136155
0+6,2025-09-24,66950.10459526749,68915.8723344993,940.3790805555561,69856.25141505487,42552.895062827374,1335.1051988502309,2537.1647670000016,46425.165028677606,1965.7677392318233,0.0
0+6,2025-09-25,72494.36281073389,73246.56060114884,216.420583333333,73462.98118448218,45380.4947641177,653.6244125317705,821.0164934173597,46855.135670066826,763.5317570816143,11.33396666666681
0+6,2025-09-26,79992.03216769546,75455.52862829219,0.0,75455.52862829219,50463.60180388823,-1597.0716894200284,0.0,48866.5301144682,0.0,4536.50353940329
0+6,2025-09-27,67359.72090445817,72278.01279027777,0.0,72278.01279027777,42445.31909014503,4363.66073671308,0.0,46808.97982685811,4918.291885819608,0.0
0+6,2025-09-28,70849.31501630659,75622.42852916667,315.9576527777767,75938.38618194446,44361.35680588665,4157.409675867735,1306.6968264249967,49825.46330817938,4773.113512860086,0.0
0+6,2025-09-29,73545.08615085733,68193.26657728052,1732.5822722222213,69925.84884950274,46350.80499983182,-1726.1976339006983,6199.9885212048575,50824.595887135976,0.0,5351.819573576817
0+6,2025-09-30,72526.80575121741,72632.95659600102,954.3147847222209,73587.27138072325,46039.0195607882,355.1951897996138,3970.169532179858,50364.38428276767,415.4489366388908,309.2980918552802
0+6,2025-10-01,69333.81889266118,68661.92237182785,36.41856249999978,68698.34093432785,43246.32286813406,-132.41655194409717,87.67329504166582,43201.57961123163,29.69202777777764,701.5885486111098
0+6,2025-10-02,75436.04630611677,68944.78698971192,139.3033972222214,69084.09038693414,47407.74618263784,-2314.828790294747,385.5359877256917,45478.453380068786,0.0,6491.259316404838
0+6,2025-10-03,67162.65056150548,63498.211483127576,0.0,63498.211483127576,41728.568026183064,-920.47133992728,0.0,40808.09668625578,11.489030555555587,3675.9281089334663
0+6,2025-10-04,79110.09673991665,69928.22755137173,0.0,69928.22755137173,49643.035276126495,-3018.1943841893317,0.0,46624.840891937165,0.0,9181.869188544924
0+6,2025-10-05,74070.59542767491,65870.68580375514,256.62958055555515,66127.3153843107,46062.18969115536,-2373.982045616401,744.6081034131935,44432.815748952155,32.64542777777774,8232.555051697535
0+6,2025-10-06,63069.95049058642,65509.852083544756,1154.5541805555554,66664.40626410031,39918.03773479606,1696.6106748593652,3496.8698344395834,45111.51824409501,2439.901592958331,0.0
0+6,2025-10-07,67633.5269654664,67706.96728075806,554.076573208333,68261.0438539664,41993.04513397462,111.10105075505173,2003.2906067041376,44107.436791433815,91.22004029166806,17.779725000000894
0+6,2025-10-08,67154.83695420096,66560.0704202675,386.8913972777764,66946.96181754528,41828.77889831763,-166.03526704505896,1302.2794501134117,42965.02308138598,0.0,594.7665339334688
0+6,2025-10-09,76117.23789134086,65660.21182803498,274.73729305555617,65934.94912109054,47676.23946042845,-3207.338001442402,980.5664817618078,45449.467940747854,0.0,10457.0260633059
0+6,2025-10-10,73809.93848259603,70093.96200703018,0.0,70093.96200703018,46387.490085113,-1249.1031000243067,0.0,45138.38698508869,0.0,3715.976475565844
0+6,2025-10-11,74400.18480814471,71626.44843314472,0.0,71626.44843314472,46527.008698047735,-498.5599524427797,0.0,46028.448745604954,325.1712458333327,3098.907620833337
0+6,2025-10-12,69083.76096724966,69389.58324573046,537.0232172916653,69926.60646302212,42793.339587622555,403.1790464785725,2117.8527362379805,45314.37137033911,324.5240402777787,18.70176179698467
0+6,2025-10-13,70803.84119082647,66042.96568225308,590.3118097222211,66633.2774919753,43973.48263323269,-1152.4883587947722,2281.7272277736065,45102.72150221153,301.0797208333349,5061.955229406725
0+6,2025-10-14,73762.55088054595,66235.9123194959,2332.8576666666677,68568.76998616256,46148.61955240683,-1927.9364847021602,8775.459479556252,52996.142547260926,202.34620244444181,7728.984763494512
0+6,2025-10-15,76588.72753804954,70002.2844949074,820.1221597222236,70822.40665462962,48116.43955270068,-2147.458280937213,2305.2615394243085,48274.242811187774,0.0,6586.443043142151
0+6,2025-10-16,73181.46922772634,72529.27287798972,364.01628055555415,72893.28915854527,46038.21702224954,-42.89190362911984,1242.2823505993003,47237.60746921972,212.08296605555677,864.2793157921849
0+6,2025-10-17,63292.01657083333,67838.66696265432,0.0,67838.66696265432,39484.02636615028,4506.25809329298,0.0,43990.28445944326,4546.650391820984,0.0
0+6,2025-10-18,75660.29641841736,75899.02051841734,0.0,75899.02051841734,47286.23514597579,164.65391744958288,0.0,47450.88906342538,238.72409999999934,0.0
0+6,2025-10-19,73715.17400138888,73624.97169583333,341.697258333332,73966.66895416666,46403.54766196819,-29.965197359583406,1232.3705187034666,47605.95298331207,0.0,90.20230555555577
0+6,2025-10-20,76222.51400972222,75806.53846249999,245.7349847222215,76052.27344722221,48136.57629910125,-171.3036162781945,817.6151324395809,48782.88781526264,0.0,415.97554722222225
0+6,2025-10-21,75193.08283612448,75686.89672127538,507.22119027777694,76194.11791155316,47064.200918483475,341.8474094801719,1788.4747538708302,49194.52308183448,493.81388515089463,0.0
0+6,2025-10-22,73046.99209653636,72740.64628717421,1031.959808333332,73772.60609550754,45963.105490810456,-118.23279149301223,3970.66995467569,49815.542653993136,0.0,306.3458093621408
0+6,2025-10-23,82991.56399933127,70644.67899550755,683.2893777777778,71327.96837328533,51915.21499673308,-3729.6441574711066,2104.163609177778,50289.73444843975,216.50597638888814,12563.390980212616
0+6,2025-10-24,71991.10419161522,72045.77942758916,0.0,72045.77942758916,44828.89511064619,1262.5887120981183,0.0,46091.48382274431,1677.119152794924,1622.4439168209901
0+6,2025-10-25,77336.51361440329,73661.45694471878,0.0,73661.45694471878,48003.456422729614,-1072.194845118611,0.0,46931.261577611,141.27313055555567,3816.3298002400584
0+6,2025-10-26,76131.82820037723,70462.86861970165,848.2179042352523,71311.0865239369,47277.601232547306,-1674.2153918172376,2611.7628044062785,48215.148645136345,194.13801111111076,5863.0975917866945
0+6,2025-10-27,69051.43435092592,73898.42351999313,308.30845138888884,74206.73197138202,42941.316404782105,4444.438560081337,1158.8906193750004,48544.645584238446,4846.989169067211,0.0
0+6,2025-10-28,69287.64144958847,73250.28188331619,299.2842250000001,73549.56610831618,43223.02378502312,3866.502679727142,843.790133906944,47933.316598657206,3982.3569795610474,19.716545833333157
0+6,2025-10-29,77738.65025130982,77788.51008325428,277.1380652777769,78065.64814853205,48233.50561016697,109.55975940687824,944.4782717020796,49287.54364127592,110.15718055555794,60.29734861111092
0+6,2025-10-30,69242.55157829217,71273.52019084361,743.9281166666657,72017.44830751028,43003.37930037728,2251.088295768977,2792.9443689430527,48047.41196508931,2035.2170403292143,4.248427777777806
0+6,2025-10-31,78131.01530171347,78002.95840709757,0.0,78002.95840709757,48687.96175734211,-47.5045734864632,0.0,48640.45718385565,0.0,128.05689461591157
0+6,2025-11-01,74177.26215125172,74686.8770776406,0.0,74686.8770776406,45943.702878743476,358.1664606279157,0.0,46301.86933937139,564.4613624999985,54.84643611111096
0+6,2025-11-02,74772.90255811042,78502.33629630556,487.943515277777,78990.27981158333,46614.67406488489,3481.6720650860607,1919.6165057951375,52015.96263576609,3729.4337381951273,0.0
0+6,2025-11-03,79409.0039138889,77918.80589819668,390.1578694444423,78308.96376764112,49242.07844751903,-406.4655745318615,1231.2345074854093,50066.84738047258,152.3365906550066,1642.5346063472239
0+6,2025-11-04,74508.66196774691,75908.47700176612,528.9998791666653,76437.47688093278,46295.46876205645,1409.6757151261843,2060.075426098606,49765.21990328124,1399.815034019205,0.0
0+6,2025-11-05,82430.25616145405,76680.45192108882,541.7333513888882,77222.18527247771,51460.27197451208,-1952.126430262175,2164.4591512138873,51672.604695463786,0.0,5749.804240365229
0+6,2025-11-06,77865.13749444444,78797.60383509722,687.9801097222207,79485.58394481945,48371.34882882514,1090.5484882782632,2747.7760479715216,52209.67336507492,932.4663406527784,0.0
0+6,2025-11-07,75628.45550294925,79197.11317391667,0.0,79197.11317391667,47245.44587450289,3273.979957699614,0.0,50519.425832202505,3578.359720967417,9.7020500000001
0+6,2025-11-08,79587.5172702361,76826.9673453611,0.0,76826.9673453611,49814.553038495505,-986.7593173989221,0.0,48827.79372109658,75.89025095833148,2836.4401758333297
0+6,2025-11-09,78817.82745963614,78834.21475685836,496.9267222222217,79331.14147908059,49204.549070470486,56.16359583555566,1959.5313277451367,51220.243994051176,51.94074027777776,35.55344305555502
0+6,2025-11-10,79447.65423923114,81966.68368075893,620.4177361111097,82587.10141687003,49734.09594245597,2198.5642969627406,2417.947064136106,54350.60730355481,2556.0483998611116,37.0189583333331
0+6,2025-11-11,81996.98406544924,80978.82161474091,335.61004722222094,81314.43166196313,51657.995470949165,-387.69361798493765,1096.2559285430516,52366.55778150728,0.0,1018.1624507083354
0+6,2025-11-12,78939.75667395833,81697.1426002236,269.5658041666657,81966.70840439026,49323.257374651046,3007.973418164548,1168.5935972854134,53499.82439010101,2757.385926265259,0.0
0+6,2025-11-13,76767.65612477709,78469.35232361112,1147.152135541666,79616.50445915278,48035.78912984302,1820.1062348537334,4352.13289306956,54208.02825776631,1765.6953849451295,63.99918611111184
0+6,2025-11-14,78846.22693115276,78008.71586482905,0.0,78008.71586482905,49013.77255130075,-244.72436248387024,0.0,48769.04818881688,0.0,837.5110663237272
0+6,2025-11-15,85164.3927060871,82578.66533492642,0.0,82578.66533492642,53784.642006499984,-924.7173572220979,0.0,52859.924649277884,0.0,2585.7273711606726
0+6,2025-11-16,79439.7849614369,81067.23671530676,533.0391527777754,81600.27586808453,49633.52354669655,1992.2707564753282,2202.4440876729095,53828.238390844796,1706.7254733143013,79.27371944444508
0+6,2025-11-17,75898.92419055212,81270.79276947085,470.2369902777772,81741.02975974862,47536.24246437732,5246.292015344749,1520.8548935562476,54303.38937327832,5371.868578918726,0.0
0+6,2025-11-18,80149.04115156636,79309.532723137,1694.7790541388881,81004.31177727589,50159.62052562689,-322.82016091819776,5935.697128349314,55772.497493058,0.0,839.5084284293549
0+6,2025-11-19,79928.51328217336,83679.89900139609,612.074170194443,84291.97317159054,50032.02470879775,3890.191055858599,2184.682268486773,56106.89803314312,3790.62804005607,39.24232083333345
0+6,2025-11-20,80031.24944491273,80259.77557130161,1146.0719797030106,81405.84755100461,50013.18141431379,263.27904077840293,4768.94833753939,55045.408792631584,236.30434027777807,7.778213888888786
0+6,2025-11-21,80448.15238102777,82509.8282077373,0.0,82509.8282077373,50378.450449335425,1853.3017322957353,0.0,52231.752181631164,2061.675826709531,0.0
0+6,2025-11-22,87740.1436736111,84334.53485715021,0.0,84334.53485715021,55682.31085197041,-1261.7034527218611,0.0,54420.60739924855,0.0,3405.6088164609023
0+6,2025-11-23,80628.21129075738,82190.21216868535,614.0663472222213,82804.27851590757,50651.63811172536,1758.365162637037,2297.230114706247,54707.23338906864,1562.0008779279797,0.0
0+6,2025-11-24,79611.34529917352,79698.13874250343,1108.9531022638855,80807.09184476732,50040.17251789865,123.01508258512122,3790.9989879304285,53954.1865884142,123.25540999657096,36.46196666666674
0+6,2025-11-25,91147.90188758573,85419.03961438614,295.8825749999994,85714.92218938614,58146.51881251792,-2044.0234623835129,965.585926456943,57068.08127659135,0.0,5728.862273199582
0+6,2025-11-26,86644.8476375,86229.70845025001,373.8578111111095,86603.56626136112,54636.76038224959,16.335644186167713,1455.9206084409657,56109.01663487672,131.98086413888677,547.1200513888895
0+6,2025-11-27,84173.56617059329,84095.17495253772,577.937388888888,84673.11234142662,53015.671014311374,-14.155874675208059,2361.870470738886,55363.38561037506,18.941619444444882,97.33283749999998
0+6,2025-11-28,84410.42818540809,84652.16596260288,0.0,84652.16596260288,53325.23095823915,201.5820245600961,0.0,53526.81298279925,341.4970577503477,99.75928055555494
0+6,2025-11-29,94500.01237755487,88305.34622942387,0.0,88305.34622942387,60293.486779929975,-2228.064188896701,0.0,58065.422591033275,0.0,6194.666148130998
0+6,2025-11-30,86612.02980336078,86991.62128312758,667.3080138888871,87658.92929701647,54528.09150747632,795.1799953336395,2975.4130754548532,58298.68457826481,811.2171256001416,431.625645833332
0+6,2025-12-01,89607.5838340878,87555.79395596278,5712.274469444441,93268.06842540723,57350.70475203924,-747.8703266375179,20477.474517410403,77080.30894281212,7.391274652777838,2059.181152777779
0+6,2025-12-02,93094.71983923184,90690.90714550548,4732.1800163408725,95423.08716184636,59384.30963128018,-754.0248163025079,17499.679949025653,76129.96476400332,0.0,2403.8126937263382
0+6,2025-12-03,83444.2152079904,86106.63629355282,6246.605437499995,92353.24173105281,52788.22402082119,2411.611532916921,22666.352054964562,77866.18760870266,2676.60469111797,14.183605555555687
0+6,2025-12-04,91026.59665694443,87897.0504098251,4933.268070833332,92830.31848065843,58375.230066314994,-1207.7583894651348,17536.765208632634,74704.2368854825,0.0,3129.546247119344
0+6,2025-12-05,90062.38181616942,89902.06127172496,0.0,89902.06127172496,57623.42519119494,-41.56268601395839,0.0,57581.86250518098,0.0,160.32054444444464
0+6,2025-12-06,92908.07050096022,91537.13638638545,0.0,91537.13638638545,59633.548840807875,-533.1143607446184,0.0,59100.43448006325,0.0,1370.9341145747617
0+6,2025-12-07,94357.24878888889,88772.30682131344,4366.308921124995,93138.61574243843,60504.85948057625,-1830.0980586419194,13819.934595400111,72494.69601733444,0.0,5584.941967575443
0+6,2025-12-08,93801.59005937929,93366.16281493484,2689.123158333332,96055.28597326817,60064.102446411634,-145.80516847166646,8477.7281603743,68396.02543831427,0.0,435.42724444444383
0+6,2025-12-09,93239.44545294924,91111.37012378257,2735.98738195833,93847.3575057409,59705.38459184168,-587.5926356546524,9629.855820795365,68747.64777698238,75.86248472222212,2203.9378138888874
0+6,2025-12-10,89821.63359463305,90680.05577102194,4231.194349279832,94911.25012030177,57398.93813734057,654.0572534170839,15041.720701149061,73094.71609190671,974.9354180555559,116.51324166666632
0+6,2025-12-11,94179.14626808985,91369.03853611111,1517.6556121111068,92886.69414822222,60148.7549831957,-1059.8702333527099,5370.3638675669545,64459.24861740995,0.0,2810.1077319787373
0+6,2025-12-12,94016.03412499999,94560.09868194444,0.0,94560.09868194444,60019.313824452496,376.8578462391671,0.0,60396.17167069166,544.064556944445,0.0
0+6,2025-12-13,95192.10355390946,95537.84977172496,2.8349999999999227,95540.68477172496,61188.054884982615,1016.8028065779541,6.061229999999834,62210.918921560566,1113.7395553155047,767.9933375000006
0+6,2025-12-14,90497.30215188614,91978.94204633059,2610.7195972222194,94589.66164355281,57588.68252979921,1253.8148289264584,10598.613292873602,69441.11065159927,1481.639894444445,0.0
0+6,2025-12-15,90039.29979722222,92934.68702222222,2317.4181836805565,95252.10520590277,57266.896564756666,2692.7139881606226,8951.747935074658,68911.35848799194,2895.3872249999986,0.0
0+6,2025-12-16,95801.65808749999,94688.61169958848,1170.5756749999978,95859.18737458848,61680.4173546036,-427.61355113147755,3663.828015720826,64916.63181919295,0.0,1113.0463879115193
0+6,2025-12-17,97220.33072599451,93735.16226527777,1066.5943166666666,94801.75658194444,62370.70938092607,-1214.5433484759533,3452.7946675388876,64608.960699989,0.0,3485.168460716737
0+6,2025-12-18,92887.70981805556,93181.30039305556,1218.0145391460887,94399.31493220164,59583.442729849856,328.45523304958255,4124.150332839267,64036.0482957387,293.59057499999926,0.0
0+6,2025-12-19,92894.42441129973,94524.37078074418,0.0,94524.37078074418,59520.66351741474,1442.6997674885408,0.0,60963.36328490328,1629.9463694444441,0.0
0+6,2025-12-20,95913.06557083334,94854.53414482168,0.0,94854.53414482168,61865.44253032931,-429.76117740380073,0.0,61435.68135292551,0.0,1058.5314260116604
0+6,2025-12-21,95600.47547179356,94455.48519401578,1568.859345833332,96024.34453984912,61165.50887588954,-314.57504179277794,4986.562472323605,65837.49630642038,0.0,1144.9902777777784
0+6,2025-12-22,93405.41832575446,93386.20863964336,1833.1327117529145,95219.34135139627,59986.02169557674,-4.283964046180728,6105.140286435504,66086.87801796605,1.6751041666666424,20.884790277778166
0+6,2025-12-23,95960.65628858024,93909.98390742746,1072.429705555554,94982.41361298301,61491.67509099441,-645.0233332288105,3546.205757425689,64392.85751519129,36.474141666666696,2087.1465228194493
0+6,2025-12-24,95475.75494669066,95455.51025363512,515.2572912722862,95970.7675449074,61504.815344003975,-3.659101053333245,1497.1889530011872,62998.345195951835,1.4672541666666348,21.71194722222174
0+6,2025-12-25,92182.98701498628,92291.00559543895,2097.718088888886,94388.72368432784,58721.57103572788,86.67673303056591,7326.870360142351,66135.1181289008,150.23045684156762,42.21187638888853
0+6,2025-12-26,94330.62044456447,94654.46760843621,0.0,94654.46760843621,60332.771462718476,677.334786929363,0.0,61010.10624964784,503.5331444444435,179.68598057269912
0+6,2025-12-27,96591.47707222222,96271.96187512501,0.0,96271.96187512501,61936.612187480554,270.2475081967963,0.0,62206.85969567735,360.7602430555566,680.275440152777
0+6,2025-12-28,95484.59444967422,94503.52118832305,463.93680937499846,94967.45799769805,61166.47124646427,-383.0135292034113,1726.1281548108625,62509.58587207172,0.0,981.0732613511659
0+6,2025-12-29,94390.03338307614,95263.1578899789,498.0571666666654,95761.21505664557,60042.588164235254,816.8813665025467,1873.1216822847157,62732.59121302251,878.8642596805504,5.739752777777994
0+6,2025-12-30,95561.99241013374,95080.98632255041,638.8761249999976,95719.8624475504,61074.841536810185,106.97139927149837,2494.5385093902682,63676.35144547195,210.2916957499998,691.2977833333343
0+6,2025-12-31,97649.24427940673,96616.05193774005,531.949147499995,97148.00108524004,62406.96056641044,-242.20871999895832,1814.5814016767868,63979.33324808826,0.0,1033.1923416666666
0+6+12,2025-02-01,88119.34509089505,84859.4635102308,0.0,84859.4635102308,57195.55700210562,-970.9108976632942,0.0,56224.64610444233,365.9054484166676,3625.787029080934
0+6+12,2025-02-02,93028.6246420439,90635.93465600326,13.789651388888615,90649.72430739214,58839.060400709204,-790.4533593078461,85.85586733194285,58134.4629087333,10.529212500000085,2403.2191985406403
0+6+12,2025-02-03,95577.53221666666,90820.03911766119,145.0575666666663,90965.09668432786,60558.444441050415,-1702.5046675236167,662.632126316665,59518.57189984347,0.0,4757.493099005482
0+6+12,2025-02-04,97688.50120833333,93310.4366159465,74.05790972222232,93384.49452566872,62482.35854711139,-1645.6934246868423,245.02853587638913,61081.69365830094,0.0,4378.064592386833
0+6+12,2025-02-05,92788.15158477366,91991.95646815843,23.015093055555383,92014.97156121398,58875.31532150251,-206.51790249834195,106.45277440972183,58775.250193413885,163.77588677983914,959.9710033950644
0+6+12,2025-02-06,98234.56463472222,91735.57690343054,19.80902916666605,91755.3859325972,62695.27143961862,-2451.7770215791506,105.75077096249674,60349.245189001966,0.0,6498.987731291664
0+6+12,2025-02-07,94474.5442013203,89901.90520296639,0.0,89901.90520296639,60119.248691742076,-1626.4567361442014,0.0,58492.79195559787,53.46306111111119,4626.10205946502
0+6+12,2025-02-08,86053.73136680367,87124.67730954441,0.0,87124.67730954441,53787.067046554046,1191.6229269443818,0.0,54978.689973498425,1084.1481566296345,13.202213888888991
0+6+12,2025-02-09,93438.11954583332,92386.13786701114,11.187437499999874,92397.32530451115,59142.627602440276,-385.3278125346384,54.49400806249938,58811.79379796814,8.91313318055552,1060.8948120027458
0+6+12,2025-02-10,88797.01672916667,84508.2007114676,151.4405708333329,84659.64128230093,55779.44379949264,-137.81221030209372,508.281990461109,56149.91357965166,1944.6964523148172,6233.512470013889
0+6+12,2025-02-11,89709.45243739712,85449.62726083677,26.767397222222364,85476.394658059,56788.813061771376,-1650.290985750881,80.08914917152887,55218.61122519203,0.0,4259.825176560355
0+6+12,2025-02-12,89798.25652916667,85333.01566718108,28.647269444444646,85361.66293662552,56577.33935887,-1566.614696357432,155.23457065555658,55165.95923316813,0.0,4465.240861985592
0+6+12,2025-02-13,84413.83668112141,81527.66563798473,66.78221527777774,81594.4478532625,52476.753799738784,-759.7272421576092,326.5592478062498,52043.58580538742,286.45314654165986,3172.624189678322
0+6+12,2025-02-14,86991.25089624485,85736.54160952126,0.0,85736.54160952126,54265.70464703727,-21.70960378170753,0.0,54243.99504325556,495.0159926097428,1749.725279333333
0+6+12,2025-02-15,88422.08587558298,83805.73945798867,0.0,83805.73945798867,55138.20110624938,-1513.3648817186433,0.0,53624.836224530736,44.37350541666558,4660.719923010975
0+6+12,2025-02-16,89879.89245833334,83801.02527916667,268.1847055555547,84069.20998472223,56428.057626723064,-2147.470957667846,1012.2823372569407,55292.86900631216,0.0,6078.867179166664
0+6+12,2025-02-17,88991.23042054183,80961.84875841906,157.91494444444356,81119.7637028635,55375.26212020045,-2567.1104138075425,696.7107300124959,53504.862436405405,68.62953600000014,8098.011198122775
0+6+12,2025-02-18,80245.56908545953,81435.99999050445,301.8180861111103,81737.81807661556,49840.35739805133,947.1704721593311,1300.7139293062455,52088.24179951691,1190.4309050449242,0.0
0+6+12,2025-02-19,80409.07311854167,80919.4948465252,343.0774361111122,81262.5722826363,50033.709591020786,579.558092485111,1357.6640910382032,51970.9317745441,634.9586224279872,124.53689444444376
0+6+12,2025-02-20,82982.23160555554,81029.66057940004,248.9438604444416,81278.60443984448,51200.40037852764,159.86352240169555,1217.1242083283864,52577.38810925773,857.4892763888886,2810.0603025444075
0+6+12,2025-02-21,81458.35216886146,81388.57461822702,0.0,81388.57461822702,50441.974697659054,805.4290466743413,0.0,51247.403744333395,1059.3173182613182,1129.09486889575
0+6+12,2025-02-22,82861.7819963306,82095.02962389163,0.0,82095.02962389163,51355.34566039165,8.399303159078443,0.0,51363.74496355073,399.5547549444427,1166.307127383404
0+6+12,2025-02-23,81499.8173694357,79501.71428160991,488.6535541666667,79990.36783577657,50309.29988660493,-650.2621610686031,1698.3597923479178,51357.397517884245,113.22942916666582,2111.332516992454
0+6+12,2025-02-24,77687.16165975652,78671.62290579561,246.8344291666665,78918.45733496228,48372.990414610875,855.4416601697018,1254.6661389666651,50483.09821374724,1493.5143157407329,509.05306970164486
0+6+12,2025-02-25,80016.396157,75312.735512625,238.79795555555498,75551.53346818055,49376.61836458574,-1436.6671469053686,1030.773067882637,48970.724285563,235.6990198731168,4939.3596642481125
0+6+12,2025-02-26,74051.09401884432,76166.24808798012,452.0842848333307,76618.33237281344,45205.11981803728,1973.2965737827526,1885.561164042155,49063.97755586219,2115.1540691358014,0.0
0+6+12,2025-02-27,75170.60503609396,75106.89297904665,357.1522402777762,75464.04521932443,46122.355418703264,386.27230600736283,1721.4769540944376,48230.104678805066,501.1779290637901,564.889986111111
0+6+12,2025-02-28,75439.08500819615,76686.72445845335,0.0,76686.72445845335,46068.35556438651,1258.9365682540106,0.0,47327.29213264052,1372.211954423867,124.57250416666739
0+6+12,2025-03-01,85886.78376817558,79079.10228212603,0.0,79079.10228212603,53645.69125830758,-1911.3832457123358,0.0,51734.30801259525,673.0889761145339,7480.77046216409
0+6+12,2025-03-02,83098.92063782646,83818.9507122428,265.42439027777573,84084.37510252059,51454.98184984361,1150.7759966972396,1354.338104460405,53960.09595100125,1057.8352285829985,337.80515416666674
0+6+12,2025-03-03,84687.21983693415,81345.67569943416,432.5647361111082,81778.24043554526,52378.704395007866,-155.42878170902267,2052.6238965194293,54275.89950981827,975.1530041152294,4316.697141615225
0+6+12,2025-03-04,75875.0880087963,77704.95146787705,764.4641777777762,78469.41564565482,46697.9282085675,1809.708784119718,2644.163157353466,51151.80015004069,1829.8634590807599,0.0
0+6+12,2025-03-05,79361.90970108024,76304.61609573028,268.4359402777768,76573.05203600806,48820.09861461712,-926.4158651486375,1188.1965316763844,49081.879281144866,104.20713333333197,3161.500738683302
0+6+12,2025-03-06,75184.81234478738,75498.91808203018,276.75802361111096,75775.6761056413,45896.528776106454,517.1737617633443,1181.3165084048621,47595.019046274654,579.7129914094605,265.6072541666665
0+6+12,2025-03-07,80665.62344683951,76755.68321503224,0.0,76755.68321503224,49915.97464325587,-1370.1483606718502,0.0,48545.82628258402,0.0,3909.940231807268
0+6+12,2025-03-08,74667.39066155556,74751.71505434912,0.0,74751.71505434912,45423.24962275214,769.4081581037599,0.0,46192.6577808559,1010.9141169019244,926.5897241083677
0+6+12,2025-03-09,78776.92993561385,73208.60903389798,324.35670972222397,73532.96574362021,48031.334328236466,-773.3418413974173,1507.9400993416739,48765.93258618072,1218.2594610756234,6786.580362791491
0+6+12,2025-03-10,75618.67998619686,76684.4206525698,461.80177204166415,77146.22242461146,45806.47483454832,1282.4477447713416,1722.8333574037492,48811.755936723406,1141.770433039608,76.02976666666666
0+6+12,2025-03-11,67295.29892289094,73422.55303380985,333.76843611110974,73756.32146992096,41139.86259954247,6202.959083442991,1355.1492551999957,48697.97093818546,7478.905358484053,1351.6512475651548
0+6+12,2025-03-12,76704.06132381687,71759.6485089009,291.02016111111055,72050.668670012,46917.764934709,-849.5903011528246,1043.0292438729155,47111.203877429085,979.5872048885475,5924.000019804524
0+6+12,2025-03-13,77226.19892273663,77835.63373755144,370.86427638888836,78206.49801394033,47010.08733776506,851.8247218765408,1597.4006844173587,49459.31274405895,842.2590925925949,232.82427777777798
0+6+12,2025-03-14,69835.21597866941,70347.74603308315,0.0,70347.74603308315,42585.445959391436,1031.9506428636698,0.0,43617.3966022551,1104.1532785665333,591.6232241527841
0+6+12,2025-03-15,76397.8108736111,77273.90135133435,9.053333333333399,77282.95468466768,46364.323227578745,2750.7634444647288,19.356026666666803,49134.44269871014,3290.4491860908797,2414.3587083676243
0+6+12,2025-03-16,73950.30933283607,73543.32663530555,204.67620833333206,73748.00284363888,45267.20287668891,351.1021022632307,863.4022733534669,46481.70725230561,1274.223943055556,1681.206640586076
0+6+12,2025-03-17,69398.40242787672,66002.08122129235,441.5258958333334,66443.60711712568,41471.651184979,-118.21587613234567,1947.3722283416678,43300.80753718832,913.4620605967025,4309.783267181071
0+6+12,2025-03-18,77869.01376249999,72197.29053968964,128.53497222222143,72325.82551191185,47806.30926222612,-1692.8632626110475,422.7471633319424,46536.19316294701,242.4489930555555,5914.172215865909
0+6+12,2025-03-19,65079.80081210562,68799.59692920095,575.3262124999984,69374.92314170096,39688.72530978568,3740.927277729403,1522.3664960263818,44952.01908354147,4186.18205137175,466.3859342764113
0+6+12,2025-03-20,73066.57028628257,68099.565556893,1231.3228375000003,69330.888394393,44567.43859362263,-1114.7374915273772,4629.188577881252,48081.889679976506,999.2055175411556,5966.210246930722
0+6+12,2025-03-21,71126.58986886145,64878.73104998285,0.0,64878.73104998285,42828.035939267036,-1452.623615649456,0.0,41375.41232361758,537.2229222222207,6785.081741100827
0+6+12,2025-03-22,73772.56041689197,70548.32518743382,9.078333333333376,70557.40352076715,45145.8645317483,-847.8366217453752,19.409476666666755,44317.4373866696,332.95756109395984,3557.1927905521197
0+6+12,2025-03-23,74245.14979837104,69969.62101867283,265.8030069444443,70235.42402561728,45295.170284286534,-1543.5913729285335,1206.0186953666666,44957.59760672467,0.0,4275.528779698216
0+6+12,2025-03-24,69847.76149471878,67668.11078686832,315.4571499999993,67983.56793686832,42113.36804215893,-102.36540883291815,885.4584628298578,42896.461096155865,587.7736111652933,2767.424319015776
0+6+12,2025-03-25,77017.58165118314,68333.05714014059,551.2746944444436,68884.33183458503,47006.19304728956,-2693.4306219469745,2174.3268648916646,46487.08929023425,170.69629092935455,8855.22080197188
0+6+12,2025-03-26,67186.71854492456,64542.38615826475,300.86782916666556,64843.25398743142,40700.17822400459,-601.467834775547,1041.5564338624952,41140.26682309154,322.3178166666679,2966.6502033264724
0+6+12,2025-03-27,70489.69490859054,66219.25755651577,625.6519055555541,66844.90946207133,42817.80347551008,-887.4450132844169,2318.290727337494,44248.64918956316,655.0267875000019,4925.464139574762
0+6+12,2025-03-28,68361.37539999999,65132.26119146022,0.0,65132.26119146022,41642.791896256254,-730.2980787389675,0.0,40912.49381751729,544.2092053491054,3773.323413888891
0+6+12,2025-03-29,63013.482554166665,62128.04825265278,0.0,62128.04825265278,38027.36281387265,281.3674242349906,0.0,38308.73023810764,672.1099790416672,1557.544280555559
0+6+12,2025-03-30,68798.59212110768,61880.7963189472,897.6304416666638,62778.42676061386,41197.41459106524,-2017.8705137554616,3676.1332933486,42855.67737065837,0.0,6917.795802160488
0+6+12,2025-03-31,60270.450690997954,63790.399804441025,573.179388888889,64363.57919332991,36289.43373263633,4878.808966545661,2093.469081344444,43261.71178052644,6508.403870061724,2988.4547566186534
0+6+12,2025-04-01,72096.25897746913,68761.40853137859,528.7591076303107,69290.1676390089,42830.40045412492,-437.59308570948633,1822.0228988656686,44214.830267281104,728.8717630315439,4063.7222091220815
0+6+12,2025-04-02,69617.64484861112,69284.74344876542,613.0211819444439,69897.76463070986,41669.26945208431,930.0550908464443,2468.8691342423617,45068.19367717311,1264.7450696844983,1597.64646953018
0+6+12,2025-04-03,70415.4100060871,65249.24767145062,422.093262499999,65671.34093395062,42874.12998175607,-1764.012751964608,1444.0456663187476,42554.16289611022,0.0,5166.16233463649
0+6+12,2025-04-04,62029.23326944445,59788.043884819446,0.0,59788.043884819446,37208.94934368583,-675.3991170855196,0.0,36533.55022660031,36.462241763892266,2277.651626388886
0+6+12,2025-04-05,62350.3926875,62581.6733808858,0.0,62581.6733808858,36988.97235171514,696.8589939118687,0.0,37685.83134562701,735.8000938487643,504.5194004629659
0+6+12,2025-04-06,66337.77573630109,63187.905939369,344.56512361111015,63532.471062980105,39109.4796093865,-112.66710364883886,1431.0956480256903,40427.908153763354,656.3741000000016,3806.2438969321042
0+6+12,2025-04-07,59095.17369305555,60539.78676159122,531.2844791666664,61071.07124075788,34905.02338476166,2126.639969273543,1873.1913659347215,38904.854719969924,1921.453204938271,476.84013640260935
0+6+12,2025-04-08,67052.59339862826,62756.940823251025,502.0618972222217,63259.00272047325,40327.15284023147,-1183.1868191307226,2149.203708864584,41293.16972996533,162.31922916666656,4457.971804543891
0+6+12,2025-04-09,66307.37138127572,66507.70183516805,514.1627111111094,67021.86454627916,39537.70534853361,422.8790477905346,2011.2112940027716,41971.795690326915,1017.0932232681755,816.7627693758538
0+6+12,2025-04-10,64586.644043998625,62239.48327623456,858.3097875000007,63097.79306373456,39029.75446180507,-629.0454035959033,3770.62884205348,42171.337900262646,540.9391152777769,2888.0998830418357
0+6+12,2025-04-11,53976.87837415981,55843.137512359914,0.0,55843.137512359914,32305.900017251544,1813.719237803921,0.0,34119.61925505546,1962.0388839305574,95.77974573045242
0+6+12,2025-04-12,68675.73529702777,62956.182432098765,0.0,62956.182432098765,40902.72887173429,-1822.8926511270797,0.0,39079.83622060721,0.0,5719.552864929012
0+6+12,2025-04-13,61612.38380277778,61306.444395652776,593.0091888888876,61899.45358454166,36430.07634795806,200.5622800947298,2377.1598056069397,39007.79843365973,337.54064800188854,643.4800551268901
0+6+12,2025-04-14,64294.799384773665,58152.108916632365,1119.2650833333319,59271.3739999657,38654.6466874452,-2181.2261271677503,4185.857946795829,40659.27850707328,0.0,6142.6904681412925
0+6+12,2025-04-15,56668.82697443415,57651.96906534636,570.9812486111135,58222.95031395747,33414.71552853981,1777.6723343432864,2790.001372361128,37982.38923524423,1761.5621986968463,778.4201077846366
0+6+12,2025-04-16,62858.396338117294,62868.67797151921,491.00834027777614,63359.686311796984,36651.55557722117,1719.0583021632099,1895.630785929161,40266.24466531354,1880.0977382716023,1869.816104869685
0+6+12,2025-04-17,57352.08148966049,59921.60425687585,390.676755555555,60312.281012431406,34557.116513232875,2226.6911108911518,1615.7661444034702,38399.573768527494,3588.434604509602,1018.9118372942406
0+6+12,2025-04-18,58145.672197719476,58518.85196473337,0.0,58518.85196473337,34401.17278723418,395.70034031182433,0.0,34796.873127546,373.1797670138901,0.0
0+6+12,2025-04-19,62596.839586111106,61661.658375,0.0,61661.658375,36583.35513290028,1332.656208332293,0.0,37916.01134123257,1733.5727444444449,2668.753955555552
0+6+12,2025-04-20,58487.95133515089,59119.81782147274,519.9752638888881,59639.79308536163,34768.25460550373,805.0622371418538,1773.6149165958313,37346.931759241415,692.5058487361113,60.63936241425819
0+6+12,2025-04-21,60982.75898050412,54770.181966083335,1062.9554833333323,55833.13744941667,36166.0139648341,-1560.2628118263722,3852.826775467358,38458.57792847508,252.15973552777774,6464.73674994856
0+6+12,2025-04-22,54952.626122222224,58140.99610510974,715.0921152777775,58856.08822038752,32538.82527213611,2944.0803541971004,2815.627067537501,38298.53269387071,3503.8144955418393,315.4445126543189
0+6+12,2025-04-23,53175.259115740744,57573.00379969136,860.0971208333333,58433.100920524696,31632.802345371252,3519.773823610466,2855.5700683138894,38008.1462372956,4397.74468395062,0.0
0+6+12,2025-04-24,55567.51204228395,55406.824921262,712.3563694444439,56119.181290706445,32897.232980606335,1025.601498796502,2562.7303302583296,36485.56480966117,1300.4683795953383,1461.155500617285
0+6+12,2025-04-25,54497.30066502058,54233.63648683127,0.0,54233.63648683127,32946.759809725554,-133.7116524885791,0.0,32813.048157236975,0.0,263.66417818930336
0+6+12,2025-04-26,54657.82681421468,54487.263032185016,0.0,54487.263032185016,32850.360323688816,631.9416935815561,0.0,33482.30201727037,806.96403875223,977.5278207818945
0+6+12,2025-04-27,55117.337919393,56685.3198644033,772.6476236111098,57457.96748801441,32854.43815284537,1379.948923569149,3003.5726053229128,37237.95968173743,1770.5860575102938,202.60411250000016
0+6+12,2025-04-28,65552.98615468107,64197.22816308299,464.74544999999904,64661.97361308299,38499.28895091507,-301.30792404227725,1823.1700847506913,40021.15111162349,238.64365694444461,1594.401648542523
0+6+12,2025-04-29,56892.8872409465,55857.144638734564,276.38608194444396,56133.53072067901,33682.10990390746,485.00889907415717,1328.8342722881916,35495.95307526981,678.6545624999992,1714.3971647119265
0+6+12,2025-04-30,54237.30045315501,53215.967891203705,1606.0304666666657,54821.99835787037,32536.975000339844,-412.4248224366661,5761.111608529168,37885.66178643234,0.0,1021.3325619513048
0+6+12,2025-05-01,56878.97608113855,56163.49913888888,2972.838184705075,59136.33732359396,34015.53594333657,-69.6785405455777,13610.689451530088,47556.54685432107,259.6896236111086,975.1665658607762
0+6+12,2025-05-02,67566.18369221536,66361.36058146434,0.0,66361.36058146434,39949.1259317783,-380.2247632267449,0.0,39568.90116855155,0.0,1204.823110751024
0+6+12,2025-05-03,64054.707585631,61107.980681371395,18.39166666666665,61126.372348038065,37846.35748467524,-827.5823422742715,39.3213833333333,37058.096525734305,10.924293305559559,2957.651197565159
0+6+12,2025-05-04,61002.92474288408,54508.24650833334,3606.733476388888,58114.979984722224,36014.566369109525,-1775.071638129068,15083.665025874998,49323.15975685546,0.0,6494.67823455075
0+6+12,2025-05-05,61804.26269583333,59048.49421012997,2928.3075208333316,61976.8017309633,37144.13812852555,-1117.1884440485144,13347.54108176805,49374.490766245086,59.024444972222454,2814.792930675582
0+6+12,2025-05-06,54016.80815768176,55725.50282332715,3256.8341833333307,58982.337006660484,32239.151186410912,1583.3580388502814,14320.280496588879,48142.78972185007,2406.5415003676153,697.8468347222224
0+6+12,2025-05-07,57379.658421827844,59002.396625651585,2478.544140277776,61480.940765929365,34577.19480287672,1116.0546728057504,11603.280145679852,47296.52962136232,1622.7382038237406,0.0
0+6+12,2025-05-08,63988.10440763889,60976.766753275035,2562.270963847221,63539.03771712226,37049.08612766284,-494.2875883112876,12640.55128619782,49195.349825549376,347.77187172496906,3359.1095260888214
0+6+12,2025-05-09,67222.95466111111,60173.06918185871,0.0,60173.06918185871,39324.73821788423,-1735.1350290274092,0.0,37589.603188856825,228.57877769204754,7278.464256944446
0+6+12,2025-05-10,65814.28531575171,64428.66028699502,0.0,64428.66028699502,38630.12569834241,790.9413250839275,0.0,39421.06702342634,1229.8427152777772,2615.4677440344626
0+6+12,2025-05-11,62487.65549862826,59874.54077901234,2052.3292361111094,61926.87001512345,36479.486315735914,-44.31479266726541,10099.245554390269,46534.417077458915,675.6016446330563,3288.716364248976
0+6+12,2025-05-12,55144.78056634088,56944.458240363514,1800.6372319444413,58745.095472307956,32674.6078298052,2619.03571258931,8283.960333208317,43577.60387560283,3004.4092823216633,1204.7316082990378
0+6+12,2025-05-13,64193.24975903636,58930.98871630658,1404.6914319444438,60335.68014825102,37576.25903424274,-885.9762384472631,6891.931054079165,43582.21384987464,567.7905359739359,5830.0515787037075
0+6+12,2025-05-14,62934.70256371741,59365.04327669753,1046.2910666666653,60411.33434336419,37946.63764841246,-1068.2354948007242,4321.744281584024,41200.14643519576,216.58167865226307,3786.2409656721516
0+6+12,2025-05-15,61727.06308238597,59600.05346556499,801.9433958333332,60401.99686139832,37891.92488885002,-228.13329805132776,2986.896807520835,40650.68839831953,1275.8113905864197,3402.821007407404
0+6+12,2025-05-16,58624.71018022976,55878.34896184842,0.0,55878.34896184842,35814.68957221355,-931.2002447105799,0.0,34883.489327502975,0.0,2746.3612183813443
0+6+12,2025-05-17,66944.41583497942,64260.29124687928,3.5616666666666106,64263.85291354595,39976.99841816776,-857.6235403030201,7.614843333333213,39126.98972119807,0.0,2684.1245881001414
0+6+12,2025-05-18,66581.20434609053,62726.32216071672,680.6244388888902,63406.94659960561,39295.32269802845,-1071.208426719837,2144.9041744048754,40369.01844571349,0.0,3854.8821853738064
0+6+12,2025-05-19,60458.33473009258,56575.82509849108,573.7067908472228,57149.5318893383,35817.86618033819,-567.4995862201697,2858.608005576736,38108.97459969476,325.31579305555533,4207.825424657063
0+6+12,2025-05-20,60081.12863000685,61334.66202427982,705.5817722222216,62040.24379650204,35795.31404342114,1337.9854594564956,3263.681643206247,40396.98114608388,1253.5333942729753,0.0
0+6+12,2025-05-21,56422.014095833336,58815.95328762004,787.0035388888858,59602.956826508926,34221.823668172496,2595.8159982421053,3040.7972294798515,39858.436895894454,3156.5469254801114,762.6077336934113
0+6+12,2025-05-22,59421.81919711934,58905.26711176269,489.1773531944434,59394.44446495713,36093.91879178134,-123.5497144167295,1979.869812042706,37950.238889407316,0.0,516.55208535665
0+6+12,2025-05-23,63570.34636205419,62466.82582361111,0.0,62466.82582361111,37696.26427789373,1251.2843513726286,0.0,38947.548629266355,1521.8155501028752,2625.3360885459506
0+6+12,2025-05-24,58060.20598655693,57912.21862560585,0.0,57912.21862560585,35313.84194253221,17.528550524524903,0.0,35331.37049305674,128.18257407407384,276.16993502514725
0+6+12,2025-05-25,60669.01960044582,57153.633771554014,786.8141972222213,57940.447968776236,36059.12918041958,-650.6054623420725,3071.7002533826358,38480.223971460146,140.3027828194445,3655.688611711246
0+6+12,2025-05-26,58609.760960833344,61859.872295881345,655.9525444444437,62515.82484032579,35486.95815745645,2638.8269785004186,2178.6598649756907,40304.44500093256,3250.1113350480114,0.0
0+6+12,2025-05-27,55451.56172422839,56720.76788990055,899.9094817777759,57620.67737167832,33875.86559077653,2073.590017271199,3625.818690348323,39575.27429839605,3084.579889797673,1815.3737241255158
0+6+12,2025-05-28,63549.789158333326,61954.48569042335,411.175205555554,62365.66089597891,37681.499381388334,-102.89329310801115,1610.100552002772,39188.7066402831,269.99552679166527,1865.298994701641
0+6+12,2025-05-29,62916.784580555555,62153.59551527777,568.710199875,62722.30571515277,37480.36232930361,451.27327446627055,2413.469868202648,40345.10547197253,919.6180655864168,1682.8071308641984
0+6+12,2025-05-30,66646.06882193072,61077.429710150216,0.0,61077.429710150216,40026.055726345294,-1388.5906418468826,0.0,38637.46508449841,50.52572105555794,5619.164832836066
0+6+12,2025-05-31,69797.36170756191,63739.66904305556,92.18666666666661,63831.85570972223,42596.07734491127,-2106.495183004453,197.0950933333332,40686.677255240145,0.0,6057.692664506347
0+6+12,2025-06-01,77486.23261153977,71518.56216707818,6365.708879166665,77884.27104624484,46998.38924965395,-2162.8833111586146,25585.830993647218,70421.33693214256,0.0,5967.67044446159
0+6+12,2025-06-02,78592.40225720164,67536.24606241425,6799.874640583331,74336.12070299759,48260.47510426074,-3580.1058436482203,25995.921968575734,70676.29122918825,9.509875360078581,11065.666070147461
0+6+12,2025-06-03,72622.79730246913,70909.54162755486,5437.956777777771,76347.49840533263,44037.608896413454,489.6637911950975,21675.02876734094,66202.30145494948,1144.7854666666667,2858.041141580932
0+6+12,2025-06-04,83198.84251411179,70177.99915094412,5605.270179166662,75783.26933011078,51386.97735131832,-2274.0432081616746,20462.411940579153,69575.3460837358,3361.0496028988427,16381.892966066533
0+6+12,2025-06-05,72825.79362777778,71951.62847838135,5842.813447222217,77794.44192560356,43704.174580889994,381.5346278315319,23157.842679393034,67243.55188811457,559.8417777777795,1434.0069271742077
0+6+12,2025-06-06,79628.52967139918,75933.87164965535,0.0,75933.87164965535,49333.56750772628,-1163.9251724266492,0.0,48169.64233529963,226.88461111111098,3921.5426328549343
0+6+12,2025-06-07,85003.1275361111,76910.79989861112,76.18833333333339,76986.98823194446,52924.06728450695,-2468.8756613808355,162.89065666666679,50618.08227979278,453.1898166666656,8545.51745416667
0+6+12,2025-06-08,69946.47271879287,66994.43748384775,4641.792744032917,71636.23022788067,42129.12407522593,-21.59600782317247,17866.256428960703,59973.78449636346,1037.2436525548756,3989.278887499998
0+6+12,2025-06-09,78259.56910694444,73003.4747930679,4232.0480884305525,77235.52288149846,48380.861510814306,-1823.0717062173937,16043.006086654757,62600.79589125167,0.0,5256.094313876538
0+6+12,2025-06-10,73820.43095905348,73283.12330016667,4353.748413888887,77636.87171405555,44995.50615745527,404.53964508135795,15496.68902711388,60896.73482965051,816.4521088772265,1353.7597677640547
0+6+12,2025-06-11,79691.15208255556,79021.75630193416,3430.1610955833303,82451.91739751749,49966.142437571594,55.22788701832853,13461.432290393353,63482.80261498327,414.5408088333328,1083.9365894547286
0+6+12,2025-06-12,78673.60630705573,77791.04320641683,1781.8488627914921,79572.89206920832,48805.657965998544,-335.96799723909453,7030.303650650217,55499.993619409666,0.0,882.5631006388892
0+6+12,2025-06-13,79994.95557387001,78827.3489027109,0.0,78827.3489027109,49747.5472241083,-223.86039161110034,0.0,49523.686832497195,277.1826388888896,1444.7893100480076
0+6+12,2025-06-14,81583.36647510288,76563.7979978738,0.0,76563.7979978738,50102.03687424838,-1596.0982294321236,0.0,48505.938644816255,0.0,5019.568477229081
0+6+12,2025-06-15,74060.52272530863,75543.24011347737,1882.1656590138891,77425.40577249126,45586.360339589744,1158.3831624193322,7598.355943110686,54343.09944511976,1625.0611923353952,142.34380416666613
0+6+12,2025-06-16,77128.49310487055,77240.91467563443,1945.7903195301774,79186.7049951646,47576.792072344644,245.62607680169532,7836.428704191707,55658.846853338044,298.5239624305562,186.10239166666656
0+6+12,2025-06-17,79622.7243907236,80281.88597712619,1624.047085347222,81905.93306247341,49375.975300139144,1103.5273450683635,6564.800613714585,57044.3032589221,1258.3155030006913,599.1539165980842
0+6+12,2025-06-18,80450.63267726336,78733.56958281892,835.6322149444445,79569.20179776337,49720.07210540546,9.712828612549401,3333.0239616928093,53062.80889571082,801.678216666667,2518.7413111111105
0+6+12,2025-06-19,76722.21620713305,74128.53282326818,1723.721866666662,75852.25468993484,47099.33845856865,667.0656927835674,7261.3674176603945,55027.77156901261,1960.042650565843,4553.726034430725
0+6+12,2025-06-20,79129.75719166666,76466.80156358916,0.0,76466.80156358916,48892.872138098195,-939.171339571041,0.0,47953.700798527156,0.0,2662.955628077507
0+6+12,2025-06-21,74439.13286454475,74304.21379848919,0.0,74304.21379848919,46099.379105740074,58.91835024149085,0.0,46158.29745598156,118.86148194444436,253.78054800000086
0+6+12,2025-06-22,74614.80203070988,74258.41117620026,1016.6775105694478,75275.08868676971,45246.94207042754,2065.2952633424134,4097.990698055366,51410.22803182532,2279.1544628943752,2635.545317403979
0+6+12,2025-06-23,75223.3038210048,75000.38607796314,742.8221174039811,75743.20819536711,46896.41896422555,-13.717563933995407,3086.794550045368,49969.49595033692,59.15370973610653,282.071452777775
0+6+12,2025-06-24,86969.06232222222,84495.3303273491,841.5308245555545,85336.86115190465,54768.40132967834,-875.1274310445328,3041.963112187385,56935.23701082119,0.0,2473.731994873109
0+6+12,2025-06-25,78263.79604879973,79241.14040925924,722.249606944443,79963.39001620369,47993.56111466876,1597.0013901527013,3412.20879058194,53002.7712954034,1472.5161389231798,495.171778463648
0+6+12,2025-06-26,75033.914878738,75696.44522402264,858.5629499999991,76555.00817402263,46730.068847253744,695.9193078792083,3766.3998082298576,51192.38796336281,850.7774758401912,188.24713055555026
0+6+12,2025-06-27,77699.77345468587,73043.61999336677,0.0,73043.61999336677,48971.28380499304,-1793.7281625274304,0.0,47177.55564246561,0.0,4656.1534613191025
0+6+12,2025-06-28,77015.7595489796,77141.43644369736,0.0,77141.43644369736,48309.75005885805,236.82178533536444,0.0,48546.571844193415,330.70616213888604,205.0292674211213
0+6+12,2025-06-29,73693.02631476338,76366.38439245164,1344.478868055555,77710.86326050719,45173.65292375874,3509.5222886649594,4266.950277077081,52950.12548950077,3239.79154521605,566.4334675277787
0+6+12,2025-06-30,79285.4096809122,78548.05325536043,774.5833888888878,79322.63664424932,49301.80118554518,142.6923085531112,2825.498488695828,52269.99198279411,410.5015624999992,1147.857988051781
0+6+12,2025-07-01,70775.20626421468,71540.47175933968,11859.477706017147,83399.94946535683,43416.4019132296,623.8386644399316,43554.055191603584,87594.29576927311,765.6480854027801,0.382590277777922
0+6+12,2025-07-02,67650.2228138546,66463.08227016461,10207.078937513881,76670.1612076785,42084.84088049569,-438.27086433501523,38649.358390038644,80295.92840619932,0.0,1187.1405436899872
0+6+12,2025-07-03,76273.45844562756,75443.39183029835,9373.442770319443,84816.83460061779,47042.81696736546,-271.2992721938475,35544.0994650911,82315.61716026271,102.52980972222247,932.5964250514423
0+6+12,2025-07-04,69158.63011409465,70588.52315752744,0.0,70588.52315752744,42683.335017373625,2359.5580723746775,0.0,45042.8930897483,2850.3449805727023,1420.4519371399176
0+6+12,2025-07-05,68978.74125474966,68954.82431721536,71.99833333333322,69026.8226505487,42840.77122060036,221.80808440208565,153.93243666666643,43216.51174166912,287.7768305212569,311.6937680555572
0+6+12,2025-07-06,71902.84564290123,75677.56507978393,8924.188782916663,84601.7538627006,45073.152680489075,3206.4559230254417,34082.37524772744,82361.98385124195,3872.680375771602,97.96093888888868
0+6+12,2025-07-07,72531.02130639573,69001.9966857121,8636.188313425928,77638.18499913803,44996.229903977626,-945.9466884549514,31815.584620152214,75865.86783567489,146.78716851389333,3675.811789197542
0+6+12,2025-07-08,76781.82174893467,72193.44556284294,8272.19010880555,80465.63567164849,47633.480596974565,-1292.1486462139771,31744.004369859085,78085.33632061967,54.43688750000041,4642.813073591735
0+6+12,2025-07-09,78082.9642832735,74013.65376505487,6474.245640277773,80487.89940533265,48072.625893421966,-1214.3712061275983,24515.397725847204,71373.65241314156,72.13955972222254,4141.45007794084
0+6+12,2025-07-10,72653.73455240055,71995.26955912208,6363.588477791662,78358.85803691375,45354.84654560216,197.35212426997796,22818.15861075722,68370.35728062935,280.83896249999964,939.3039557784665
0+6+12,2025-07-11,82500.77338700273,80385.15563343621,0.0,80385.15563343621,51568.33366439269,-758.3531463360098,0.0,50809.98051805668,0.0,2115.617753566532
0+6+12,2025-07-12,74326.77625390947,78729.7992236111,0.0,78729.7992236111,46716.17184135709,3749.070923138309,0.0,50465.2427644954,4403.022969701646,0.0
0+6+12,2025-07-13,81053.87048611112,74508.99546819273,2176.889279166664,76685.88474735939,51708.84923792083,-2413.6051076211093,8293.161610566654,57588.40574086638,0.0,6544.875017918381
0+6+12,2025-07-14,76905.95713299038,74063.00151040808,3409.96167594564,77472.96318635372,47590.88595057411,-523.1364228908576,13790.768153624495,60858.51768130775,217.72414118656081,3060.6797637688614
0+6+12,2025-07-15,80852.39769022634,76004.66979434156,2890.6960761249984,78895.36587046656,50196.46993296273,-1314.1467305892827,10566.295496447143,59448.618698820595,0.0,4847.727895884773
0+6+12,2025-07-16,78696.06399314129,76655.6932125,2805.86507083333,79461.55828333333,49918.53831477881,-511.068186226568,9186.39842991596,58593.868558468195,434.7687460047958,2475.1395266460895
0+6+12,2025-07-17,76551.2359717421,77530.55746503771,1991.3583726249974,79521.9158376627,47927.07174141104,1716.368972914739,7851.957520245537,57495.398234571316,1720.7269224622792,741.4054291666698
0+6+12,2025-07-18,87688.2898623611,82102.6875021262,0.0,82102.6875021262,55269.34501048217,-1839.717638839251,0.0,53429.62737164291,192.9777501388901,5778.580110373808
0+6+12,2025-07-19,85966.58794741082,76852.75359293552,31.36500000000001,76884.11859293553,54792.8608084768,-1836.5433899290892,67.05837000000001,53023.37578854771,1907.9113763202918,11021.745730795601
0+6+12,2025-07-20,82803.5431202332,80418.64865272633,728.2386789027773,81146.88733162911,51447.52577254801,-505.0655027574104,2979.780984450035,53922.24125424064,218.58571249999937,2603.4801800068594
0+6+12,2025-07-21,83516.54322750343,81696.65948712276,936.8062027777783,82633.46568990053,52399.5388540314,-38.567639632383816,3412.067324700696,55773.03853909971,804.2326151234543,2624.116355504111
0+6+12,2025-07-22,79877.80577601166,82445.05270845335,1058.4264569787342,83503.47916543209,50326.46454571407,5234.558285636764,3853.2985212821377,59414.32135263297,6983.161381494853,4415.914449053153
0+6+12,2025-07-23,89721.84156742113,81167.67160416837,1067.320252777778,82234.99185694614,56995.01430864399,-2851.481136921043,4002.161705992359,58145.69487771531,0.0,8554.169963252745
0+6+12,2025-07-24,89667.02516402779,83389.04499079217,401.523701388888,83790.56869218106,57015.878978775465,-2114.993217513997,1390.5269311576365,56291.4126924191,0.0,6277.980173235598
0+6+12,2025-07-25,79848.3866682956,80695.32412614884,0.0,80695.32412614884,50427.13909206916,2082.5403434508917,0.0,52509.679435520055,3265.120690226334,2418.183232373108
0+6+12,2025-07-26,85690.43680402313,83673.42832367335,0.0,83673.42832367335,53607.76702978471,-482.13853830652505,0.0,53125.62849147818,180.99766250000016,2198.0061428497943
0+6+12,2025-07-27,82479.66959499332,82528.89132966152,642.4269999999983,83171.31832966152,51662.49551471243,1065.0956079413845,2215.903845505549,54943.494968159364,1079.6479631404306,1030.426228472219
0+6+12,2025-07-28,85263.15805586247,85946.21557602708,1121.7004730277795,87067.91604905487,53537.41106574297,1393.662072608341,4227.604843330716,59158.67798168203,1135.6063416666664,452.54882150205606
0+6+12,2025-07-29,82631.98529399863,86362.80482602882,320.5132711388876,86683.3180971677,51894.378405974465,3462.8281419077334,1328.6133751225243,56685.81992300472,3754.063511196855,23.243979166666918
0+6+12,2025-07-30,76546.42425138887,83611.96742556585,536.7114055555551,84148.6788311214,48284.47288302389,6656.072168127333,1938.5349228326374,56879.07997398386,7065.543174176958,0.0
0+6+12,2025-07-31,80785.36516649519,83032.27447291873,586.1731763888882,83618.4476493076,50572.207601770075,2361.95404158212,2219.8101051472195,55153.97174849941,2246.9093064235253,0.0
0+6+12,2025-08-01,81655.66662954389,74943.35973432785,0.0,74943.35973432785,51758.49473637194,-1755.5332833569514,0.0,50002.96145301499,555.531059825099,7267.837955041148
0+6+12,2025-08-02,89389.41945416667,77318.83795418381,32.52833333333331,77351.36628751714,56619.38742802681,-3824.2718537079068,69.5455766666666,52864.661150985565,0.0,12070.581499982854
0+6+12,2025-08-03,71927.56816580932,70730.97388098421,489.9122152777777,71220.88609626198,45746.68647859705,575.7975305076026,2083.207294928473,48405.69130403312,1191.4488922712637,2388.043177096361
0+6+12,2025-08-04,76612.68390588133,73930.47240022289,699.4706972222227,74629.94309744511,49133.72202658132,-580.5786296678345,2864.9898437444467,51418.13324065794,1204.2826999142674,3886.494205572707
0+6+12,2025-08-05,75128.90171805557,75463.23114437587,216.8146166666662,75680.04576104254,47901.88572331786,697.815104352933,927.5739168999992,49527.274744570794,1595.7864293552834,1261.45700303498
0+6+12,2025-08-06,82691.23121397462,79165.44937643158,236.5468583333328,79401.99623476491,53483.85464321844,-1406.132897729042,991.3054810597204,53069.027226549115,41.419700402777494,3567.201537945809
0+6+12,2025-08-07,83739.63423271605,75119.35335265775,326.7937972222221,75446.14714987998,52292.183487684844,-1613.7500714047228,1016.2651379333325,51694.69855421346,680.0234666666665,9300.304346724957
0+6+12,2025-08-08,73089.16381381944,73010.41310286266,0.0,73010.41310286266,46591.30991281286,-32.72192071974401,0.0,46558.58799209312,0.0,78.75071095678715
0+6+12,2025-08-09,78125.5251159808,75584.4333776749,0.0,75584.4333776749,49320.8962209851,-683.3948410409282,0.0,48637.50137994417,0.0,2541.091738305893
0+6+12,2025-08-10,77654.66050159466,74713.91929711934,283.6843763888896,74997.60367350823,49635.70376217485,-1030.7139994485403,951.77631749653,49556.76608022284,0.0,2940.7412044753096
0+6+12,2025-08-11,75758.96222791495,76393.37471268862,371.22855694444445,76764.60326963307,47453.00892419397,943.1941515151351,1323.8230577840272,49720.026133493135,822.6680266117985,188.25554183813466
0+6+12,2025-08-12,82040.03026709532,79604.4369164952,274.1936388888879,79878.63055538408,51497.246802356094,137.37611984553564,915.3470997027724,52549.970021904395,825.8278472222227,3261.4211978223484
0+6+12,2025-08-13,75087.86306757544,75280.99137162208,610.9392027777728,75891.93057439986,47081.6057091245,368.5398575367909,2473.129232836084,49923.27479949738,395.6252526577528,202.49694861111004
0+6+12,2025-08-14,76892.6923475823,78084.00691580932,136.01194305555524,78220.01885886487,49026.95707207648,1245.560905606521,511.9247717583319,50784.44274944134,2205.8381704389612,1014.5236022119382
0+6+12,2025-08-15,86388.75556634087,75716.0555093793,0.0,75716.0555093793,54846.725088393214,-3482.5345053658903,0.0,51364.190583027324,0.0,10672.700056961594
0+6+12,2025-08-16,84234.34615317216,73202.82486277435,0.0,73202.82486277435,54073.45066844517,-3648.5915217169127,0.0,50424.85914672826,0.0,11031.521290397803
0+6+12,2025-08-17,79933.71047662947,74961.77124146261,322.45880972222136,75284.23005118483,49925.063173205825,-1042.8664854783146,1662.5056684152735,50544.702356142785,262.38980013888886,5234.329035305722
0+6+12,2025-08-18,76811.73927704047,75103.43820533264,353.37712499999924,75456.81533033264,48951.05764753921,-635.6652277734405,1604.1606517347204,49919.553071500486,0.0,1708.3010717078157
0+6+12,2025-08-19,76240.40384298697,75067.13920531001,447.55244861111083,75514.69165392112,48342.39736386567,-44.3745454579074,2219.979044777777,50518.00186318554,486.1112823333326,1659.3759200102947
0+6+12,2025-08-20,84356.84013670438,79760.86043340192,436.33726323730986,80197.19769663922,52791.75523188664,-1008.8961864195339,1774.037997639568,53556.89704310667,308.0422713888901,4904.021974691363
0+6+12,2025-08-21,80755.94325474967,76249.80096281087,358.836913847223,76608.63787665809,50546.91152725481,-990.9879429041748,1316.0066965820638,50871.9302809327,252.1696329583359,4758.311924897118
0+6+12,2025-08-22,79863.46786469477,73560.23591508917,0.0,73560.23591508917,50852.42334356604,-1745.416883627031,0.0,49107.00645993901,252.26740540123942,6555.499355006857
0+6+12,2025-08-23,77365.0216302469,76072.07745617285,0.0,76072.07745617285,48716.86459902268,767.9534361894704,0.0,49484.81803521215,1702.390003840876,2995.334177914945
0+6+12,2025-08-24,75853.48107913237,73571.68979140947,304.5622083333335,73876.2519997428,48654.05626600185,975.2503472067924,1190.2480090409713,50819.55462224961,2205.098905469823,4486.8901931927285
0+6+12,2025-08-25,96593.6424919067,80997.01637986969,268.3443847222221,81265.36076459191,61674.944043343356,-5270.682038426212,913.6800232145839,57317.94202813173,0.0,15596.626112037029
0+6+12,2025-08-26,76795.51617429696,75550.57183962621,180.28445416666654,75730.85629379288,49411.789395546635,-466.90150766046696,607.2772033840288,49552.165091270195,22.408340877916714,1267.3526755486982
0+6+12,2025-08-27,77686.73207078189,79798.88979495884,131.60052222222134,79930.49031718106,49737.379655208824,3341.8707535081594,512.274056209719,53591.5244649267,4219.176418004123,2107.0186938271654
0+6+12,2025-08-28,76939.87386064815,80023.39269302125,733.3093027777771,80756.70199579903,48200.70474060334,3748.73632712281,3020.3802335388855,54969.82130126503,3301.6746962620055,218.1558638888888
0+6+12,2025-08-29,87054.46019086076,78058.64145677298,0.0,78058.64145677298,55431.336063619776,-2554.033316072372,0.0,52877.3027475474,426.3587027777777,9422.177436865566
0+6+12,2025-08-30,82762.11102230794,74607.78096702675,0.0,74607.78096702675,52886.63803422305,-2454.9030674851665,0.0,50431.73496673788,0.0,8154.330055281211
0+6+12,2025-08-31,76092.84806819275,76030.82308972908,595.2508944444431,76626.07398417352,48666.94327952436,38.921533352907765,2393.0033246888825,51098.868137566154,132.8493296467709,194.87430811042486
0+6+12,2025-09-01,84335.024595625,76883.38008316187,0.0,76883.38008316187,52844.5992300461,-1530.5409374676042,0.0,51314.0582925785,878.2509898834016,8329.89550234653
0+6+12,2025-09-02,75709.34444538751,76078.14880263392,0.0,76078.14880263392,47691.875579769374,1684.8065681954945,0.0,49376.68214796487,2130.720348432955,1761.9159911865572
0+6+12,2025-09-03,80625.74434872308,77572.61262691821,0.0,77572.61262691821,50840.20362940365,-539.6496736274385,0.0,50300.55395577621,274.3751156527777,3327.506837457642
0+6+12,2025-09-04,78140.96295461248,75239.96496240827,58.55171666666672,75298.51667907494,50039.48852081242,-715.618303921954,141.06327167500012,49464.93348856546,128.91442173611227,3029.912413940334
0+6+12,2025-09-05,73680.48290444101,72754.45994569614,0.0,72754.45994569614,47332.65199841131,-432.6728890912966,0.0,46899.97910932001,0.0,926.0229587448566
0+6+12,2025-09-06,74332.77968590535,74267.66870027434,0.0,74267.66870027434,47434.42304267989,335.50330465487934,0.0,47769.92634733477,535.2795972222235,600.3905828532247
0+6+12,2025-09-07,74237.16175231482,76101.34986148833,45.061883333333355,76146.41174482166,47207.44611897427,2390.163561081773,253.5412121354168,49851.150892191465,3454.1039816700977,1589.915872496575
0+6+12,2025-09-08,81308.6868987265,80747.16332620027,0.0,80747.16332620027,51348.45290839177,962.8527226234189,0.0,52311.305631015195,1525.3026999314138,2086.826272457646
0+6+12,2025-09-09,71636.49417801783,73325.11573720851,8.245879166666668,73333.36161637519,45846.89974029634,3090.919842917822,19.728265906250005,48957.54784912041,3364.1649645576135,1675.5434053669403
0+6+12,2025-09-10,82881.59893747221,80835.0443983803,28.048130555555304,80863.09252893586,52428.059423062514,424.4416301133465,86.14628116249911,52938.64733433836,1466.5825021697456,3513.137041261655
0+6+12,2025-09-11,82486.36404814816,73880.18362635458,96.99231527777769,73977.17594163236,52464.64214897997,-2501.667119376583,523.4905669027773,50486.46559650617,0.0,8606.180421793559
0+6+12,2025-09-12,73391.45147719479,74505.43230202333,0.0,74505.43230202333,47171.384596573276,1391.0289073829686,0.0,48562.413503956246,1765.86680622428,651.8859813957478
0+6+12,2025-09-13,72351.46295644718,73381.04775063443,0.0,73381.04775063443,46568.095072788055,955.1724689835105,0.0,47523.267541771565,1340.7337643004118,311.14897011317
0+6+12,2025-09-14,85261.03066243141,80023.3106659122,0.0,80023.3106659122,54499.34031704992,-1720.6684177673362,0.0,52778.671899282584,94.3465138888887,5332.066510408091
0+6+12,2025-09-15,70637.34329096365,70801.56913441357,519.9826680555556,71321.55180246913,45502.83133772795,182.80968603730344,1917.1707445361099,47602.81176830136,164.22584344992725,0.0
0+6+12,2025-09-16,84002.85212381893,79125.17842006807,0.0,79125.17842006807,53073.57251061219,-1543.512000245008,0.0,51530.060510367184,41.355230236110856,4919.028933986969
0+6+12,2025-09-17,80311.4714331447,78038.36507289094,125.84106527777791,78164.20613816872,51549.19198569027,-854.2661963758012,535.1535883611112,51230.07937767558,0.0,2273.106360253769
0+6+12,2025-09-18,72597.76629127229,78137.23432686969,12.510262499999953,78149.74458936969,46503.98509832763,4893.923468552922,34.41393054166686,51432.32249742222,6191.461367147463,651.9933315500672
0+6+12,2025-09-19,78376.68450665295,78289.90389223251,0.0,78289.90389223251,49665.00445386998,42.27654554446058,0.0,49707.28099941444,73.84470641289516,160.62532083333372
0+6+12,2025-09-20,75472.54578712277,77257.81372974964,0.0,77257.81372974964,48450.45566652665,1686.9151781462674,0.0,50137.370844672914,2451.1162730109745,665.8483303840862
0+6+12,2025-09-21,77102.33142275376,75206.64644821674,11.050412499999766,75217.69686071674,48679.426059563455,-549.044122938744,30.841690795832463,48161.22362742054,0.0,1895.6849745370337
0+6+12,2025-09-22,78383.74817091908,72064.20328779149,338.7402000000002,72402.94348779149,49411.5790867098,-2006.3939953768452,986.7424496826386,48391.92754101559,0.0,6319.544883127571
0+6+12,2025-09-23,76505.7901442044,74604.79929864523,38.00723333333326,74642.80653197857,48136.73177932639,-586.432168226748,148.68788089166662,47698.987491991305,0.0,1900.9908455591642
0+6+12,2025-09-24,66950.10459526749,69771.89735864832,681.5967736111114,70453.49413225942,42552.895062827374,2103.985962550865,1862.7983353694458,46519.67936074769,2821.792763380834,0.0
0+6+12,2025-09-25,72494.36281073389,72737.55062889232,216.420583333333,72953.97121222566,45380.4947641177,580.7756381122691,821.0164934173597,46782.286895647325,836.0621556584374,592.8743375000022
0+6+12,2025-09-26,79992.03216769546,75056.23929000343,0.0,75056.23929000343,50463.60180388823,-1708.2241511326088,0.0,48755.377652755626,0.0,4935.792877692044
0+6+12,2025-09-27,67359.72090445817,71312.90381325447,0.0,71312.90381325447,42445.31909014503,4024.7279442965687,0.0,46470.047034441595,4918.291885819608,965.1089770233218
0+6+12,2025-09-28,70849.31501630659,73106.7400984225,263.37598749999916,73370.11608592249,44361.35680588665,3375.215220790562,1027.9570347111087,48764.52906138832,4773.113512860086,2515.6884307441705
0+6+12,2025-09-29,73545.08615085733,68229.33540378945,1291.0940694444428,69520.42947323389,46350.80499983182,-1703.9449713860158,4823.6400974256885,49470.50012587149,36.06882650892692,5351.819573576817
0+6+12,2025-09-30,72526.80575121741,72685.12403130624,853.8696069444438,73538.99363825069,46039.0195607882,423.00273418833285,3622.8506450305554,50084.87294000709,573.4622636107661,415.1439835219468
0+6+12,2025-10-01,69333.81889266118,65440.269946107685,36.41856249999978,65476.68850860769,43246.32286813406,-1009.4925508815656,87.67329504166582,42324.50361229416,29.69202777777764,3923.2409743312774
0+6+12,2025-10-02,75436.04630611677,66090.83018765433,139.3033972222214,66230.13358487654,47407.74618263784,-3065.9499506519523,385.5359877256917,44727.332219711585,0.0,9345.216118462446
0+6+12,2025-10-03,67162.65056150548,63617.724969073046,0.0,63617.724969073046,41728.568026183064,-774.9073016681747,0.0,40953.66072451489,132.90644150102804,3677.832033933466
0+6+12,2025-10-04,79110.09673991665,68017.20983225308,0.0,68017.20983225308,49643.035276126495,-3512.240958725085,0.0,46130.79431740141,0.0,11092.886907663578
0+6+12,2025-10-05,74070.59542767491,65877.5184538246,249.94742222222195,66127.46587604682,46062.18969115536,-2336.1410386840907,711.190629588194,44437.23928205947,64.59119451388767,8257.668168364204
0+6+12,2025-10-06,63069.95049058642,65343.43910148029,902.5477305555553,66245.98683203585,39918.03773479606,1638.8534317016545,2932.0627925354165,44488.953959033126,2448.4007318472227,174.91212095336152
0+6+12,2025-10-07,67633.5269654664,68406.6551530007,166.51738194444374,68573.17253494514,41993.04513397462,990.6459092176351,535.432665434025,43519.123708626284,837.0910889231858,63.96290138888929
0+6+12,2025-10-08,67154.83695420096,66295.67277124485,351.5332152777769,66647.20598652262,41828.77889831763,-169.56574670044517,1239.9940721256908,42899.20722374288,60.11984583333344,919.284028789438
0+6+12,2025-10-09,76117.23789134086,65229.45936414609,246.47877499999987,65475.93813914609,47676.23946042845,-3304.838989827401,916.826304481945,45288.22677508299,0.0,10887.778527194783
0+6+12,2025-10-10,73809.93848259603,66637.29722978396,0.0,66637.29722978396,46387.490085113,-2234.6547573057815,0.0,44152.83532780722,0.0,7172.6412528120745
0+6+12,2025-10-11,74400.18480814471,70390.72092584019,0.0,70390.72092584019,46527.008698047735,-857.2447362966761,0.0,45669.76396175106,325.1712458333327,4334.635128137864
0+6+12,2025-10-12,69083.76096724966,67603.90742211934,549.6259843333348,68153.53340645268,42793.339587622555,20.549687136629018,2197.8664820438817,45011.75575680306,334.946836111112,1814.8003812414245
0+6+12,2025-10-13,70803.84119082647,65211.68326363305,966.1085861111098,66177.79184974416,43973.48263323269,-1339.3227259822945,3527.8935504347173,46162.05345768511,305.4695648333329,5897.627492026751
0+6+12,2025-10-14,73762.55088054595,67789.59086447189,1248.4805347222239,69038.07139919412,46148.61955240683,-614.4881474225992,4336.014362681951,49870.14576766618,1756.024747420429,7728.984763494512
0+6+12,2025-10-15,76588.72753804954,70414.69342539436,553.718698611112,70968.41212400548,48116.43955270068,-1796.4570174638634,1483.7973650256956,47803.77990026251,412.4089304869705,6586.443043142151
0+6+12,2025-10-16,73181.46922772634,72489.9970989945,321.230352777776,72811.22745177227,46038.21702224954,-55.83707152547915,1073.8680996770768,47056.24805040114,212.08296605555677,903.5550947873825
0+6+12,2025-10-17,63292.01657083333,69248.62355615568,0.0,69248.62355615568,39484.02636615028,5681.817126359752,0.0,45165.84349251004,5956.606985322353,0.0
0+6+12,2025-10-18,75660.29641841736,71599.64606731995,0.0,71599.64606731995,47286.23514597579,-1224.1415697058073,0.0,46062.09357626998,238.72409999999934,4299.374451097396
0+6+12,2025-10-19,73715.17400138888,71471.26699351851,645.1966138888865,72116.4636074074,46403.54766196819,-675.954001603148,2460.727050450684,48188.32071081572,0.0,2243.907007870367
0+6+12,2025-10-20,76222.51400972222,73701.88505375513,307.75845972222135,74009.64351347735,48136.57629910125,-896.2039604047122,1084.9117342458298,48325.28407294237,0.0,2520.6289559670713
0+6+12,2025-10-21,75193.08283612448,74848.20002504767,507.22119027777694,75355.42121532545,47064.200918483475,15.041080190915977,1788.4747538708302,48867.716752545224,493.81388515089463,838.6966962277116
0+6+12,2025-10-22,73046.99209653636,73827.96709236968,345.162511728394,74173.12960409808,45963.105490810456,788.9756155643556,1026.6985208634228,47778.77962723823,1087.3208051954725,306.3458093621408
0+6+12,2025-10-23,82991.56399933127,70951.68245785323,519.1648250000001,71470.84728285322,51915.21499673308,-3367.7068256065986,1493.163580713889,50040.67175184037,523.5094387345596,12563.390980212616
0+6+12,2025-10-24,71991.10419161522,71912.54297758915,0.0,71912.54297758915,44828.89511064619,1232.2707579006178,0.0,46061.16586854681,1677.119152794924,1755.680366820992
0+6+12,2025-10-25,77336.51361440329,73044.6793207476,0.0,73044.6793207476,48003.456422729614,-1223.6680273441289,0.0,46779.78839538548,154.49640833333342,4446.3307019890235
0+6+12,2025-10-26,76131.82820037723,70732.14975445817,717.5114319444444,71449.6611864026,47277.601232547306,-1422.7341093057894,2174.294641514583,48029.1617647561,463.41914586762385,5863.0975917866945
0+6+12,2025-10-27,69051.43435092592,72160.9338480967,311.3644916666669,72472.29833976337,42941.316404782105,4012.9131816181207,1170.3799995194454,48124.609585919665,4876.24496073388,1766.7454635630943
0+6+12,2025-10-28,69287.64144958847,72941.56410732167,308.4561319444442,73250.02023926612,43223.02378502312,3761.5010470205975,882.0509765291654,47866.57580857288,3982.644750394381,328.7220926611811
0+6+12,2025-10-29,77738.65025130982,77453.5750081857,279.1830374999992,77732.7580456857,48233.50561016697,9.78160347796333,954.5620297298578,49197.84924337479,113.35930138889114,398.43454451302705
0+6+12,2025-10-30,69242.55157829217,71248.58058484859,722.9638204027774,71971.54440525136,43003.37930037728,2254.573578162315,2744.16149122904,48002.114369768635,2044.4922372319932,38.46323067557961
0+6+12,2025-10-31,78131.01530171347,76398.85915277657,0.0,76398.85915277657,48687.96175734211,-632.5655825680018,0.0,48055.39617477411,0.0,1732.1561489368978
0+6+12,2025-11-01,74177.26215125172,74624.5645028978,0.0,74624.5645028978,45943.702878743476,446.39916623818067,0.0,46390.10204498166,704.4289752571951,257.1266236111111
0+6+12,2025-11-02,74772.90255811042,75981.7291194537,539.8454458333325,76521.57456528702,46614.67406488489,2616.68795088275,1997.2161839159705,51228.57819968361,3729.4337381951273,2520.607176851853
0+6+12,2025-11-03,79409.0039138889,76750.2534461905,437.5294874999974,77187.7829336905,49242.07844751903,-770.5453395287768,1343.225678138186,49814.75878612844,152.3365906550066,2811.087058353397
0+6+12,2025-11-04,74508.66196774691,75343.7504334705,523.0962555555543,75866.84668902606,46295.46876205645,1220.8996662650738,1990.8575315152732,49507.2259598368,1399.815034019205,564.7265682956106
0+6+12,2025-11-05,82430.25616145405,76680.64252942214,539.9352597222214,77220.57778914436,51460.27197451208,-1938.1703288864808,2162.115634363193,51684.21727998879,15.326852777777617,5764.940484809674
0+6+12,2025-11-06,77865.13749444444,78449.41938223371,679.9711249999983,79129.39050723371,48371.34882882514,988.418903609917,2712.1440341180487,52071.91176655311,952.207343430558,367.9254556412917
0+6+12,2025-11-07,75628.45550294925,77310.23833132407,0.0,77310.23833132407,47245.44587450289,2715.037516649622,0.0,49960.48339115251,3578.359720967417,1896.5768925925915
0+6+12,2025-11-08,79587.5172702361,76779.75788468056,0.0,76779.75788468056,49814.553038495505,-958.688414969143,0.0,48855.864623526366,120.89209722222103,2928.6514827777746
0+6+12,2025-11-09,78817.82745963614,78740.44119991391,358.011809722222,79098.45300963613,49204.549070470486,137.53983763853824,1356.234009887499,50698.32291799652,182.97698472221975,260.36324444444455
0+6+12,2025-11-10,79447.65423923114,81246.13721860477,658.4233624999983,81904.56058110477,49734.09594245597,1977.9645571348942,2493.9411692701337,54206.001668861,2556.0483998611116,757.5654204874842
0+6+12,2025-11-11,81996.98406544924,79234.86393380811,339.43182222222083,79574.29575603033,51657.995470949165,-975.0554094908894,1110.9015188013846,51793.841580259665,0.0,2762.1201316411225
0+6+12,2025-11-12,78939.75667395833,79132.35910658503,303.8843242916683,79436.2434308767,49323.257374651046,2138.843932492774,1315.8582468523418,52777.95955399616,2757.385926265259,2564.783493638542
0+6+12,2025-11-13,76767.65612477709,78582.49261111111,1028.8447138888823,79611.337325,48035.78912984302,1959.0769414485274,3892.3201875708055,53887.18625886235,1894.8076863340204,79.97120000000177
0+6+12,2025-11-14,78846.22693115276,79089.64729639626,0.0,79089.64729639626,49013.77255130075,880.2322828935357,0.0,49894.00483419429,1080.9314315672136,837.5110663237272
0+6+12,2025-11-15,85164.3927060871,80482.6112601322,0.0,80482.6112601322,53784.642006499984,-1661.150320782366,0.0,52123.49168571762,0.0,4681.78144595491
0+6+12,2025-11-16,79439.7849614369,81017.80801235752,581.2286544166634,81599.03666677418,49633.52354669655,1971.188278012195,2418.1412792536976,54022.85310396245,1706.7254733143013,128.70242239369185
0+6+12,2025-11-17,75898.92419055212,80540.10139033847,467.1136208333331,81007.21501117181,47536.24246437732,5014.492109456429,1509.4543124111099,54060.188886244854,5371.868578918726,730.691379132375
0+6+12,2025-11-18,80149.04115156636,80018.71113465964,1193.6492249722219,81212.36035963186,50159.62052562689,381.9349297519527,4412.506599444456,54954.0620548233,709.1784115226349,839.5084284293549
0+6+12,2025-11-19,79928.51328217336,83040.38254722943,506.5306944444428,83546.91324167387,50032.02470879775,3786.9073547155454,1769.6599542027727,55588.592017716066,3896.8352317227377,784.9659666666662
0+6+12,2025-11-20,80031.24944491273,80824.76065621244,709.1502111111107,81533.91086732355,50013.18141431379,911.0911384930964,2967.38035314861,53891.652905955496,811.0574599108309,17.54624861111097
0+6+12,2025-11-21,80448.15238102777,81854.34539115397,0.0,81854.34539115397,50378.450449335425,1685.1467238160922,0.0,52063.59717315152,2100.992026792864,694.7990166666664
0+6+12,2025-11-22,87740.1436736111,83196.03147806929,0.0,83196.03147806929,55682.31085197041,-1626.037770792036,0.0,54056.27308117838,0.0,4544.1121955418375
0+6+12,2025-11-23,80628.21129075738,81493.90592382938,621.0582377222221,82114.9641615516,50651.63811172536,1500.0537526075675,2323.115173402834,54474.80703773576,1562.0008779279797,696.306244855965
0+6+12,2025-11-24,79611.34529917352,79735.22965500344,1060.9623203194417,80796.19197532287,50040.17251789865,148.50038197449655,3646.5336743825146,53835.206574255666,163.66943916323805,39.785083333333205
0+6+12,2025-11-25,91147.90188758573,83898.2681355967,399.62719166666636,84297.89532726337,58146.51881251792,-2570.6283083365975,1415.4133372645833,56991.3038414459,0.0,7249.633751989021
0+6+12,2025-11-26,86644.8476375,84913.94924111076,422.9988777777765,85336.94811888854,54636.76038224959,-462.8105127121275,1664.4296488930509,55838.379518430505,131.98086413888677,1862.8792605281224
0+6+12,2025-11-27,84173.56617059329,83862.84170221194,402.7304404027773,84265.57214261472,53015.671014311374,-92.42215354656219,1638.308108496325,54561.55696926114,18.941619444444882,329.66608782578766
0+6+12,2025-11-28,84410.42818540809,83724.37303391632,0.0,83724.37303391632,53325.23095823915,-103.79504911477767,0.0,53221.435909124375,341.4970577503477,1027.5522092421136
0+6+12,2025-11-29,94500.01237755487,88275.5337760974,0.0,88275.5337760974,60293.486779929975,-2100.2974477494927,0.0,58193.18933218048,134.51520500686013,6358.993806464331
0+6+12,2025-11-30,86612.02980336078,86786.57706507201,645.5867888888876,87432.1638539609,54528.09150747632,759.8571840123196,2870.6256607840223,58158.574352272655,844.0395242112526,669.4922624999992
0+6+12,2025-12-01,89607.5838340878,85267.47228931755,6431.534521638883,91699.00681095643,57350.70475203924,-1620.5728126564236,23222.2606469152,78952.39258629802,7.391274652777838,4347.502819423013
0+6+12,2025-12-02,93094.71983923184,88769.56968905556,5252.221343055551,94021.79103211111,59384.30963128018,-1466.5032815097952,19194.357256324292,77112.16360609468,0.0,4325.15015017627
0+6+12,2025-12-03,83444.2152079904,87157.85430127093,5459.6279805555505,92617.48228182648,52788.22402082119,3605.1445221946624,19165.93547174095,75559.30401475681,3727.822698836079,14.183605555555687
0+6+12,2025-12-04,91026.59665694443,87314.68032861795,5037.9961384027765,92352.67646702072,58375.230066314994,-1413.2893938554453,17855.031649828572,74816.97232228811,0.0,3711.916328326477
0+6+12,2025-12-05,90062.38181616942,89043.21742708332,0.0,89043.21742708332,57623.42519119494,-350.38866903433865,0.0,57273.036522160604,24.37763780555747,1043.5420268916341
0+6+12,2025-12-06,92908.07050096022,91508.18120999656,0.0,91508.18120999656,59633.548840807875,-542.7572813536461,0.0,59090.79155945423,0.0,1399.8892909636506
0+6+12,2025-12-07,94357.24878888889,88919.11384909123,4202.42009048611,93121.53393957733,60504.85948057625,-1712.5230625667111,13348.790425819185,72141.12684382872,146.80702777777776,5584.941967575443
0+6+12,2025-12-08,93801.59005937929,91639.7985471022,2932.36941946159,94572.1679665638,60064.102446411634,-730.1258995197085,9444.117533500115,68778.09408039204,0.35013194444445617,2162.1416442215395
0+6+12,2025-12-09,93239.44545294924,90849.07216663238,2648.270354180553,93497.34252081293,59705.38459184168,-665.4992568183407,9219.98649823634,68259.87183325968,78.32932083333446,2468.7026071502014
0+6+12,2025-12-10,89821.63359463305,90142.5782385139,4147.2919923353875,94289.8702308493,57398.93813734057,443.25918671950507,14851.213485415035,72693.41080947511,974.9354180555559,653.9907741747222
0+6+12,2025-12-11,94179.14626808985,91133.83110138887,1470.5853378749957,92604.41643926386,60148.7549831957,-1115.0917380086128,5202.242800111571,64235.90604529866,0.0,3045.3151667009597
0+6+12,2025-12-12,94016.03412499999,94672.63638123611,0.0,94672.63638123611,60019.313824452496,717.7015989316865,0.0,60737.01542338418,877.1207409583369,220.51848472222207
0+6+12,2025-12-13,95192.10355390946,94985.82954768518,2.8349999999999227,94988.66454768518,61188.054884982615,814.6751534286263,6.061229999999834,62008.79126841124,1113.7395553155047,1320.0135615397835
0+6+12,2025-12-14,90497.30215188614,92263.25330116597,2437.4886722222195,94700.74197338818,57588.68252979921,1583.0606822863551,9989.997236203464,69161.74044828903,1765.9511492798401,0.0
0+6+12,2025-12-15,90039.29979722222,93002.9585875,2239.4078138888863,95242.36640138889,57266.896564756666,2764.0348062739563,8679.86802370207,68710.79939473269,2963.6587902777765,0.0
0+6+12,2025-12-16,95801.65808749999,94538.34283014404,1089.679630555554,95628.02246069959,61680.4173546036,-479.9770543025885,3476.1015069833275,64676.541807284346,0.0,1263.3152573559632
0+6+12,2025-12-17,97220.33072599451,93682.3486837277,1047.043862499999,94729.3925462277,62370.70938092607,-1228.9644855841511,3460.9321762249956,64602.67707156691,0.0,3537.9820422668035
0+6+12,2025-12-18,92887.70981805556,93012.53848604253,1092.5038141460886,94105.04230018861,59583.442729849856,273.5867568508812,3571.197347682321,63428.22683438306,293.59057499999926,168.7619070130276
0+6+12,2025-12-19,92894.42441129973,94227.23640913924,0.0,94227.23640913924,59520.66351741474,1341.1725315659019,0.0,60861.83604898064,1629.9463694444441,297.13437160493845
0+6+12,2025-12-20,95913.06557083334,94813.0223733882,0.0,94813.0223733882,61865.44253032931,-448.2749409428509,0.0,61417.16758938646,0.0,1100.0431974451312
0+6+12,2025-12-21,95600.47547179356,94807.18022014078,1317.4154486111092,96124.59566875189,61165.50887588954,-27.063540310904955,4277.003733090965,65415.44906866961,351.69502612500025,1144.9902777777784
0+6+12,2025-12-22,93405.41832575446,94052.38702072669,1302.6099042083329,95354.99692493503,59986.02169557674,589.7547147008323,4194.836724734725,64770.613135012296,667.8534852499974,20.884790277778166
0+6+12,2025-12-23,95960.65628858024,93849.0781907608,814.113735930555,94663.19192669136,61491.67509099441,-665.6833599257551,2811.657401817097,63637.64913288575,36.474141666666696,2148.0522394861164
0+6+12,2025-12-24,95475.75494669066,95027.20203950617,541.8792749999973,95569.08131450617,61504.815344003975,-172.53232567827476,1686.5305347194344,63018.81355304514,1.4672541666666348,450.02016135116276
0+6+12,2025-12-25,92182.98701498628,93749.26948288751,1309.5716402777775,95058.84112316529,58721.57103572788,1565.702641379092,4489.8250742444425,64777.09875135142,1608.49434429012,42.21187638888853
0+6+12,2025-12-26,94330.62044456447,94767.00727926954,0.0,94767.00727926954,60332.771462718476,751.0834953699878,0.0,61083.854958088465,616.0728152777765,179.68598057269912
0+6+12,2025-12-27,96591.47707222222,96248.76968321827,0.0,96248.76968321827,61936.612187480554,263.18010003570805,0.0,62199.79228751626,360.7602430555566,703.4676320595031
0+6+12,2025-12-28,95484.59444967422,94299.21323275035,452.70800873610983,94751.92124148646,61166.47124646427,-457.5580216468143,1667.9456956097665,62376.85892042722,0.0,1185.3812169238668
0+6+12,2025-12-29,94390.03338307614,95306.7620711346,467.40148888888774,95774.16356002349,60042.588164235254,986.1291224674248,1746.8962449979108,62775.61353170059,1039.6139200029065,122.88523194444451
0+6+12,2025-12-30,95561.99241013374,93190.34062970833,690.2823499999976,93880.62297970832,61074.841536810185,-616.8691353199318,2668.1298405131847,63126.102242003435,210.2916957499998,2581.943476175412
0+6+12,2025-12-31,97649.24427940673,96523.6052946845,526.2716586944432,97049.87695337895,62406.96056641044,-264.56566709986106,1763.3922950027595,63905.78719431334,0.0,1125.6389847222222
0+6+12+18,2025-02-01,88119.34509089505,84859.4635102308,0.0,84859.4635102308,57195.55700210562,-970.9108976632942,0.0,56224.64610444233,365.9054484166676,3625.787029080934
0+6+12+18,2025-02-02,93028.6246420439,90635.93465600326,13.789651388888615,90649.72430739214,58839.060400709204,-790.4533593078461,85.85586733194285,58134.4629087333,10.529212500000085,2403.2191985406403
0+6+12+18,2025-02-03,95577.53221666666,90820.03911766119,145.0575666666663,90965.09668432786,60558.444441050415,-1702.5046675236167,662.632126316665,59518.57189984347,0.0,4757.493099005482
0+6+12+18,2025-02-04,97688.50120833333,93310.4366159465,74.05790972222232,93384.49452566872,62482.35854711139,-1645.6934246868423,245.02853587638913,61081.69365830094,0.0,4378.064592386833
0+6+12+18,2025-02-05,92788.15158477366,91991.95646815843,23.015093055555383,92014.97156121398,58875.31532150251,-206.51790249834195,106.45277440972183,58775.250193413885,163.77588677983914,959.9710033950644
0+6+12+18,2025-02-06,98234.56463472222,91735.57690343054,19.80902916666605,91755.3859325972,62695.27143961862,-2451.7770215791506,105.75077096249674,60349.245189001966,0.0,6498.987731291664
0+6+12+18,2025-02-07,94474.5442013203,89901.90520296639,0.0,89901.90520296639,60119.248691742076,-1626.4567361442014,0.0,58492.79195559787,53.46306111111119,4626.10205946502
0+6+12+18,2025-02-08,86053.73136680367,87124.67730954441,0.0,87124.67730954441,53787.067046554046,1191.6229269443818,0.0,54978.689973498425,1084.1481566296345,13.202213888888991
0+6+12+18,2025-02-09,93438.11954583332,92386.13786701114,11.187437499999874,92397.32530451115,59142.627602440276,-385.3278125346384,54.49400806249938,58811.79379796814,8.91313318055552,1060.8948120027458
0+6+12+18,2025-02-10,88797.01672916667,84508.2007114676,151.4405708333329,84659.64128230093,55779.44379949264,-137.81221030209372,508.281990461109,56149.91357965166,1944.6964523148172,6233.512470013889
0+6+12+18,2025-02-11,89709.45243739712,85449.62726083677,26.767397222222364,85476.394658059,56788.813061771376,-1650.290985750881,80.08914917152887,55218.61122519203,0.0,4259.825176560355
0+6+12+18,2025-02-12,89798.25652916667,85333.01566718108,28.647269444444646,85361.66293662552,56577.33935887,-1566.614696357432,155.23457065555658,55165.95923316813,0.0,4465.240861985592
0+6+12+18,2025-02-13,84413.83668112141,81527.66563798473,66.78221527777774,81594.4478532625,52476.753799738784,-759.7272421576092,326.5592478062498,52043.58580538742,286.45314654165986,3172.624189678322
0+6+12+18,2025-02-14,86991.25089624485,85736.54160952126,0.0,85736.54160952126,54265.70464703727,-21.70960378170753,0.0,54243.99504325556,495.0159926097428,1749.725279333333
0+6+12+18,2025-02-15,88422.08587558298,83805.73945798867,0.0,83805.73945798867,55138.20110624938,-1513.3648817186433,0.0,53624.836224530736,44.37350541666558,4660.719923010975
0+6+12+18,2025-02-16,89879.89245833334,83801.02527916667,268.1847055555547,84069.20998472223,56428.057626723064,-2147.470957667846,1012.2823372569407,55292.86900631216,0.0,6078.867179166664
0+6+12+18,2025-02-17,88991.23042054183,80961.84875841906,157.91494444444356,81119.7637028635,55375.26212020045,-2567.1104138075425,696.7107300124959,53504.862436405405,68.62953600000014,8098.011198122775
0+6+12+18,2025-02-18,80245.56908545953,81435.99999050445,301.8180861111103,81737.81807661556,49840.35739805133,947.1704721593311,1300.7139293062455,52088.24179951691,1190.4309050449242,0.0
0+6+12+18,2025-02-19,80409.07311854167,80919.4948465252,343.0774361111122,81262.5722826363,50033.709591020786,579.558092485111,1357.6640910382032,51970.9317745441,634.9586224279872,124.53689444444376
0+6+12+18,2025-02-20,82982.23160555554,81029.66057940004,248.9438604444416,81278.60443984448,51200.40037852764,159.86352240169555,1217.1242083283864,52577.38810925773,857.4892763888886,2810.0603025444075
0+6+12+18,2025-02-21,81458.35216886146,81388.57461822702,0.0,81388.57461822702,50441.974697659054,805.4290466743413,0.0,51247.403744333395,1059.3173182613182,1129.09486889575
0+6+12+18,2025-02-22,82861.7819963306,82095.02962389163,0.0,82095.02962389163,51355.34566039165,8.399303159078443,0.0,51363.74496355073,399.5547549444427,1166.307127383404
0+6+12+18,2025-02-23,81499.8173694357,79501.71428160991,488.6535541666667,79990.36783577657,50309.29988660493,-650.2621610686031,1698.3597923479178,51357.397517884245,113.22942916666582,2111.332516992454
0+6+12+18,2025-02-24,77687.16165975652,78671.62290579561,246.8344291666665,78918.45733496228,48372.990414610875,855.4416601697018,1254.6661389666651,50483.09821374724,1493.5143157407329,509.05306970164486
0+6+12+18,2025-02-25,80016.396157,75312.735512625,238.79795555555498,75551.53346818055,49376.61836458574,-1436.6671469053686,1030.773067882637,48970.724285563,235.6990198731168,4939.3596642481125
0+6+12+18,2025-02-26,74051.09401884432,76166.24808798012,452.0842848333307,76618.33237281344,45205.11981803728,1973.2965737827526,1885.561164042155,49063.97755586219,2115.1540691358014,0.0
0+6+12+18,2025-02-27,75170.60503609396,75106.89297904665,357.1522402777762,75464.04521932443,46122.355418703264,386.27230600736283,1721.4769540944376,48230.104678805066,501.1779290637901,564.889986111111
0+6+12+18,2025-02-28,75439.08500819615,76686.72445845335,0.0,76686.72445845335,46068.35556438651,1258.9365682540106,0.0,47327.29213264052,1372.211954423867,124.57250416666739
0+6+12+18,2025-03-01,85886.78376817558,79079.10228212603,0.0,79079.10228212603,53645.69125830758,-1911.3832457123358,0.0,51734.30801259525,673.0889761145339,7480.77046216409
0+6+12+18,2025-03-02,83098.92063782646,83818.9507122428,265.42439027777573,84084.37510252059,51454.98184984361,1150.7759966972396,1354.338104460405,53960.09595100125,1057.8352285829985,337.80515416666674
0+6+12+18,2025-03-03,84687.21983693415,81345.67569943416,432.5647361111082,81778.24043554526,52378.704395007866,-155.42878170902267,2052.6238965194293,54275.89950981827,975.1530041152294,4316.697141615225
0+6+12+18,2025-03-04,75875.0880087963,77704.95146787705,764.4641777777762,78469.41564565482,46697.9282085675,1809.708784119718,2644.163157353466,51151.80015004069,1829.8634590807599,0.0
0+6+12+18,2025-03-05,79361.90970108024,76304.61609573028,268.4359402777768,76573.05203600806,48820.09861461712,-926.4158651486375,1188.1965316763844,49081.879281144866,104.20713333333197,3161.500738683302
0+6+12+18,2025-03-06,75184.81234478738,75498.91808203018,276.75802361111096,75775.6761056413,45896.528776106454,517.1737617633443,1181.3165084048621,47595.019046274654,579.7129914094605,265.6072541666665
0+6+12+18,2025-03-07,80665.62344683951,76755.68321503224,0.0,76755.68321503224,49915.97464325587,-1370.1483606718502,0.0,48545.82628258402,0.0,3909.940231807268
0+6+12+18,2025-03-08,74667.39066155556,74751.71505434912,0.0,74751.71505434912,45423.24962275214,769.4081581037599,0.0,46192.6577808559,1010.9141169019244,926.5897241083677
0+6+12+18,2025-03-09,78776.92993561385,73208.60903389798,324.35670972222397,73532.96574362021,48031.334328236466,-773.3418413974173,1507.9400993416739,48765.93258618072,1218.2594610756234,6786.580362791491
0+6+12+18,2025-03-10,75618.67998619686,76684.4206525698,461.80177204166415,77146.22242461146,45806.47483454832,1282.4477447713416,1722.8333574037492,48811.755936723406,1141.770433039608,76.02976666666666
0+6+12+18,2025-03-11,67295.29892289094,73422.55303380985,333.76843611110974,73756.32146992096,41139.86259954247,6202.959083442991,1355.1492551999957,48697.97093818546,7478.905358484053,1351.6512475651548
0+6+12+18,2025-03-12,76704.06132381687,71759.6485089009,291.02016111111055,72050.668670012,46917.764934709,-849.5903011528246,1043.0292438729155,47111.203877429085,979.5872048885475,5924.000019804524
0+6+12+18,2025-03-13,77226.19892273663,77835.63373755144,370.86427638888836,78206.49801394033,47010.08733776506,851.8247218765408,1597.4006844173587,49459.31274405895,842.2590925925949,232.82427777777798
0+6+12+18,2025-03-14,69835.21597866941,70347.74603308315,0.0,70347.74603308315,42585.445959391436,1031.9506428636698,0.0,43617.3966022551,1104.1532785665333,591.6232241527841
0+6+12+18,2025-03-15,76397.8108736111,77273.90135133435,9.053333333333399,77282.95468466768,46364.323227578745,2750.7634444647288,19.356026666666803,49134.44269871014,3290.4491860908797,2414.3587083676243
0+6+12+18,2025-03-16,73950.30933283607,73543.32663530555,204.67620833333206,73748.00284363888,45267.20287668891,351.1021022632307,863.4022733534669,46481.70725230561,1274.223943055556,1681.206640586076
0+6+12+18,2025-03-17,69398.40242787672,66002.08122129235,441.52589583333247,66443.60711712568,41471.651184979,-118.21587613234567,1947.3722283416614,43300.80753718832,913.4620605967025,4309.783267181071
0+6+12+18,2025-03-18,77869.01376249999,72197.29053968964,128.53497222222143,72325.82551191185,47806.30926222612,-1692.8632626110475,422.7471633319424,46536.19316294701,242.4489930555555,5914.172215865909
0+6+12+18,2025-03-19,65079.80081210562,68799.59692920095,575.3262124999984,69374.92314170096,39688.72530978568,3740.927277729403,1522.3664960263818,44952.01908354147,4186.18205137175,466.3859342764113
0+6+12+18,2025-03-20,73066.57028628257,68099.565556893,1231.3228375000003,69330.888394393,44567.43859362263,-1114.7374915273772,4629.188577881252,48081.889679976506,999.2055175411556,5966.210246930722
0+6+12+18,2025-03-21,71126.58986886145,64878.73104998285,0.0,64878.73104998285,42828.035939267036,-1452.623615649456,0.0,41375.41232361758,537.2229222222207,6785.081741100827
0+6+12+18,2025-03-22,73772.56041689197,70548.32518743382,9.078333333333376,70557.40352076715,45145.8645317483,-847.8366217453752,19.409476666666755,44317.4373866696,332.95756109395984,3557.1927905521197
0+6+12+18,2025-03-23,74245.14979837104,69969.62101867283,265.8030069444437,70235.42402561728,45295.170284286534,-1543.5913729285335,1206.0201286166628,44957.599039974666,0.0,4275.528779698216
0+6+12+18,2025-03-24,69847.76149471878,67668.11078686832,315.2074555555547,67983.31824242388,42113.36804215893,-102.36540883291815,883.8966615340237,42894.899294860035,587.7736111652933,2767.424319015776
0+6+12+18,2025-03-25,77017.58165118314,68333.05714014059,551.2746944444436,68884.33183458503,47006.19304728956,-2693.4306219469745,2174.3268648916646,46487.08929023425,170.69629092935455,8855.22080197188
0+6+12+18,2025-03-26,67186.71854492456,64542.38615826475,300.86782916666556,64843.25398743142,40700.17822400459,-601.467834775547,1041.5564338624952,41140.26682309154,322.3178166666679,2966.6502033264724
0+6+12+18,2025-03-27,70489.69490859054,66219.25755651577,625.6221513888873,66844.87970790466,42817.80347551008,-887.4450132844169,2318.090392533327,44248.44885475899,655.0267875000019,4925.464139574762
0+6+12+18,2025-03-28,68361.37539999999,65131.29764284911,0.0,65131.29764284911,41642.791896256254,-730.9032354441762,0.0,40911.88866081208,544.2092053491054,3774.2869625000026
0+6+12+18,2025-03-29,63013.482554166665,62128.04825265278,0.0,62128.04825265278,38027.36281387265,281.3674242349906,0.0,38308.73023810764,672.1099790416672,1557.544280555559
0+6+12+18,2025-03-30,68798.59212110768,61880.7963189472,895.3223916666652,62776.11871061387,41197.41459106524,-2017.8705137554616,3661.825648786803,42841.36972609658,0.0,6917.795802160488
0+6+12+18,2025-03-31,60270.450690997954,63790.399804441025,573.7981666666666,64364.19797110769,36289.43373263633,4878.808966545661,2097.3394435277764,43265.58214270977,6508.403870061724,2988.4547566186534
0+6+12+18,2025-04-01,72096.25897746913,68761.40853137859,528.5061631858662,69289.91469456446,42830.40045412492,-437.59308570948633,1820.3349816990012,44213.14235011444,728.8717630315439,4063.7222091220815
0+6+12+18,2025-04-02,69617.64484861112,69284.74344876542,606.5398027777765,69891.2832515432,41669.26945208431,930.0550908464443,2428.3404409416617,45027.66498387241,1264.7450696844983,1597.64646953018
0+6+12+18,2025-04-03,70415.4100060871,65249.24767145062,423.08284583333227,65672.33051728395,42874.12998175607,-1764.012751964608,1450.2787301208305,42560.3959599123,0.0,5166.16233463649
0+6+12+18,2025-04-04,62029.23326944445,59788.043884819446,0.0,59788.043884819446,37208.94934368583,-675.3991170855196,0.0,36533.55022660031,36.462241763892266,2277.651626388886
0+6+12+18,2025-04-05,62350.3926875,62581.6733808858,0.0,62581.6733808858,36988.97235171514,696.8589939118687,0.0,37685.83134562701,735.8000938487643,504.5194004629659
0+6+12+18,2025-04-06,66337.77573630109,63187.905939369,350.1758180555547,63538.08175742455,39109.4796093865,-112.66710364883886,1464.7576417777743,40461.570147515435,656.3741000000016,3806.2438969321042
0+6+12+18,2025-04-07,59095.17369305555,60539.78676159122,529.2146736111106,61069.00143520233,34905.02338476166,2126.639969273543,1860.1554729972197,38891.818827032424,1921.453204938271,476.84013640260935
0+6+12+18,2025-04-08,67052.59339862826,62756.940823251025,500.0532430555541,63256.99406630658,40327.15284023147,-1183.1868191307226,2138.455311612494,41282.421332713246,162.31922916666656,4457.971804543891
0+6+12+18,2025-04-09,66307.37138127572,66507.70183516805,514.538365277776,67022.24020044583,39537.70534853361,422.8790477905346,2012.0700782444383,41972.65447456858,1017.0932232681755,816.7627693758538
0+6+12+18,2025-04-10,64586.644043998625,62239.48327623456,854.8977252361116,63094.381001470676,39029.75446180507,-629.0454035959033,3748.411480090277,42149.12053829944,540.9391152777769,2888.0998830418357
0+6+12+18,2025-04-11,53976.87837415981,55843.137512359914,0.0,55843.137512359914,32305.900017251544,1813.719237803921,0.0,34119.61925505546,1962.0388839305574,95.77974573045242
0+6+12+18,2025-04-12,68675.73529702777,62956.182432098765,0.0,62956.182432098765,40902.72887173429,-1822.8926511270797,0.0,39079.83622060721,0.0,5719.552864929012
0+6+12+18,2025-04-13,61612.38380277778,61306.444395652776,591.7260484027722,61898.17044405555,36430.07634795806,200.5622800947298,2368.71919347302,38999.35782152581,337.54064800188854,643.4800551268901
0+6+12+18,2025-04-14,64294.799384773665,58152.108916632365,1118.9095125555543,59271.01842918792,38654.6466874452,-2181.2261271677503,4183.628186744998,40657.04874702245,0.0,6142.6904681412925
0+6+12+18,2025-04-15,56668.82697443415,57651.96906534636,561.3863375000022,58213.35540284636,33414.71552853981,1777.6723343432864,2737.7821558368205,37930.170018719924,1761.5621986968463,778.4201077846366
0+6+12+18,2025-04-16,62858.396338117294,62868.67797151921,498.07701111110805,63366.754982630315,36651.55557722117,1719.0583021632099,1939.6180925034569,40310.231971887835,1880.0977382716023,1869.816104869685
0+6+12+18,2025-04-17,57352.08148966049,59921.60425687585,392.11760555555486,60313.721862431405,34557.116513232875,2226.6911108911518,1624.6199253326358,38408.42754945666,3588.434604509602,1018.9118372942406
0+6+12+18,2025-04-18,58145.672197719476,58518.85196473337,0.0,58518.85196473337,34401.17278723418,395.70034031182433,0.0,34796.873127546,373.1797670138901,0.0
0+6+12+18,2025-04-19,62596.839586111106,61661.658375,0.0,61661.658375,36583.35513290028,1332.656208332293,0.0,37916.01134123257,1733.5727444444449,2668.753955555552
0+6+12+18,2025-04-20,58487.95133515089,59119.81782147274,521.0018430555549,59640.819664528295,34768.25460550373,805.0622371418538,1780.054134418749,37353.37097706433,692.5058487361113,60.63936241425819
0+6+12+18,2025-04-21,60982.75898050412,54770.181966083335,1073.515472222221,55843.69743830556,36166.0139648341,-1560.2628118263722,3917.3909738048583,38523.142126812585,252.15973552777774,6464.73674994856
0+6+12+18,2025-04-22,54952.626122222224,58140.99610510974,719.6246347222219,58860.62073983196,32538.82527213611,2944.0803541971004,2843.995993965973,38326.901620299184,3503.8144955418393,315.4445126543189
0+6+12+18,2025-04-23,53175.259115740744,57573.00379969136,861.3547291666665,58434.35852885803,31632.802345371252,3519.773823610466,2863.341693359028,38015.91786234074,4397.74468395062,0.0
0+6+12+18,2025-04-24,55567.51204228395,55406.824921262,735.6448236111106,56142.46974487311,32897.232980606335,1025.601498796502,2700.263612429163,36623.098091832,1300.4683795953383,1461.155500617285
0+6+12+18,2025-04-25,54497.30066502058,54228.05366582647,0.0,54228.05366582647,32946.759809725554,-137.20578268355587,0.0,32809.554027041995,0.0,269.2469991941043
0+6+12+18,2025-04-26,54657.82681421468,54487.263032185016,0.0,54487.263032185016,32850.360323688816,631.9416935815561,0.0,33482.30201727037,806.96403875223,977.5278207818945
0+6+12+18,2025-04-27,55117.337919393,56685.3198644033,775.9437611111082,57461.2636255144,32854.43815284537,1379.948923569149,3024.0776654847077,37258.464741899224,1770.5860575102938,202.60411250000016
0+6+12+18,2025-04-28,65552.98615468107,64197.22816308299,464.1753861111102,64661.4035491941,38499.28895091507,-301.30792404227725,1820.2392702527752,40018.22029712557,238.64365694444461,1594.401648542523
0+6+12+18,2025-04-29,56892.8872409465,55857.144638734564,284.0406375000009,56141.185276234566,33682.10990390746,485.00889907415717,1380.4950364604233,35547.61383944204,678.6545624999992,1714.3971647119265
0+6+12+18,2025-04-30,54237.30045315501,53215.967891203705,1611.9250453472187,54827.892936550925,32536.975000339844,-412.4248224366661,5798.537117843041,37923.08729574622,0.0,1021.3325619513048
0+6+12+18,2025-05-01,56878.97608113855,56161.7440180384,2974.593305555556,59136.33732359396,34015.53594333657,-70.78060186792953,13621.691411956252,47566.44675342488,259.6896236111086,976.9216867112552
0+6+12+18,2025-05-02,67566.18369221536,66346.62428424212,0.0,66346.62428424212,39949.1259317783,-389.4270321484117,0.0,39559.69889962988,0.0,1219.5594079732464
0+6+12+18,2025-05-03,64054.707585631,61107.980681371395,18.39166666666665,61126.372348038065,37846.35748467524,-827.5823422742715,39.3213833333333,37058.096525734305,10.924293305559559,2957.651197565159
0+6+12+18,2025-05-04,61002.92474288408,54508.24650833334,3599.938193055554,58108.18470138889,36014.566369109525,-1775.071638129068,15041.49261594166,49280.98734692211,0.0,6494.67823455075
0+6+12+18,2025-05-05,61804.26269583333,59048.49421012997,2927.5653858472206,61976.05959597719,37144.13812852555,-1117.1884440485144,13348.932667230862,49375.88235170789,59.024444972222454,2814.792930675582
0+6+12+18,2025-05-06,54016.80815768176,55725.50282332715,3257.142817678323,58982.645641005474,32239.151186410912,1583.3580388502814,14321.305091362454,48143.81431662365,2406.5415003676153,697.8468347222224
0+6+12+18,2025-05-07,57379.658421827844,59002.396625651585,2478.544140277776,61480.940765929365,34577.19480287672,1116.0546728057504,11603.229259211104,47296.47873489358,1622.7382038237406,0.0
0+6+12+18,2025-05-08,63988.10440763889,60976.766753275035,2563.912005513887,63540.67875878892,37049.08612766284,-494.2875883112876,12662.367467316564,49217.16600666812,347.77187172496906,3359.1095260888214
0+6+12+18,2025-05-09,67222.95466111111,60173.06918185871,0.0,60173.06918185871,39324.73821788423,-1735.1350290274092,0.0,37589.603188856825,228.57877769204754,7278.464256944446
0+6+12+18,2025-05-10,65814.28531575171,64428.66028699502,0.0,64428.66028699502,38630.12569834241,790.9413250839275,0.0,39421.06702342634,1229.8427152777772,2615.4677440344626
0+6+12+18,2025-05-11,62487.65549862826,59874.54077901234,2052.465036111109,61927.005815123455,36479.486315735914,-44.31479266726541,10085.667335720129,46520.838858788775,675.6016446330563,3288.716364248976
0+6+12+18,2025-05-12,55144.78056634088,56944.458240363514,1800.637231944443,58745.095472307956,32674.6078298052,2619.03571258931,8286.12391171319,43579.76745410771,3004.4092823216633,1204.7316082990378
0+6+12+18,2025-05-13,64193.24975903636,58930.98871630658,1400.9049402777769,60331.893656584354,37576.25903424274,-885.9762384472631,6866.472400150689,43556.75519594617,567.7905359739359,5830.0515787037075
0+6+12+18,2025-05-14,62934.70256371741,59350.165822530864,1046.2910666666653,60396.45688919753,37946.63764841246,-1077.579279890099,4321.876252302773,41190.93462082514,216.58167865226307,3801.118419838818
0+6+12+18,2025-05-15,61727.06308238597,59592.25985862054,801.9433958333332,60394.203254453874,37891.92488885002,-233.02807289278604,2986.896807520835,40645.79362347807,1275.8113905864197,3410.6146143518486
0+6+12+18,2025-05-16,58624.71018022976,55862.71534934842,0.0,55862.71534934842,35814.68957221355,-941.0189350412049,0.0,34873.67063717235,0.0,2761.9948308813446
0+6+12+18,2025-05-17,66944.41583497942,64260.29124687928,3.5616666666666106,64263.85291354595,39976.99841816776,-857.6235403030201,7.614843333333213,39126.98972119807,0.0,2684.1245881001414
0+6+12+18,2025-05-18,66581.20434609053,62726.32216071672,669.8527416666673,63396.17490238339,39295.32269802845,-1071.208426719837,2071.3332378520936,40295.44750916071,0.0,3854.8821853738064
0+6+12+18,2025-05-19,60458.33473009258,56575.82509849108,577.9911589027791,57153.81625739385,35817.86618033819,-567.4995862201697,2893.1304950329913,38143.49708915102,325.31579305555533,4207.825424657063
0+6+12+18,2025-05-20,60081.12863000685,61332.712788734556,704.2805180555549,62036.99330679011,35795.31404342114,1336.761242072291,3255.530131639579,40387.60541713301,1253.5333942729753,1.9492355452663332
0+6+12+18,2025-05-21,56422.014095833336,58815.95328762004,791.2407347222207,59607.19402234226,34221.823668172496,2595.8159982421053,3068.6183357486116,39886.25800216322,3156.5469254801114,762.6077336934113
0+6+12+18,2025-05-22,59421.81919711934,58905.26711176269,484.3985347222209,59389.66564648491,36093.91879178134,-123.5497144167295,1950.0322425354125,37920.40131990002,0.0,516.55208535665
0+6+12+18,2025-05-23,63570.34636205419,62466.82582361111,0.0,62466.82582361111,37696.26427789373,1251.2843513726286,0.0,38947.548629266355,1521.8155501028752,2625.3360885459506
0+6+12+18,2025-05-24,58060.20598655693,57911.58516123114,0.0,57911.58516123114,35313.84194253221,17.130703223987357,0.0,35330.9726457562,128.18257407407384,276.80339939985873
0+6+12+18,2025-05-25,60669.01960044582,57153.633771554014,784.1117555555545,57937.74552710957,36059.12918041958,-650.6054623420725,3054.790703284718,38463.31442136223,140.3027828194445,3655.688611711246
0+6+12+18,2025-05-26,58609.760960833344,61859.872295881345,655.1411749999993,62515.01347088134,35486.95815745645,2638.8269785004186,2172.392065344441,40298.17720130131,3250.1113350480114,0.0
0+6+12+18,2025-05-27,55451.56172422839,56720.76788990055,899.4505039137518,57620.2183938143,33875.86559077653,2073.590017271199,3622.2079127254588,39571.66352077319,3084.579889797673,1815.3737241255158
0+6+12+18,2025-05-28,63549.789158333326,61954.48569042335,410.5166958333319,62365.00238625668,37681.499381388334,-102.89329310801115,1605.6668060430507,39184.272894323374,269.99552679166527,1865.298994701641
0+6+12+18,2025-05-29,62916.784580555555,62153.59551527777,569.5355385581282,62723.131053835896,37480.36232930361,451.27327446627055,2418.9561518265978,40350.59175559648,919.6180655864168,1682.8071308641984
0+6+12+18,2025-05-30,66646.06882193072,61077.429710150216,0.0,61077.429710150216,40026.055726345294,-1388.5906418468826,0.0,38637.46508449841,50.52572105555794,5619.164832836066
0+6+12+18,2025-05-31,69797.36170756191,63734.279835768175,92.18666666666661,63826.46650243484,42596.07734491127,-2109.879874641292,197.0950933333332,40683.2925636033,0.0,6063.081871793727
0+6+12+18,2025-06-01,77486.23261153977,71518.56216707818,6366.802818944439,77885.36498602263,46998.38924965395,-2162.8833111586146,25595.699057815422,70431.20499631076,0.0,5967.67044446159
0+6+12+18,2025-06-02,78592.40225720164,67535.60126117969,6800.547169444441,74336.14843062413,48260.47510426074,-3580.5108110635915,25997.45132189582,70677.41561509296,9.509875360078581,11066.31087138203
0+6+12+18,2025-06-03,72622.79730246913,70909.54162755486,5437.956777777771,76347.49840533263,44037.608896413454,489.6637911950975,21686.235377470803,66213.50806507935,1144.7854666666667,2858.041141580932
0+6+12+18,2025-06-04,83198.84251411179,70177.99915094412,5605.7670335416615,75783.76618448578,51386.97735131832,-2274.0432081616746,20458.65764177592,69571.59178493256,3361.0496028988427,16381.892966066533
0+6+12+18,2025-06-05,72825.79362777778,71951.62847838135,5842.813447222218,77794.44192560356,43704.174580889994,381.5346278315319,23153.744882389565,67239.4540911111,559.8417777777795,1434.0069271742077
0+6+12+18,2025-06-06,79628.52967139918,75933.87164965535,0.0,75933.87164965535,49333.56750772628,-1163.9251724266492,0.0,48169.64233529963,226.88461111111098,3921.5426328549343
0+6+12+18,2025-06-07,85003.1275361111,76910.79989861112,76.18833333333339,76986.98823194446,52924.06728450695,-2468.8756613808355,162.89065666666679,50618.08227979278,453.1898166666656,8545.51745416667
0+6+12+18,2025-06-08,69946.47271879287,66994.43748384775,4641.792744032917,71636.23022788067,42129.12407522593,-21.59600782317247,17865.393102292648,59972.92116969541,1037.2436525548756,3989.278887499998
0+6+12+18,2025-06-09,78259.56910694444,73003.4747930679,4230.9514999999965,77234.4262930679,48380.861510814306,-1823.0717062173937,16036.165135161096,62593.95493975801,0.0,5256.094313876538
0+6+12+18,2025-06-10,73820.43095905348,73283.12330016667,4341.897513888886,77625.02081405556,44995.50615745527,404.53964508135795,15420.541471418735,60820.58727395536,816.4521088772265,1353.7597677640547
0+6+12+18,2025-06-11,79691.15208255556,79021.75630193416,3430.1610955833294,82451.91739751749,49966.142437571594,55.22788701832853,13461.460785260015,63482.83110984994,414.5408088333328,1083.9365894547286
0+6+12+18,2025-06-12,78673.60630705573,77791.04320641683,1778.8630430555536,79569.90624947238,48805.657965998544,-335.96799723909453,7011.844116018047,55481.53408477749,0.0,882.5631006388892
0+6+12+18,2025-06-13,79994.95557387001,78827.3489027109,0.0,78827.3489027109,49747.5472241083,-223.86039161110034,0.0,49523.686832497195,277.1826388888896,1444.7893100480076
0+6+12+18,2025-06-14,81583.36647510288,76563.7979978738,0.0,76563.7979978738,50102.03687424838,-1596.0982294321236,0.0,48505.938644816255,0.0,5019.568477229081
0+6+12+18,2025-06-15,74060.52272530863,75543.24011347737,1880.198371513889,77423.43848499126,45586.360339589744,1158.3831624193322,7586.035489768325,54330.778991777406,1625.0611923353952,142.34380416666613
0+6+12+18,2025-06-16,77128.49310487055,77240.91467563443,1951.7085570301756,79192.6232326646,47576.792072344644,245.62607680169532,7879.6121960298915,55702.03034517623,298.5239624305562,186.10239166666656
0+6+12+18,2025-06-17,79622.7243907236,80281.88597712619,1623.2650527777766,81905.15102990397,49375.975300139144,1103.5273450683635,6560.547116658328,57040.04976186584,1258.3155030006913,599.1539165980842
0+6+12+18,2025-06-18,80450.63267726336,78733.56958281892,828.3147402777767,79561.8843230967,49720.07210540546,9.712828612549401,3281.6050258562454,53011.38995987426,801.678216666667,2518.7413111111105
0+6+12+18,2025-06-19,76722.21620713305,74150.76733854596,1702.687947222219,75853.45528576818,47099.33845856865,708.5786445329421,7130.638856175683,54938.55595927728,1982.2771658436204,4553.726034430725
0+6+12+18,2025-06-20,79129.75719166666,76466.80156358916,0.0,76466.80156358916,48892.872138098195,-939.171339571041,0.0,47953.700798527156,0.0,2662.955628077507
0+6+12+18,2025-06-21,74439.13286454475,74304.21379848919,0.0,74304.21379848919,46099.379105740074,58.91835024149085,0.0,46158.29745598156,118.86148194444436,253.78054800000086
0+6+12+18,2025-06-22,74614.80203070988,74258.41117620026,1011.7990411250053,75270.21021732526,45246.94207042754,2065.2952633424134,4065.100473086628,51377.33780685658,2279.1544628943752,2635.545317403979
0+6+12+18,2025-06-23,75223.3038210048,74998.72912943775,742.8221174039811,75741.55124684173,46896.41896422555,-14.75497940573377,3086.794550045368,49968.45853486519,59.15370973610653,283.7284013031517
0+6+12+18,2025-06-24,86969.06232222222,84455.6908942387,853.0861662222228,85308.77706046091,54768.40132967834,-900.0022743119181,3114.5041072235067,56982.90316258992,0.0,2513.371427983532
0+6+12+18,2025-06-25,78263.79604879973,79241.14040925924,731.1835499999984,79972.32395925924,47993.56111466876,1597.0013901527013,3466.0244461756884,53056.586950997145,1472.5161389231798,495.171778463648
0+6+12+18,2025-06-26,75033.914878738,75696.44522402264,858.5629499999991,76555.00817402263,46730.068847253744,695.9193078792083,3766.3998082298576,51192.38796336281,850.7774758401912,188.24713055555026
0+6+12+18,2025-06-27,77699.77345468587,73043.61999336677,0.0,73043.61999336677,48971.28380499304,-1793.7281625274304,0.0,47177.55564246561,0.0,4656.1534613191025
0+6+12+18,2025-06-28,77015.7595489796,77092.96874230847,0.0,77092.96874230847,48309.75005885805,206.5039551505086,0.0,48516.25401400856,330.70616213888604,253.49696881001
0+6+12+18,2025-06-29,73693.02631476338,76366.38439245164,1344.7381166666657,77711.1225091183,45173.65292375874,3509.5222886649594,4268.752441533329,52951.92765395703,3239.79154521605,566.4334675277787
0+6+12+18,2025-06-30,79285.4096809122,78548.05325536043,776.8301833333321,79324.88343869377,49301.80118554518,142.6923085531112,2831.4936069680493,52275.987101066334,410.5015624999992,1147.857988051781
0+6+12+18,2025-07-01,70775.20626421468,71540.47175933968,11860.923757489372,83401.39551682906,43416.4019132296,623.8386644399316,43558.94328220464,87599.18385987417,765.6480854027801,0.382590277777922
0+6+12+18,2025-07-02,67650.2228138546,66463.08227016461,10208.01480269428,76671.09707285889,42084.84088049569,-438.27086433501523,38655.70665420206,80302.27667036274,0.0,1187.1405436899872
0+6+12+18,2025-07-03,76273.45844562756,75426.63915344651,9389.683968930554,84816.32312237706,47042.81696736546,-281.82079089065246,35645.66851330151,82406.66468977631,102.52980972222247,949.3491019032932
0+6+12+18,2025-07-04,69158.63011409465,70588.52315752744,0.0,70588.52315752744,42683.335017373625,2359.5580723746775,0.0,45042.8930897483,2850.3449805727023,1420.4519371399176
0+6+12+18,2025-07-05,68978.74125474966,68954.82431721536,71.99833333333322,69026.8226505487,42840.77122060036,221.80808440208565,153.93243666666643,43216.51174166912,287.7768305212569,311.6937680555572
0+6+12+18,2025-07-06,71902.84564290123,75677.56507978393,8924.770709375,84602.33578915894,45073.152680489075,3206.4559230254417,34084.76409184041,82364.37269535492,3872.680375771602,97.96093888888868
0+6+12+18,2025-07-07,72531.02130639573,69001.9966857121,8636.18996908436,77638.18665479646,44996.229903977626,-945.9466884549514,31815.74062723206,75866.02384275473,146.78716851389333,3675.811789197542
0+6+12+18,2025-07-08,76781.82174893467,72193.44556284294,8272.19010880555,80465.63567164849,47633.480596974565,-1292.1486462139771,31745.83092889312,78087.16287965371,54.43688750000041,4642.813073591735
0+6+12+18,2025-07-09,78082.9642832735,74013.65376505487,6474.763839152773,80488.41760420764,48072.625893421966,-1214.3712061275983,24514.879140012104,71373.13382730648,72.13955972222254,4141.45007794084
0+6+12+18,2025-07-10,72653.73455240055,71995.26955912208,6364.123832611106,78359.39339173319,45354.84654560216,197.35212426997796,22828.632181308018,68380.83085118016,280.83896249999964,939.3039557784665
0+6+12+18,2025-07-11,82500.77338700273,80385.15563343621,0.0,80385.15563343621,51568.33366439269,-758.3531463360098,0.0,50809.98051805668,0.0,2115.617753566532
0+6+12+18,2025-07-12,74326.77625390947,78729.7992236111,0.0,78729.7992236111,46716.17184135709,3749.070923138309,0.0,50465.2427644954,4403.022969701646,0.0
0+6+12+18,2025-07-13,81053.87048611112,74508.99546819273,2175.085945791664,76684.0814139844,51708.84923792083,-2413.6051076211093,8281.901355317801,57577.145485617526,0.0,6544.875017918381
0+6+12+18,2025-07-14,76905.95713299038,74063.00151040808,3403.9676967789733,77466.96920718705,47590.88595057411,-523.1364228908576,13738.843976940469,60806.59350462373,217.72414118656081,3060.6797637688614
0+6+12+18,2025-07-15,80852.39769022634,76004.66979434156,2883.3641305555557,78888.03392489711,50196.46993296273,-1314.1467305892827,10521.194148108334,59403.51735048179,0.0,4847.727895884773
0+6+12+18,2025-07-16,78696.06399314129,76655.6932125,2803.6046388888853,79459.29785138888,49918.53831477881,-511.068186226568,9172.341524069434,58579.811652621676,434.7687460047958,2475.1395266460895
0+6+12+18,2025-07-17,76551.2359717421,77530.55746503771,1989.646537902775,79520.20400294049,47927.07174141104,1716.368972914739,7842.441971178869,57485.88268550465,1720.7269224622792,741.4054291666698
0+6+12+18,2025-07-18,87688.2898623611,82102.6875021262,0.0,82102.6875021262,55269.34501048217,-1839.717638839251,0.0,53429.62737164291,192.9777501388901,5778.580110373808
0+6+12+18,2025-07-19,85966.58794741082,76852.75359293552,31.36500000000001,76884.11859293553,54792.8608084768,-1836.5433899290892,67.05837000000001,53023.37578854771,1907.9113763202918,11021.745730795601
0+6+12+18,2025-07-20,82803.5431202332,80418.64865272633,729.0608480833323,81147.70950080967,51447.52577254801,-505.0655027574104,2984.944617988511,53927.404887779114,218.58571249999937,2603.4801800068594
0+6+12+18,2025-07-21,83516.54322750343,81696.65948712276,938.4234736111116,82635.08296073387,52399.5388540314,-38.567639632383816,3422.2245941694464,55783.19580856847,804.2326151234543,2624.116355504111
0+6+12+18,2025-07-22,79877.80577601166,82445.05270845335,1058.4264569787342,83503.47916543209,50326.46454571407,5234.558285636764,3853.2985212821377,59414.32135263297,6983.161381494853,4415.914449053153
0+6+12+18,2025-07-23,89721.84156742113,81167.67160416837,1072.5275208333333,82240.1991250017,56995.01430864399,-2851.481136921043,4034.5728368749974,58178.10600859795,0.0,8554.169963252745
0+6+12+18,2025-07-24,89667.02516402779,83389.04499079217,400.7955496388875,83789.84054043106,57015.878978775465,-2114.993217513997,1385.9537740917583,56286.839535353225,0.0,6277.980173235598
0+6+12+18,2025-07-25,79848.3866682956,80695.32412614884,0.0,80695.32412614884,50427.13909206916,2082.5403434508917,0.0,52509.679435520055,3265.120690226334,2418.183232373108
0+6+12+18,2025-07-26,85690.43680402313,83673.42832367335,0.0,83673.42832367335,53607.76702978471,-482.13853830652505,0.0,53125.62849147818,180.99766250000016,2198.0061428497943
0+6+12+18,2025-07-27,82479.66959499332,82528.89132966152,648.6577736111087,83177.54910327263,51662.49551471243,1065.0956079413845,2254.7661367826286,54982.357259436445,1079.6479631404306,1030.426228472219
0+6+12+18,2025-07-28,85263.15805586247,85946.21557602708,1118.919764694446,87065.13534072154,53537.41106574297,1393.662072608341,4210.299105018215,59141.37224336953,1135.6063416666664,452.54882150205606
0+6+12+18,2025-07-29,82631.98529399863,86362.80482602882,338.52472113888814,86701.32954716771,51894.378405974465,3462.8281419077334,1438.8959117975137,56796.10245967971,3754.063511196855,23.243979166666918
0+6+12+18,2025-07-30,76546.42425138887,83611.96742556585,523.055651388888,84135.02307695473,48284.47288302389,6656.072168127333,1852.7032758409691,56793.248326992194,7065.543174176958,0.0
0+6+12+18,2025-07-31,80785.36516649519,83032.27447291873,585.7098013888883,83617.98427430762,50572.207601770075,2361.95404158212,2216.90891427222,55151.070557624415,2246.9093064235253,0.0
0+6+12+18,2025-08-01,81655.66662954389,74943.35973432785,0.0,74943.35973432785,51758.49473637194,-1755.5332833569514,0.0,50002.96145301499,555.531059825099,7267.837955041148
0+6+12+18,2025-08-02,89389.41945416667,77318.83795418381,32.52833333333331,77351.36628751714,56619.38742802681,-3824.2718537079068,69.5455766666666,52864.661150985565,0.0,12070.581499982854
0+6+12+18,2025-08-03,71927.56816580932,70730.97388098421,490.36791359739345,71221.3417945816,45746.68647859705,575.7975305076026,2086.4909370990135,48408.97494620366,1191.4488922712637,2388.043177096361
0+6+12+18,2025-08-04,76612.68390588133,73930.47240022289,699.4706972222227,74629.94309744511,49133.72202658132,-580.5786296678345,2864.9898437444467,51418.13324065794,1204.2826999142674,3886.494205572707
0+6+12+18,2025-08-05,75128.90171805557,75463.23114437587,216.8146166666662,75680.04576104254,47901.88572331786,697.815104352933,927.5739168999992,49527.274744570794,1595.7864293552834,1261.45700303498
0+6+12+18,2025-08-06,82691.23121397462,79165.44937643158,236.93902916666582,79402.38840559825,53483.85464321844,-1406.132897729042,993.6436484083295,53071.36539389773,41.419700402777494,3567.201537945809
0+6+12+18,2025-08-07,83739.63423271605,75119.35335265775,322.99518194444454,75442.34853460219,52292.183487684844,-1613.7500714047228,990.6666459097228,51669.10006218985,680.0234666666665,9300.304346724957
0+6+12+18,2025-08-08,73089.16381381944,73010.41310286266,0.0,73010.41310286266,46591.30991281286,-32.72192071974401,0.0,46558.58799209312,0.0,78.75071095678715
0+6+12+18,2025-08-09,78125.5251159808,75584.4333776749,0.0,75584.4333776749,49320.8962209851,-683.3948410409282,0.0,48637.50137994417,0.0,2541.091738305893
0+6+12+18,2025-08-10,77654.66050159466,74704.87684744514,283.6843763888896,74988.56122383403,49635.70376217485,-1036.3931099664292,951.77631749653,49551.08696970496,0.0,2949.7836541495217
0+6+12+18,2025-08-11,75758.96222791495,76393.37471268862,370.31367777777746,76763.6883904664,47453.00892419397,943.1941515151351,1318.2054810569416,49714.408556766044,822.6680266117985,188.25554183813466
0+6+12+18,2025-08-12,82040.03026709532,79604.4369164952,271.9437981666654,79876.38071466186,51497.246802356094,137.37611984553564,898.039387476826,52532.66230967845,825.8278472222227,3261.4211978223484
0+6+12+18,2025-08-13,75087.86306757544,75280.99137162208,604.7183680555531,75885.70973967762,47081.6057091245,368.5398575367909,2434.062491328461,49884.20805798976,395.6252526577528,202.49694861111004
0+6+12+18,2025-08-14,76892.6923475823,78078.74961303154,136.011943055555,78214.76155608709,49026.95707207648,1242.2676635969376,511.9247717583303,50781.14950743175,2205.8381704389612,1019.7809049897159
0+6+12+18,2025-08-15,86388.75556634087,75710.47271076817,0.0,75710.47271076817,54846.725088393214,-3486.0177057119317,0.0,51360.707382681285,0.0,10678.282855572705
0+6+12+18,2025-08-16,84234.34615317216,73202.82486277435,0.0,73202.82486277435,54073.45066844517,-3648.5915217169127,0.0,50424.85914672826,0.0,11031.521290397803
0+6+12+18,2025-08-17,79933.71047662947,74961.77124146261,323.6542319444438,75285.42547340706,49925.063173205825,-1042.8664854783146,1668.9906808159692,50551.187368543484,262.38980013888886,5234.329035305722
0+6+12+18,2025-08-18,76811.73927704047,75103.43820533264,353.37712499999924,75456.81533033264,48951.05764753921,-635.6652277734405,1604.1606517347204,49919.553071500486,0.0,1708.3010717078157
0+6+12+18,2025-08-19,76240.40384298697,75067.13920531001,447.55244861111083,75514.69165392112,48342.39736386567,-44.3745454579074,2219.979044777777,50518.00186318554,486.1112823333326,1659.3759200102947
0+6+12+18,2025-08-20,84356.84013670438,79760.86043340192,437.04437295953215,80197.90480636145,52791.75523188664,-1008.8961864195339,1778.479000249985,53561.338045717086,308.0422713888901,4904.021974691363
0+6+12+18,2025-08-21,80755.94325474967,76249.80096281087,358.4165414437593,76608.21750425463,50546.91152725481,-990.9879429041748,1313.492659423149,50869.41624377378,252.1696329583359,4758.311924897118
0+6+12+18,2025-08-22,79863.46786469477,73560.23591508917,0.0,73560.23591508917,50852.42334356604,-1745.416883627031,0.0,49107.00645993901,252.26740540123942,6555.499355006857
0+6+12+18,2025-08-23,77365.0216302469,76072.07745617285,0.0,76072.07745617285,48716.86459902268,767.9534361894704,0.0,49484.81803521215,1702.390003840876,2995.334177914945
0+6+12+18,2025-08-24,75853.48107913237,73571.68979140947,319.59675000000027,73891.28654140947,48654.05626600185,975.2503472067924,1283.2993098034717,50912.60592301211,2205.098905469823,4486.8901931927285
0+6+12+18,2025-08-25,96593.6424919067,80997.01637986969,268.3443847222221,81265.36076459191,61674.944043343356,-5270.682038426212,913.6800232145839,57317.94202813173,0.0,15596.626112037029
0+6+12+18,2025-08-26,76795.51617429696,75550.57183962621,180.28445416666654,75730.85629379288,49411.789395546635,-466.90150766046696,607.2772033840288,49552.165091270195,22.408340877916714,1267.3526755486982
0+6+12+18,2025-08-27,77686.73207078189,79798.88979495884,131.60052222222134,79930.49031718106,49737.379655208824,3341.8707535081594,512.274056209719,53591.5244649267,4219.176418004123,2107.0186938271654
0+6+12+18,2025-08-28,76939.87386064815,80023.39269302125,730.5671152777769,80753.95980829903,48200.70474060334,3748.73632712281,3001.425934999301,54950.86700272545,3301.6746962620055,218.1558638888888
0+6+12+18,2025-08-29,87054.46019086076,78058.64145677298,0.0,78058.64145677298,55431.336063619776,-2554.033316072372,0.0,52877.3027475474,426.3587027777777,9422.177436865566
0+6+12+18,2025-08-30,82762.11102230794,74607.78096702675,0.0,74607.78096702675,52886.63803422305,-2454.9030674851665,0.0,50431.73496673788,0.0,8154.330055281211
0+6+12+18,2025-08-31,76092.84806819275,76030.82308972908,595.2508944444431,76626.07398417352,48666.94327952436,38.921533352907765,2393.0033246888825,51098.868137566154,132.8493296467709,194.87430811042486
0+6+12+18,2025-09-01,84335.024595625,76883.38008316187,0.0,76883.38008316187,52844.5992300461,-1530.5409374676042,0.0,51314.0582925785,878.2509898834016,8329.89550234653
0+6+12+18,2025-09-02,75709.34444538751,76078.14880263392,0.0,76078.14880263392,47691.875579769374,1684.8065681954945,0.0,49376.68214796487,2130.720348432955,1761.9159911865572
0+6+12+18,2025-09-03,80625.74434872308,77572.61262691821,0.0,77572.61262691821,50840.20362940365,-539.6496736274385,0.0,50300.55395577621,274.3751156527777,3327.506837457642
0+6+12+18,2025-09-04,78140.96295461248,75239.96496240827,58.55171666666672,75298.51667907494,50039.48852081242,-715.618303921954,141.06327167500012,49464.93348856546,128.91442173611227,3029.912413940334
0+6+12+18,2025-09-05,73680.48290444101,72754.45994569614,0.0,72754.45994569614,47332.65199841131,-432.6728890912966,0.0,46899.97910932001,0.0,926.0229587448566
0+6+12+18,2025-09-06,74332.77968590535,74267.66870027434,0.0,74267.66870027434,47434.42304267989,335.50330465487934,0.0,47769.92634733477,535.2795972222235,600.3905828532247
0+6+12+18,2025-09-07,74237.16175231482,76101.34986148833,45.061883333333355,76146.41174482166,47207.44611897427,2390.163561081773,253.5412121354168,49851.150892191465,3454.1039816700977,1589.915872496575
0+6+12+18,2025-09-08,81308.6868987265,80747.16332620027,0.0,80747.16332620027,51348.45290839177,962.8527226234189,0.0,52311.305631015195,1525.3026999314138,2086.826272457646
0+6+12+18,2025-09-09,71636.49417801783,73325.11573720851,8.245879166666668,73333.36161637519,45846.89974029634,3090.919842917822,19.728265906250005,48957.54784912041,3364.1649645576135,1675.5434053669403
0+6+12+18,2025-09-10,82881.59893747221,80835.0443983803,28.048130555555304,80863.09252893586,52428.059423062514,424.4416301133465,86.14628116249911,52938.64733433836,1466.5825021697456,3513.137041261655
0+6+12+18,2025-09-11,82486.36404814816,73880.18362635458,96.99231527777769,73977.17594163236,52464.64214897997,-2501.667119376583,523.4905669027773,50486.46559650617,0.0,8606.180421793559
0+6+12+18,2025-09-12,73391.45147719479,74505.43230202333,0.0,74505.43230202333,47171.384596573276,1391.0289073829686,0.0,48562.413503956246,1765.86680622428,651.8859813957478
0+6+12+18,2025-09-13,72351.46295644718,73381.04775063443,0.0,73381.04775063443,46568.095072788055,955.1724689835105,0.0,47523.267541771565,1340.7337643004118,311.14897011317
0+6+12+18,2025-09-14,85261.03066243141,80023.3106659122,0.0,80023.3106659122,54499.34031704992,-1720.6684177673362,0.0,52778.671899282584,94.3465138888887,5332.066510408091
0+6+12+18,2025-09-15,70637.34329096365,70801.56913441357,519.9826680555556,71321.55180246913,45502.83133772795,182.80968603730344,1917.1707445361099,47602.81176830136,164.22584344992725,0.0
0+6+12+18,2025-09-16,84002.85212381893,79125.17842006807,0.0,79125.17842006807,53073.57251061219,-1543.512000245008,0.0,51530.060510367184,41.355230236110856,4919.028933986969
0+6+12+18,2025-09-17,80311.4714331447,78038.36507289094,125.84106527777791,78164.20613816872,51549.19198569027,-854.2661963758012,535.1535883611112,51230.07937767558,0.0,2273.106360253769
0+6+12+18,2025-09-18,72597.76629127229,78137.23432686969,12.510262499999953,78149.74458936969,46503.98509832763,4893.923468552922,34.41393054166686,51432.32249742222,6191.461367147463,651.9933315500672
0+6+12+18,2025-09-19,78376.68450665295,78289.90389223251,0.0,78289.90389223251,49665.00445386998,42.27654554446058,0.0,49707.28099941444,73.84470641289516,160.62532083333372
0+6+12+18,2025-09-20,75472.54578712277,77257.81372974964,0.0,77257.81372974964,48450.45566652665,1686.9151781462674,0.0,50137.370844672914,2451.1162730109745,665.8483303840862
0+6+12+18,2025-09-21,77102.33142275376,75206.64644821674,11.050412499999766,75217.69686071674,48679.426059563455,-549.044122938744,30.841690795832463,48161.22362742054,0.0,1895.6849745370337
0+6+12+18,2025-09-22,78383.74817091908,72064.20328779149,338.7402000000002,72402.94348779149,49411.5790867098,-2006.3939953768452,986.7424496826386,48391.92754101559,0.0,6319.544883127571
0+6+12+18,2025-09-23,76505.7901442044,74604.79929864523,38.00723333333326,74642.80653197857,48136.73177932639,-586.432168226748,148.68788089166662,47698.987491991305,0.0,1900.9908455591642
0+6+12+18,2025-09-24,66950.10459526749,69771.89735864832,681.5967736111114,70453.49413225942,42552.895062827374,2103.985962550865,1862.7983353694458,46519.67936074769,2821.792763380834,0.0
0+6+12+18,2025-09-25,72494.36281073389,72737.55062889232,216.420583333333,72953.97121222566,45380.4947641177,580.7756381122691,821.0164934173597,46782.286895647325,836.0621556584374,592.8743375000022
0+6+12+18,2025-09-26,79992.03216769546,75056.23929000343,0.0,75056.23929000343,50463.60180388823,-1708.2241511326088,0.0,48755.377652755626,0.0,4935.792877692044
0+6+12+18,2025-09-27,67359.72090445817,71312.90381325447,0.0,71312.90381325447,42445.31909014503,4024.7279442965687,0.0,46470.047034441595,4918.291885819608,965.1089770233218
0+6+12+18,2025-09-28,70849.31501630659,73106.7400984225,263.37598749999916,73370.11608592249,44361.35680588665,3375.215220790562,1027.9570347111087,48764.52906138832,4773.113512860086,2515.6884307441705
0+6+12+18,2025-09-29,73545.08615085733,68229.33540378945,1291.0940694444428,69520.42947323389,46350.80499983182,-1703.9449713860158,4823.6400974256885,49470.50012587149,36.06882650892692,5351.819573576817
0+6+12+18,2025-09-30,72526.80575121741,72685.12403130624,853.8696069444438,73538.99363825069,46039.0195607882,423.00273418833285,3622.8506450305554,50084.87294000709,573.4622636107661,415.1439835219468
0+6+12+18,2025-10-01,69333.81889266118,65440.269946107685,36.41856249999978,65476.68850860769,43246.32286813406,-1009.4925508815656,87.67329504166582,42324.50361229416,29.69202777777764,3923.2409743312774
0+6+12+18,2025-10-02,75436.04630611677,66090.83018765433,139.3033972222214,66230.13358487654,47407.74618263784,-3065.9499506519523,385.5359877256917,44727.332219711585,0.0,9345.216118462446
0+6+12+18,2025-10-03,67162.65056150548,63617.724969073046,0.0,63617.724969073046,41728.568026183064,-774.9073016681747,0.0,40953.66072451489,132.90644150102804,3677.832033933466
0+6+12+18,2025-10-04,79110.09673991665,68017.20983225308,0.0,68017.20983225308,49643.035276126495,-3512.240958725085,0.0,46130.79431740141,0.0,11092.886907663578
0+6+12+18,2025-10-05,74070.59542767491,65877.5184538246,249.94742222222195,66127.46587604682,46062.18969115536,-2336.1410386840907,711.190629588194,44437.23928205947,64.59119451388767,8257.668168364204
0+6+12+18,2025-10-06,63069.95049058642,65343.43910148029,902.5477305555553,66245.98683203585,39918.03773479606,1638.8534317016545,2932.0627925354165,44488.953959033126,2448.4007318472227,174.91212095336152
0+6+12+18,2025-10-07,67633.5269654664,68406.6551530007,166.51738194444374,68573.17253494514,41993.04513397462,990.6459092176351,535.432665434025,43519.123708626284,837.0910889231858,63.96290138888929
0+6+12+18,2025-10-08,67154.83695420096,66295.67277124485,351.5332152777769,66647.20598652262,41828.77889831763,-169.56574670044517,1239.9940721256908,42899.20722374288,60.11984583333344,919.284028789438
0+6+12+18,2025-10-09,76117.23789134086,65229.45936414609,246.47877499999987,65475.93813914609,47676.23946042845,-3304.838989827401,916.826304481945,45288.22677508299,0.0,10887.778527194783
0+6+12+18,2025-10-10,73809.93848259603,66637.29722978396,0.0,66637.29722978396,46387.490085113,-2234.6547573057815,0.0,44152.83532780722,0.0,7172.6412528120745
0+6+12+18,2025-10-11,74400.18480814471,70390.72092584019,0.0,70390.72092584019,46527.008698047735,-857.2447362966761,0.0,45669.76396175106,325.1712458333327,4334.635128137864
0+6+12+18,2025-10-12,69083.76096724966,67603.90742211934,549.6259843333348,68153.53340645268,42793.339587622555,20.549687136629018,2197.8664820438817,45011.75575680306,334.946836111112,1814.8003812414245
0+6+12+18,2025-10-13,70803.84119082647,65211.68326363305,966.1085861111098,66177.79184974416,43973.48263323269,-1339.3227259822945,3527.8935504347173,46162.05345768511,305.4695648333329,5897.627492026751
0+6+12+18,2025-10-14,73762.55088054595,67789.59086447189,1248.4805347222239,69038.07139919412,46148.61955240683,-614.4881474225992,4336.014362681951,49870.14576766618,1756.024747420429,7728.984763494512
0+6+12+18,2025-10-15,76588.72753804954,70414.69342539436,553.718698611112,70968.41212400548,48116.43955270068,-1796.4570174638634,1483.7973650256956,47803.77990026251,412.4089304869705,6586.443043142151
0+6+12+18,2025-10-16,73181.46922772634,72489.9970989945,321.230352777776,72811.22745177227,46038.21702224954,-55.83707152547915,1073.8680996770768,47056.24805040114,212.08296605555677,903.5550947873825
0+6+12+18,2025-10-17,63292.01657083333,69248.62355615568,0.0,69248.62355615568,39484.02636615028,5681.817126359752,0.0,45165.84349251004,5956.606985322353,0.0
0+6+12+18,2025-10-18,75660.29641841736,71599.64606731995,0.0,71599.64606731995,47286.23514597579,-1224.1415697058073,0.0,46062.09357626998,238.72409999999934,4299.374451097396
0+6+12+18,2025-10-19,73715.17400138888,71471.26699351851,645.1966138888865,72116.4636074074,46403.54766196819,-675.954001603148,2460.727050450684,48188.32071081572,0.0,2243.907007870367
0+6+12+18,2025-10-20,76222.51400972222,73701.88505375513,307.75845972222135,74009.64351347735,48136.57629910125,-896.2039604047122,1084.9117342458298,48325.28407294237,0.0,2520.6289559670713
0+6+12+18,2025-10-21,75193.08283612448,74848.20002504767,507.22119027777694,75355.42121532545,47064.200918483475,15.041080190915977,1788.4747538708302,48867.716752545224,493.81388515089463,838.6966962277116
0+6+12+18,2025-10-22,73046.99209653636,73827.96709236968,345.162511728394,74173.12960409808,45963.105490810456,788.9756155643556,1026.6985208634228,47778.77962723823,1087.3208051954725,306.3458093621408
0+6+12+18,2025-10-23,82991.56399933127,70951.68245785323,519.1648250000001,71470.84728285322,51915.21499673308,-3367.7068256065986,1493.163580713889,50040.67175184037,523.5094387345596,12563.390980212616
0+6+12+18,2025-10-24,71991.10419161522,71912.54297758915,0.0,71912.54297758915,44828.89511064619,1232.2707579006178,0.0,46061.16586854681,1677.119152794924,1755.680366820992
0+6+12+18,2025-10-25,77336.51361440329,73044.6793207476,0.0,73044.6793207476,48003.456422729614,-1223.6680273441289,0.0,46779.78839538548,154.49640833333342,4446.3307019890235
0+6+12+18,2025-10-26,76131.82820037723,70732.14975445817,717.5114319444444,71449.6611864026,47277.601232547306,-1422.7341093057894,2174.294641514583,48029.1617647561,463.41914586762385,5863.0975917866945
0+6+12+18,2025-10-27,69051.43435092592,72160.9338480967,311.3644916666669,72472.29833976337,42941.316404782105,4012.9131816181207,1170.3799995194454,48124.609585919665,4876.24496073388,1766.7454635630943
0+6+12+18,2025-10-28,69287.64144958847,72941.56410732167,308.4561319444431,73250.02023926612,43223.02378502312,3761.5010470205975,882.0509765291575,47866.575808572874,3982.644750394381,328.7220926611811
0+6+12+18,2025-10-29,77738.65025130982,77453.5750081857,279.1830374999992,77732.7580456857,48233.50561016697,9.78160347796333,954.5620297298578,49197.84924337479,113.35930138889114,398.43454451302705
0+6+12+18,2025-10-30,69242.55157829217,71248.58058484859,722.9638204027774,71971.54440525136,43003.37930037728,2254.573578162315,2744.16149122904,48002.114369768635,2044.4922372319932,38.46323067557961
0+6+12+18,2025-10-31,78131.01530171347,76398.85915277657,0.0,76398.85915277657,48687.96175734211,-632.5655825680018,0.0,48055.39617477411,0.0,1732.1561489368978
0+6+12+18,2025-11-01,74177.26215125172,74624.5645028978,0.0,74624.5645028978,45943.702878743476,446.39916623818067,0.0,46390.10204498166,704.4289752571951,257.1266236111111
0+6+12+18,2025-11-02,74772.90255811042,75981.7291194537,539.8454458333325,76521.57456528702,46614.67406488489,2616.68795088275,1997.2161839159705,51228.57819968361,3729.4337381951273,2520.607176851853
0+6+12+18,2025-11-03,79409.0039138889,76750.2534461905,437.5294874999974,77187.7829336905,49242.07844751903,-770.5453395287768,1343.225678138186,49814.75878612844,152.3365906550066,2811.087058353397
0+6+12+18,2025-11-04,74508.66196774691,75343.7504334705,523.0962555555543,75866.84668902606,46295.46876205645,1220.8996662650738,1990.8575315152732,49507.2259598368,1399.815034019205,564.7265682956106
0+6+12+18,2025-11-05,82430.25616145405,76680.64252942214,539.9352597222214,77220.57778914436,51460.27197451208,-1938.1703288864808,2162.115634363193,51684.21727998879,15.326852777777617,5764.940484809674
0+6+12+18,2025-11-06,77865.13749444444,78449.41938223371,679.9711249999983,79129.39050723371,48371.34882882514,988.418903609917,2712.1440341180487,52071.91176655311,952.207343430558,367.9254556412917
0+6+12+18,2025-11-07,75628.45550294925,77310.23833132407,0.0,77310.23833132407,47245.44587450289,2715.037516649622,0.0,49960.48339115251,3578.359720967417,1896.5768925925915
0+6+12+18,2025-11-08,79587.5172702361,76779.75788468056,0.0,76779.75788468056,49814.553038495505,-958.688414969143,0.0,48855.864623526366,120.89209722222103,2928.6514827777746
0+6+12+18,2025-11-09,78817.82745963614,78740.44119991391,358.011809722222,79098.45300963613,49204.549070470486,137.53983763853824,1356.234009887499,50698.32291799652,182.97698472221975,260.36324444444455
0+6+12+18,2025-11-10,79447.65423923114,81246.13721860477,658.4233624999983,81904.56058110477,49734.09594245597,1977.9645571348942,2493.9411692701337,54206.001668861,2556.0483998611116,757.5654204874842
0+6+12+18,2025-11-11,81996.98406544924,79234.86393380811,339.43182222222083,79574.29575603033,51657.995470949165,-975.0554094908894,1110.9015188013846,51793.841580259665,0.0,2762.1201316411225
0+6+12+18,2025-11-12,78939.75667395833,79132.35910658503,303.8843242916683,79436.2434308767,49323.257374651046,2138.843932492774,1315.8582468523418,52777.95955399616,2757.385926265259,2564.783493638542
0+6+12+18,2025-11-13,76767.65612477709,78582.49261111111,1028.8447138888823,79611.337325,48035.78912984302,1959.0769414485274,3892.3201875708055,53887.18625886235,1894.8076863340204,79.97120000000177
0+6+12+18,2025-11-14,78846.22693115276,79089.64729639626,0.0,79089.64729639626,49013.77255130075,880.2322828935357,0.0,49894.00483419429,1080.9314315672136,837.5110663237272
0+6+12+18,2025-11-15,85164.3927060871,80482.6112601322,0.0,80482.6112601322,53784.642006499984,-1661.150320782366,0.0,52123.49168571762,0.0,4681.78144595491
0+6+12+18,2025-11-16,79439.7849614369,81017.80801235752,581.2286544166634,81599.03666677418,49633.52354669655,1971.188278012195,2418.1412792536976,54022.85310396245,1706.7254733143013,128.70242239369185
0+6+12+18,2025-11-17,75898.92419055212,80540.10139033847,467.1136208333331,81007.21501117181,47536.24246437732,5014.492109456429,1509.4543124111099,54060.188886244854,5371.868578918726,730.691379132375
0+6+12+18,2025-11-18,80149.04115156636,80018.71113465964,1193.6492249722214,81212.36035963186,50159.62052562689,381.9349297519527,4412.506599444453,54954.06205482329,709.1784115226349,839.5084284293549
0+6+12+18,2025-11-19,79928.51328217336,83040.38254722943,506.5306944444428,83546.91324167387,50032.02470879775,3786.9073547155454,1769.6599542027727,55588.592017716066,3896.8352317227377,784.9659666666662
0+6+12+18,2025-11-20,80031.24944491273,80824.76065621244,709.1502111111107,81533.91086732355,50013.18141431379,911.0911384930964,2967.38035314861,53891.652905955496,811.0574599108309,17.54624861111097
0+6+12+18,2025-11-21,80448.15238102777,81854.34539115397,0.0,81854.34539115397,50378.450449335425,1685.1467238160922,0.0,52063.59717315152,2100.992026792864,694.7990166666664
0+6+12+18,2025-11-22,87740.1436736111,83196.03147806929,0.0,83196.03147806929,55682.31085197041,-1626.037770792036,0.0,54056.27308117838,0.0,4544.1121955418375
0+6+12+18,2025-11-23,80628.21129075738,81493.90592382938,621.0582377222221,82114.9641615516,50651.63811172536,1500.0537526075675,2323.115173402834,54474.80703773576,1562.0008779279797,696.306244855965
0+6+12+18,2025-11-24,79611.34529917352,79735.22965500344,1060.9623203194417,80796.19197532287,50040.17251789865,148.50038197449655,3646.5336743825146,53835.206574255666,163.66943916323805,39.785083333333205
0+6+12+18,2025-11-25,91147.90188758573,83898.2681355967,399.62719166666636,84297.89532726337,58146.51881251792,-2570.6283083365975,1415.4133372645833,56991.3038414459,0.0,7249.633751989021
0+6+12+18,2025-11-26,86644.8476375,84913.94924111076,422.9988777777765,85336.94811888854,54636.76038224959,-462.8105127121275,1664.4296488930509,55838.379518430505,131.98086413888677,1862.8792605281224
0+6+12+18,2025-11-27,84173.56617059329,83862.84170221194,402.7304404027773,84265.57214261472,53015.671014311374,-92.42215354656219,1638.308108496325,54561.55696926114,18.941619444444882,329.66608782578766
0+6+12+18,2025-11-28,84410.42818540809,83724.37303391632,0.0,83724.37303391632,53325.23095823915,-103.79504911477767,0.0,53221.435909124375,341.4970577503477,1027.5522092421136
0+6+12+18,2025-11-29,94500.01237755487,88275.5337760974,0.0,88275.5337760974,60293.486779929975,-2100.2974477494927,0.0,58193.18933218048,134.51520500686013,6358.993806464331
0+6+12+18,2025-11-30,86612.02980336078,86786.57706507201,645.5867888888876,87432.1638539609,54528.09150747632,759.8571840123196,2870.6256607840223,58158.574352272655,844.0395242112526,669.4922624999992
0+6+12+18,2025-12-01,89607.5838340878,85267.47228931755,6431.534521638883,91699.00681095643,57350.70475203924,-1620.5728126564236,23222.2606469152,78952.39258629802,7.391274652777838,4347.502819423013
0+6+12+18,2025-12-02,93094.71983923184,88769.56968905556,5252.221343055551,94021.79103211111,59384.30963128018,-1466.5032815097952,19194.357256324292,77112.16360609468,0.0,4325.15015017627
0+6+12+18,2025-12-03,83444.2152079904,87157.85430127093,5459.6279805555505,92617.48228182648,52788.22402082119,3605.1445221946624,19165.93547174095,75559.30401475681,3727.822698836079,14.183605555555687
0+6+12+18,2025-12-04,91026.59665694443,87314.68032861795,5037.9961384027765,92352.67646702072,58375.230066314994,-1413.2893938554453,17855.031649828572,74816.97232228811,0.0,3711.916328326477
0+6+12+18,2025-12-05,90062.38181616942,89043.21742708332,0.0,89043.21742708332,57623.42519119494,-350.38866903433865,0.0,57273.036522160604,24.37763780555747,1043.5420268916341
0+6+12+18,2025-12-06,92908.07050096022,91508.18120999656,0.0,91508.18120999656,59633.548840807875,-542.7572813536461,0.0,59090.79155945423,0.0,1399.8892909636506
0+6+12+18,2025-12-07,94357.24878888889,88919.11384909123,4202.42009048611,93121.53393957733,60504.85948057625,-1712.5230625667111,13348.790425819185,72141.12684382872,146.80702777777776,5584.941967575443
0+6+12+18,2025-12-08,93801.59005937929,91639.7985471022,2932.36941946159,94572.1679665638,60064.102446411634,-730.1258995197085,9444.117533500115,68778.09408039204,0.35013194444445617,2162.1416442215395
0+6+12+18,2025-12-09,93239.44545294924,90849.07216663238,2648.270354180553,93497.34252081293,59705.38459184168,-665.4992568183407,9219.98649823634,68259.87183325968,78.32932083333446,2468.7026071502014
0+6+12+18,2025-12-10,89821.63359463305,90142.5782385139,4147.2919923353875,94289.8702308493,57398.93813734057,443.25918671950507,14851.213485415035,72693.41080947511,974.9354180555559,653.9907741747222
0+6+12+18,2025-12-11,94179.14626808985,91133.83110138887,1470.5853378749957,92604.41643926386,60148.7549831957,-1115.0917380086128,5202.242800111571,64235.90604529866,0.0,3045.3151667009597
0+6+12+18,2025-12-12,94016.03412499999,94672.63638123611,0.0,94672.63638123611,60019.313824452496,717.7015989316865,0.0,60737.01542338418,877.1207409583369,220.51848472222207
0+6+12+18,2025-12-13,95192.10355390946,94985.82954768518,2.8349999999999227,94988.66454768518,61188.054884982615,814.6751534286263,6.061229999999834,62008.79126841124,1113.7395553155047,1320.0135615397835
0+6+12+18,2025-12-14,90497.30215188614,92263.25330116597,2437.488672222219,94700.74197338818,57588.68252979921,1583.0606822863551,9989.99723620346,69161.74044828903,1765.9511492798401,0.0
0+6+12+18,2025-12-15,90039.29979722222,93002.9585875,2239.4078138888863,95242.36640138889,57266.896564756666,2764.0348062739563,8679.86802370207,68710.79939473269,2963.6587902777765,0.0
0+6+12+18,2025-12-16,95801.65808749999,94538.34283014404,1089.679630555554,95628.02246069959,61680.4173546036,-479.9770543025885,3476.1015069833275,64676.541807284346,0.0,1263.3152573559632
0+6+12+18,2025-12-17,97220.33072599451,93682.3486837277,1047.043862499999,94729.3925462277,62370.70938092607,-1228.9644855841511,3460.9321762249956,64602.67707156691,0.0,3537.9820422668035
0+6+12+18,2025-12-18,92887.70981805556,93012.53848604253,1092.5038141460886,94105.04230018861,59583.442729849856,273.5867568508812,3571.197347682321,63428.22683438306,293.59057499999926,168.7619070130276
0+6+12+18,2025-12-19,92894.42441129973,94227.23640913924,0.0,94227.23640913924,59520.66351741474,1341.1725315659019,0.0,60861.83604898064,1629.9463694444441,297.13437160493845
0+6+12+18,2025-12-20,95913.06557083334,94813.0223733882,0.0,94813.0223733882,61865.44253032931,-448.2749409428509,0.0,61417.16758938646,0.0,1100.0431974451312
0+6+12+18,2025-12-21,95600.47547179356,94807.18022014078,1317.4154486111092,96124.59566875189,61165.50887588954,-27.063540310904955,4277.003733090965,65415.44906866961,351.69502612500025,1144.9902777777784
0+6+12+18,2025-12-22,93405.41832575446,94052.38702072669,1302.6099042083329,95354.99692493503,59986.02169557674,589.7547147008323,4194.836724734725,64770.613135012296,667.8534852499974,20.884790277778166
0+6+12+18,2025-12-23,95960.65628858024,93849.0781907608,814.113735930555,94663.19192669136,61491.67509099441,-665.6833599257551,2811.657401817097,63637.64913288575,36.474141666666696,2148.0522394861164
0+6+12+18,2025-12-24,95475.75494669066,95027.20203950617,541.8792749999973,95569.08131450617,61504.815344003975,-172.53232567827476,1686.5305347194344,63018.81355304514,1.4672541666666348,450.02016135116276
0+6+12+18,2025-12-25,92182.98701498628,93749.26948288751,1309.5716402777775,95058.84112316529,58721.57103572788,1565.702641379092,4489.8250742444425,64777.09875135142,1608.49434429012,42.21187638888853
0+6+12+18,2025-12-26,94330.62044456447,94767.00727926954,0.0,94767.00727926954,60332.771462718476,751.0834953699878,0.0,61083.854958088465,616.0728152777765,179.68598057269912
0+6+12+18,2025-12-27,96591.47707222222,96248.76968321827,0.0,96248.76968321827,61936.612187480554,263.18010003570805,0.0,62199.79228751626,360.7602430555566,703.4676320595031
0+6+12+18,2025-12-28,95484.59444967422,94299.21323275035,452.70800873610983,94751.92124148646,61166.47124646427,-457.5580216468143,1667.9456956097665,62376.85892042722,0.0,1185.3812169238668
0+6+12+18,2025-12-29,94390.03338307614,95306.7620711346,467.40148888888774,95774.16356002349,60042.588164235254,986.1291224674248,1746.8962449979108,62775.61353170059,1039.6139200029065,122.88523194444451
0+6+12+18,2025-12-30,95561.99241013374,93190.34062970833,690.2823499999976,93880.62297970832,61074.841536810185,-616.8691353199318,2668.1298405131847,63126.102242003435,210.2916957499998,2581.943476175412
0+6+12+18,2025-12-31,97649.24427940673,96523.6052946845,526.2716586944432,97049.87695337895,62406.96056641044,-264.56566709986106,1763.3922950027595,63905.78719431334,0.0,1125.6389847222222
0+12+18,2025-02-01,88119.34509089505,85542.53218173867,0.0,85542.53218173867,57195.55700210562,-1006.1665795457723,0.0,56189.390422559845,0.0,2576.8129091563806
0+12+18,2025-02-02,93028.6246420439,91401.34207779492,13.789651388888615,91415.1317291838,58839.060400709204,-590.1985435363925,85.85586733194285,58334.71772450476,0.8736013888889147,1628.1561656378612
0+12+18,2025-02-03,95577.53221666666,92496.89420138889,47.20604861111053,92544.10025,60558.444441050415,-1134.375532528401,180.46629751944167,59604.53520604146,0.0,3080.638015277774
0+12+18,2025-02-04,97688.50120833333,93214.66034650206,74.05790972222232,93288.71825622428,62482.35854711139,-1688.7277537332998,245.02853587638913,61038.65932925448,0.0,4473.840861831275
0+12+18,2025-02-05,92788.15158477366,91304.95911744444,232.14904027777837,91537.10815772222,58875.31532150251,-587.1106120880892,616.0006785083355,58904.20538792276,0.0,1483.1924673292192
0+12+18,2025-02-06,98234.56463472222,92056.38186515775,19.80902916666605,92076.1908943244,62695.27143961862,-2338.7237891718446,105.75077096249674,60462.29842140927,0.0,6178.182769564473
0+12+18,2025-02-07,94474.5442013203,89766.59082241083,0.0,89766.59082241083,60119.248691742076,-1728.372813415868,0.0,58390.87587832621,0.0,4707.953378909464
0+12+18,2025-02-08,86053.73136680367,86510.38913117866,0.0,86510.38913117866,53787.067046554046,491.06746673075406,0.0,54278.1345132848,456.65776437500307,0.0
0+12+18,2025-02-09,93438.11954583332,93402.3853625,11.187437499999874,93413.57280000001,59142.627602440276,-7.79043834722213,54.49400806249938,59189.33117215556,0.0,35.73418333333291
0+12+18,2025-02-10,88797.01672916667,87472.33662762346,34.428624999999556,87506.76525262346,55779.44379949264,-461.6847682995142,177.019609624998,55494.77864081813,0.0,1324.6801015432104
0+12+18,2025-02-11,89709.45243739712,84995.20319960563,41.001359722222155,85036.20455932786,56788.813061771376,-1823.546191225083,104.43966979027772,55069.70654033657,0.0,4714.249237791495
0+12+18,2025-02-12,89798.25652916667,87763.19649002058,27.6564708333334,87790.85296085391,56577.33935887,-747.1908581032171,150.36638770416704,55980.51488847095,0.0,2035.060039146089
0+12+18,2025-02-13,84413.83668112141,83884.07977001028,38.12069999999994,83922.20047001028,52476.753799738784,-75.06188941153023,194.4398354999998,52596.13174582725,89.106249999998,618.8631611111105
0+12+18,2025-02-14,86991.25089624485,87944.24125721879,0.0,87944.24125721879,54265.70464703727,1218.4470906615004,0.0,55484.151737698776,1092.9532290294908,139.96286805555462
0+12+18,2025-02-15,88422.08587558298,84627.19515708162,0.0,84627.19515708162,55138.20110624938,-1332.1011586603747,0.0,53806.099947589,0.0,3794.8907185013672
0+12+18,2025-02-16,89879.89245833334,85502.15169729081,132.81706388888824,85634.9687611797,56428.057626723064,-1625.744706476361,658.6907290381913,55461.003649284896,0.0,4377.740761042523
0+12+18,2025-02-17,88991.23042054183,84644.17817575447,157.91494444444356,84802.09312019892,55375.26212020045,-1462.3037427955467,696.7107300124959,54609.6691074174,0.0,4347.052244787381
0+12+18,2025-02-18,80245.56908545953,81013.53100703016,505.9350847222206,81519.46609175239,49840.35739805133,590.7011234111659,1765.255153936104,52196.3136753986,767.9619215706427,0.0
0+12+18,2025-02-19,80409.07311854167,81188.27919933728,466.4318263888895,81654.71102572617,50033.709591020786,765.9541327529985,1784.7758876270905,52584.43961140087,779.2060807956125,0.0
0+12+18,2025-02-20,82982.23160555554,82472.78393983195,212.58912499999917,82685.37306483195,51200.40037852764,-52.05181820685604,1047.1669034305519,52195.51546375134,126.46817638888757,635.9158421124848
0+12+18,2025-02-21,81458.35216886146,82106.27674065501,0.0,82106.27674065501,50441.974697659054,762.5112245617256,0.0,51204.48592222078,748.2349787379972,100.31040694444437
0+12+18,2025-02-22,82861.7819963306,82185.01129577143,0.0,82185.01129577143,51355.34566039165,-210.50086359008762,0.0,51144.84479680156,27.333697486111873,704.1043980452685
0+12+18,2025-02-23,81499.8173694357,78880.02668473063,863.254725,79743.28140973064,50309.29988660493,-942.8571223447486,3523.5632122513894,52890.00597651157,0.0,2619.7906847050717
0+12+18,2025-02-24,77687.16165975652,77270.81747455418,976.7797819444443,78247.59725649862,48372.990414610875,-177.88231227263083,3035.783958620137,51230.89206095838,0.0,416.3441852023392
0+12+18,2025-02-25,80016.396157,77614.43384350548,252.31051805555475,77866.74436156104,49376.61836458574,-733.6893423200411,1087.633930882636,49730.562953148336,0.0,2401.962313494513
0+12+18,2025-02-26,74051.09401884432,75865.5691210391,662.5628569444427,76528.13197798353,45205.11981803728,1697.8449399304523,2747.7706538437433,49650.735411811474,1814.4751021947854,0.0
0+12+18,2025-02-27,75170.60503609396,75491.38116099108,398.561579166666,75889.94274015774,46122.355418703264,439.9699104647234,1979.5192950069415,48541.844624174926,427.1708332304562,106.39470833333337
0+12+18,2025-02-28,75439.08500819615,75482.05780679014,0.0,75482.05780679014,46068.35556438651,30.44711746192327,0.0,46098.802681848436,56.686161093967485,13.713362499999903
0+12+18,2025-03-01,85886.78376817558,82000.74419946845,0.0,82000.74419946845,53645.69125830758,-1383.4635704819857,0.0,52262.227687825594,0.0,3886.0395687071295
0+12+18,2025-03-02,83098.92063782646,81992.17476027159,352.8299444444424,82345.00470471603,51454.98184984361,-423.48871821764726,1544.8867263381835,52576.379857964144,0.0,1106.7458775548685
0+12+18,2025-03-03,84687.21983693415,83454.43184430728,347.2636791666664,83801.69552347396,52378.704395007866,275.3231916183713,1744.156995781254,54398.18458240749,719.3871527777769,1952.1751454046585
0+12+18,2025-03-04,75875.0880087963,76628.57167427984,1000.6347777777764,77629.20645205761,46697.9282085675,633.6099163731315,3210.9660501145777,50542.50417505521,753.483665483538,0.0
0+12+18,2025-03-05,79361.90970108024,76603.77356520918,278.3742928749989,76882.14785808418,48820.09861461712,-963.8852675390839,1237.3188881674598,49093.5322352455,0.0,2758.136135871059
0+12+18,2025-03-06,75184.81234478738,75100.10420589849,448.2375799897116,75548.3417858882,45896.528776106454,-22.729027005277736,1963.7409798452422,47837.54072894642,0.0,84.7081388888887
0+12+18,2025-03-07,80665.62344683951,76919.9482226111,0.0,76919.9482226111,49915.97464325587,-1376.0973461750705,0.0,48539.8772970808,0.0,3745.675224228397
0+12+18,2025-03-08,74667.39066155556,73908.4073125439,0.0,73908.4073125439,45423.24962275214,-220.1956125841467,0.0,45203.054010167994,23.6273728333353,782.6107218449918
0+12+18,2025-03-09,78776.92993561385,74848.86482674896,270.96293472222163,75119.82776147118,48031.334328236466,-1196.936524765143,1438.993165679164,48273.39096915049,0.0,3928.065108864882
0+12+18,2025-03-10,75618.67998619686,75611.97101258574,1040.270987319442,76652.24199990518,45806.47483454832,-1.5551351505555875,4559.143982519026,50364.063681916785,0.0,6.708973611111219
0+12+18,2025-03-11,67295.29892289094,69315.41982918381,2743.3640236111096,72058.78385279492,41139.86259954247,1575.64926567789,9790.391386453466,52505.90325167384,2020.1209062928692,0.0
0+12+18,2025-03-12,76704.06132381687,73481.20102357682,250.44740972222155,73731.64843329905,46917.764934709,-1066.1383475099406,843.5570724715258,46695.18365967058,0.0,3222.860300240054
0+12+18,2025-03-13,77226.19892273663,78602.70635843056,397.0009999999993,78999.70735843056,47010.08733776506,1497.726484732693,1710.7981781680523,50218.6120006658,1446.4606065272633,69.95317083333293
0+12+18,2025-03-14,69835.21597866941,71106.82437721195,0.0,71106.82437721195,42585.445959391436,1238.7676938409272,0.0,43824.213653232364,1271.608398542527,0.0
0+12+18,2025-03-15,76397.8108736111,76822.73866944444,9.053333333333399,76831.79200277777,46364.323227578745,775.5224438698629,19.356026666666803,47159.20169811528,694.7762500000014,269.84845416666724
0+12+18,2025-03-16,73950.30933283607,72559.70294027777,417.22014861111023,72976.92308888889,45267.20287668891,-515.2279417836205,1834.3701492895798,46586.34508419487,0.0,1390.606392558299
0+12+18,2025-03-17,69398.40242787672,68380.59882353857,372.231890277777,68752.83071381635,41471.651184979,129.0457251641073,1740.5357846034692,43341.23269474657,413.65076666666596,1431.454371004807
0+12+18,2025-03-18,77869.01376249999,75307.11944379286,119.49515555555456,75426.61459934842,47806.30926222612,-803.9606468422623,375.6045194152747,47377.95313479913,0.0,2561.8943187071313
0+12+18,2025-03-19,65079.80081210562,67404.28581306584,817.4570763888893,68221.74288945473,39688.72530978568,2133.5056780479717,2369.758449310417,44191.98943714407,2324.4850009602205,0.0
0+12+18,2025-03-20,73066.57028628257,68442.42736390603,1228.5621555555567,69670.98951946158,44567.43859362263,-1599.967874850101,4790.264940269449,47757.73565904198,0.0,4624.142922376538
0+12+18,2025-03-21,71126.58986886145,65243.88211664952,0.0,65243.88211664952,42828.035939267036,-1839.920234147232,0.0,40988.1157051198,0.0,5882.707752211938
0+12+18,2025-03-22,73772.56041689197,71361.85186747496,9.078333333333376,71370.9302008083,45145.8645317483,-823.7207941916924,19.409476666666755,44341.55321422328,0.0,2410.708549417005
0+12+18,2025-03-23,74245.14979837104,70432.46130516118,265.8030069444437,70698.26431210563,45295.170284286534,-1335.3184279701445,1206.0201286166628,45165.87198493305,0.0,3812.6884932098756
0+12+18,2025-03-24,69847.76149471878,69372.82116742386,292.4163111111103,69665.23747853497,42113.36804215893,376.31998068840426,771.5193267159685,43261.20734956331,530.9764491111077,1005.9167764060307
0+12+18,2025-03-25,77017.58165118314,71486.65429910837,325.78035138888424,71812.43465049725,47006.19304728956,-1691.3275748835308,1198.8999477430293,46513.76542014906,0.0,5530.927352074758
0+12+18,2025-03-26,67186.71854492456,63461.010577709196,512.9894055555549,63973.99998326475,40700.17822400459,-1150.9829632333958,2009.0403851979129,41558.23564596911,0.0,3725.7079672153627
0+12+18,2025-03-27,70489.69490859054,68443.37500265776,417.53947083333185,68860.9144734911,42817.80347551008,-674.7826777044106,1482.2495752520774,43625.27037305775,0.0,2046.3199059327835
0+12+18,2025-03-28,68361.37539999999,68774.21798996913,0.0,68774.21798996913,41642.791896256254,560.2966300115972,0.0,42203.08852626785,586.8672274691362,174.0246375000002
0+12+18,2025-03-29,63013.482554166665,63634.09329444445,0.0,63634.09329444445,38027.36281387265,780.683759388957,0.0,38808.04657326161,620.6107402777769,0.0
0+12+18,2025-03-30,68798.59212110768,65346.05211616941,982.8491208333324,66328.90123700275,41197.41459106524,-1007.903887795184,4052.2610225611106,44241.77172583117,0.0,3452.5400049382674
0+12+18,2025-03-31,60270.450690997954,61763.764939471876,1566.9455611111089,63330.71050058299,36289.43373263633,1247.9463696773146,5190.845241644437,42728.22534395808,1493.3142484739287,0.0
0+12+18,2025-04-01,72096.25897746913,71271.58303568415,589.9324624999985,71861.51549818415,42830.40045412492,32.557736427294685,2055.1417588749946,44918.09994942722,270.8993154166659,1095.5752572016486
0+12+18,2025-04-02,69617.64484861112,69859.5751508745,703.9573194444432,70563.53247031894,41669.26945208431,302.63193832831274,2845.6914369034675,44817.59282731608,300.22650781893265,58.296205555555616
0+12+18,2025-04-03,70415.4100060871,67134.3607368827,422.0978597222212,67556.45859660493,42874.12998175607,-1074.7815695171394,1446.1742929958305,43245.52270523476,0.0,3281.0492692043936
0+12+18,2025-04-04,62029.23326944445,62063.89698343056,0.0,62063.89698343056,37208.94934368583,42.024313875521706,0.0,37250.97365756136,34.66371398611476,0.0
0+12+18,2025-04-05,62350.3926875,63435.978879959875,0.0,63435.978879959875,36988.97235171514,1111.1144625440231,0.0,38100.086814259164,1085.5861924598767,0.0
0+12+18,2025-04-06,66337.77573630109,64941.9759694801,343.7531444444437,65285.72911392455,39109.4796093865,351.92456240366073,1440.0918893687467,40901.49606115891,656.3741000000016,2052.173866820984
0+12+18,2025-04-07,59095.17369305555,61817.019428903295,610.7162055555543,62427.73563445885,34905.02338476166,2686.352639264527,1938.404204207634,39529.78022823382,2721.845735847738,0.0
0+12+18,2025-04-08,67052.59339862826,62866.3552853395,537.5801833333287,63403.93546867283,40327.15284023147,-1208.5474200639774,2322.3160122763616,41440.92143244385,12.816422222223423,4199.054535510972
0+12+18,2025-04-09,66307.37138127572,65426.62853996913,1487.6558319444448,66914.28437191359,39537.70534853361,-301.12720053058996,4715.360578136806,43951.93872613982,25.30068611111153,906.0435274176922
0+12+18,2025-04-10,64586.644043998625,62576.78764283264,717.9036349583334,63294.691277790975,39029.75446180507,-794.424688600306,3074.8101781736095,41310.13995137837,0.0,2009.8564011659819
0+12+18,2025-04-11,53976.87837415981,54428.95635610425,0.0,54428.95635610425,32305.900017251544,480.0466395827077,0.0,32785.946656834254,452.07798194444365,0.0
0+12+18,2025-04-12,68675.73529702777,64505.21857170199,0.0,64505.21857170199,40902.72887173429,-1366.1971197795242,0.0,39536.53175195477,0.0,4170.516725325789
0+12+18,2025-04-13,61612.38380277778,61813.61371527778,583.4341236111079,62397.04783888889,36430.07634795806,225.92864821166592,2281.0878203263755,38937.0928164961,201.2299124999993,0.0
0+12+18,2025-04-14,64294.799384773665,60143.85900812757,947.9862432613164,61091.845251388884,38654.6466874452,-1516.57336894729,3388.4693808823044,40526.54269938022,0.0,4150.940376646095
0+12+18,2025-04-15,56668.82697443415,57664.25506965021,945.5009944444461,58609.756064094654,33414.71552853981,1099.4303281901393,4245.073860082648,38759.2197168126,995.4280952160499,0.0
0+12+18,2025-04-16,62858.396338117294,63720.811659310704,550.1560847222204,64270.967744032925,36651.55557722117,1148.406770914257,2128.712475998605,39928.674824134025,941.9278406378578,79.51251944444459
0+12+18,2025-04-17,57352.08148966049,57395.1422970679,1522.6298916666688,58917.77218873457,34557.116513232875,26.566365129995276,5607.141064520146,40190.82394288302,43.06080740739975,0.0
0+12+18,2025-04-18,58145.672197719476,58518.85196473337,0.0,58518.85196473337,34401.17278723418,395.70034031182433,0.0,34796.873127546,373.1797670138901,0.0
0+12+18,2025-04-19,62596.839586111106,63915.36971805556,0.0,63915.36971805556,36583.35513290028,2056.3456900663905,0.0,38639.70082296667,1733.5727444444449,415.0426124999952
0+12+18,2025-04-20,58487.95133515089,60368.67026444257,733.8207166666655,61102.49098110924,34768.25460550373,1881.045838327283,2450.8899240201363,39100.19036785115,1888.791419569454,8.072490277777888
0+12+18,2025-04-21,60982.75898050412,57123.26220540124,790.0638444444425,57913.32604984568,36166.0139648341,-1128.3789959901687,2992.693902986797,38030.32887183073,0.0,3859.496775102878
0+12+18,2025-04-22,54952.626122222224,57439.165407201646,2099.006379166667,59538.171786368315,32538.82527213611,2227.73409322984,6832.9501768083355,41599.50954217429,2486.5392849794257,0.0
0+12+18,2025-04-23,53175.259115740744,55840.87635758745,1867.3472261111096,57708.22358369856,31632.802345371252,2227.4563473157414,5405.401235121935,39265.65992780893,2665.6172418467086,0.0
0+12+18,2025-04-24,55567.51204228395,56705.95711867284,737.6218986111106,57443.579017283955,32897.232980606335,1251.6086662366695,2630.3767938881906,36779.2184407312,1138.4450763888908,0.0
0+12+18,2025-04-25,54497.30066502058,53151.367532287375,0.0,53151.367532287375,32946.759809725554,-557.3100339100008,0.0,32389.449775815552,0.0,1345.9331327332
0+12+18,2025-04-26,54657.82681421468,54609.9335396869,0.0,54609.9335396869,32850.360323688816,358.5110951020298,0.0,33208.87141879085,357.59711436110854,405.49038888888884
0+12+18,2025-04-27,55117.337919393,54747.78713689986,1898.328129166664,56646.115266066525,32854.43815284537,248.9274152060142,8216.393693935404,41319.75926198679,277.33961111111154,646.890393604252
0+12+18,2025-04-28,65552.98615468107,62788.108444907404,1120.6223916666654,63908.73083657407,38499.28895091507,-741.6905385090381,4753.554466749301,42511.152879155336,25.788001388889484,2790.665711162549
0+12+18,2025-04-29,56892.8872409465,56122.68479362139,518.6718611111121,56641.3566547325,33682.10990390746,546.7167078343886,2639.7462334076463,36868.5728451495,663.1694833333327,1433.3719306584296
0+12+18,2025-04-30,54237.30045315501,53020.58733079561,1903.1325805555525,54923.71991135117,32536.975000339844,-441.6178513593817,6929.128073212491,39024.485222192954,0.0,1216.713122359396
0+12+18,2025-05-01,56878.97608113855,55820.1067483882,3326.2391791666646,59146.34592755487,34015.53594333657,-252.31001357836385,15747.056369254162,49510.28229901237,0.0,1058.8693327503465
0+12+18,2025-05-02,67566.18369221536,66964.5400012517,0.0,66964.5400012517,39949.1259317783,-211.9183899506744,0.0,39737.20754182762,0.0,601.6436909636477
0+12+18,2025-05-03,64054.707585631,61517.28921982167,18.39166666666665,61535.68088648834,37846.35748467524,-696.3562387357038,39.3213833333333,37189.32262927287,0.0,2537.418365809327
0+12+18,2025-05-04,61002.92474288408,57265.742025908774,2798.0115944444424,60063.753620353215,36014.566369109525,-1158.037040644213,12867.72240244652,47724.25173091183,0.0,3737.182716975308
0+12+18,2025-05-05,61804.26269583333,59733.31734722222,3067.759258127572,62801.076605349794,37144.13812852555,-933.4308973865969,12995.348957558672,49206.05618869762,0.0,2070.94534861111
0+12+18,2025-05-06,54016.80815768176,54001.3075461838,4495.245580178322,58496.55312636212,32239.151186410912,174.38015278524722,20391.000528376346,52804.53186757251,157.45567950000054,172.95629099794925
0+12+18,2025-05-07,57379.658421827844,57537.487070901916,3295.6181402777765,60833.10521117969,34577.19480287672,103.82876090555278,14261.133870234717,48942.15743401699,157.82864907406997,0.0
0+12+18,2025-05-08,63988.10440763889,62674.38325693588,2524.8994961111084,65199.28275304699,37049.08612766284,-244.05802495553667,12507.535997055678,49312.56409976298,66.86761944444467,1380.5887701474603
0+12+18,2025-05-09,67222.95466111111,61683.823691666665,0.0,61683.823691666665,39324.73821788423,-1401.1151064919795,0.0,37923.623111392255,90.88662916666681,5630.017598611111
0+12+18,2025-05-10,65814.28531575171,65008.991698570644,0.0,65008.991698570644,38630.12569834241,406.65359973651664,0.0,39036.77929807892,628.5787000000001,1433.8723171810702
0+12+18,2025-05-11,62487.65549862826,61564.14797292523,2064.4963861111096,63628.64435903634,36479.486315735914,70.99889231640384,10144.735941040271,46695.22114909259,282.95320694444376,1206.460732647472
0+12+18,2025-05-12,55144.78056634088,56048.586303840886,2355.564349999996,58404.15065384088,32674.6078298052,1138.3605064147928,10228.479573143035,44041.44790936303,903.8057375000008,0.0
0+12+18,2025-05-13,64193.24975903636,64271.588814454735,1150.3060847222205,65421.89489917696,37576.25903424274,497.05553886648613,5940.234461714575,44013.54903482381,527.4268873628237,449.0878319444455
0+12+18,2025-05-14,62934.70256371741,58246.203965637855,1392.4289611111099,59638.632926748964,37946.63764841246,-1418.9452795787563,5360.483372124996,41888.1757409587,0.0,4688.498598079559
0+12+18,2025-05-15,61727.06308238597,59400.488175527265,1041.278166666666,60441.76634219393,37891.92488885002,-911.4288102465003,3842.502924232638,40822.999002836164,0.0,2326.5749068587124
0+12+18,2025-05-16,58624.71018022976,55854.82193696845,0.0,55854.82193696845,35814.68957221355,-940.3266037988733,0.0,34874.36296841468,0.0,2769.8882432613163
0+12+18,2025-05-17,66944.41583497942,63892.28739132373,3.5616666666666106,63895.849057990396,39976.99841816776,-921.0664270893395,7.614843333333213,39063.546834411754,0.0,3052.128443655697
0+12+18,2025-05-18,66581.20434609053,64057.27096771261,667.297345833334,64724.56831354595,39295.32269802845,-717.0739916631171,2064.7611788437607,40643.0098852091,0.0,2523.9333783779207
0+12+18,2025-05-19,60458.33473009258,59344.58524814814,600.3189741805569,59944.904222328696,35817.86618033819,69.89301328034765,2969.2876278989634,38857.046821517506,320.7980111111109,1434.5474930555524
0+12+18,2025-05-20,60081.12863000685,61526.63430169753,981.2284208333331,62507.86272253086,35795.31404342114,1335.672456241688,4208.373124815969,41339.35962447879,1445.5056716906784,0.0
0+12+18,2025-05-21,56422.014095833336,56854.69311184465,1142.7757638888866,57997.46887573354,34221.823668172496,868.993088616856,4495.43570662638,39586.25246341573,853.2219007335409,420.5428847222222
0+12+18,2025-05-22,59421.81919711934,59406.55822211934,905.9399305555542,60312.498152674896,36093.91879178134,-9.444116704722314,2915.630118261107,39000.10479333773,0.0,15.260975000000144
0+12+18,2025-05-23,63570.34636205419,64430.32154960563,0.0,64430.32154960563,37696.26427789373,1589.0869140516827,0.0,39285.35119194541,1331.2131319958796,471.2379444444402
0+12+18,2025-05-24,58060.20598655693,58053.750414033784,0.0,58053.750414033784,35313.84194253221,36.76666363804841,0.0,35350.60860617026,60.908676087962725,67.36424861111112
0+12+18,2025-05-25,60669.01960044582,58369.61397632082,845.8164541666652,59215.43043048748,36059.12918041958,-369.546598022981,3182.2134518118,38871.7960342084,138.10549115277783,2437.5111152777777
0+12+18,2025-05-26,58609.760960833344,59875.767261193425,1332.5433694444428,61208.31063063787,35486.95815745645,1033.224331393568,4543.290458923603,41063.472947773625,1266.0063003600858,0.0
0+12+18,2025-05-27,55451.56172422839,55472.10314367284,1214.898576135973,56687.00171980881,33875.86559077653,20.378999635833164,4950.923088654619,38847.16767906698,20.541419444444273,0.0
0+12+18,2025-05-28,63549.789158333326,63236.167210125,410.5166958333319,63646.68390595833,37681.499381388334,205.83957645114748,1605.6668060430507,39493.00576388253,244.72448790277593,558.3464361111046
0+12+18,2025-05-29,62916.784580555555,62908.59247047325,818.2546236111116,63726.84709408436,37480.36232930361,46.55849811393686,3475.5215265798674,41002.442353997416,75.10543158436444,83.29754166666788
0+12+18,2025-05-30,66646.06882193072,62919.400714986274,0.0,62919.400714986274,40026.055726345294,-978.1817992356857,0.0,39047.873927109606,0.0,3726.668106944444
0+12+18,2025-05-31,69797.36170756191,64965.53149369016,92.18666666666661,65057.71816035683,42596.07734491127,-1760.201367477656,197.0950933333332,41032.971070766944,0.0,4831.830213871742
0+12+18,2025-06-01,77486.23261153977,71458.44494763375,6566.091586999994,78024.53653463373,46998.38924965395,-2243.611376498813,26529.397644811255,71284.17551796639,0.0,6027.787663906036
0+12+18,2025-06-02,78592.40225720164,73005.72254002056,6050.435627777774,79056.15816779833,48260.47510426074,-1922.770701217783,23336.759342100682,69674.46374514364,0.0,5586.6797171810695
0+12+18,2025-06-03,72622.79730246913,70965.08453736283,5730.7137017499945,76695.79823911282,44037.608896413454,-492.8587894679299,22937.095217513626,66481.84532445915,7.197348611111067,1664.910113717422
0+12+18,2025-06-04,83198.84251411179,77623.92198974622,4771.454433097221,82395.37642284344,51386.97735131832,-1960.0178074743862,17295.23289937958,66722.19244322351,0.0,5574.92052436557
0+12+18,2025-06-05,72825.79362777778,72841.11930466392,5829.09464722222,78670.21395188614,43704.174580889994,601.7555833381684,23158.509869834026,67464.4400340622,555.9451874999999,540.6195106138522
0+12+18,2025-06-06,79628.52967139918,78987.21291109396,0.0,78987.21291109396,49333.56750772628,-269.47441642182963,0.0,49064.09309130445,0.0,641.3167603052104
0+12+18,2025-06-07,85003.1275361111,82436.93826697531,76.18833333333339,82513.12660030865,52924.06728450695,-751.7703139206257,162.89065666666679,52335.18762725299,132.04580000000055,2698.2350691358065
0+12+18,2025-06-08,69946.47271879287,70728.74321399177,4844.252595833327,75572.9958098251,42129.12407522593,1017.0969445643494,18723.234698807613,61869.45571859789,1028.6416729766856,246.37117777777758
0+12+18,2025-06-09,78259.56910694444,76949.97110363512,3749.7465097222184,80699.71761335734,48380.861510814306,-460.3894004460937,14070.912709420822,61991.38481978903,0.0,1309.5980033093274
0+12+18,2025-06-10,73820.43095905348,73913.82113969239,3901.4881708333305,77815.30931052571,44995.50615745527,94.93159879714422,14566.903682068738,59657.34143832115,108.09795147222087,14.70777083333303
0+12+18,2025-06-11,79691.15208255556,78329.92358965433,3796.2975527777753,82126.2211424321,49966.142437571594,-547.5718400905553,14368.845740336103,63787.41633781714,0.0,1361.2284929012344
0+12+18,2025-06-12,78673.60630705573,78465.35868900016,1838.8342597222204,80304.19294872238,48805.657965998544,-89.11103265347231,7181.751606155548,55898.298539500625,0.0,208.24761805555573
0+12+18,2025-06-13,79994.95557387001,79243.81057666495,0.0,79243.81057666495,49747.5472241083,-273.5160906326306,0.0,49474.03113347567,0.0,751.1449972050714
0+12+18,2025-06-14,81583.36647510288,78701.12099444444,0.0,78701.12099444444,50102.03687424838,-1015.5320374059944,0.0,49086.50483684238,0.0,2882.2454806584337
0+12+18,2025-06-15,74060.52272530863,74354.69342669751,2897.890027069445,77252.58345376696,45586.360339589744,238.93265084083376,11131.906228267631,56957.19921869821,436.51450555555596,142.34380416666613
0+12+18,2025-06-16,77128.49310487055,75792.45144201047,2868.418630555552,78660.87007256602,47576.792072344644,-499.5917634829618,11285.325381360402,58362.525690222086,0.0,1336.041662860084
0+12+18,2025-06-17,79622.7243907236,78926.53867311386,2106.4152611111094,81032.95393422496,49375.975300139144,-87.66643061619499,8941.787526706938,58230.096396229885,188.69853888888883,884.8842564986255
0+12+18,2025-06-18,80450.63267726336,78356.79905504115,1005.4091791666663,79362.20823420782,49720.07210540546,-692.5884936396734,4053.1572370770823,53080.640848842864,57.41888888888866,2151.2525111111104
0+12+18,2025-06-19,76722.21620713305,78996.91996047668,970.077076388887,79966.99703686556,47099.33845856865,2567.2558429630453,4718.236094954854,54384.83039648655,2303.3946838991774,28.690930555555383
0+12+18,2025-06-20,79129.75719166666,77930.11575363511,0.0,77930.11575363511,48892.872138098195,-418.9498766331627,0.0,48473.922261465035,0.0,1199.6414380315546
0+12+18,2025-06-21,74439.13286454475,74575.01568815587,0.0,74575.01568815587,46099.379105740074,138.91908041562488,0.0,46238.2981861557,135.88282361111104,0.0
0+12+18,2025-06-22,74614.80203070988,75903.15863261317,1343.6961402777772,77246.85477289095,45246.94207042754,1593.387861288328,5498.698655432636,52339.0285871485,1306.666885236627,18.31028333333336
0+12+18,2025-06-23,75223.3038210048,75524.23455411523,1128.034932277777,76652.26948639301,46896.41896422555,219.64242374986503,4341.4117883326635,51457.47317630808,366.21861111111133,65.28787800068392
0+12+18,2025-06-24,86969.06232222222,84290.93721001371,915.0411277777775,85205.97833779149,54768.40132967834,-995.4350192372231,3436.6285000479197,57209.594810489034,0.0,2678.125112208504
0+12+18,2025-06-25,78263.79604879973,80336.43161479768,787.2040666666653,81123.63568146434,47993.56111466876,2407.3925530883707,3713.879668686105,54114.83333644323,2073.662403497943,1.026837500000056
0+12+18,2025-06-26,75033.914878738,76897.11680569273,942.2562319444439,77839.37303763717,46730.068847253744,1670.0948237900336,3675.818493652776,52075.98216469655,1863.2019269547304,0.0
0+12+18,2025-06-27,77699.77345468587,74318.47997195268,0.0,74318.47997195268,48971.28380499304,-1332.8056096442222,0.0,47638.47819534882,0.0,3381.2934827331947
0+12+18,2025-06-28,77015.7595489796,76953.2756968191,0.0,76953.2756968191,48309.75005885805,-37.8438441593056,0.0,48271.90621469875,0.0,62.483852160493825
0+12+18,2025-06-29,73693.02631476338,77625.90733493055,1297.0542027777774,78922.96153770832,45173.65292375874,4220.497853148019,3958.2931530569426,53352.443929963694,3932.881020167177,0.0
0+12+18,2025-06-30,79285.4096809122,78526.58620561111,939.3285750000008,79465.91478061111,49301.80118554518,-195.0986336915377,3636.7751856888954,52743.47773754253,79.9453486111097,838.7688239122039
0+12+18,2025-07-01,70775.20626421468,71487.22673083967,12222.725582986626,83709.9523138263,43416.4019132296,541.0761789562476,44901.10952936375,88858.5876215496,712.0204666250016,0.0
0+12+18,2025-07-02,67650.2228138546,67344.48456802126,9915.75114557836,77260.23571359963,42084.84088049569,-158.3044746332638,35892.86592304976,77819.40232891218,0.0,305.73824583333317
0+12+18,2025-07-03,76273.45844562756,75596.23620306927,9469.190170319442,85065.42637338872,47042.81696736546,-257.46149068218887,35520.904936518185,82306.26041320147,0.0,677.2222425582999
0+12+18,2025-07-04,69158.63011409465,69972.86857602879,0.0,69972.86857602879,42683.335017373625,693.3114072075209,0.0,43376.646424581144,814.2384619341547,0.0
0+12+18,2025-07-05,68978.74125474966,68978.74125474966,71.99833333333322,69050.739588083,42840.77122060036,0.0,153.93243666666643,42994.70365726703,0.0,0.0
0+12+18,2025-07-06,71902.84564290123,72287.62798873457,11633.07773441666,83920.70572315123,45073.152680489075,631.113305662708,45225.015369599365,90929.28135575115,454.88342499999965,70.10107916666652
0+12+18,2025-07-07,72531.02130639573,70561.04362006173,8063.388854194444,78624.43247425617,44996.229903977626,-584.8805234531102,29453.95469697077,73865.30407749528,0.0,1969.977686334022
0+12+18,2025-07-08,76781.82174893467,74116.22779598543,7925.961705888886,82042.18950187431,47633.480596974565,-652.2442896640498,30094.859613914934,77076.09592122545,44.35821388889025,2709.9521668381376
0+12+18,2025-07-09,78082.9642832735,74771.82465244358,6507.360978041661,81279.18563048524,48072.625893421966,-981.1797254116004,24656.25394619544,71747.7001142058,72.13955972222254,3383.279190552127
0+12+18,2025-07-10,72653.73455240055,71216.12720044583,6683.180411138885,77899.30761158472,45354.84654560216,-387.8605522306328,25493.921761598343,70460.90775496987,0.49683888888887395,1438.1041908436196
0+12+18,2025-07-11,82500.77338700273,81263.299689952,0.0,81263.299689952,51568.33366439269,-479.87533228235236,0.0,51088.458332110335,0.0,1237.473697050754
0+12+18,2025-07-12,74326.77625390947,76586.14317517147,0.0,76586.14317517147,46716.17184135709,2146.313664324381,0.0,48862.48550568147,2259.3669212620016,0.0
0+12+18,2025-07-13,81053.87048611112,74792.15874190672,2168.2894777361093,76960.44821964283,51708.84923792083,-2299.5602802252265,8210.571048040722,57619.86000573633,0.0,6261.711744204391
0+12+18,2025-07-14,76905.95713299038,75615.61089965707,3240.1350988194417,78855.74599847652,47590.88595057411,-245.21453301385216,13043.631482518456,60389.30290007872,51.38840138888929,1341.7346347222215
0+12+18,2025-07-15,80852.39769022634,78583.4914329561,2508.9031888888876,81092.39462184499,50196.46993296273,-734.5188940840236,9539.342735018748,59001.29377389746,0.0,2268.906257270236
0+12+18,2025-07-16,78696.06399314129,78845.50393064128,2497.0931249999976,81342.59705564128,49918.53831477881,97.54815019354085,7890.911052170131,57906.99751714248,161.58789027777755,12.147952777778869
0+12+18,2025-07-17,76551.2359717421,77867.11364569615,2170.0111124999985,80037.12475819615,47927.07174141104,1480.3534444245086,8161.04915295694,57568.47433879249,1346.685798954049,30.808124999999734
0+12+18,2025-07-18,87688.2898623611,81017.50980059842,0.0,81017.50980059842,55269.34501048217,-2330.7068705762017,0.0,52938.63813990597,0.0,6670.780061762691
0+12+18,2025-07-19,85966.58794741082,78726.81342134773,31.36500000000001,78758.17842134774,54792.8608084768,-2430.2994957717137,67.05837000000001,52429.61968270508,0.0,7239.774526063102
0+12+18,2025-07-20,82803.5431202332,79915.98625651577,780.7953388888877,80696.78159540465,51447.52577254801,-691.4983694481515,3263.072513097912,54019.099916197774,141.8024569444438,3029.3593206618684
0+12+18,2025-07-21,83516.54322750343,83125.6983651749,808.5398374999997,83934.2382026749,52399.5388540314,-96.45614538823394,3323.548420035416,55626.631128678586,0.0,390.8448623285299
0+12+18,2025-07-22,79877.80577601166,79871.19281212277,1638.8001575833357,81509.9929697061,50326.46454571407,-2.213359013611148,6184.819245304692,56509.07043200515,0.0,6.6129638888889986
0+12+18,2025-07-23,89721.84156742113,84958.14230958503,583.6766291666656,85541.8189387517,56995.01430864399,-1578.838482787425,2406.2949755409663,57822.47080139753,0.0,4763.699257836078
0+12+18,2025-07-24,89667.02516402779,85441.27154756687,372.7525579722209,85814.0241055391,57015.878978775465,-1534.825400565613,1282.3332113938422,56763.3867896037,0.0,4225.753616460907
0+12+18,2025-07-25,79848.3866682956,79349.17866270576,0.0,79349.17866270576,50427.13909206916,-183.948938372513,0.0,50243.19015369665,0.0,499.20800558984547
0+12+18,2025-07-26,85690.43680402313,83428.3634964957,0.0,83428.3634964957,53607.76702978471,-718.9614570587847,0.0,52888.80557272592,30.71796249999977,2292.7912700274355
0+12+18,2025-07-27,82479.66959499332,83551.10947153652,729.4354055555532,84280.54487709208,51662.49551471243,1502.4926220282862,2617.672524031239,55782.66066077195,1348.9130029320984,277.47312638888934
0+12+18,2025-07-28,85263.15805586247,84720.824729,1880.036787499997,86600.8615165,53537.41106574297,140.085139420472,7621.9215110110945,61299.41771617454,322.81717222222517,865.1504990847047
0+12+18,2025-07-29,82631.98529399863,82999.25515378945,1466.6037572499993,84465.85891103945,51894.378405974465,294.0793596036614,5622.993078429456,57811.45084400758,367.26985979081036,0.0
0+12+18,2025-07-30,76546.42425138887,81052.87105687585,1666.043869444443,82718.9149263203,48284.47288302389,4504.761786674711,5657.765301076383,58446.99997077498,4506.44680548697,0.0
0+12+18,2025-07-31,80785.36516649519,82503.44516594907,745.7434736111101,83249.18863956019,50572.207601770075,1807.5042318351775,2832.6590302631903,55212.37086386844,1718.0799994538797,0.0
0+12+18,2025-08-01,81655.66662954389,76923.5183093107,0.0,76923.5183093107,51758.49473637194,-1542.228067069404,0.0,50216.26666930254,0.0,4732.14832023319
0+12+18,2025-08-02,89389.41945416667,79857.5401378944,32.52833333333331,79890.06847122773,56619.38742802681,-3154.2867624287446,69.5455766666666,53534.646242264724,0.0,9531.879316272287
0+12+18,2025-08-03,71927.56816580932,71283.79332532578,505.4134399862824,71789.20676531206,45746.68647859705,-184.17837858758293,2030.067761783041,47592.57586179251,0.0,643.7748404835372
0+12+18,2025-08-04,76612.68390588133,73709.75029058641,666.4412347222225,74376.19152530863,49133.72202658132,-1194.2368107326038,2716.593808305557,50656.07902415428,0.0,2902.933615294927
0+12+18,2025-08-05,75128.90171805557,74518.98001527778,1065.4778694444456,75584.45788472221,47901.88572331786,-285.4263200891668,3291.92934874653,50908.388751975224,0.0,609.921702777778
0+12+18,2025-08-06,82691.23121397462,78437.65793245885,447.52408888888954,78885.18202134775,53483.85464321844,-1638.926844236983,2040.1019382770874,53885.02973725855,0.0,4253.57328151577
0+12+18,2025-08-07,83739.63423271605,79068.35946774692,356.63681388888904,79424.99628163582,52292.183487684844,-773.5799239694812,1129.1720454305562,52647.775609145916,400.44487500000054,5071.719639969132
0+12+18,2025-08-08,73089.16381381944,73010.41310286266,0.0,73010.41310286266,46591.30991281286,-32.72192071974401,0.0,46558.58799209312,0.0,78.75071095678715
0+12+18,2025-08-09,78125.5251159808,77052.559391238,0.0,77052.559391238,49320.8962209851,-262.4157520328314,0.0,49058.48046895227,0.0,1072.9657247427965
0+12+18,2025-08-10,77654.66050159466,74438.56021795268,446.51094305555574,74885.07116100824,49635.70376217485,-1085.0713218086794,1925.3169554013903,50475.94939576756,0.0,3216.100283641978
0+12+18,2025-08-11,75758.96222791495,75943.9530225823,561.2969597222219,76505.24998230452,47453.00892419397,760.8123628597766,1877.5509697916636,50091.37225684541,756.7617293895755,571.7709347222233
0+12+18,2025-08-12,82040.03026709532,79619.9158852181,289.7131708333322,79909.62905605143,51497.246802356094,-417.93903727235767,966.4337371305503,52045.74150221429,283.2103643333327,2703.324746210556
0+12+18,2025-08-13,75087.86306757544,76158.48719346707,752.4601236111097,76910.94731707817,47081.6057091245,1081.5964826900731,3000.379286628465,51163.58147844304,1176.454249502739,105.83012361111048
0+12+18,2025-08-14,76892.6923475823,75936.28248712276,524.0619944444444,76460.34448156721,49026.95707207648,-388.3526617367158,2260.1813561347217,50898.78576647449,0.0,956.4098604595345
0+12+18,2025-08-15,86388.75556634087,76793.43036183127,0.0,76793.43036183127,54846.725088393214,-3181.2612750456665,0.0,51665.463813347546,0.0,9595.325204509601
0+12+18,2025-08-16,84234.34615317216,75930.28718149863,0.0,75930.28718149863,54073.45066844517,-2943.6243249256086,0.0,51129.82634351956,0.0,8304.058971673521
0+12+18,2025-08-17,79933.71047662947,76906.02137582528,265.8398624999995,77171.86123832528,49925.063173205825,-546.2471479149915,1426.3192171923583,50805.13524248319,229.46065847222235,3257.1497592764053
0+12+18,2025-08-18,76811.73927704047,75517.6489858882,360.90051388888804,75878.54949977709,48951.05764753921,-541.5952325991352,1639.4002052902756,50048.86262023034,0.0,1294.0902911522612
0+12+18,2025-08-19,76240.40384298697,75862.16196382031,443.1499499999994,76305.31191382032,48342.39736386567,-149.9060126203478,2046.5571479319428,50239.04849917726,0.0,378.24187916666904
0+12+18,2025-08-20,84356.84013670438,80808.89725697188,512.422931944444,81321.32018891632,52791.75523188664,-1066.2253640577258,2233.402076760415,53958.93194458933,37.183773611111064,3585.1266533436215
0+12+18,2025-08-21,80755.94325474967,78853.73455471537,185.27184166666513,79039.00639638203,50546.91152725481,-579.8226050276526,745.348788170826,50712.437710397986,0.0,1902.208700034293
0+12+18,2025-08-22,79863.46786469477,76278.0940550926,0.0,76278.0940550926,50852.42334356604,-1190.7248605739223,0.0,49661.69848299212,0.0,3585.3738096021907
0+12+18,2025-08-23,77365.0216302469,78107.25828163579,0.0,78107.25828163579,48716.86459902268,819.8166733204158,0.0,49536.68127234309,742.236651388888,0.0
0+12+18,2025-08-24,75853.48107913237,74364.08994717078,251.77581111111118,74615.8657582819,48654.05626600185,-443.34869969412273,985.9484373277762,49196.6560036355,0.0,1489.391131961594
0+12+18,2025-08-25,96593.6424919067,87185.39380060014,160.4685791666662,87345.86237976681,61674.944043343356,-3386.982417052894,390.3691154354154,58678.33074172588,0.0,9408.248691306579
0+12+18,2025-08-26,76795.51617429696,76603.17611574075,202.75959444444422,76805.9357101852,49411.789395546635,-100.88705918920442,612.1843982611105,49923.08673461854,0.0,192.34005855623434
0+12+18,2025-08-27,77686.73207078189,80819.03001344307,321.34863888888805,81140.37865233196,49737.379655208824,2959.4017808682884,956.5919507770809,53653.3733868542,3132.2979426611864,0.0
0+12+18,2025-08-28,76939.87386064815,80036.11450517832,434.8623499999996,80470.97685517832,48200.70474060334,3332.974204430916,1789.265156766664,53322.94410180092,3096.240644530176,0.0
0+12+18,2025-08-29,87054.46019086076,81110.01786457477,0.0,81110.01786457477,55431.336063619776,-1977.1472869899376,0.0,53454.18877662984,0.0,5944.442326286011
0+12+18,2025-08-30,82762.11102230794,75878.90959146089,0.0,75878.90959146089,52886.63803422305,-2144.634426435846,0.0,50742.0036077872,0.0,6883.201430847052
0+12+18,2025-08-31,76092.84806819275,74617.01386044238,1192.6966055555547,75809.71046599794,48666.94327952436,-537.8216412773352,5211.652007070134,53340.77364531717,0.0,1475.8342077503426
0+12+18,2025-09-01,84335.024595625,80802.02114335512,0.0,80802.02114335512,52844.5992300461,-966.2771855318591,0.0,51878.32204451424,47.690027805557065,3580.6934800754425
0+12+18,2025-09-02,75709.34444538751,76313.32769450583,0.0,76313.32769450583,47691.875579769374,752.3291397003372,0.0,48444.20471946971,707.5169407849826,103.5336916666667
0+12+18,2025-09-03,80625.74434872308,78971.21079966391,0.0,78971.21079966391,50840.20362940365,-182.9118641184466,0.0,50657.291765285205,257.79659481944407,1912.3301438785993
0+12+18,2025-09-04,78140.96295461248,75999.15648539095,12.793491666666625,76011.94997705762,50039.48852081242,-666.4273074307455,74.31099634583309,49447.37220972751,0.0,2141.806469221535
0+12+18,2025-09-05,73680.48290444101,72547.08494595336,0.0,72547.08494595336,47332.65199841131,-509.70796235648106,0.0,46822.94403605483,0.0,1133.3979584876522
0+12+18,2025-09-06,74332.77968590535,72443.82284194102,0.0,72443.82284194102,47434.42304267989,-533.0548985953998,0.0,46901.36814408449,0.0,1888.9568439643351
0+12+18,2025-09-07,74237.16175231482,74264.69522633744,244.19075138888783,74508.88597772633,47207.44611897427,143.45823864636452,1369.2635798256888,48720.16793744633,162.95126846707763,135.41779444444734
0+12+18,2025-09-08,81308.6868987265,82546.1102875468,0.0,82546.1102875468,51348.45290839177,1510.9803996515727,0.0,52859.43330804334,1524.379524931412,286.9561361111124
0+12+18,2025-09-09,71636.49417801783,73354.78309083436,219.7450500000014,73574.52814083436,45846.89974029634,1819.850423127679,523.7772953562531,48190.52745878028,1718.2889128165264,0.0
0+12+18,2025-09-10,82881.59893747221,82573.64265510836,3.7819972222221168,82577.42465233058,52428.059423062514,390.9806835088288,17.206196362499522,52836.24630293385,547.0264560277778,854.9827383916328
0+12+18,2025-09-11,82486.36404814816,76052.79405044581,482.5586527777767,76535.35270322359,52464.64214897997,-1953.0573576576705,2621.340040452077,53132.92483177438,0.0,6433.569997702335
0+12+18,2025-09-12,73391.45147719479,74441.21376289832,0.0,74441.21376289832,47171.384596573276,871.96161382565,0.0,48043.34621039893,1049.7622857035333,0.0
0+12+18,2025-09-13,72351.46295644718,72019.68539605623,0.0,72019.68539605623,46568.095072788055,-104.14042851102663,0.0,46463.95464427703,0.9381027777779423,332.71566316872617
0+12+18,2025-09-14,85261.03066243141,84615.37819324416,0.0,84615.37819324416,54499.34031704992,-191.89824194849805,0.0,54307.442075101426,0.0,645.6524691872426
0+12+18,2025-09-15,70637.34329096365,71196.27228858024,483.3675263888887,71679.63981496912,45502.83133772795,440.5771338850118,1964.9484465534692,47908.35691816643,558.9289976165938,0.0
0+12+18,2025-09-16,84002.85212381893,79700.47569568742,0.0,79700.47569568742,53073.57251061219,-1383.2798243083928,0.0,51690.292686303794,41.355230236110856,4343.731658367627
0+12+18,2025-09-17,80311.4714331447,77666.7052909465,429.998054166668,78096.70334511317,51549.19198569027,-982.1049895409806,1339.179855879865,51906.26685202915,0.0,2644.766142198213
0+12+18,2025-09-18,72597.76629127229,73645.80256201989,1511.2169111111125,75157.019473131,46503.98509832763,813.0643857430391,5603.280863459725,52920.33034753039,1048.0362707475988,0.0
0+12+18,2025-09-19,78376.68450665295,78318.12907193073,0.0,78318.12907193073,49665.00445386998,-12.68263375951389,0.0,49652.32182011047,0.0,58.55543472222223
0+12+18,2025-09-20,75472.54578712277,74736.20932337106,0.0,74736.20932337106,48450.45566652665,-273.1910593977442,0.0,48177.264607128905,0.0,736.3364637517119
0+12+18,2025-09-21,77102.33142275376,75941.5984186214,6.956616666666605,75948.55503528807,48679.426059563455,-371.1224519071093,12.914958841666552,48321.21856649801,0.0,1160.7330041323678
0+12+18,2025-09-22,78383.74817091908,73540.71167112482,71.61507777777723,73612.3267489026,49411.5790867098,-1654.944187894396,276.83419570277516,48033.46909451817,0.0,4843.036499794238
0+12+18,2025-09-23,76505.7901442044,74961.29391143691,38.00723333333326,74999.30114477024,48136.73177932639,-489.08302921214124,148.68788089166662,47796.336631005914,0.0,1544.4962327674925
0+12+18,2025-09-24,66950.10459526749,68547.18981399812,2050.9040097222214,70598.09382372034,42552.895062827374,1249.3612671917124,5438.170449088887,49240.42677910798,1597.0852187306275,0.0
0+12+18,2025-09-25,72494.36281073389,72479.13595665296,195.11860555555478,72674.25456220852,45380.4947641177,143.75007895786487,724.4532498784689,46248.69809295403,178.08575286351385,193.31260694444416
0+12+18,2025-09-26,79992.03216769546,75008.66621040809,0.0,75008.66621040809,50463.60180388823,-1661.2676989983947,0.0,48802.33410488984,0.0,4983.3659572873785
0+12+18,2025-09-27,67359.72090445817,69098.44324124142,0.0,69098.44324124142,42445.31909014503,1483.7484526888898,0.0,43929.06754283392,1738.72233678326,0.0
0+12+18,2025-09-28,70849.31501630659,71102.44971148834,543.9582277777769,71646.40793926612,44361.35680588665,166.18045598374073,1741.921940476386,46269.45920234678,253.13469518175356,0.0
0+12+18,2025-09-29,73545.08615085733,70805.82859723936,598.4275277777766,71404.25612501714,46350.80499983182,-1004.9457410020561,2124.8603610833297,47470.71961991309,0.0,2739.2575536179675
0+12+18,2025-09-30,72526.80575121741,70810.89784684498,3143.6973847222207,73954.5952315672,46039.0195607882,-679.1375421929276,11520.439273182634,56880.3212917779,0.0,1715.9079043724325
0+12+18,2025-10-01,69333.81889266118,66009.19488777434,49.59565138888888,66058.79053916324,43246.32286813406,-892.8876023982323,145.38274692430565,42498.81801266014,0.0,3324.6240048868344
0+12+18,2025-10-02,75436.04630611677,68460.82358672377,158.15390833333277,68618.9774950571,47407.74618263784,-2225.493972303907,467.31633434722056,45649.568544681155,0.0,6975.222719393005
0+12+18,2025-10-03,67162.65056150548,65055.58709414162,0.0,65055.58709414162,41728.568026183064,-450.349898793442,0.0,41278.21812738962,51.29110713888906,2158.3545745027413
0+12+18,2025-10-04,79110.09673991665,73560.5249029825,0.0,73560.5249029825,49643.035276126495,-1643.611980200214,0.0,47999.42329592628,0.0,5549.571836934155
0+12+18,2025-10-05,74070.59542767491,71118.99438744942,217.20197777777716,71336.1963652272,46062.18969115536,-684.8504845659874,632.4419194673594,46009.78112605674,64.59119451388767,3016.1922347393725
0+12+18,2025-10-06,63069.95049058642,63836.82809927984,2073.9533138888883,65910.78141316873,39918.03773479606,510.83367333064143,6947.323145252778,47376.19455337948,766.8776086934141,0.0
0+12+18,2025-10-07,67633.5269654664,68302.64649744514,167.6594388888887,68470.30593633403,41993.04513397462,965.0664597297183,551.4054820576387,43509.517075761985,834.6001222565192,165.48059027777975
0+12+18,2025-10-08,67154.83695420096,66241.59007541153,429.2440819444431,66670.83415735597,41828.77889831763,-196.99981725794544,1662.5490655638837,43294.32814662357,36.93447222222221,950.1813510116609
0+12+18,2025-10-09,76117.23789134086,69912.85970581276,134.59710694444414,70047.45681275721,47676.23946042845,-1876.5456079800392,428.6130040493048,46228.306856497715,0.0,6204.378185528118
0+12+18,2025-10-10,73809.93848259603,69136.34831215706,0.0,69136.34831215706,46387.490085113,-1341.5829319754814,0.0,45045.907153137516,0.0,4673.590170438959
0+12+18,2025-10-11,74400.18480814471,72800.88384528462,0.0,72800.88384528462,46527.008698047735,-402.692402462439,0.0,46124.3162955853,0.0,1599.300962860085
0+12+18,2025-10-12,69083.76096724966,68679.63118924966,579.985520791667,69259.61671004133,42793.339587622555,114.06162022900173,2244.1513664709605,45151.55257432252,197.78901088888966,601.9187888888853
0+12+18,2025-10-13,70803.84119082647,66188.51768220164,994.6916458333321,67183.20932803497,43973.48263323269,-1315.6465664519567,3879.046153413189,46536.882220193926,0.0,4615.323508624828
0+12+18,2025-10-14,73762.55088054595,69751.39602867696,769.5120930555549,70520.90812173251,46148.61955240683,-1270.0843557993148,3196.589359417357,48075.12455602487,0.0,4011.1548518689983
0+12+18,2025-10-15,76588.72753804954,72114.5001103918,224.735052777777,72339.23516316958,48116.43955270068,-1530.8175559118695,669.9425244736074,47255.564521262415,0.0,4474.227427657752
0+12+18,2025-10-16,73181.46922772634,71573.24381349451,631.7378666666646,72204.98168016117,46038.21702224954,-534.4647824305887,1874.4776623576342,47378.22990217659,0.0,1608.225414231826
0+12+18,2025-10-17,63292.01657083333,68204.73000764746,0.0,68204.73000764746,39484.02636615028,4945.065035499172,0.0,44429.09140164946,4912.713436814125,0.0
0+12+18,2025-10-18,75660.29641841736,71381.18453342078,0.0,71381.18453342078,47286.23514597579,-1385.1026123388692,0.0,45901.13253363692,0.0,4279.111884996567
0+12+18,2025-10-19,73715.17400138888,72014.36495356653,588.5973999999983,72602.96235356653,46403.54766196819,-553.0976472384341,2087.54366682777,47937.99368155752,0.0,1700.8090478223555
0+12+18,2025-10-20,76222.51400972222,74422.16456556928,369.43120972222164,74791.59577529151,48136.57629910125,-668.7689810274343,1114.241109496526,48582.04842757035,0.0,1800.3494441529424
0+12+18,2025-10-21,75193.08283612448,73842.72468476988,1260.4968527777773,75103.22153754767,47064.200918483475,-502.00848152798653,4270.494458649302,50832.68689560479,0.0,1350.358151354594
0+12+18,2025-10-22,73046.99209653636,73089.72373679698,842.91496111111,73932.63869790809,45963.105490810456,38.60089220108797,2280.282356642357,48281.9887396539,78.01739164951971,35.285751388888684
0+12+18,2025-10-23,82991.56399933127,79606.16257681756,260.8180694444437,79866.980646262,51915.21499673308,-606.8412575386881,699.1218536041652,52007.49559279855,430.6888166666665,3816.090239180385
0+12+18,2025-10-24,71991.10419161522,74206.41001322016,0.0,74206.41001322016,44828.89511064619,2217.7573668840437,0.0,47046.65247753023,2258.4525341049393,43.146712500000376
0+12+18,2025-10-25,77336.51361440329,76146.38551380315,0.0,76146.38551380315,48003.456422729614,-234.03949115211495,0.0,47769.4169315775,63.811173611111144,1253.9392742112454
0+12+18,2025-10-26,76131.82820037723,76115.67845180041,502.9311374999994,76618.60958930041,47277.601232547306,318.2192565940865,1596.0121430486097,49191.83263219,353.34740836762444,369.497156944444
0+12+18,2025-10-27,69051.43435092592,71545.59868369342,346.2547208333373,71891.85340452676,42941.316404782105,2552.248507385948,1189.0503271076554,46682.61523927571,2513.4477786008283,19.283445833333644
0+12+18,2025-10-28,69287.64144958847,73561.5993384945,714.7675541666651,74276.36689266117,43223.02378502312,4133.366253930264,1984.0652416027679,49340.45528055615,4273.957888906033,0.0
0+12+18,2025-10-29,77738.65025130982,77062.43444599434,474.26511527777683,77536.69956127212,48233.50561016697,-168.86820921221033,1901.8710876652738,49966.508488620035,52.82035277777902,729.036158093274
0+12+18,2025-10-30,69242.55157829217,71616.77466957338,1023.0243499999992,72639.79901957337,43003.37930037728,2415.386001203598,3555.3276880680532,48974.092989648925,2374.2230912812106,0.0
0+12+18,2025-10-31,78131.01530171347,76343.90980694324,0.0,76343.90980694324,48687.96175734211,-647.7696104652935,0.0,48040.19214687682,0.0,1787.1054947702316
0+12+18,2025-11-01,74177.26215125172,74209.71108319616,0.0,74209.71108319616,45943.702878743476,26.014991587291544,0.0,45969.717870330765,50.92515694444421,18.476224999999886
0+12+18,2025-11-02,74772.90255811042,74402.4980901749,1349.7710249999964,75752.26911517489,46614.67406488489,-147.56944727617335,4706.452619391654,51173.55723700037,0.0,370.4044679355294
0+12+18,2025-11-03,79409.0039138889,78270.57928525377,400.02502777777573,78670.60431303155,49242.07844751903,-329.8234522511515,1130.4479862048552,50042.702981472736,0.0,1138.424628635118
0+12+18,2025-11-04,74508.66196774691,74814.84887885801,677.72833611111,75492.57721496912,46295.46876205645,314.7331152768729,2677.5828184006905,49287.784695734015,306.1869111111086,0.0
0+12+18,2025-11-05,82430.25616145405,78597.11042906379,507.69395694444336,79104.80438600823,51460.27197451208,-1314.4282118454043,1999.1750892506907,52145.01885191736,0.0,3833.14573239026
0+12+18,2025-11-06,77865.13749444444,77982.3867776389,781.7595819444424,78764.14635958333,48371.34882882514,148.29924195075188,3176.947169202769,51696.59523997866,133.73107902777923,16.481795833333308
0+12+18,2025-11-07,75628.45550294925,75829.37671683813,0.0,75829.37671683813,47245.44587450289,236.0674326233318,0.0,47481.513307126224,200.92121388888796,0.0
0+12+18,2025-11-08,79587.5172702361,79556.37881851388,0.0,79556.37881851388,49814.553038495505,58.408072000098564,0.0,49872.961110495606,72.80034966666784,103.93880138888915
0+12+18,2025-11-09,78817.82745963614,78717.34958463613,393.5796305555551,79110.92921519169,49204.549070470486,129.0180221961075,1504.8329446583314,50838.40003732492,182.97698472221975,283.45485972222315
0+12+18,2025-11-10,79447.65423923114,78894.40476165913,1420.7541930555533,80315.15895471469,49734.09594245597,-205.6024839642915,5177.620604122907,54706.114062614586,0.0,553.2494775720132
0+12+18,2025-11-11,81996.98406544924,81115.26297808641,334.2501930555542,81449.51317114197,51657.995470949165,-303.03661119786216,1084.8881311958285,52439.84699094713,0.0,881.7210873628267
0+12+18,2025-11-12,78939.75667395833,78168.1901826689,412.2009180555548,78580.39110072446,49323.257374651046,-227.08433164718713,1813.9375213083313,50910.11056431219,0.0,771.5664912894324
0+12+18,2025-11-13,76767.65612477709,79747.92088384772,1296.5660236111078,81044.48690745884,48035.78912984302,2972.0956612240066,4662.628157838875,55670.512948905896,2980.264759070646,0.0
0+12+18,2025-11-14,78846.22693115276,79607.15721446896,0.0,79607.15721446896,49013.77255130075,765.75751471686,0.0,49779.530066017614,760.9302833161915,0.0
0+12+18,2025-11-15,85164.3927060871,83485.0954141461,0.0,83485.0954141461,53784.642006499984,-575.8722637819037,0.0,53208.76974271808,0.0,1679.297291941016
0+12+18,2025-11-16,79439.7849614369,80362.78734708505,972.7821361111088,81335.56948319616,49633.52354669655,1002.017955108131,4091.3205327166584,54726.86203452134,923.002385648151,0.0
0+12+18,2025-11-17,75898.92419055212,77997.98908540809,1420.6444097222209,79418.63349513031,47536.24246437732,2044.2096920194283,4636.500599891661,54216.95275628841,2099.0648948559683,0.0
0+12+18,2025-11-18,80149.04115156636,79929.54808073302,1384.222593827155,81313.77067456018,50159.62052562689,-73.79333954374994,5380.673093582933,55466.50027966607,0.0,219.49307083333315
0+12+18,2025-11-19,79928.51328217336,80059.14484467336,1355.2263208333316,81414.37116550669,50032.02470879775,214.36654309958465,5740.463959235409,55986.85521113274,223.1644458333344,92.5328833333333
0+12+18,2025-11-20,80031.24944491273,81026.37040350326,640.5283374999997,81666.89874100326,50013.18141431379,1111.8226891441932,2529.71570406736,53654.71980752535,1004.8889933127531,9.768034722222183
0+12+18,2025-11-21,80448.15238102777,80969.16580942283,0.0,80969.16580942283,50378.450449335425,567.1146553703171,0.0,50945.56510470574,521.0134283950555,0.0
0+12+18,2025-11-22,87740.1436736111,84821.99581418038,0.0,84821.99581418038,55682.31085197041,-1032.7138630327936,0.0,54649.596988937614,0.0,2918.147859430728
0+12+18,2025-11-23,80628.21129075738,80272.1819031545,1411.7044053749985,81683.8863085295,50651.63811172536,-121.67931209086382,5842.412534699642,56372.371334334144,0.0,356.02938760287867
0+12+18,2025-11-24,79611.34529917352,79651.75932834018,1053.7425819444416,80705.50191028463,50040.17251789865,26.581927889375272,3658.21937118471,53724.973816972735,40.41402916666709,0.0
0+12+18,2025-11-25,91147.90188758573,86041.53143660836,390.4649416666663,86431.99637827503,58146.51881251792,-1835.2584392353194,1376.0156622645827,57687.276035547184,0.0,5106.370450977362
0+12+18,2025-11-26,86644.8476375,84161.22210865913,524.0209847222206,84685.24309338134,54636.76038224959,-871.5217942404588,2173.520628108327,55938.75921611746,0.0,2483.6255288408784
0+12+18,2025-11-27,84173.56617059329,83606.98764026063,510.05643484722134,84117.04407510786,53015.671014311374,-203.00215003278493,2141.1673917970174,54953.83625607561,0.0,566.5785303326459
0+12+18,2025-11-28,84410.42818540809,84334.73432985254,0.0,84334.73432985254,53325.23095823915,-25.74632086798625,0.0,53299.48463737117,0.0,75.69385555555596
0+12+18,2025-11-29,94500.01237755487,92184.82942671468,0.0,92184.82942671468,60293.486779929975,-754.493331491916,0.0,59538.99344843806,0.0,2315.182950840189
0+12+18,2025-11-30,86612.02980336078,87251.88183588821,677.2916958333315,87929.17353172155,54528.09150747632,873.2933832474853,3007.679224799992,58409.0641155238,830.883111694109,191.03107916666602
0+12+18,2025-12-01,89607.5838340878,87601.48969564473,4563.194370249994,92164.68406589473,57350.70475203924,-712.9284655009499,14786.51724736659,71424.29353390489,0.0,2006.0941384430728
0+12+18,2025-12-02,93094.71983923184,90425.78567731482,4694.677969444439,95120.46364675926,59384.30963128018,-904.4053229608744,16550.460168379148,75030.36447669845,0.0,2668.9341619170114
0+12+18,2025-12-03,83444.2152079904,86736.57885895061,5904.38590555555,92640.96476450616,52788.22402082119,3530.8975338301852,19035.57792699165,75354.69948164302,3292.3636509602197,0.0
0+12+18,2025-12-04,91026.59665694443,86576.33384240398,5697.072943055552,92273.40678545953,58375.230066314994,-1702.012670134336,20637.6203879986,77310.83778417925,0.0,4450.262814540465
0+12+18,2025-12-05,90062.38181616942,89808.60823334739,0.0,89808.60823334739,57623.42519119494,-72.5821234228194,0.0,57550.84306777212,24.37763780555747,278.1512206275746
0+12+18,2025-12-06,92908.07050096022,91628.62654286694,0.0,91628.62654286694,59633.548840807875,-489.84243864387815,0.0,59143.706402163996,0.0,1279.4439580932817
0+12+18,2025-12-07,94357.24878888889,91772.42346366597,3272.6798747499984,95045.10333841597,60504.85948057625,-945.7732425861918,11134.975486883104,70694.06172487316,0.0,2584.8253252229088
0+12+18,2025-12-08,93801.59005937929,93065.24069182097,2984.9409166838122,96050.18160850479,60064.102446411634,-233.56807526108625,9557.849140503587,69388.38351165413,0.35013194444445617,736.6994995027435
0+12+18,2025-12-09,93239.44545294924,92200.67671270575,3165.74518234722,95366.42189505298,59705.38459184168,-328.7187545206905,11377.377407670541,70754.04324499152,9.966112500001259,1048.7348527434824
0+12+18,2025-12-10,89821.63359463305,89506.3749539266,4728.865776388886,94235.24073031549,57398.93813734057,-119.21247841734446,16219.215307208327,73498.94096613156,0.0,315.25864070644434
0+12+18,2025-12-11,94179.14626808985,91457.41173055556,1401.1169930555525,92858.5287236111,60148.7549831957,-1003.8137377031968,4904.340135649986,64049.28138114249,0.0,2721.7345375342948
0+12+18,2025-12-12,94016.03412499999,94323.13907913888,0.0,94323.13907913888,60019.313824452496,411.5587881169762,0.0,60430.872612569474,359.7047999722231,52.59984583333335
0+12+18,2025-12-13,95192.10355390946,95740.58899051783,2.8349999999999227,95743.42399051784,61188.054884982615,644.2552879446591,6.061229999999834,61838.371402927274,559.7697393861464,11.284302777777839
0+12+18,2025-12-14,90497.30215188614,91532.2515090192,3109.983374999997,94642.2348840192,57588.68252979921,1046.5463275439915,11697.721600009016,70332.95045735221,1034.9493571330634,0.0
0+12+18,2025-12-15,90039.29979722222,90962.00680416665,4076.945683041664,95038.95248720831,57266.896564756666,786.1126699789584,14811.509502723278,72864.5187374589,922.7070069444444,0.0
0+12+18,2025-12-16,95801.65808749999,94441.47233220164,1241.5321555555543,95683.00448775719,61680.4173546036,-512.1615288174181,3878.035867557634,65046.29169334382,0.0,1360.1857552983552
0+12+18,2025-12-17,97220.33072599451,96029.85300979081,983.1140958333322,97012.96710562414,62370.70938092607,-409.9500477066687,3279.159632786802,65239.918966006204,0.0,1190.4777162037044
0+12+18,2025-12-18,92887.70981805556,92874.38184305555,1161.1684972222206,94035.55034027777,59583.442729849856,48.760310337083276,3805.373688556242,63437.57672874318,64.28938888888888,77.61736388888892
0+12+18,2025-12-19,92894.42441129973,93345.35176339695,0.0,93345.35176339695,59520.66351741474,465.7603053375802,0.0,59986.42382275232,560.7989284861094,109.87157638888925
0+12+18,2025-12-20,95913.06557083334,94896.33561620371,0.0,94896.33561620371,61865.44253032931,-413.6992259259267,0.0,61451.74330440338,0.0,1016.7299546296315
0+12+18,2025-12-21,95600.47547179356,95757.26782179356,783.99074861111,96541.25857040467,61165.50887588954,235.65159082770825,2801.2493973326336,64202.409864049885,220.4626444444444,63.67029444444461
0+12+18,2025-12-22,93405.41832575446,93839.54786881001,1633.261287499997,95472.80915631,59986.02169557674,303.6638538560419,5079.7424290409635,65369.427978473745,434.1295430555559,0.0
0+12+18,2025-12-23,95960.65628858024,95699.83798858024,607.8310138194413,96307.66900239968,61491.67509099441,-67.44194675131945,2199.6138553496066,63623.84699959269,0.0,260.8182999999999
0+12+18,2025-12-24,95475.75494669066,95000.2168728395,577.4139583333309,95577.63083117284,61504.815344003975,-186.24746938230248,1798.585136606935,63117.153011228605,0.0,475.53807385116284
0+12+18,2025-12-25,92182.98701498628,93597.19348983196,1457.921523611111,95055.11501344306,58721.57103572788,1400.0317770474749,4817.019670731248,64938.6224835066,1414.2064748456771,0.0
0+12+18,2025-12-26,94330.62044456447,94416.6178653978,0.0,94416.6178653978,60332.771462718476,64.69507883402753,0.0,60397.4665415525,112.53967083333293,26.542249999999967
0+12+18,2025-12-27,96591.47707222222,96002.16548626183,0.0,96002.16548626183,61936.612187480554,-230.05536430218683,0.0,61706.55682317837,0.0,589.3115859603904
0+12+18,2025-12-28,95484.59444967422,94171.15603019547,511.39497499999936,94682.55100519548,61166.47124646427,-502.52366279521067,1775.3038766673592,62439.25146033642,0.0,1313.4384194787397
0+12+18,2025-12-29,94390.03338307614,94700.20245450959,554.1968916666658,95254.39934617626,60042.588164235254,396.5720255165435,2053.575239099302,62492.7354288511,329.0250672667995,18.855995833333395
0+12+18,2025-12-30,95561.99241013374,93591.96295833334,468.6948083333318,94060.65776666667,61074.841536810185,-719.484923077521,2023.6802652062438,62379.03687893891,0.0,1970.029451800412
0+12+18,2025-12-31,97649.24427940673,97428.3375274177,540.1797708333321,97968.51729825103,62406.96056641044,88.43170987407501,1787.1502204687463,64282.54249675326,137.9910285665281,358.8977805555554
0+6+18,2025-02-01,88119.34509089505,84508.77380903634,0.0,84508.77380903634,57195.55700210562,-1372.6983565345372,0.0,55822.85864557108,0.0,3610.5712818587117
0+6+18,2025-02-02,93028.6246420439,91133.76078886111,14.969616666666298,91148.73040552778,58839.060400709204,-601.9786367075533,91.6742761166646,58328.75604011832,7.174727777777889,1902.0385809605625
0+6+18,2025-02-03,95577.53221666666,91820.37385972223,140.44107916666613,91960.81493888889,60558.444441050415,-1333.0753087086096,640.1452157041641,59865.51434804597,0.0,3757.158356944441
0+6+18,2025-02-04,97688.50120833333,94412.95006556927,71.72141666666641,94484.67148223594,62482.35854711139,-1264.0410385964442,236.48212566666552,61454.79963418162,0.0,3275.5511427640618
0+6+18,2025-02-05,92788.15158477366,92686.29193822015,23.015093055555383,92709.3070312757,58875.31532150251,79.98637391838739,106.45277440972183,59061.754469830616,163.77588677983914,265.63553333333357
0+6+18,2025-02-06,98234.56463472222,94141.88748319616,17.394336111110533,94159.28181930727,62695.27143961862,-1568.0965664281312,93.87018375555249,61221.04505694604,0.0,4092.6771515260616
0+6+18,2025-02-07,94474.5442013203,92537.03435063442,0.0,92537.03435063442,60119.248691742076,-656.2619904457969,0.0,59462.98670129628,53.46306111111119,1990.9729117969796
0+6+18,2025-02-08,86053.73136680367,87060.07926755829,0.0,87060.07926755829,53787.067046554046,1117.618976799324,0.0,54904.68602335337,1010.4374438101906,4.089543055555623
0+6+18,2025-02-09,93438.11954583332,92876.27242206945,11.187437499999874,92887.45985956946,59142.627602440276,-218.71717039397387,54.49400806249938,58978.4044401088,8.91313318055552,570.7602569444449
0+6+18,2025-02-10,88797.01672916667,82563.50425915277,878.3495736111101,83441.85383276388,55779.44379949264,-2143.349178542513,3176.8793404569415,56812.97396140707,0.0,6233.512470013889
0+6+18,2025-02-11,89709.45243739712,86162.54318165296,25.557193055555665,86188.10037470852,56788.813061771376,-1363.0869325853953,74.19424467569537,55499.92037386168,0.0,3546.9092557441677
0+6+18,2025-02-12,89798.25652916667,85607.75144507887,32.748245833333385,85640.49969091221,56577.33935887,-1462.7909004351932,175.35526072916696,55289.903719163965,0.0,4190.505084087791
0+6+18,2025-02-13,84413.83668112141,81241.21249144306,76.66246666666669,81317.87495810972,52476.753799738784,-1074.2117013343418,362.9638741993056,51765.50597260374,0.0,3172.624189678322
0+6+18,2025-02-14,86991.25089624485,85805.13052246708,0.0,85805.13052246708,54265.70464703727,-103.26561253430992,0.0,54162.43903450296,384.26808472222353,1570.3884585000014
0+6+18,2025-02-15,88422.08587558298,83761.365952572,0.0,83761.365952572,55138.20110624938,-1567.9977926803294,0.0,53570.20331356904,0.0,4660.719923010975
0+6+18,2025-02-16,89879.89245833334,84229.34068750001,238.4448319444436,84467.78551944446,56428.057626723064,-1977.2552742545822,883.3853553868015,55334.187707855286,0.0,5650.55177083333
0+6+18,2025-02-17,88991.23042054183,82625.97950378121,101.18791666666607,82727.16742044788,55375.26212020045,-2001.3566949592246,537.9470697999967,53911.85249504122,68.62953600000014,6433.88045276063
0+6+18,2025-02-18,80245.56908545953,80947.70588760288,806.3093611111108,81754.01524871399,49840.35739805133,472.6724632025159,3525.0137976861092,53838.043658939954,702.1368021433477,0.0
0+6+18,2025-02-19,80409.07311854167,80302.10977306945,486.03456249999977,80788.14433556945,50033.709591020786,-10.463567135666786,1762.057153850693,51785.30317773581,17.57354897222308,124.53689444444376
0+6+18,2025-02-20,82982.23160555554,81943.32240668056,239.7251749999973,82183.04758168056,51200.40037852764,499.3845238364439,1174.314683474293,52874.09958583838,857.4892763888886,1896.3984752638876
0+6+18,2025-02-21,81458.35216886146,82015.60849684499,0.0,82015.60849684499,50441.974697659054,939.7598642851375,0.0,51381.73456194419,993.5181627057626,436.26183472222283
0+6+18,2025-02-22,82861.7819963306,82994.4379193306,0.0,82994.4379193306,51355.34566039165,328.58659496745014,0.0,51683.9322553591,399.5547549444427,266.89883194444405
0+6+18,2025-02-23,81499.8173694357,81472.40754165791,281.5873041666663,81753.99484582458,50309.29988660493,88.04003160784623,1110.9388594666623,51508.278777679436,113.22942916666582,140.63925694444515
0+6+18,2025-02-24,77687.16165975652,79088.84634216392,304.59316388888806,79393.4395060528,48372.990414610875,962.5642025966611,1525.7617262395786,50861.31634344711,1493.5143157407329,91.8296333333335
0+6+18,2025-02-25,80016.396157,78208.28375333146,219.80998472222097,78428.09373805368,49376.61836458574,-546.5007426223481,982.6963584791606,49812.81398044255,235.6990198731168,2043.8114235416604
0+6+18,2025-02-26,74051.09401884432,74783.6467462332,1027.5029098333328,75811.14965606653,45205.11981803728,567.6551580626143,4163.674834558835,49936.44981065873,732.552727388886,0.0
0+6+18,2025-02-27,75170.60503609396,74786.90538899176,403.22089027777713,75190.12627926953,46122.355418703264,27.957868819661883,1922.0080161743026,48072.32130369723,151.71974873113913,535.4193958333335
0+6+18,2025-02-28,75439.08500819615,76796.49952234224,0.0,76796.49952234224,46068.35556438651,1283.144691409705,0.0,47351.500255796214,1372.211954423867,14.797440277777923
0+6+18,2025-03-01,85886.78376817558,78406.01330601149,0.0,78406.01330601149,53645.69125830758,-2479.938576369981,0.0,51165.7526819376,0.0,7480.77046216409
0+6+18,2025-03-02,83098.92063782646,83910.78818307613,316.8016916666657,84227.5898747428,51454.98184984361,1172.691385799948,1612.3372717104116,54240.01050735397,1057.8352285829985,245.96768333333353
0+6+18,2025-03-03,84687.21983693415,81197.02465226338,478.9831875000011,81676.00783976338,52378.704395007866,-252.94382556476648,2200.5769895437606,54326.33755898686,826.5019569444439,4316.697141615225
0+6+18,2025-03-04,75875.0880087963,77307.70152044907,1078.3375478909493,78386.03906834002,46697.9282085675,1423.9638397986705,3844.257223962384,51966.149272328556,1432.613511652778,0.0
0+6+18,2025-03-05,79361.90970108024,78050.40218443055,183.54994861110947,78233.95213304166,48820.09861461712,-291.78807624551587,985.3296100472126,49513.64014841882,104.20713333333197,1415.7146499830246
0+6+18,2025-03-06,75184.81234478738,75447.7279153635,296.56244195832824,75744.29035732184,45896.528776106454,477.2484770758448,1268.5463331568938,47642.3235863392,528.5228247427945,265.6072541666665
0+6+18,2025-03-07,80665.62344683951,76755.68321503224,0.0,76755.68321503224,49915.97464325587,-1370.1483606718502,0.0,48545.82628258402,0.0,3909.940231807268
0+6+18,2025-03-08,74667.39066155556,74573.01212175925,0.0,74573.01212175925,45423.24962275214,490.5514032977834,0.0,45913.80102604992,724.458881534292,818.8374213305899
0+6+18,2025-03-09,78776.92993561385,72001.21299921125,946.6828999999985,72947.89589921125,48031.334328236466,-2103.339749048381,4116.636593849993,50044.63117303808,0.0,6775.716936402602
0+6+18,2025-03-10,75618.67998619686,76575.93628926389,496.0950065555557,77072.03129581944,45806.47483454832,1165.4740513000975,1993.6582008935575,48965.60708674197,1027.8265058448212,70.5702027777777
0+6+18,2025-03-11,67295.29892289094,74774.204281375,300.0670402777765,75074.27132165278,41139.86259954247,6682.435916330818,1221.7371288895793,49044.03564476287,7478.905358484053,0.0
0+6+18,2025-03-12,76704.06132381687,70780.06130401234,732.7616597222216,71512.82296373456,46917.764934709,-1961.9479523958614,2979.509515493053,47935.32649780619,0.0,5924.000019804524
0+6+18,2025-03-13,77226.19892273663,77799.66307765724,411.07354027777706,78210.73661793502,47010.08733776506,733.2117936566978,1810.4359824909689,49553.73511391273,701.4803451983873,128.01619027777713
0+6+18,2025-03-14,69835.21597866941,70285.81547708178,0.0,70285.81547708178,42585.445959391436,965.2598540015376,0.0,43550.705813392975,1042.2227225651602,591.6232241527841
0+6+18,2025-03-15,76397.8108736111,79663.13630136865,9.053333333333399,79672.18963470198,46364.323227578745,3554.6434550683107,19.356026666666803,49938.322709313725,3265.3254277575456,0.0
0+6+18,2025-03-16,73950.30933283607,75223.6757286694,185.8096083333324,75409.48533700274,45267.20287668891,928.9347595235412,786.6075111534684,46982.74514736592,1274.223943055556,0.8575472222221379
0+6+18,2025-03-17,69398.40242787672,65088.619160695656,994.5511083333331,66083.17026902898,41471.651184979,-1126.3992516278809,4120.304208795138,44465.556142146255,0.0,4309.783267181071
0+6+18,2025-03-18,77869.01376249999,74427.49338430555,108.18313333333253,74535.67651763889,47806.30926222612,-974.8435157902275,331.0650152249979,47162.530761660884,242.4489930555555,3683.9693712499966
0+6+18,2025-03-19,65079.80081210562,69265.98286347737,568.6128624999985,69834.59572597737,39688.72530978568,3945.370198834522,1486.3090931763825,45120.40460179658,4186.18205137175,0.0
0+6+18,2025-03-20,73066.57028628257,67204.5446324074,1983.8564180555545,69188.40105046296,44567.43859362263,-1862.8579771204093,7630.262406811801,50334.843023314024,104.18459305555899,5966.210246930722
0+6+18,2025-03-21,71126.58986886145,65348.51262409122,0.0,65348.51262409122,42828.035939267036,-1531.4946759407767,0.0,41296.54126332626,348.31026527777686,6126.387510048013
0+6+18,2025-03-22,73772.56041689197,70215.36762633985,9.078333333333376,70224.44595967319,45145.8645317483,-1086.7762136538825,19.409476666666755,44078.49779476109,0.0,3557.1927905521197
0+6+18,2025-03-23,74245.14979837104,72047.17351610083,237.416680555555,72284.59019665638,45295.170284286534,-837.1824678805443,1064.852567318747,45522.84038372474,0.0,2197.976282270226
0+6+18,2025-03-24,69847.76149471878,68307.43237760631,320.7297777777774,68628.16215538408,42113.36804215893,-128.26053745226943,975.1678917812485,42960.27539648791,380.4426162208451,1920.771733333334
0+6+18,2025-03-25,77017.58165118314,68162.36084921124,702.9164097222175,68865.27725893346,47006.19304728956,-2904.389113337869,2767.795141718724,46869.59907567041,0.0,8855.22080197188
0+6+18,2025-03-26,67186.71854492456,66966.28387614884,233.2630763888879,67199.54695253773,40700.17822400459,183.10618502825457,754.925136638885,41638.20954567173,322.3178166666679,542.7524854423884
0+6+18,2025-03-27,70489.69490859054,69319.08164305556,520.5242822916643,69839.60592534722,42817.80347551008,169.34224666760008,1888.5360530123135,44875.681775189994,655.0267875000019,1825.640053034981
0+6+18,2025-03-28,68361.37539999999,65122.18922040466,0.0,65122.18922040466,41642.791896256254,-741.7149218741063,0.0,40901.07697438215,534.1372342935524,3773.323413888891
0+6+18,2025-03-29,63013.482554166665,62013.22072361111,0.0,62013.22072361111,38027.36281387265,147.00993678409577,0.0,38174.372750656745,557.2824499999995,1557.544280555559
0+6+18,2025-03-30,68798.59212110768,63719.19671832991,459.5009513888871,64178.6976697188,41197.41459106524,-1406.476589318403,1570.097093417356,41361.03509516419,0.0,5079.395402777778
0+6+18,2025-03-31,60270.450690997954,66778.85456105968,286.164605555555,67065.01916661524,36289.43373263633,5944.522962009919,845.2164891215252,43079.17318376778,6508.403870061724,0.0
0+6+18,2025-04-01,72096.25897746913,70451.03867244511,516.6376191872404,70967.67629163235,42830.40045412492,71.71875605330638,1775.7601356471334,44677.879345825364,728.8717630315439,2374.092068055556
0+6+18,2025-04-02,69617.64484861112,70547.52120440672,497.4769208333322,71044.99812524005,41669.26945208431,1347.4633913432785,1963.9994771583288,44980.732320585914,1264.7450696844983,334.86871388888943
0+6+18,2025-04-03,70415.4100060871,66535.96061628943,408.29904305555453,66944.25965934499,42874.12998175607,-1416.9087952708903,1399.3948883374972,42856.61607482268,0.0,3879.449389797672
0+6+18,2025-04-04,62029.23326944445,59751.58164305556,0.0,59751.58164305556,37208.94934368583,-719.922665161041,0.0,36489.02667852479,0.0,2277.651626388886
0+6+18,2025-04-05,62350.3926875,62365.17175545268,0.0,62365.17175545268,36988.97235171514,422.2967772846771,0.0,37411.26912899982,502.92376239712036,488.14469444444427
0+6+18,2025-04-06,66337.77573630109,62799.24201529492,416.839405555555,63216.081420850474,39109.4796093865,-747.6192730887029,1757.82822834097,40119.68856463877,158.82559583333307,3697.3593168395114
0+6+18,2025-04-07,59095.17369305555,60982.031592438274,535.437819444444,61517.46941188272,34905.02338476166,2229.0895630161804,1898.2651303437485,39032.37807812159,1921.453204938271,34.595305555555456
0+6+18,2025-04-08,67052.59339862826,64327.28851320301,400.8148916666647,64728.103404869675,40327.15284023147,-675.8504757756871,1768.9391497340189,41420.2415141898,162.31922916666656,2887.624114591904
0+6+18,2025-04-09,66307.37138127572,67300.27136843279,498.126215277774,67798.39758371057,39537.70534853361,694.1128229078571,1965.8034869298438,42197.62165837131,992.8999871570658,0.0
0+6+18,2025-04-10,64586.644043998625,65127.5831592764,592.2657638888891,65719.8489231653,39029.75446180507,361.0392460133328,2554.007876520144,41944.801584338544,540.9391152777769,0.0
0+6+18,2025-04-11,53976.87837415981,55938.91725809037,0.0,55938.91725809037,32305.900017251544,1859.630958981786,0.0,34165.53097623333,1962.0388839305574,0.0
0+6+18,2025-04-12,68675.73529702777,63989.59963887175,0.0,63989.59963887175,40902.72887173429,-1564.5618083994975,0.0,39338.16706333479,0.0,4686.135658156035
0+6+18,2025-04-13,61612.38380277778,61204.58806431756,971.0436033950589,62175.63166771262,36430.07634795806,-169.8040153160171,4021.2863344571633,40281.558667099205,0.0,407.7957384602216
0+6+18,2025-04-14,64294.799384773665,58152.108916632365,1172.5463319999992,59324.65524863236,38654.6466874452,-2181.2261271677503,4143.450557160972,40616.87111743842,0.0,6142.6904681412925
0+6+18,2025-04-15,56668.82697443415,58430.389173131,484.1055097222215,58914.49468285322,33414.71552853981,1995.0272295525867,2427.5099519583305,37837.25271005073,1761.5621986968463,0.0
0+6+18,2025-04-16,62858.396338117294,64549.30695,477.77902222222053,65027.085972222216,36651.55557722117,2148.760514854094,1869.8080413340217,40670.124133409285,1880.0977382716023,189.18712638889153
0+6+18,2025-04-17,57352.08148966049,60940.51609417009,361.6551023491039,61302.17119651919,34557.116513232875,2488.037722737261,1521.469582383409,38566.623818353546,3588.434604509602,0.0
0+6+18,2025-04-18,58145.672197719476,58188.811865247255,0.0,58188.811865247255,34401.17278723418,42.70827085249874,0.0,34443.88105808668,43.13966752777651,0.0
0+6+18,2025-04-19,62596.839586111106,60102.47643472222,0.0,60102.47643472222,36583.35513290028,-776.8789189389574,0.0,35806.47621396132,0.0,2494.363151388886
0+6+18,2025-04-20,58487.95133515089,58487.23082265089,718.0526559027767,59205.28347855367,34768.25460550373,11.728818753194346,2611.0117457529464,37390.995170009875,13.687419444444306,14.407931944444215
0+6+18,2025-04-21,60982.75898050412,54518.02223055556,1225.4235249999988,55743.44575555556,36166.0139648341,-1857.6214057626055,4499.159047165969,38807.551606237466,0.0,6464.73674994856
0+6+18,2025-04-22,54952.626122222224,58456.44061776406,635.0328013888881,59091.47341915295,32538.82527213611,3027.8241873931647,2583.164835711108,38149.81429524039,3503.8144955418393,0.0
0+6+18,2025-04-23,53175.259115740744,56563.90133353909,1490.8625291666656,58054.76386270576,31632.802345371252,2570.9092523990953,5309.526292939579,39513.237890709934,3388.6422177983522,0.0
0+6+18,2025-04-24,55567.51204228395,54115.225651347224,957.5110930555558,55072.73674440278,32897.232980606335,-310.78288075599966,3418.16161809861,36004.611717948945,8.869109680554743,1461.155500617285
0+6+18,2025-04-25,54497.30066502058,54377.49431622085,0.0,54377.49431622085,32946.759809725554,-59.97615621287064,0.0,32886.783653512684,0.0,119.80634879972615
0+6+18,2025-04-26,54657.82681421468,53680.298993432785,0.0,53680.298993432785,32850.360323688816,-297.06181746378905,0.0,32553.298506225026,0.0,977.5278207818945
0+6+18,2025-04-27,55117.337919393,56258.09607412551,1436.421143055553,57694.51721718106,32854.43815284537,834.9120546723456,5714.590511816657,39403.940719334365,1150.5471269547384,9.788972222222753
0+6+18,2025-04-28,65552.98615468107,65700.24000745884,463.6586208333321,66163.89862829217,38499.28895091507,136.1364545089581,1808.6453193083294,40444.07072473236,212.85565555555513,65.6018027777775
0+6+18,2025-04-29,56892.8872409465,55382.64872067901,595.5179763888875,55978.1666970679,33682.10990390746,-127.4086784387581,2690.9743419840224,36245.67556745273,204.15864444444475,1714.3971647119265
0+6+18,2025-04-30,54237.30045315501,54094.780780932786,1752.894287499997,55847.675068432785,32536.975000339844,-85.40101842062485,6090.813459898601,38542.387441817824,0.0,142.51967222222197
0+6+18,2025-05-01,56878.97608113855,55898.760881532915,3050.184830555555,58948.94571208847,34015.53594333657,-266.59496470863104,13878.3512528875,47627.292231515436,0.0,980.2151996056313
0+6+18,2025-05-02,67566.18369221536,67215.00476443759,0.0,67215.00476443759,39949.1259317783,-91.98991601520835,0.0,39857.13601576309,0.0,351.1789277777774
0+6+18,2025-05-03,64054.707585631,62463.14932193073,18.39166666666665,62481.5409885974,37846.35748467524,-492.5980108354314,39.3213833333333,37393.08085717314,0.0,1591.5582637002726
0+6+18,2025-05-04,61002.92474288408,56641.30823167009,2993.1181680041127,59634.4263996742,36014.566369109525,-1000.219794330048,12238.716953724557,47253.06352850403,0.0,4361.616511213989
0+6+18,2025-05-05,61804.26269583333,60258.16187822359,2836.591114833334,63094.75299305692,37144.13812852555,-751.3714303112847,12954.545945170756,49347.31264338502,0.0,1546.1008176097382
0+6+18,2025-05-06,54016.80815768176,56265.89397854937,3607.935424763884,59873.829403313255,32239.151186410912,1528.3299311362725,15976.104931677099,49743.58604922428,2249.085820867615,0.0
0+6+18,2025-05-07,57379.658421827844,58948.16471037381,2409.3186693749976,61357.4833797488,34577.19480287672,1080.0842740934588,11232.599020629877,46889.878097600056,1568.5062885459627,0.0
0+6+18,2025-05-08,63988.10440763889,60742.408571827844,2718.4452269722183,63460.85379880006,37049.08612766284,-797.3482104110202,13370.191540230982,49621.9294574828,27.48441388888864,3273.1802496999326
0+6+18,2025-05-09,67222.95466111111,60068.79778472222,0.0,60068.79778472222,39324.73821788423,-1820.2258028374665,0.0,37504.51241504677,124.30738055555537,7278.464256944446
0+6+18,2025-05-10,65814.28531575171,65789.83081729338,0.0,65789.83081729338,38630.12569834241,1193.3242038753965,0.0,39823.449902217806,1229.8427152777772,1254.2972137361103
0+6+18,2025-05-11,62487.65549862826,61770.0833521262,2142.673642722218,63912.75699484842,36479.486315735914,304.5811206066306,10601.060422084256,47385.1278584268,557.7772432441673,1275.3493897462263
0+6+18,2025-05-12,55144.78056634088,58149.18984866255,1782.8007124999972,59931.99056116255,32674.6078298052,2940.608934132938,8234.012410294432,43849.22917423257,3004.4092823216633,0.0
0+6+18,2025-05-13,64193.24975903636,58723.98379699931,1487.2964375000022,60211.28023449931,37576.25903424274,-1137.437606749586,7190.136430126406,43628.95785761956,336.86805972222135,5806.134021759264
0+6+18,2025-05-14,62934.70256371741,63134.14464375857,871.0237347222218,64005.16837848079,37946.63764841246,136.065374450277,3572.2529701493045,41654.955993012045,216.58167865226307,17.13959861111198
0+6+18,2025-05-15,61727.06308238597,62986.40249519461,682.3798083333329,63668.78230352794,37891.92488885002,939.2070472845048,2463.1489457263897,41294.28088186092,1275.8113905864197,16.47197777777785
0+6+18,2025-05-16,58624.71018022976,56297.23655979081,0.0,56297.23655979081,35814.68957221355,-773.549429971747,0.0,35041.140142241806,0.0,2327.473620438957
0+6+18,2025-05-17,66944.41583497942,64825.45183760287,3.5616666666666106,64829.01350426954,39976.99841816776,-711.290793811792,7.614843333333213,39273.3224676893,0.0,2118.9639973765484
0+6+18,2025-05-18,66581.20434609053,63522.01249753086,660.6841597222233,64182.69665725308,39295.32269802845,-850.6680584171464,2103.5252673694577,40548.17990698076,0.0,3059.1918485596752
0+6+18,2025-05-19,60458.33473009258,57409.715172102195,592.2855444027773,58002.000716504976,35817.86618033819,-533.1265635937289,2924.0736855831647,38208.813302327624,171.10343888888866,3219.722996879287
0+6+18,2025-05-20,60081.12863000685,61334.66202427982,771.4001042836067,62106.06212856343,35795.31404342114,1337.9854594564956,3475.767925624623,40609.067428502254,1253.5333942729753,0.0
0+6+18,2025-05-21,56422.014095833336,59578.56102131345,767.277112499998,60345.83813381345,34221.823668172496,2794.5727653522636,3002.0161686180472,40018.41260214281,3156.5469254801114,0.0
0+6+18,2025-05-22,59421.81919711934,58920.528086762686,639.2382319444432,59559.76631870713,36093.91879178134,-114.10559771200718,2398.999857199996,38378.81305126933,0.0,501.2911103566499
0+6+18,2025-05-23,63570.34636205419,61434.872080452675,0.0,61434.872080452675,37696.26427789373,-528.8345776331741,0.0,37167.42970026055,0.0,2135.47428160151
0+6+18,2025-05-24,58060.20598655693,57753.891417581166,0.0,57753.891417581166,35313.84194253221,-130.26331948211046,0.0,35183.5786230501,0.0,306.31456897576425
0+6+18,2025-05-25,60669.01960044582,59177.658397067906,631.1740946159107,59808.83249168382,36059.12918041958,-273.29635303513305,2817.6629543685376,38603.49578175298,68.08579305555565,1559.446996433468
0+6+18,2025-05-26,58609.760960833344,60052.5291038546,1710.0113694444442,61762.54047329904,35486.95815745645,997.129836099555,5822.480487321525,42306.56848087753,1442.7681430212547,0.0
0+6+18,2025-05-27,55451.56172422839,58536.14161402606,905.6621527777768,59441.80376680384,33875.86559077653,2611.8074085206745,3668.580822476384,40156.253821773586,3084.579889797673,0.0
0+6+18,2025-05-28,63549.789158333326,62158.91857284001,488.8578861111098,62647.77645895112,37681.499381388334,-158.69304488898993,1858.4985107381904,39381.30484723753,177.3169925416633,1568.18757803498
0+6+18,2025-05-29,62916.784580555555,63793.96594753086,473.10591865534997,64267.071866186205,37480.36232930361,879.0535321613863,2032.6029958663253,40392.01885733132,919.6180655864168,42.436698611111524
0+6+18,2025-05-30,66646.06882193072,61671.392996621405,0.0,61671.392996621405,40026.055726345294,-1200.5082926427076,0.0,38825.54743370259,50.52572105555794,5025.201546364871
0+6+18,2025-05-31,69797.36170756191,64658.76706805556,92.18666666666661,64750.95373472223,42596.07734491127,-1905.1227175084805,197.0950933333332,40888.04972073612,0.0,5138.594639506346
0+6+18,2025-06-01,77486.23261153977,73427.70542861798,5143.939256944443,78571.64468556242,46998.38924965395,-1385.615783732751,19894.464489715967,65507.23795563717,0.0,4058.527182921808
0+6+18,2025-06-02,78592.40225720164,67554.41880788752,6777.709330555551,74332.12813844306,48260.47510426074,-3577.097938734121,25772.748128052066,70456.12529357869,0.0,11037.983449314128
0+6+18,2025-06-03,72622.79730246913,73067.22780408093,4535.3664458333305,77602.59424991427,44037.608896413454,1263.5187095591848,17893.47648553054,63194.60409150318,1144.7854666666667,700.3549650548682
0+6+18,2025-06-04,83198.84251411179,66816.94954804526,8451.186709486112,75268.13625753137,51386.97735131832,-5647.803604994985,31856.403350594173,77595.5770969175,0.0,16381.892966066533
0+6+18,2025-06-05,72825.79362777778,71696.96886555557,6135.562705055551,77832.53157061111,43704.174580889994,-91.17816462743866,24275.204774046648,67888.2011903092,148.08093055555787,1276.9056927777724
0+6+18,2025-06-06,79628.52967139918,75709.26886493314,0.0,75709.26886493314,49333.56750772628,-1312.309417367899,0.0,48021.25809035838,0.0,3919.260806466045
0+6+18,2025-06-07,85003.1275361111,76459.71010277778,76.18833333333339,76535.89843611112,52924.06728450695,-3056.9018607679177,162.89065666666679,50030.0560804057,0.0,8543.417433333336
0+6+18,2025-06-08,69946.47271879287,67298.9891269033,4597.261840655004,71896.2509675583,42129.12407522593,5.509545081897386,17939.991211587236,60074.62483189507,992.3727414437647,3639.85633333333
0+6+18,2025-06-09,78259.56910694444,73048.03654029012,4283.726466666662,77331.76300695678,48380.861510814306,-1810.7550433187826,16265.224267953454,62835.33073544898,0.0,5211.532566654316
0+6+18,2025-06-10,73820.43095905348,72466.67119128944,4701.946250847219,77168.61744213666,44995.50615745527,-365.7949022944487,16937.31638268462,61567.02763784544,0.0,1353.7597677640547
0+6+18,2025-06-11,79691.15208255556,78985.12868110082,4102.903227777774,83088.03190887859,49966.142437571594,4.067880980203483,16244.153567424988,66214.36388597678,377.9131879999994,1083.9365894547286
0+6+18,2025-06-12,78673.60630705573,78286.68953141684,1747.666113888887,80034.35564530572,48805.657965998544,-161.72429843840033,6887.292451829853,55531.22611939,0.0,386.91677563888965
0+6+18,2025-06-13,79994.95557387001,78550.166263822,0.0,78550.166263822,49747.5472241083,-572.6463191975596,0.0,49174.90090491074,0.0,1444.7893100480076
0+6+18,2025-06-14,81583.36647510288,77250.03109183813,0.0,77250.03109183813,50102.03687424838,-1323.439026818427,0.0,48778.59784742995,0.0,4333.335383264746
0+6+18,2025-06-15,74060.52272530863,75291.63380162894,2100.868529333846,77392.50233096279,45586.360339589744,919.2845572110595,8537.541637988583,55043.18653478939,1320.6060360425274,89.49495972222269
0+6+18,2025-06-16,77128.49310487055,77421.32518396777,2008.1074466805517,79429.43263064833,47576.792072344644,298.9222862285008,8138.088234718468,56013.80259329161,298.5239624305562,5.691883333333408
0+6+18,2025-06-17,79622.7243907236,80866.99739372428,1521.4183963055534,82388.41579002983,49375.975300139144,1315.6682415601979,6138.974529519348,56830.61807121869,1244.2730030006912,0.0
0+6+18,2025-06-18,80450.63267726336,81250.4981605967,754.10901111111,82004.60717170782,49720.07210540546,913.009676557917,2981.5350959048565,53614.61687786823,799.8654833333338,0.0
0+6+18,2025-06-19,76722.21620713305,72765.02719179954,2299.654477083329,75064.68166888287,47099.33845856865,-844.5515587577763,9742.025719395124,55996.812619206,596.5370190972224,4553.726034430725
0+6+18,2025-06-20,79129.75719166666,77351.92037886694,0.0,77351.92037886694,48892.872138098195,-654.4041513874497,0.0,48238.46798671075,0.0,1777.8368127997273
0+6+18,2025-06-21,74439.13286454475,74369.68472348919,0.0,74369.68472348919,46099.379105740074,-11.18506387934304,0.0,46088.194041860734,13.55043749999993,82.99857855555865
0+6+18,2025-06-22,74614.80203070988,74616.6232470336,1039.0172930555586,75655.64054008915,45246.94207042754,2151.3625893543585,4185.056865818076,51583.361525599976,2275.2272615054862,2273.406045181754
0+6+18,2025-06-23,75223.3038210048,75276.10083741101,745.1890749999984,76021.28991241101,46896.41896422555,72.4792479006454,3131.973058047909,50100.8712701741,59.15370973610653,6.356693329901304
0+6+18,2025-06-24,86969.06232222222,84537.08732527436,1053.7754065000004,85590.86273177437,54768.40132967834,-876.5039858868034,3985.5007685637843,57877.39811235532,0.0,2431.9749969478685
0+6+18,2025-06-25,78263.79604879973,78349.03007259945,1160.9283819444408,79509.95845454388,47993.56111466876,412.15161429030115,5353.591185206926,53759.30391416598,494.03215781893186,408.7981340192042
0+6+18,2025-06-26,75033.914878738,75379.79974984568,1060.7133444444444,76440.51309429013,46730.068847253744,287.0888375533979,4665.8850549951385,51683.04273980228,416.86386694101554,70.97899583333333
0+6+18,2025-06-27,77699.77345468587,75264.35811437157,0.0,75264.35811437157,48971.28380499304,-981.783727047465,0.0,47989.50007794558,0.0,2435.415340314302
0+6+18,2025-06-28,77015.7595489796,77318.73784861848,0.0,77318.73784861848,48309.75005885805,294.8195789656261,0.0,48604.569637823675,330.70616213888604,27.72786250000013
0+6+18,2025-06-29,73693.02631476338,75291.29786585699,1675.4917916666657,76966.78965752365,45173.65292375874,2470.2839938523316,5424.609897345135,53068.54681495621,2164.7050186213983,566.4334675277787
0+6+18,2025-06-30,79285.4096809122,78485.31699147154,848.0452069444434,79333.36219841598,49301.80118554518,100.9535803260278,3115.7517275069395,52518.50649337815,347.7652986111102,1147.857988051781
0+6+18,2025-07-01,70775.20626421468,70909.67753365912,12452.71137698011,83362.38891063923,43416.4019132296,171.8597893774993,45893.29095026579,89481.5526528729,134.85385972222173,0.382590277777922
0+6+18,2025-07-02,67650.2228138546,67238.93014679354,9585.49326937499,76824.42341616853,42084.84088049569,-202.54942213209966,36017.9526238205,77900.2440821841,0.0,411.2926670610448
0+6+18,2025-07-03,76273.45844562756,76312.49622062757,8882.169667945474,85194.66588857304,47042.81696736546,42.30339464979178,33503.641150780284,80588.76151279554,102.52980972222247,63.49203472222234
0+6+18,2025-07-04,69158.63011409465,72008.97509466734,0.0,72008.97509466734,42683.335017373625,2817.7242256001305,0.0,45501.05924297376,2850.3449805727023,0.0
0+6+18,2025-07-05,68978.74125474966,69266.51808527092,71.99833333333322,69338.51641860425,42840.77122060036,292.7340013231277,153.93243666666643,43287.43765859016,287.7768305212569,0.0
0+6+18,2025-07-06,71902.84564290123,75469.39788671123,9091.424043138888,84560.82192985012,45073.152680489075,2957.2728651949933,35100.30380965123,83130.7293553353,3593.374764643343,26.82252083333333
0+6+18,2025-07-07,72531.02130639573,69033.51681580931,8661.393808007542,77694.91062381686,44996.229903977626,-1090.3820782764424,32110.429667483848,76016.27749318503,0.0,3497.5044905864306
0+6+18,2025-07-08,76781.82174893467,72228.2693531207,8291.11961245833,80519.38896557904,47633.480596974565,-1330.8819328771722,31915.141941465095,78217.74060556249,14.805758333333301,4568.35815414729
0+6+18,2025-07-09,78082.9642832735,75983.5651635974,6046.721975263883,82030.28713886128,48072.625893421966,-706.9192532760217,22854.832305485794,70220.53894563174,0.0,2099.3991196760926
0+6+18,2025-07-10,72653.73455240055,72021.74945378944,6487.438846777773,78509.18830056721,45354.84654560216,208.13933429555476,22997.50924163223,68560.49512152994,280.83896249999964,912.8240611111124
0+6+18,2025-07-11,82500.77338700273,81998.88472153635,0.0,81998.88472153635,51568.33366439269,-155.94897867603441,0.0,51412.38468571666,0.0,501.8886654663937
0+6+18,2025-07-12,74326.77625390947,77931.5260369856,0.0,77931.5260369856,46716.17184135709,2962.0682249623837,0.0,49678.24006631948,3604.7497830761313,0.0
0+6+18,2025-07-13,81053.87048611112,75948.69755481824,1706.9943999999975,77655.69195481823,51708.84923792083,-1888.0269980407504,6244.398758270822,56065.2209981509,0.0,5105.172931292864
0+6+18,2025-07-14,76905.95713299038,74107.19621318586,3505.586899999996,77612.78311318585,47590.88595057411,-557.8718843098859,14170.389418251385,61203.40348451561,172.7741134087828,2971.5350332133066
0+6+18,2025-07-15,80852.39769022634,76090.98867211933,2830.626716499998,78921.61538861934,50196.46993296273,-1274.6146778424077,10272.788021928685,59194.64327704901,0.0,4761.409018106995
0+6+18,2025-07-16,78696.06399314129,76136.772848714,3110.9028708333317,79247.67571954733,49918.53831477881,-906.3944261844647,10148.953951571522,59161.097840165865,0.0,2559.291144427297
0+6+18,2025-07-17,76551.2359717421,77980.9623039266,2210.455444444443,80191.41774837104,47927.07174141104,1601.4054351407817,8887.150629404856,58415.62780595668,1524.9144238511687,95.18809166666824
0+6+18,2025-07-18,87688.2898623611,85942.41615063442,0.0,85942.41615063442,55269.34501048217,-476.814990992679,0.0,54792.53001948949,192.9777501388901,1938.851461865573
0+6+18,2025-07-19,85966.58794741082,74944.84221661523,31.36500000000001,74976.20721661524,54792.8608084768,-3588.8378452766824,67.05837000000001,51271.08133320011,0.0,11021.745730795601
0+6+18,2025-07-20,82803.5431202332,82233.70943689987,747.6793619722215,82981.38879887208,51447.52577254801,-4.321003568611303,3096.2548481058748,54539.459617085275,127.1166194444441,696.9503027777765
0+6+18,2025-07-21,83516.54322750343,80892.42687199931,1202.7518874999992,82095.17875949931,52399.5388540314,-822.5660779537291,4628.768224878468,56205.74100095614,0.0,2624.116355504111
0+6+18,2025-07-22,79877.80577601166,86860.96715750651,821.1473999999985,87682.11455750652,50326.46454571407,6795.68701082989,3020.719314109022,60142.87087065299,6983.161381494853,0.0
0+6+18,2025-07-23,89721.84156742113,81966.013485667,852.6236388888892,82818.6371245559,56995.01430864399,-2645.947882988382,3055.3174265666657,57404.38385222228,0.0,7755.8280817541145
0+6+18,2025-07-24,89667.02516402779,84585.6313957819,356.08611111110963,84941.71750689301,57015.878978775465,-1616.581907324666,1117.4380473270785,56516.73511877788,0.0,5081.393768245887
0+6+18,2025-07-25,79848.3866682956,83113.50735852195,0.0,83113.50735852195,50427.13909206916,2892.5742351279314,0.0,53319.713327197096,3265.120690226334,0.0
0+6+18,2025-07-26,85690.43680402313,84788.76460968159,0.0,84788.76460968159,53607.76702978471,-105.50878151516622,0.0,53502.25824826954,177.80425000000014,1079.476444341561
0+6+18,2025-07-27,82479.66959499332,82193.87217068777,878.28731455761,83072.15948524539,51662.49551471243,694.1643205607656,3144.180321128999,55500.84015640219,744.6288041666674,1030.426228472219
0+6+18,2025-07-28,85263.15805586247,86366.15825308471,1022.104464694446,87388.26271777916,53537.41106574297,1544.0336641591657,3955.240542075161,59036.685271977294,1135.6063416666664,32.60614444444468
0+6+18,2025-07-29,82631.98529399863,85955.1008002229,504.94695169444367,86460.04775191734,51894.378405974465,3035.2397097199796,2193.477291385013,57123.095407079454,3323.11550622428,0.0
0+6+18,2025-07-30,76546.42425138887,82993.73547817215,647.7301083333325,83641.46558650548,48284.47288302389,6026.764511571618,2259.537645518052,56570.775040113556,6447.311226783266,0.0
0+6+18,2025-07-31,80785.36516649519,82283.37443606774,1076.559502486111,83359.93393855385,50572.207601770075,1513.6499740417244,4188.039933270806,56273.897509082606,1498.0092695725323,0.0
0+6+18,2025-08-01,81655.66662954389,74387.82867450273,0.0,74387.82867450273,51758.49473637194,-2157.8489788296565,0.0,49600.64575754228,0.0,7267.837955041148
0+6+18,2025-08-02,89389.41945416667,78981.65960125171,32.52833333333331,79014.18793458505,56619.38742802681,-3415.823845898416,69.5455766666666,53273.10915879506,0.0,10407.759852914955
0+6+18,2025-08-03,71927.56816580932,73119.01705808059,424.4730733196153,73543.4901314002,45746.68647859705,1318.1120746184351,1774.1398695566504,48838.93842277214,1191.4488922712637,0.0
0+6+18,2025-08-04,76612.68390588133,77744.77794607339,187.72685972222172,77932.50480579562,49133.72202658132,788.6910880301166,550.2055480562478,50472.618662667686,1204.2826999142674,72.18865972222238
0+6+18,2025-08-05,75128.90171805557,76724.68814741084,235.28991249999956,76959.97805991083,47901.88572331786,1151.5535629690216,989.4107320541659,50042.85001834104,1595.7864293552834,0.0
0+6+18,2025-08-06,82691.23121397462,79540.47238611111,168.3050727222226,79708.77745883334,53483.85464321844,-1318.594972641603,684.4686932395316,52849.72836381637,0.0,3150.758827863506
0+6+18,2025-08-07,83739.63423271605,77847.77768463649,322.99518194444454,78170.77286658093,52292.183487684844,-935.4421489458779,990.6666459097228,52347.40798464869,646.0430680555551,6537.899616135112
0+6+18,2025-08-08,73089.16381381944,73088.4623554861,0.0,73088.4623554861,46591.30991281286,-0.15470663541669208,0.0,46591.15520617744,0.0,0.7014583333334485
0+6+18,2025-08-09,78125.5251159808,75848.72770267489,0.0,75848.72770267489,49320.8962209851,-624.5443668866238,0.0,48696.35185409848,0.0,2276.797413305898
0+6+18,2025-08-10,77654.66050159466,75673.70304338133,300.2986041666676,75974.00164754801,49635.70376217485,-688.5909038619038,988.7744612131972,49935.88731952614,0.0,1980.9574582133123
0+6+18,2025-08-11,75758.96222791495,76368.4969660631,519.1098708333321,76887.60683689643,47453.00892419397,748.4005229822085,1885.5935873492995,50087.00303452548,609.5347381481486,0.0
0+6+18,2025-08-12,82040.03026709532,80747.30300145748,273.4067069444436,81020.70970840192,51497.246802356094,458.3077809991071,907.8942724583292,52863.448855813534,825.8278472222227,2118.5551128600773
0+6+18,2025-08-13,75087.86306757544,74987.93464573045,692.7319189814795,75680.66656471192,47081.6057091245,-6.2766749451575095,2768.0551898671197,49843.384224046466,37.2000781550131,137.12849999999924
0+6+18,2025-08-14,76892.6923475823,79087.95534302125,136.01194305555524,79223.9672860768,49026.95707207648,1643.0171736431278,511.9247717583319,51181.89901747795,2205.8381704389612,10.575174999998808
0+6+18,2025-08-15,86388.75556634087,77691.78959356996,0.0,77691.78959356996,54846.725088393214,-2890.311814275676,0.0,51956.413274117534,0.0,8696.96597277092
0+6+18,2025-08-16,84234.34615317216,73267.81900495541,0.0,73267.81900495541,54073.45066844517,-3634.5962499908746,0.0,50438.8544184543,0.0,10966.527148216737
0+6+18,2025-08-17,79933.71047662947,77331.32915508506,409.98743475000055,77741.31658983506,49925.063173205825,-730.8192874687287,2058.818330767687,51253.06221650478,22.017930222223754,2624.3992517666306
0+6+18,2025-08-18,76811.73927704047,76670.46861846709,263.8483874999995,76934.31700596708,48951.05764753921,-76.31311962560905,1210.0066798159714,50084.75120772957,0.0,141.27065857338357
0+6+18,2025-08-19,76240.40384298697,74778.2068951989,593.1056638888883,75371.31255908779,48342.39736386567,-601.1249212475648,2788.493974806248,50529.76641742435,0.0,1462.1969477880725
0+6+18,2025-08-20,84356.84013670438,79760.86043340192,530.7423208333337,80291.60275423525,52791.75523188664,-1008.8961864195339,2148.1355127861125,53930.99455825321,308.0422713888901,4904.021974691363
0+6+18,2025-08-21,80755.94325474967,76246.28161596364,440.7499388888894,76687.03155485253,50546.91152725481,-994.5217190734735,1695.4861571986103,51247.87596537994,248.6502861111108,4758.311924897118
0+6+18,2025-08-22,79863.46786469477,73307.96850968793,0.0,73307.96850968793,50852.42334356604,-1979.4236885430073,0.0,48872.999655023035,0.0,6555.499355006857
0+6+18,2025-08-23,77365.0216302469,74579.48806731807,0.0,74579.48806731807,48716.86459902268,-587.2513613668895,0.0,48129.61323765579,209.80061498611042,2995.334177914945
0+6+18,2025-08-24,75853.48107913237,71384.20767066185,1648.3893416666663,73032.59701232852,48654.05626600185,-1592.3972191236608,7140.853038315969,54202.512085194154,0.0,4469.273408470506
0+6+18,2025-08-25,96593.6424919067,82740.26730042868,268.3443847222221,83008.6116851509,61674.944043343356,-4603.172334667481,913.6800232145839,57985.45173189046,0.0,13853.375191478046
0+6+18,2025-08-26,76795.51617429696,76816.09670823044,200.23482638888873,77016.33153461933,49411.789395546635,12.676871753173677,662.2168536972232,50086.68312099703,22.408340877916714,1.8278069444423863
0+6+18,2025-08-27,77686.73207078189,81905.90848878601,147.26311666666572,82053.17160545268,49737.379655208824,3919.515634617549,580.6896579236077,54237.58494774998,4219.176418004123,0.0
0+6+18,2025-08-28,76939.87386064815,80119.89515968792,823.4766249999992,80943.37178468792,48200.70474060334,3789.496711156074,3321.9476041847183,55312.14905594413,3301.6746962620055,121.65339722222222
0+6+18,2025-08-29,87054.46019086076,77669.85595121743,0.0,77669.85595121743,55431.336063619776,-3108.6583839200803,0.0,52322.67767969969,0.0,9384.604239643344
0+6+18,2025-08-30,82762.11102230794,75809.61775727023,0.0,75809.61775727023,52886.63803422305,-2032.8080018362584,0.0,50853.83003238679,0.0,6952.493265037723
0+6+18,2025-08-31,76092.84806819275,76134.52779111796,746.466494444445,76880.99428556241,48666.94327952436,62.7522332494356,2994.9917894590308,51724.68730223283,132.8493296467709,91.16960672153573
0+6+18,2025-09-01,84335.024595625,76005.12909327846,0.0,76005.12909327846,52844.5992300461,-2519.352635855297,0.0,50325.2465941908,0.0,8329.89550234653
0+6+18,2025-09-02,75709.34444538751,77840.06479382046,0.0,77840.06479382046,47691.875579769374,2140.8156032673987,0.0,49832.691183036775,2130.720348432955,0.0
0+6+18,2025-09-03,80625.74434872308,77445.06725570987,0.0,77445.06725570987,50840.20362940365,-699.0211306459685,0.0,50141.182498757684,145.46740416666694,3326.1444971798646
0+6+18,2025-09-04,78140.96295461248,76103.59202211334,171.58337777777842,76275.17539989112,50039.48852081242,-427.4682910293533,393.8844864638903,50005.90471624695,128.91442173611227,2166.2853542352573
0+6+18,2025-09-05,73680.48290444101,73093.42018443072,0.0,73093.42018443072,47332.65199841131,-274.68414113609066,0.0,47057.967857275224,0.0,587.0627200102882
0+6+18,2025-09-06,74332.77968590535,74754.06246851852,0.0,74754.06246851852,47434.42304267989,553.3113655111305,0.0,47987.73440819102,535.2795972222235,113.99681460905384
0+6+18,2025-09-07,74237.16175231482,77691.26573398491,45.061883333333355,77736.32761731824,47207.44611897427,2807.6751184926566,253.5412121354168,50268.66244960234,3454.1039816700977,0.0
0+6+18,2025-09-08,81308.6868987265,79678.52904547325,0.0,79678.52904547325,51348.45290839177,-150.15610218240863,0.0,51198.296806209364,436.4217858710544,2066.5796391243125
0+6+18,2025-09-09,71636.49417801783,75000.65914257546,8.245879166666668,75008.90502174213,45846.89974029634,3594.839440405787,19.728265906250005,49461.46744660838,3364.1649645576135,0.0
0+6+18,2025-09-10,82881.59893747221,79368.46189621056,172.27388611111115,79540.73578232167,52428.059423062514,-1106.409369518543,519.9951590881943,51841.64521263217,0.0,3513.137041261655
0+6+18,2025-09-11,82486.36404814816,74277.58571875856,121.58538749999994,74399.17110625857,52464.64214897997,-2345.7890756442885,578.3700075666662,50697.223080902346,0.0,8208.778329389577
0+6+18,2025-09-12,73391.45147719479,72739.56549579905,0.0,72739.56549579905,47171.384596573276,-258.41593963136063,0.0,46912.968656941914,0.0,651.8859813957478
0+6+18,2025-09-13,72351.46295644718,73691.25861796983,0.0,73691.25861796983,46568.095072788055,1054.1705114947454,0.0,47622.2655842828,1339.795661522634,0.0
0+6+18,2025-09-14,85261.03066243141,79928.96415202331,2.7238861111108577,79931.68803813442,54499.34031704992,-1780.1364146423361,5.601671787499479,52724.80557419509,0.0,5332.066510408091
0+6+18,2025-09-15,70637.34329096365,70670.24104374142,552.845359722222,71223.08640346365,45502.83133772795,41.350021976874956,1991.9497994236094,47536.13115912843,32.897752777777725,0.0
0+6+18,2025-09-16,84002.85212381893,81290.52104749023,0.0,81290.52104749023,53073.57251061219,-882.7523747482707,0.0,52190.82013586392,17.417650319443965,2729.7487266481476
0+6+18,2025-09-17,80311.4714331447,79214.98553568244,125.84106527777791,79340.82660096022,51549.19198569027,-376.333183118266,535.1535883611112,51708.012390933116,0.0,1096.485897462278
0+6+18,2025-09-18,72597.76629127229,78789.22765841975,12.510262499999953,78801.73792091975,46503.98509832763,5088.500233369605,34.41393054166686,51626.8992622389,6191.461367147463,0.0
0+6+18,2025-09-19,78376.68450665295,78289.90389223251,0.0,78289.90389223251,49665.00445386998,42.27654554446058,0.0,49707.28099941444,73.84470641289516,160.62532083333372
0+6+18,2025-09-20,75472.54578712277,77888.82467402262,0.0,77888.82467402262,48450.45566652665,1884.914974508434,0.0,50335.370641035086,2451.1162730109745,34.8373861111113
0+6+18,2025-09-21,77102.33142275376,77102.33142275376,11.050412499999766,77113.38183525376,48679.426059563455,0.0,30.841690795832463,48710.267750359286,0.0,0.0
0+6+18,2025-09-22,78383.74817091908,72890.85446786694,361.96194166666714,73252.81640953361,49411.5790867098,-1685.871803505108,1037.4768500659725,48763.18413327066,0.0,5492.8937030521265
0+6+18,2025-09-23,76505.7901442044,75441.31427289077,38.00723333333326,75479.3215062241,48136.73177932639,-319.9426687971797,148.68788089166662,47965.476991420874,0.0,1064.4758713136155
0+6+18,2025-09-24,66950.10459526749,68915.8723344993,940.3790805555561,69856.25141505487,42552.895062827374,1335.1051988502309,2537.1647670000016,46425.165028677606,1965.7677392318233,0.0
0+6+18,2025-09-25,72494.36281073389,73246.56060114884,216.420583333333,73462.98118448218,45380.4947641177,653.6244125317705,821.0164934173597,46855.135670066826,763.5317570816143,11.33396666666681
0+6+18,2025-09-26,79992.03216769546,75455.52862829219,0.0,75455.52862829219,50463.60180388823,-1597.0716894200284,0.0,48866.5301144682,0.0,4536.50353940329
0+6+18,2025-09-27,67359.72090445817,72278.01279027777,0.0,72278.01279027777,42445.31909014503,4363.66073671308,0.0,46808.97982685811,4918.291885819608,0.0
0+6+18,2025-09-28,70849.31501630659,75622.42852916667,315.9576527777767,75938.38618194446,44361.35680588665,4157.409675867735,1306.6968264249967,49825.46330817938,4773.113512860086,0.0
0+6+18,2025-09-29,73545.08615085733,68193.26657728052,1732.5822722222213,69925.84884950274,46350.80499983182,-1726.1976339006983,6199.9885212048575,50824.595887135976,0.0,5351.819573576817
0+6+18,2025-09-30,72526.80575121741,72632.95659600102,954.3147847222209,73587.27138072325,46039.0195607882,355.1951897996138,3970.169532179858,50364.38428276767,415.4489366388908,309.2980918552802
0+6+18,2025-10-01,69333.81889266118,68661.92237182785,36.41856249999978,68698.34093432785,43246.32286813406,-132.41655194409717,87.67329504166582,43201.57961123163,29.69202777777764,701.5885486111098
0+6+18,2025-10-02,75436.04630611677,68944.78698971192,139.3033972222214,69084.09038693414,47407.74618263784,-2314.828790294747,385.5359877256917,45478.453380068786,0.0,6491.259316404838
0+6+18,2025-10-03,67162.65056150548,63498.211483127576,0.0,63498.211483127576,41728.568026183064,-920.47133992728,0.0,40808.09668625578,11.489030555555587,3675.9281089334663
0+6+18,2025-10-04,79110.09673991665,69928.22755137173,0.0,69928.22755137173,49643.035276126495,-3018.1943841893317,0.0,46624.840891937165,0.0,9181.869188544924
0+6+18,2025-10-05,74070.59542767491,65870.68580375514,256.62958055555515,66127.3153843107,46062.18969115536,-2373.982045616401,744.6081034131935,44432.815748952155,32.64542777777774,8232.555051697535
0+6+18,2025-10-06,63069.95049058642,65509.852083544756,1154.5541805555554,66664.40626410031,39918.03773479606,1696.6106748593652,3496.8698344395834,45111.51824409501,2439.901592958331,0.0
0+6+18,2025-10-07,67633.5269654664,67706.96728075806,554.076573208333,68261.0438539664,41993.04513397462,111.10105075505173,2003.2906067041376,44107.436791433815,91.22004029166806,17.779725000000894
0+6+18,2025-10-08,67154.83695420096,66560.0704202675,386.8913972777764,66946.96181754528,41828.77889831763,-166.03526704505896,1302.2794501134117,42965.02308138598,0.0,594.7665339334688
0+6+18,2025-10-09,76117.23789134086,65660.21182803498,274.73729305555617,65934.94912109054,47676.23946042845,-3207.338001442402,980.5664817618078,45449.467940747854,0.0,10457.0260633059
0+6+18,2025-10-10,73809.93848259603,70093.96200703018,0.0,70093.96200703018,46387.490085113,-1249.1031000243067,0.0,45138.38698508869,0.0,3715.976475565844
0+6+18,2025-10-11,74400.18480814471,71626.44843314472,0.0,71626.44843314472,46527.008698047735,-498.5599524427797,0.0,46028.448745604954,325.1712458333327,3098.907620833337
0+6+18,2025-10-12,69083.76096724966,69389.58324573046,537.0232172916653,69926.60646302212,42793.339587622555,403.1790464785725,2117.8527362379805,45314.37137033911,324.5240402777787,18.70176179698467
0+6+18,2025-10-13,70803.84119082647,66042.96568225308,590.3118097222211,66633.2774919753,43973.48263323269,-1152.4883587947722,2281.7272277736065,45102.72150221153,301.0797208333349,5061.955229406725
0+6+18,2025-10-14,73762.55088054595,66235.9123194959,2332.8576666666677,68568.76998616256,46148.61955240683,-1927.9364847021602,8775.459479556252,52996.142547260926,202.34620244444181,7728.984763494512
0+6+18,2025-10-15,76588.72753804954,70002.2844949074,820.1221597222236,70822.40665462962,48116.43955270068,-2147.458280937213,2305.2615394243085,48274.242811187774,0.0,6586.443043142151
0+6+18,2025-10-16,73181.46922772634,72529.27287798972,364.01628055555415,72893.28915854527,46038.21702224954,-42.89190362911984,1242.2823505993003,47237.60746921972,212.08296605555677,864.2793157921849
0+6+18,2025-10-17,63292.01657083333,67838.66696265432,0.0,67838.66696265432,39484.02636615028,4506.25809329298,0.0,43990.28445944326,4546.650391820984,0.0
0+6+18,2025-10-18,75660.29641841736,75899.02051841734,0.0,75899.02051841734,47286.23514597579,164.65391744958288,0.0,47450.88906342538,238.72409999999934,0.0
0+6+18,2025-10-19,73715.17400138888,73624.97169583333,341.697258333332,73966.66895416666,46403.54766196819,-29.965197359583406,1232.3705187034666,47605.95298331207,0.0,90.20230555555577
0+6+18,2025-10-20,76222.51400972222,75806.53846249999,245.7349847222215,76052.27344722221,48136.57629910125,-171.3036162781945,817.6151324395809,48782.88781526264,0.0,415.97554722222225
0+6+18,2025-10-21,75193.08283612448,75686.89672127538,507.22119027777694,76194.11791155316,47064.200918483475,341.8474094801719,1788.4747538708302,49194.52308183448,493.81388515089463,0.0
0+6+18,2025-10-22,73046.99209653636,72740.64628717421,1031.959808333332,73772.60609550754,45963.105490810456,-118.23279149301223,3970.66995467569,49815.542653993136,0.0,306.3458093621408
0+6+18,2025-10-23,82991.56399933127,70644.67899550755,683.2893777777778,71327.96837328533,51915.21499673308,-3729.6441574711066,2104.163609177778,50289.73444843975,216.50597638888814,12563.390980212616
0+6+18,2025-10-24,71991.10419161522,72045.77942758916,0.0,72045.77942758916,44828.89511064619,1262.5887120981183,0.0,46091.48382274431,1677.119152794924,1622.4439168209901
0+6+18,2025-10-25,77336.51361440329,73661.45694471878,0.0,73661.45694471878,48003.456422729614,-1072.194845118611,0.0,46931.261577611,141.27313055555567,3816.3298002400584
0+6+18,2025-10-26,76131.82820037723,70462.86861970165,848.2179042352523,71311.0865239369,47277.601232547306,-1674.2153918172376,2611.7628044062785,48215.148645136345,194.13801111111076,5863.0975917866945
0+6+18,2025-10-27,69051.43435092592,73898.42351999313,308.30845138888884,74206.73197138202,42941.316404782105,4444.438560081337,1158.8906193750004,48544.645584238446,4846.989169067211,0.0
0+6+18,2025-10-28,69287.64144958847,73250.28188331619,299.28422499999897,73549.56610831618,43223.02378502312,3866.502679727142,843.790133906936,47933.3165986572,3982.3569795610474,19.716545833333157
0+6+18,2025-10-29,77738.65025130982,77788.51008325428,277.1380652777769,78065.64814853205,48233.50561016697,109.55975940687824,944.4782717020796,49287.54364127592,110.15718055555794,60.29734861111092
0+6+18,2025-10-30,69242.55157829217,71273.52019084361,743.9281166666657,72017.44830751028,43003.37930037728,2251.088295768977,2792.9443689430527,48047.41196508931,2035.2170403292143,4.248427777777806
0+6+18,2025-10-31,78131.01530171347,78002.95840709757,0.0,78002.95840709757,48687.96175734211,-47.5045734864632,0.0,48640.45718385565,0.0,128.05689461591157
0+6+18,2025-11-01,74177.26215125172,74686.8770776406,0.0,74686.8770776406,45943.702878743476,358.1664606279157,0.0,46301.86933937139,564.4613624999985,54.84643611111096
0+6+18,2025-11-02,74772.90255811042,78502.33629630556,487.943515277777,78990.27981158333,46614.67406488489,3481.6720650860607,1919.6165057951375,52015.96263576609,3729.4337381951273,0.0
0+6+18,2025-11-03,79409.0039138889,77918.80589819668,390.1578694444423,78308.96376764112,49242.07844751903,-406.4655745318615,1231.2345074854093,50066.84738047258,152.3365906550066,1642.5346063472239
0+6+18,2025-11-04,74508.66196774691,75908.47700176612,528.999879166665,76437.47688093278,46295.46876205645,1409.6757151261843,2060.075426098603,49765.219903281235,1399.815034019205,0.0
0+6+18,2025-11-05,82430.25616145405,76680.45192108882,541.7333513888882,77222.18527247771,51460.27197451208,-1952.126430262175,2164.4591512138873,51672.604695463786,0.0,5749.804240365229
0+6+18,2025-11-06,77865.13749444444,78797.60383509722,687.9801097222207,79485.58394481945,48371.34882882514,1090.5484882782632,2747.7760479715216,52209.67336507492,932.4663406527784,0.0
0+6+18,2025-11-07,75628.45550294925,79197.11317391667,0.0,79197.11317391667,47245.44587450289,3273.979957699614,0.0,50519.425832202505,3578.359720967417,9.7020500000001
0+6+18,2025-11-08,79587.5172702361,76826.9673453611,0.0,76826.9673453611,49814.553038495505,-986.7593173989221,0.0,48827.79372109658,75.89025095833148,2836.4401758333297
0+6+18,2025-11-09,78817.82745963614,78834.21475685836,496.9267222222217,79331.14147908059,49204.549070470486,56.16359583555566,1959.5313277451367,51220.243994051176,51.94074027777776,35.55344305555502
0+6+18,2025-11-10,79447.65423923114,81966.68368075893,620.4177361111097,82587.10141687003,49734.09594245597,2198.5642969627406,2417.947064136106,54350.60730355481,2556.0483998611116,37.0189583333331
0+6+18,2025-11-11,81996.98406544924,80978.82161474091,335.61004722222094,81314.43166196313,51657.995470949165,-387.69361798493765,1096.2559285430516,52366.55778150728,0.0,1018.1624507083354
0+6+18,2025-11-12,78939.75667395833,81697.1426002236,269.5658041666657,81966.70840439026,49323.257374651046,3007.973418164548,1168.5935972854134,53499.82439010101,2757.385926265259,0.0
0+6+18,2025-11-13,76767.65612477709,78469.35232361112,1147.152135541666,79616.50445915278,48035.78912984302,1820.1062348537334,4352.13289306956,54208.02825776631,1765.6953849451295,63.99918611111184
0+6+18,2025-11-14,78846.22693115276,78008.71586482905,0.0,78008.71586482905,49013.77255130075,-244.72436248387024,0.0,48769.04818881688,0.0,837.5110663237272
0+6+18,2025-11-15,85164.3927060871,82578.66533492642,0.0,82578.66533492642,53784.642006499984,-924.7173572220979,0.0,52859.924649277884,0.0,2585.7273711606726
0+6+18,2025-11-16,79439.7849614369,81067.23671530676,533.0391527777754,81600.27586808453,49633.52354669655,1992.2707564753282,2202.4440876729095,53828.238390844796,1706.7254733143013,79.27371944444508
0+6+18,2025-11-17,75898.92419055212,81270.79276947085,470.2369902777772,81741.02975974862,47536.24246437732,5246.292015344749,1520.8548935562476,54303.38937327832,5371.868578918726,0.0
0+6+18,2025-11-18,80149.04115156636,79309.532723137,1694.7790541388881,81004.31177727589,50159.62052562689,-322.82016091819776,5935.697128349314,55772.497493058,0.0,839.5084284293549
0+6+18,2025-11-19,79928.51328217336,83679.89900139609,612.074170194443,84291.97317159054,50032.02470879775,3890.191055858599,2184.682268486773,56106.89803314312,3790.62804005607,39.24232083333345
0+6+18,2025-11-20,80031.24944491273,80259.77557130161,1146.0719797030106,81405.84755100461,50013.18141431379,263.27904077840293,4768.94833753939,55045.408792631584,236.30434027777807,7.778213888888786
0+6+18,2025-11-21,80448.15238102777,82509.8282077373,0.0,82509.8282077373,50378.450449335425,1853.3017322957353,0.0,52231.752181631164,2061.675826709531,0.0
0+6+18,2025-11-22,87740.1436736111,84334.53485715021,0.0,84334.53485715021,55682.31085197041,-1261.7034527218611,0.0,54420.60739924855,0.0,3405.6088164609023
0+6+18,2025-11-23,80628.21129075738,82190.21216868535,614.0663472222213,82804.27851590757,50651.63811172536,1758.365162637037,2297.230114706247,54707.23338906864,1562.0008779279797,0.0
0+6+18,2025-11-24,79611.34529917352,79698.13874250343,1108.9531022638855,80807.09184476732,50040.17251789865,123.01508258512122,3790.9989879304285,53954.1865884142,123.25540999657096,36.46196666666674
0+6+18,2025-11-25,91147.90188758573,85419.03961438614,295.8825749999994,85714.92218938614,58146.51881251792,-2044.0234623835129,965.585926456943,57068.08127659135,0.0,5728.862273199582
0+6+18,2025-11-26,86644.8476375,86229.70845025001,373.8578111111095,86603.56626136112,54636.76038224959,16.335644186167713,1455.9206084409657,56109.01663487672,131.98086413888677,547.1200513888895
0+6+18,2025-11-27,84173.56617059329,84095.17495253772,577.937388888888,84673.11234142662,53015.671014311374,-14.155874675208059,2361.870470738886,55363.38561037506,18.941619444444882,97.33283749999998
0+6+18,2025-11-28,84410.42818540809,84652.16596260288,0.0,84652.16596260288,53325.23095823915,201.5820245600961,0.0,53526.81298279925,341.4970577503477,99.75928055555494
0+6+18,2025-11-29,94500.01237755487,88305.34622942387,0.0,88305.34622942387,60293.486779929975,-2228.064188896701,0.0,58065.422591033275,0.0,6194.666148130998
0+6+18,2025-11-30,86612.02980336078,86991.62128312758,667.3080138888869,87658.92929701647,54528.09150747632,795.1799953336395,2975.413075454852,58298.68457826481,811.2171256001416,431.625645833332
0+6+18,2025-12-01,89607.5838340878,87555.79395596278,5712.274469444441,93268.06842540723,57350.70475203924,-747.8703266375179,20477.474517410403,77080.30894281212,7.391274652777838,2059.181152777779
0+6+18,2025-12-02,93094.71983923184,90690.90714550548,4732.1800163408725,95423.08716184636,59384.30963128018,-754.0248163025079,17499.679949025653,76129.96476400332,0.0,2403.8126937263382
0+6+18,2025-12-03,83444.2152079904,86106.63629355282,6246.605437499995,92353.24173105281,52788.22402082119,2411.611532916921,22666.352054964562,77866.18760870266,2676.60469111797,14.183605555555687
0+6+18,2025-12-04,91026.59665694443,87897.0504098251,4933.268070833332,92830.31848065843,58375.230066314994,-1207.7583894651348,17536.765208632634,74704.2368854825,0.0,3129.546247119344
0+6+18,2025-12-05,90062.38181616942,89902.06127172496,0.0,89902.06127172496,57623.42519119494,-41.56268601395839,0.0,57581.86250518098,0.0,160.32054444444464
0+6+18,2025-12-06,92908.07050096022,91537.13638638545,0.0,91537.13638638545,59633.548840807875,-533.1143607446184,0.0,59100.43448006325,0.0,1370.9341145747617
0+6+18,2025-12-07,94357.24878888889,88772.30682131344,4366.308921124995,93138.61574243843,60504.85948057625,-1830.0980586419194,13819.934595400111,72494.69601733444,0.0,5584.941967575443
0+6+18,2025-12-08,93801.59005937929,93366.16281493484,2689.123158333332,96055.28597326817,60064.102446411634,-145.80516847166646,8477.7281603743,68396.02543831427,0.0,435.42724444444383
0+6+18,2025-12-09,93239.44545294924,91111.37012378257,2735.98738195833,93847.3575057409,59705.38459184168,-587.5926356546524,9629.855820795365,68747.64777698238,75.86248472222212,2203.9378138888874
0+6+18,2025-12-10,89821.63359463305,90680.05577102194,4231.194349279832,94911.25012030177,57398.93813734057,654.0572534170839,15041.720701149061,73094.71609190671,974.9354180555559,116.51324166666632
0+6+18,2025-12-11,94179.14626808985,91369.03853611111,1517.6556121111068,92886.69414822222,60148.7549831957,-1059.8702333527099,5370.3638675669545,64459.24861740995,0.0,2810.1077319787373
0+6+18,2025-12-12,94016.03412499999,94560.09868194444,0.0,94560.09868194444,60019.313824452496,376.8578462391671,0.0,60396.17167069166,544.064556944445,0.0
0+6+18,2025-12-13,95192.10355390946,95537.84977172496,2.8349999999999227,95540.68477172496,61188.054884982615,1016.8028065779541,6.061229999999834,62210.918921560566,1113.7395553155047,767.9933375000006
0+6+18,2025-12-14,90497.30215188614,91978.94204633059,2610.7195972222194,94589.66164355281,57588.68252979921,1253.8148289264584,10598.613292873602,69441.11065159927,1481.639894444445,0.0
0+6+18,2025-12-15,90039.29979722222,92934.68702222222,2317.4181836805565,95252.10520590277,57266.896564756666,2692.7139881606226,8951.747935074658,68911.35848799194,2895.3872249999986,0.0
0+6+18,2025-12-16,95801.65808749999,94688.61169958848,1170.5756749999978,95859.18737458848,61680.4173546036,-427.61355113147755,3663.828015720826,64916.63181919295,0.0,1113.0463879115193
0+6+18,2025-12-17,97220.33072599451,93735.16226527777,1066.5943166666666,94801.75658194444,62370.70938092607,-1214.5433484759533,3452.7946675388876,64608.960699989,0.0,3485.168460716737
0+6+18,2025-12-18,92887.70981805556,93181.30039305556,1218.0145391460887,94399.31493220164,59583.442729849856,328.45523304958255,4124.150332839267,64036.0482957387,293.59057499999926,0.0
0+6+18,2025-12-19,92894.42441129973,94524.37078074418,0.0,94524.37078074418,59520.66351741474,1442.6997674885408,0.0,60963.36328490328,1629.9463694444441,0.0
0+6+18,2025-12-20,95913.06557083334,94854.53414482168,0.0,94854.53414482168,61865.44253032931,-429.76117740380073,0.0,61435.68135292551,0.0,1058.5314260116604
0+6+18,2025-12-21,95600.47547179356,94455.48519401578,1568.859345833332,96024.34453984912,61165.50887588954,-314.57504179277794,4986.562472323605,65837.49630642038,0.0,1144.9902777777784
0+6+18,2025-12-22,93405.41832575446,93386.20863964336,1833.1327117529145,95219.34135139627,59986.02169557674,-4.283964046180728,6105.140286435504,66086.87801796605,1.6751041666666424,20.884790277778166
0+6+18,2025-12-23,95960.65628858024,93909.98390742746,1072.429705555554,94982.41361298301,61491.67509099441,-645.0233332288105,3546.205757425689,64392.85751519129,36.474141666666696,2087.1465228194493
0+6+18,2025-12-24,95475.75494669066,95455.51025363512,515.2572912722862,95970.7675449074,61504.815344003975,-3.659101053333245,1497.1889530011872,62998.345195951835,1.4672541666666348,21.71194722222174
0+6+18,2025-12-25,92182.98701498628,92291.00559543895,2097.718088888886,94388.72368432784,58721.57103572788,86.67673303056591,7326.870360142351,66135.1181289008,150.23045684156762,42.21187638888853
0+6+18,2025-12-26,94330.62044456447,94654.46760843621,0.0,94654.46760843621,60332.771462718476,677.334786929363,0.0,61010.10624964784,503.5331444444435,179.68598057269912
0+6+18,2025-12-27,96591.47707222222,96271.96187512501,0.0,96271.96187512501,61936.612187480554,270.2475081967963,0.0,62206.85969567735,360.7602430555566,680.275440152777
0+6+18,2025-12-28,95484.59444967422,94503.52118832305,463.93680937499846,94967.45799769805,61166.47124646427,-383.0135292034113,1726.1281548108625,62509.58587207172,0.0,981.0732613511659
0+6+18,2025-12-29,94390.03338307614,95263.1578899789,498.0571666666654,95761.21505664557,60042.588164235254,816.8813665025467,1873.1216822847157,62732.59121302251,878.8642596805504,5.739752777777994
0+6+18,2025-12-30,95561.99241013374,95080.98632255041,638.8761249999976,95719.8624475504,61074.841536810185,106.97139927149837,2494.5385093902682,63676.35144547195,210.2916957499998,691.2977833333343
0+6+18,2025-12-31,97649.24427940673,96616.05193774005,531.949147499995,97148.00108524004,62406.96056641044,-242.20871999895832,1814.5814016767868,63979.33324808826,0.0,1033.1923416666666
